name,address,phone_national,phone_international,website,rating,total_ratings,business_status,google_maps_url,opening_hours,category,region,town,price
Pathway Dental,"1/110 Riccarton Road, Riccarton, Christchurch 8011, New Zealand",03 366 8866,+64 3 366 8866,https://www.pathwaydentists.co.nz/,4.9,275,OPERATIONAL,https://maps.google.com/?cid=6660264857974970299&g_mp=Cidnb29nbGUubWFwcy5wbGFjZXMudjEuUGxhY2VzLlNlYXJjaFRleHQQAhgEIAA,Monday: 9:00 AM – 7:00 PM; Tuesday: 9:00 AM – 7:00 PM; Wednesday: 9:00 AM – 7:00 PM; Thursday: 9:00 AM – 7:00 PM; Friday: 9:00 AM – 7:00 PM; Saturday: 9:00 AM – 5:00 PM; Sunday: 9:00 AM – 5:00 PM,dental_clinic,Canterbury,Christchurch CBD,no_prices
Garden City Dental,"237 Bealey Avenue, Christchurch Central City, Christchurch 8013, New Zealand",03 379 6222,+64 3 379 6222,http://www.gardencitydental.co.nz/,4,231,OPERATIONAL,https://maps.google.com/?cid=18307314576042658912&g_mp=Cidnb29nbGUubWFwcy5wbGFjZXMudjEuUGxhY2VzLlNlYXJjaFRleHQQAhgEIAA,Monday: 7:00 AM – 9:00 PM; Tuesday: 7:00 AM – 9:00 PM; Wednesday: 7:00 AM – 9:00 PM; Thursday: 7:00 AM – 9:00 PM; Friday: 8:00 AM – 9:00 PM; Saturday: 8:30 AM – 5:00 PM; Sunday: 8:30 AM – 5:00 PM,dental_clinic,Canterbury,Christchurch CBD,no_prices
Lumino The Dentist - Christchurch City CBD,"71 Gloucester Street, Christchurch Central City, Christchurch 8013, New Zealand",03 550 1428,+64 3 550 1428,https://lumino.co.nz/dentists/christchurch-city-cbd/?utm_source=google_business_profile&utm_medium=organic,4.5,55,OPERATIONAL,https://maps.google.com/?cid=15233995146640230742&g_mp=Cidnb29nbGUubWFwcy5wbGFjZXMudjEuUGxhY2VzLlNlYXJjaFRleHQQAhgEIAA,Monday: 8:00 AM – 5:00 PM; Tuesday: 8:00 AM – 6:00 PM; Wednesday: 8:00 AM – 6:00 PM; Thursday: 8:30 AM – 5:00 PM; Friday: 8:00 AM – 4:00 PM; Saturday: Closed; Sunday: Closed,dental_clinic,Canterbury,Christchurch CBD,no_prices
Riverside Dental Christchurch City,"69 Cambridge Terrace, City Centre, Christchurch 8013, New Zealand",03 366 1614,+64 3 366 1614,http://riversidedental.co.nz/,4.9,52,OPERATIONAL,https://maps.google.com/?cid=13470795469477124748&g_mp=Cidnb29nbGUubWFwcy5wbGFjZXMudjEuUGxhY2VzLlNlYXJjaFRleHQQAhgEIAA,Monday: 8:00 AM – 5:00 PM; Tuesday: 8:00 AM – 5:00 PM; Wednesday: 8:00 AM – 4:30 PM; Thursday: 8:30 AM – 5:00 PM; Friday: 8:00 AM – 4:30 PM; Saturday: Closed; Sunday: Closed,dental_clinic,Canterbury,Christchurch CBD,no_prices
Riccarton Dental Studio (Previously Stafford Dental Centre - Sockburn),"37 Main South Road, Sockburn, Christchurch 8042, New Zealand",03 366 1555,+64 3 366 1555,https://riccartondentalstudio.co.nz/,5,557,OPERATIONAL,https://maps.google.com/?cid=2327793586611262823&g_mp=Cidnb29nbGUubWFwcy5wbGFjZXMudjEuUGxhY2VzLlNlYXJjaFRleHQQAhgEIAA,Monday: 8:30 AM – 9:00 PM; Tuesday: 8:30 AM – 9:00 PM; Wednesday: 8:30 AM – 9:00 PM; Thursday: 8:30 AM – 5:00 PM; Friday: 8:30 AM – 9:00 PM; Saturday: 9:00 AM – 5:00 PM; Sunday: 9:00 AM – 5:00 PM,dental_clinic,Canterbury,Christchurch CBD,no_prices
Smile Concepts,"104 Colombo Street, Sydenham, Christchurch 8023, New Zealand",03 332 6399,+64 3 332 6399,http://www.smileconcepts.co.nz/,4.9,184,OPERATIONAL,https://maps.google.com/?cid=1382244786071358925&g_mp=Cidnb29nbGUubWFwcy5wbGFjZXMudjEuUGxhY2VzLlNlYXJjaFRleHQQAhgEIAA,Monday: 8:30 AM – 5:00 PM; Tuesday: 8:30 AM – 5:00 PM; Wednesday: 8:30 AM – 6:30 PM; Thursday: 8:30 AM – 5:00 PM; Friday: 8:30 AM – 4:00 PM; Saturday: Closed; Sunday: Closed,dental_clinic,Canterbury,Christchurch CBD,no_prices
Christchurch Boutique Dental,"105 Wainui Street, Riccarton, Christchurch 8041, New Zealand",03 925 9929,+64 3 925 9929,https://boutiquedental.co.nz/,5,283,OPERATIONAL,https://maps.google.com/?cid=15278436680873128174&g_mp=Cidnb29nbGUubWFwcy5wbGFjZXMudjEuUGxhY2VzLlNlYXJjaFRleHQQAhgEIAA,Monday: 9:00 AM – 5:00 PM; Tuesday: 9:00 AM – 5:00 PM; Wednesday: 9:00 AM – 5:00 PM; Thursday: 9:00 AM – 5:00 PM; Friday: 9:00 AM – 5:00 PM; Saturday: 9:00 AM – 5:00 PM; Sunday: Closed,dental_clinic,Canterbury,Christchurch CBD,no_prices
Studio Dental,"369 Papanui Road, Strowan, Christchurch 8052, New Zealand",03 366 3399,+64 3 366 3399,https://www.studiodental.nz/,5,200,OPERATIONAL,https://maps.google.com/?cid=16146123421837401325&g_mp=Cidnb29nbGUubWFwcy5wbGFjZXMudjEuUGxhY2VzLlNlYXJjaFRleHQQAhgEIAA,Monday: 8:30 AM – 5:00 PM; Tuesday: 8:30 AM – 6:00 PM; Wednesday: 8:30 AM – 5:00 PM; Thursday: 8:30 AM – 6:00 PM; Friday: 8:30 AM – 5:00 PM; Saturday: Closed; Sunday: Closed,dental_clinic,Canterbury,Christchurch CBD,no_prices
Colombo Street Dental,"201 Colombo Street, Sydenham, Christchurch 8023, New Zealand",03 337 4596,+64 3 337 4596,https://colombostreetdental.co.nz/,4.5,178,OPERATIONAL,https://maps.google.com/?cid=7365021975520855603&g_mp=Cidnb29nbGUubWFwcy5wbGFjZXMudjEuUGxhY2VzLlNlYXJjaFRleHQQAhgEIAA,"Monday: 8:00 AM – 1:00 PM, 2:00 – 7:00 PM; Tuesday: 8:00 AM – 1:00 PM, 2:00 – 6:00 PM; Wednesday: 8:00 AM – 1:00 PM, 2:00 – 5:00 PM; Thursday: 8:00 AM – 1:00 PM, 2:00 – 6:00 PM; Friday: 8:00 AM – 1:00 PM, 2:00 – 6:00 PM; Saturday: 9:00 AM – 2:00 PM; Sunday: Closed",dental_clinic,Canterbury,Christchurch CBD,no_prices
Bealey Dental,"163 Bealey Avenue, Christchurch Central City, Christchurch 8013, New Zealand",03 366 2912,+64 3 366 2912,http://www.bealeydental.co.nz/,4.6,62,OPERATIONAL,https://maps.google.com/?cid=3023666240600375148&g_mp=Cidnb29nbGUubWFwcy5wbGFjZXMudjEuUGxhY2VzLlNlYXJjaFRleHQQAhgEIAA,Monday: 9:00 AM – 5:00 PM; Tuesday: 9:00 AM – 9:00 PM; Wednesday: 9:00 AM – 9:00 PM; Thursday: 9:00 AM – 5:00 PM; Friday: 9:00 AM – 8:00 PM; Saturday: 9:00 AM – 1:00 PM; Sunday: Closed,dental_clinic,Canterbury,Christchurch CBD,no_prices
Sydenham Dental Centre,"58 Wordsworth Street, Sydenham, Christchurch 8023, New Zealand",03 366 7429,+64 3 366 7429,https://www.sydenhamdentalcentre.co.nz/,4.1,183,OPERATIONAL,https://maps.google.com/?cid=4244079002428834183&g_mp=Cidnb29nbGUubWFwcy5wbGFjZXMudjEuUGxhY2VzLlNlYXJjaFRleHQQAhgEIAA,Monday: 8:30 AM – 5:00 PM; Tuesday: 8:30 AM – 5:00 PM; Wednesday: 8:30 AM – 7:30 PM; Thursday: 8:30 AM – 5:00 PM; Friday: 8:30 AM – 5:00 PM; Saturday: Closed; Sunday: Closed,dental_clinic,Canterbury,Christchurch CBD,no_prices
Linwood Ave Dental,"201A Linwood Avenue, Linwood, Christchurch 8011, New Zealand",03 389 6023,+64 3 389 6023,,4.3,40,OPERATIONAL,https://maps.google.com/?cid=5496929252571252806&g_mp=Cidnb29nbGUubWFwcy5wbGFjZXMudjEuUGxhY2VzLlNlYXJjaFRleHQQAhgEIAA,Monday: 8:30 AM – 5:00 PM; Tuesday: 8:30 AM – 5:00 PM; Wednesday: 8:30 AM – 5:00 PM; Thursday: 8:30 AM – 5:00 PM; Friday: 8:30 AM – 5:00 PM; Saturday: Closed; Sunday: Closed,dental_clinic,Canterbury,Christchurch CBD,no_prices
Dental on Kilmore,"128 Kilmore Street, Christchurch Central City, Christchurch 8013, New Zealand",03 379 6766,+64 3 379 6766,https://www.dentalonkilmore.co.nz/?utm_source=Google&utm_medium=Organic&utm_campaign=GBP&utm_term=Website,5,20,OPERATIONAL,https://maps.google.com/?cid=17525940286090312970&g_mp=Cidnb29nbGUubWFwcy5wbGFjZXMudjEuUGxhY2VzLlNlYXJjaFRleHQQAhgEIAA,Monday: 8:00 AM – 5:00 PM; Tuesday: 8:00 AM – 5:00 PM; Wednesday: 8:00 AM – 5:00 PM; Thursday: 8:00 AM – 5:00 PM; Friday: 8:00 AM – 3:00 PM; Saturday: Closed; Sunday: Closed,dental_clinic,Canterbury,Christchurch CBD,no_prices
Cathedral Dental Centre,"Level 1/793 Colombo Street, Christchurch Central City, Christchurch 8013, New Zealand",03 379 8065,+64 3 379 8065,http://www.cathedraldental.co.nz/,4.6,9,OPERATIONAL,https://maps.google.com/?cid=411798700341089302&g_mp=Cidnb29nbGUubWFwcy5wbGFjZXMudjEuUGxhY2VzLlNlYXJjaFRleHQQAhgEIAA,Monday: 8:00 AM – 5:00 PM; Tuesday: 8:00 AM – 5:00 PM; Wednesday: 8:00 AM – 5:00 PM; Thursday: 8:00 AM – 5:00 PM; Friday: 8:00 AM – 5:00 PM; Saturday: Closed; Sunday: Closed,dental_clinic,Canterbury,Christchurch CBD,no_prices
Team Dental Bealey,"212 Bealey Avenue, Christchurch Central City, Christchurch 8013, New Zealand",03 595 0738,+64 3 595 0738,https://www.team-dental.co.nz/christchurch/bealey-avenue?utm_campaign=bealey&utm_medium=gbp&utm_source=google,4.8,102,OPERATIONAL,https://maps.google.com/?cid=9312900694082185217&g_mp=Cidnb29nbGUubWFwcy5wbGFjZXMudjEuUGxhY2VzLlNlYXJjaFRleHQQAhgEIAA,Monday: 9:00 AM – 5:00 PM; Tuesday: 9:00 AM – 7:00 PM; Wednesday: 9:00 AM – 5:00 PM; Thursday: 9:00 AM – 5:00 PM; Friday: 9:00 AM – 5:00 PM; Saturday: Closed; Sunday: Closed,dental_clinic,Canterbury,Christchurch CBD,no_prices
Essential Dental,"91 Riccarton Road, Riccarton, Christchurch 8011, New Zealand",03 242 0688,+64 3 242 0688,https://www.essentialdental.nz/,4.8,77,OPERATIONAL,https://maps.google.com/?cid=14929443245415780357&g_mp=Cidnb29nbGUubWFwcy5wbGFjZXMudjEuUGxhY2VzLlNlYXJjaFRleHQQAhgEIAA,Monday: 8:00 AM – 7:00 PM; Tuesday: 8:00 AM – 7:00 PM; Wednesday: 8:00 AM – 7:00 PM; Thursday: 8:00 AM – 7:00 PM; Friday: 8:00 AM – 5:00 PM; Saturday: 8:00 AM – 5:00 PM; Sunday: Closed,dental_clinic,Canterbury,Christchurch CBD,no_prices
Ilam Dental Centre,"110 Memorial Avenue, Burnside, Christchurch 8053, New Zealand",03 348 1602,+64 3 348 1602,http://www.ilamdental.co.nz/,4.7,63,OPERATIONAL,https://maps.google.com/?cid=3459757675075017875&g_mp=Cidnb29nbGUubWFwcy5wbGFjZXMudjEuUGxhY2VzLlNlYXJjaFRleHQQAhgEIAA,Monday: 8:30 AM – 5:00 PM; Tuesday: 8:30 AM – 6:00 PM; Wednesday: 8:30 AM – 5:00 PM; Thursday: 8:30 AM – 6:00 PM; Friday: 8:30 AM – 5:00 PM; Saturday: Closed; Sunday: Closed,dental_clinic,Canterbury,Christchurch CBD,no_prices
Christchurch Hospital Dental Department,"2 Oxford Terrace, Christchurch Central City, Christchurch 8011, New Zealand",03 364 0250,+64 3 364 0250,http://www.cdhb.health.nz/Hospitals-Services/Specialist-Care/Hospital-Dental-Service/Pages/default.aspx,3.3,24,OPERATIONAL,https://maps.google.com/?cid=6030725227685577860&g_mp=Cidnb29nbGUubWFwcy5wbGFjZXMudjEuUGxhY2VzLlNlYXJjaFRleHQQAhgEIAA,Monday: 8:00 AM – 5:00 PM; Tuesday: 8:00 AM – 5:00 PM; Wednesday: 8:00 AM – 5:00 PM; Thursday: 8:00 AM – 5:00 PM; Friday: 8:00 AM – 5:00 PM; Saturday: Closed; Sunday: Closed,dental_clinic,Canterbury,Christchurch CBD,no_prices
Maidstone Dental,"78 Maidstone Road, Ilam, Christchurch 8041, New Zealand",03 357 0446,+64 3 357 0446,https://maidstonedental.co.nz/,4.9,86,OPERATIONAL,https://maps.google.com/?cid=8711245351245243854&g_mp=Cidnb29nbGUubWFwcy5wbGFjZXMudjEuUGxhY2VzLlNlYXJjaFRleHQQAhgEIAA,Monday: 9:00 AM – 5:00 PM; Tuesday: 9:00 AM – 5:00 PM; Wednesday: 9:00 AM – 5:00 PM; Thursday: 9:00 AM – 5:00 PM; Friday: 9:00 AM – 5:00 PM; Saturday: Closed; Sunday: Closed,dental_clinic,Canterbury,Christchurch CBD,no_prices
Duxton Dental,"22 Bartlett Street, Riccarton, Christchurch 8011, New Zealand",03 348 5488,+64 3 348 5488,https://www.duxtondental.co.nz/?utm_source=google&utm_medium=organic&utm_campaign=Google%20My%20Business%20Page,5,80,OPERATIONAL,https://maps.google.com/?cid=10859017429342895503&g_mp=Cidnb29nbGUubWFwcy5wbGFjZXMudjEuUGxhY2VzLlNlYXJjaFRleHQQAhgEIAA,Monday: 8:00 AM – 5:00 PM; Tuesday: 8:00 AM – 5:00 PM; Wednesday: 8:00 AM – 5:30 PM; Thursday: 8:00 AM – 5:00 PM; Friday: 8:00 AM – 5:00 PM; Saturday: Closed; Sunday: Closed,dental_clinic,Canterbury,Christchurch CBD,no_prices
Church Corner Dental Surgery,"2 Yaldhurst Road, Upper Riccarton, Christchurch 8041, New Zealand",03 348 5750,+64 3 348 5750,https://churchcornerdental.co.nz/,4.8,132,OPERATIONAL,https://maps.google.com/?cid=2686225639682406709&g_mp=Cidnb29nbGUubWFwcy5wbGFjZXMudjEuUGxhY2VzLlNlYXJjaFRleHQQAhgEIAA,Monday: 8:30 AM – 5:00 PM; Tuesday: 8:00 AM – 5:00 PM; Wednesday: 8:00 AM – 5:00 PM; Thursday: 8:30 AM – 5:00 PM; Friday: 8:30 AM – 2:00 PM; Saturday: Closed; Sunday: Closed,dental_clinic,Canterbury,Christchurch CBD,no_prices
Lumino On Cambridge Christchurch | Lumino The Dentists,"75 Cambridge Terrace, Christchurch Central City, Christchurch 8013, New Zealand",03 366 1948,+64 3 366 1948,https://lumino.co.nz/dentists/lumino-on-cambridge-christchurch/?utm_source=google_business_profile&utm_medium=organic,4.9,54,OPERATIONAL,https://maps.google.com/?cid=3708937451854349674&g_mp=Cidnb29nbGUubWFwcy5wbGFjZXMudjEuUGxhY2VzLlNlYXJjaFRleHQQAhgEIAA,Monday: 8:00 AM – 5:00 PM; Tuesday: 8:00 AM – 5:00 PM; Wednesday: 8:00 AM – 5:00 PM; Thursday: 8:00 AM – 5:00 PM; Friday: 8:00 AM – 4:30 PM; Saturday: Closed; Sunday: Closed,dental_clinic,Canterbury,Christchurch CBD,no_prices
Ferry Road Dental Centre,"276 Ferry Road, Phillipstown, Christchurch 8011, New Zealand",03 381 1504,+64 3 381 1504,http://www.ferryrddental.co.nz/,3.9,26,OPERATIONAL,https://maps.google.com/?cid=7002357470002477646&g_mp=Cidnb29nbGUubWFwcy5wbGFjZXMudjEuUGxhY2VzLlNlYXJjaFRleHQQAhgEIAA,Monday: 8:30 AM – 5:15 PM; Tuesday: 8:30 AM – 5:15 PM; Wednesday: 8:30 AM – 5:15 PM; Thursday: 8:30 AM – 5:15 PM; Friday: 8:30 AM – 5:15 PM; Saturday: Closed; Sunday: Closed,dental_clinic,Canterbury,Christchurch CBD,no_prices
Team Dental Riccarton,"178 Riccarton Road, Riccarton, Christchurch 8041, New Zealand",03 341 1122,+64 3 341 1122,https://www.team-dental.co.nz/christchurch/riccarton/?utm_campaign=riccarton&utm_medium=gbp&utm_source=google,4.7,436,OPERATIONAL,https://maps.google.com/?cid=16547292212636178697&g_mp=Cidnb29nbGUubWFwcy5wbGFjZXMudjEuUGxhY2VzLlNlYXJjaFRleHQQAhgEIAA,Monday: 9:00 AM – 8:00 PM; Tuesday: 9:00 AM – 5:00 PM; Wednesday: 9:00 AM – 5:00 PM; Thursday: 9:00 AM – 8:00 PM; Friday: 9:00 AM – 5:00 PM; Saturday: 9:00 AM – 2:00 PM; Sunday: Closed,dental_clinic,Canterbury,Christchurch CBD,no_prices
Dental Care on Barrington,"295 Barrington Street, Spreydon, Christchurch 8244, New Zealand",03 337 3766,+64 3 337 3766,https://www.dentalhealth.co.nz/,4.4,46,OPERATIONAL,https://maps.google.com/?cid=8050431668542761941&g_mp=Cidnb29nbGUubWFwcy5wbGFjZXMudjEuUGxhY2VzLlNlYXJjaFRleHQQAhgEIAA,Monday: 8:30 AM – 5:30 PM; Tuesday: 8:30 AM – 5:30 PM; Wednesday: 9:00 AM – 6:00 PM; Thursday: 9:00 AM – 6:00 PM; Friday: 8:30 AM – 5:30 PM; Saturday: Closed; Sunday: Closed,dental_clinic,Canterbury,Christchurch CBD,no_prices
Palms Dental centre,"25 Marshland Road, Shirley, Christchurch 8061, New Zealand",03 385 1466,+64 3 385 1466,http://www.palmsdentist.co.nz/,3.8,82,OPERATIONAL,https://maps.google.com/?cid=9264455013509658407&g_mp=Cidnb29nbGUubWFwcy5wbGFjZXMudjEuUGxhY2VzLlNlYXJjaFRleHQQAhgEIAA,Monday: 8:30 AM – 8:00 PM; Tuesday: 8:30 AM – 8:00 PM; Wednesday: 8:30 AM – 7:00 PM; Thursday: 8:30 AM – 8:00 PM; Friday: 8:30 AM – 5:45 PM; Saturday: 9:00 AM – 5:00 PM; Sunday: Closed,dental_clinic,Canterbury,Christchurch CBD,no_prices
Dana Dental Ltd,"3 Pilgrim Place, Sydenham, Christchurch 8011, New Zealand",03 379 6591,+64 3 379 6591,https://danadental.co.nz/,5,7,OPERATIONAL,https://maps.google.com/?cid=17990440078667181743&g_mp=Cidnb29nbGUubWFwcy5wbGFjZXMudjEuUGxhY2VzLlNlYXJjaFRleHQQAhgEIAA,Monday: 8:00 AM – 5:00 PM; Tuesday: 8:00 AM – 5:00 PM; Wednesday: 8:00 AM – 5:00 PM; Thursday: 8:00 AM – 5:00 PM; Friday: 8:00 AM – 5:00 PM; Saturday: Closed; Sunday: Closed,dental_clinic,Canterbury,Christchurch CBD,no_prices
Tony Jackson Dental,"69 Cambridge Terrace, Christchurch Central City, Christchurch 8013, New Zealand",03 366 9969,+64 3 366 9969,https://www.tonyjacksondental.co.nz/,5,4,OPERATIONAL,https://maps.google.com/?cid=9759345738826725188&g_mp=Cidnb29nbGUubWFwcy5wbGFjZXMudjEuUGxhY2VzLlNlYXJjaFRleHQQAhgEIAA,Monday: 8:00 AM – 6:00 PM; Tuesday: Closed; Wednesday: 8:00 AM – 6:00 PM; Thursday: Closed; Friday: 8:00 AM – 5:00 PM; Saturday: Closed; Sunday: Closed,dental_clinic,Canterbury,Christchurch CBD,no_prices
Golden Grin Teeth Whitening Christchurch Chch,"226 Kilmore Street, Christchurch Central City, Christchurch 8011, New Zealand",03 261 6175,+64 3 261 6175,http://goldengrinteeth.co.nz/?utm_source=google&utm_medium=banner&utm_campaign=GoldenGrin_gmb_1,5,15,OPERATIONAL,https://maps.google.com/?cid=3902934779504041591&g_mp=Cidnb29nbGUubWFwcy5wbGFjZXMudjEuUGxhY2VzLlNlYXJjaFRleHQQAhgEIAA,Monday: 7:00 AM – 10:00 PM; Tuesday: 7:00 AM – 10:00 PM; Wednesday: 7:00 AM – 10:00 PM; Thursday: 7:00 AM – 10:00 PM; Friday: 7:00 AM – 10:00 PM; Saturday: 7:00 AM – 10:00 PM; Sunday: 7:00 AM – 10:00 PM,dental_clinic,Canterbury,Christchurch CBD,no_prices
Carlton Dental Care,"24 Papanui Road, Merivale, Christchurch 8014, New Zealand",03 355 8020,+64 3 355 8020,https://www.carltondental.co.nz/,4.8,106,OPERATIONAL,https://maps.google.com/?cid=3720299496411998715&g_mp=Cidnb29nbGUubWFwcy5wbGFjZXMudjEuUGxhY2VzLlNlYXJjaFRleHQQAhgEIAA,Monday: 8:00 AM – 5:00 PM; Tuesday: 8:00 AM – 5:00 PM; Wednesday: 8:00 AM – 6:00 PM; Thursday: 8:00 AM – 5:00 PM; Friday: 8:00 AM – 4:30 PM; Saturday: Closed; Sunday: Closed,dental_clinic,Canterbury,Christchurch CBD,no_prices
Bush Dental,"400 Greers Road, Bishopdale, Christchurch 8053, New Zealand",03 352 6233,+64 3 352 6233,https://christchurchdentists.nz/,4.6,119,OPERATIONAL,https://maps.google.com/?cid=3109651253138723499&g_mp=Cidnb29nbGUubWFwcy5wbGFjZXMudjEuUGxhY2VzLlNlYXJjaFRleHQQAhgEIAA,Monday: 8:30 AM – 5:00 PM; Tuesday: 8:30 AM – 5:00 PM; Wednesday: 8:30 AM – 5:00 PM; Thursday: 8:30 AM – 5:00 PM; Friday: 8:30 AM – 5:00 PM; Saturday: Closed; Sunday: Closed,dental_clinic,Canterbury,Christchurch CBD,no_prices
Hillmorton Community Dental Clinic,"80-82 Sylvan Street, Middleton, Christchurch 8024, New Zealand",0800 846 983,+64 800 846 983,https://www.cdhb.health.nz/health-services/community-dental-service/,4.3,9,OPERATIONAL,https://maps.google.com/?cid=15948757592237844552&g_mp=Cidnb29nbGUubWFwcy5wbGFjZXMudjEuUGxhY2VzLlNlYXJjaFRleHQQAhgEIAA,Monday: 8:00 AM – 4:30 PM; Tuesday: 8:00 AM – 4:30 PM; Wednesday: 8:00 AM – 4:30 PM; Thursday: 8:00 AM – 4:30 PM; Friday: 8:00 AM – 4:30 PM; Saturday: Closed; Sunday: Closed,dental_clinic,Canterbury,Christchurch CBD,no_prices
Wisdom Dental,"140 Idris Road, Strowan, Christchurch 8052, New Zealand",03 242 0362,+64 3 242 0362,https://www.wisdomdental.co.nz/,5,29,OPERATIONAL,https://maps.google.com/?cid=10320472296032574140&g_mp=Cidnb29nbGUubWFwcy5wbGFjZXMudjEuUGxhY2VzLlNlYXJjaFRleHQQAhgEIAA,Monday: 8:00 AM – 5:00 PM; Tuesday: 8:00 AM – 5:00 PM; Wednesday: 8:00 AM – 5:00 PM; Thursday: 8:00 AM – 5:00 PM; Friday: 8:00 AM – 3:00 PM; Saturday: Closed; Sunday: Closed,dental_clinic,Canterbury,Christchurch CBD,no_prices
Harris Dental Christchurch | Lumino The Dentists,"62 Bealey Avenue, Christchurch Central City, Christchurch 8013, New Zealand",03 366 9982,+64 3 366 9982,https://lumino.co.nz/dentists/harris-dental-christchurch/?utm_source=google_business_profile&utm_medium=organic,4.6,32,OPERATIONAL,https://maps.google.com/?cid=11709674167018011831&g_mp=Cidnb29nbGUubWFwcy5wbGFjZXMudjEuUGxhY2VzLlNlYXJjaFRleHQQAhgEIAA,Monday: 8:00 AM – 6:00 PM; Tuesday: 8:00 AM – 5:00 PM; Wednesday: 8:00 AM – 5:00 PM; Thursday: 8:00 AM – 6:00 PM; Friday: 8:00 AM – 3:00 PM; Saturday: Closed; Sunday: Closed,dental_clinic,Canterbury,Christchurch CBD,no_prices
The Teeth Whitening Lab - Christchurch Former Dental Therapist,"86A Halton Street, Strowan, Christchurch 8052, New Zealand",0274 103 355,+64 274 103 355,http://theteethwhiteninglabchch.co.nz/,5,4,OPERATIONAL,https://maps.google.com/?cid=9923641811339773949&g_mp=Cidnb29nbGUubWFwcy5wbGFjZXMudjEuUGxhY2VzLlNlYXJjaFRleHQQAhgEIAA,Monday: 9:00 AM – 5:00 PM; Tuesday: 9:00 AM – 5:00 PM; Wednesday: 9:00 AM – 5:00 PM; Thursday: 9:00 AM – 5:00 PM; Friday: 9:00 AM – 5:00 PM; Saturday: 9:00 AM – 2:00 PM; Sunday: 9:00 AM – 5:00 PM,dental_clinic,Canterbury,Christchurch CBD,no_prices
Smilesville Dental,"Riccarton, 131 Riccarton Road, Riccarton, Christchurch 8041, New Zealand",03 341 6800,+64 3 341 6800,https://www.smilesville.co.nz/,4.7,194,OPERATIONAL,https://maps.google.com/?cid=3117829297415785079&g_mp=Cidnb29nbGUubWFwcy5wbGFjZXMudjEuUGxhY2VzLlNlYXJjaFRleHQQAhgEIAA,Monday: 8:30 AM – 5:30 PM; Tuesday: 8:30 AM – 5:30 PM; Wednesday: 8:30 AM – 5:30 PM; Thursday: 8:30 AM – 5:30 PM; Friday: 8:30 AM – 5:30 PM; Saturday: Closed; Sunday: Closed,dental_clinic,Canterbury,Christchurch CBD,no_prices
"Cosmetic Denture Clinic - Denture Expert in Complete, Partial and Immediate Dentures","914 Colombo Street, Christchurch Central City, Christchurch 8013, New Zealand",03 365 2859,+64 3 365 2859,http://www.cosmeticdentureclinic.co.nz/,5,41,OPERATIONAL,https://maps.google.com/?cid=5194812658434734698&g_mp=Cidnb29nbGUubWFwcy5wbGFjZXMudjEuUGxhY2VzLlNlYXJjaFRleHQQAhgEIAA,Monday: 9:00 AM – 6:00 PM; Tuesday: 9:00 AM – 6:00 PM; Wednesday: 9:00 AM – 6:00 PM; Thursday: 9:00 AM – 6:00 PM; Friday: 9:00 AM – 6:00 PM; Saturday: 9:00 AM – 6:00 PM; Sunday: Closed,dental_clinic,Canterbury,Christchurch CBD,no_prices
G&E Dental,"369 Main South Road, Hornby, Christchurch 8042, New Zealand",03 347 4703,+64 3 347 4703,http://www.gedental.nz/,4.6,479,OPERATIONAL,https://maps.google.com/?cid=11139384443069252674&g_mp=Cidnb29nbGUubWFwcy5wbGFjZXMudjEuUGxhY2VzLlNlYXJjaFRleHQQAhgEIAA,Monday: 9:00 AM – 7:00 PM; Tuesday: 9:00 AM – 7:00 PM; Wednesday: 9:00 AM – 7:00 PM; Thursday: 9:00 AM – 7:00 PM; Friday: 9:00 AM – 7:00 PM; Saturday: 9:00 AM – 5:00 PM; Sunday: Closed,dental_clinic,Canterbury,Christchurch CBD,no_prices
Linwood Dental Centre,"211 Linwood Avenue, Linwood, Christchurch 8011, New Zealand",03 389 9730,+64 3 389 9730,https://linwooddentalcentre.co.nz/,3.8,12,OPERATIONAL,https://maps.google.com/?cid=18039055598809260780&g_mp=Cidnb29nbGUubWFwcy5wbGFjZXMudjEuUGxhY2VzLlNlYXJjaFRleHQQAhgEIAA,Monday: 8:30 AM – 5:00 PM; Tuesday: 8:30 AM – 5:00 PM; Wednesday: 8:30 AM – 5:00 PM; Thursday: 8:30 AM – 5:00 PM; Friday: 8:30 AM – 4:00 PM; Saturday: Closed; Sunday: Closed,dental_clinic,Canterbury,Christchurch CBD,no_prices
Windsor Dental Centre,"142 Marshland Road, Shirley, Christchurch 8061, New Zealand",03 385 3778,+64 3 385 3778,http://www.windsordentalcentre.co.nz/,4.6,42,OPERATIONAL,https://maps.google.com/?cid=14587737609549959965&g_mp=Cidnb29nbGUubWFwcy5wbGFjZXMudjEuUGxhY2VzLlNlYXJjaFRleHQQAhgEIAA,Monday: 8:30 AM – 7:00 PM; Tuesday: 8:30 AM – 7:00 PM; Wednesday: 8:30 AM – 7:00 PM; Thursday: 8:30 AM – 7:00 PM; Friday: 8:30 AM – 5:30 PM; Saturday: Closed; Sunday: Closed,dental_clinic,Canterbury,Christchurch CBD,no_prices
The Cosmetic Clinic Christchurch CBD,"Level 1/112 Cashel Street, Christchurch Central City, Christchurch 8011, New Zealand",03 377 2939,+64 3 377 2939,https://www.thecosmeticclinic.co.nz/?utm_source=google&utm_medium=organic&utm_campaign=gmb&utm_term=website+link,4.9,209,OPERATIONAL,https://maps.google.com/?cid=2604642876986126930&g_mp=Cidnb29nbGUubWFwcy5wbGFjZXMudjEuUGxhY2VzLlNlYXJjaFRleHQQAhgEIAA,Monday: 9:00 AM – 6:00 PM; Tuesday: 9:00 AM – 8:00 PM; Wednesday: 9:00 AM – 6:00 PM; Thursday: 9:00 AM – 8:00 PM; Friday: 9:00 AM – 6:00 PM; Saturday: 10:00 AM – 5:00 PM; Sunday: Closed,dental_clinic,Canterbury,Christchurch CBD,no_prices
Richmond Village Dental,"45 North Avon Road, Richmond, Christchurch 8013, New Zealand",03 389 5923,+64 3 389 5923,https://richmondvillage.dental/,4.8,79,OPERATIONAL,https://maps.google.com/?cid=9142724364060526600&g_mp=Cidnb29nbGUubWFwcy5wbGFjZXMudjEuUGxhY2VzLlNlYXJjaFRleHQQAhgEIAA,Monday: 8:30 AM – 6:00 PM; Tuesday: 8:30 AM – 5:00 PM; Wednesday: 8:30 AM – 6:00 PM; Thursday: 8:30 AM – 6:00 PM; Friday: 8:30 AM – 4:00 PM; Saturday: Closed; Sunday: Closed,dental_clinic,Canterbury,Christchurch CBD,no_prices
Lumino St Albans | Lumino The Dentists,"144 Cranford Street, St Albans, Christchurch 8014, New Zealand",03 355 9380,+64 3 355 9380,https://lumino.co.nz/dentists/lumino-st-albans/?utm_source=google_business_profile&utm_medium=organic,3.9,52,OPERATIONAL,https://maps.google.com/?cid=13089750789095057628&g_mp=Cidnb29nbGUubWFwcy5wbGFjZXMudjEuUGxhY2VzLlNlYXJjaFRleHQQAhgEIAA,Monday: 8:00 AM – 5:30 PM; Tuesday: 7:30 AM – 4:30 PM; Wednesday: 8:00 AM – 5:00 PM; Thursday: 7:30 AM – 5:00 PM; Friday: 7:30 AM – 4:30 PM; Saturday: 8:00 AM – 3:00 PM; Sunday: Closed,dental_clinic,Canterbury,Christchurch CBD,no_prices
Waltham Dental Centre,"81 Waltham Road, Sydenham, Canterbury 8023, New Zealand",03 379 5146,+64 3 379 5146,http://www.walthamdental.co.nz/,4.5,36,OPERATIONAL,https://maps.google.com/?cid=2258066028163434909&g_mp=Cidnb29nbGUubWFwcy5wbGFjZXMudjEuUGxhY2VzLlNlYXJjaFRleHQQAhgEIAA,Monday: 8:30 AM – 5:00 PM; Tuesday: 8:30 AM – 5:00 PM; Wednesday: 8:30 AM – 5:00 PM; Thursday: 8:30 AM – 5:00 PM; Friday: 9:00 AM – 5:00 PM; Saturday: Closed; Sunday: Closed,dental_clinic,Canterbury,Christchurch CBD,no_prices
Cashmere Dentists,"15 Colombo Street, Cashmere, Christchurch 8022, New Zealand",03 332 5447,+64 3 332 5447,http://www.cashmeredentists.co.nz/,4.5,26,OPERATIONAL,https://maps.google.com/?cid=5469965379866252486&g_mp=Cidnb29nbGUubWFwcy5wbGFjZXMudjEuUGxhY2VzLlNlYXJjaFRleHQQAhgEIAA,Monday: 8:30 AM – 5:00 PM; Tuesday: 8:30 AM – 5:00 PM; Wednesday: 8:30 AM – 5:00 PM; Thursday: 8:30 AM – 5:00 PM; Friday: 8:30 AM – 5:00 PM; Saturday: Closed; Sunday: Closed,dental_clinic,Canterbury,Christchurch CBD,no_prices
Merivale Dental Group Christchurch,"184 Papanui Road, Merivale, Christchurch 8014, New Zealand",03 355 3888,+64 3 355 3888,https://merivaledental.co.nz/,5,55,OPERATIONAL,https://maps.google.com/?cid=3358149620022809149&g_mp=Cidnb29nbGUubWFwcy5wbGFjZXMudjEuUGxhY2VzLlNlYXJjaFRleHQQAhgEIAA,Monday: 8:00 AM – 5:00 PM; Tuesday: 8:00 AM – 2:30 PM; Wednesday: 8:00 AM – 5:00 PM; Thursday: 8:00 AM – 6:30 PM; Friday: 8:00 AM – 5:00 PM; Saturday: Closed; Sunday: Closed,dental_clinic,Canterbury,Christchurch CBD,no_prices
Papanui Dental Centre- Open Wide,"457 Papanui Road, Papanui, Christchurch 8053, New Zealand",03 352 6019,+64 3 352 6019,http://papanuidental.co.nz/,4.1,27,OPERATIONAL,https://maps.google.com/?cid=6416579424955668120&g_mp=Cidnb29nbGUubWFwcy5wbGFjZXMudjEuUGxhY2VzLlNlYXJjaFRleHQQAhgEIAA,Monday: 8:00 AM – 8:00 PM; Tuesday: 8:00 AM – 5:00 PM; Wednesday: 8:00 AM – 5:00 PM; Thursday: 8:00 AM – 5:00 PM; Friday: 8:00 AM – 5:00 PM; Saturday: Closed; Sunday: Closed,dental_clinic,Canterbury,Christchurch CBD,no_prices
Team Dental Papanui,"146 Harewood Road, Papanui, Christchurch 8053, New Zealand",03 354 3416,+64 3 354 3416,https://www.team-dental.co.nz/christchurch/papanui/?utm_campaign=papanui&utm_medium=gbp&utm_source=google,4.6,52,OPERATIONAL,https://maps.google.com/?cid=8873170887430602997&g_mp=Cidnb29nbGUubWFwcy5wbGFjZXMudjEuUGxhY2VzLlNlYXJjaFRleHQQAhgEIAA,Monday: 8:30 AM – 5:00 PM; Tuesday: 8:30 AM – 8:00 PM; Wednesday: 8:30 AM – 5:00 PM; Thursday: 8:30 AM – 5:00 PM; Friday: 8:30 AM – 5:00 PM; Saturday: Closed; Sunday: Closed,dental_clinic,Canterbury,Christchurch CBD,no_prices
Warrington Dental,"153 Innes Road, St Albans, Christchurch 8052, New Zealand",03 355 8081,+64 3 355 8081,,4.5,40,OPERATIONAL,https://maps.google.com/?cid=509285012815245340&g_mp=Cidnb29nbGUubWFwcy5wbGFjZXMudjEuUGxhY2VzLlNlYXJjaFRleHQQAhgEIAA,Monday: 9:00 AM – 7:00 PM; Tuesday: 9:00 AM – 7:00 PM; Wednesday: 9:00 AM – 7:00 PM; Thursday: 9:00 AM – 7:00 PM; Friday: 9:00 AM – 7:00 PM; Saturday: Closed; Sunday: Closed,dental_clinic,Canterbury,Christchurch CBD,no_prices
Shirley Dental Christchurch | Lumino The Dentists,"13 Marshland Road, Shirley, Christchurch 8061, New Zealand",03 385 2310,+64 3 385 2310,https://lumino.co.nz/dentists/shirley-dental-practice/?utm_source=google_business_profile&utm_medium=organic,4.2,30,OPERATIONAL,https://maps.google.com/?cid=16599999484635670654&g_mp=Cidnb29nbGUubWFwcy5wbGFjZXMudjEuUGxhY2VzLlNlYXJjaFRleHQQAhgEIAA,Monday: 8:00 AM – 5:00 PM; Tuesday: 8:00 AM – 5:00 PM; Wednesday: 8:00 AM – 5:00 PM; Thursday: 8:00 AM – 6:00 PM; Friday: 8:00 AM – 4:00 PM; Saturday: Closed; Sunday: Closed,dental_clinic,Canterbury,Christchurch CBD,no_prices
Barrington Dental Centre,"14/18 Athelstan Street, Spreydon, Christchurch 8024, New Zealand",03 332 9791,+64 3 332 9791,http://www.barringtondental.co.nz/,4.6,12,OPERATIONAL,https://maps.google.com/?cid=7127120744402923562&g_mp=Cidnb29nbGUubWFwcy5wbGFjZXMudjEuUGxhY2VzLlNlYXJjaFRleHQQAhgEIAA,Monday: 8:00 AM – 5:00 PM; Tuesday: 8:00 AM – 5:00 PM; Wednesday: 8:00 AM – 5:00 PM; Thursday: 8:00 AM – 5:00 PM; Friday: 8:00 AM – 5:00 PM; Saturday: Closed; Sunday: Closed,dental_clinic,Canterbury,Christchurch CBD,no_prices
School & Community Dental Service,"239 Antigua Street, Addington, Christchurch 8011, New Zealand",0800 846 983,+64 800 846 983,http://www.cdhb.health.nz/Hospitals-Services/Community-Rural-Health-Services/Community-Dental/Pages/default.aspx,,,OPERATIONAL,https://maps.google.com/?cid=11663018240655671969&g_mp=Cidnb29nbGUubWFwcy5wbGFjZXMudjEuUGxhY2VzLlNlYXJjaFRleHQQAhgEIAA,Monday: 8:00 AM – 4:00 PM; Tuesday: 8:00 AM – 4:00 PM; Wednesday: 8:00 AM – 4:00 PM; Thursday: 8:00 AM – 4:00 PM; Friday: 8:00 AM – 4:00 PM; Saturday: Closed; Sunday: Closed,dental_clinic,Canterbury,Christchurch CBD,no_prices
Avonhead Dental,"62 Grahams Road, Avonhead, Christchurch 8041, New Zealand",03 358 4169,+64 3 358 4169,https://avonheaddental.co.nz/,4.8,30,OPERATIONAL,https://maps.google.com/?cid=7555953818535578858&g_mp=Cidnb29nbGUubWFwcy5wbGFjZXMudjEuUGxhY2VzLlNlYXJjaFRleHQQAhgEIAA,Monday: 8:00 AM – 6:30 PM; Tuesday: 8:00 AM – 5:00 PM; Wednesday: 8:00 AM – 5:00 PM; Thursday: 8:00 AM – 7:30 PM; Friday: 8:00 AM – 5:00 PM; Saturday: Closed; Sunday: Closed,dental_clinic,Canterbury,Christchurch CBD,no_prices
North Avon Dental Christchurch | Lumino The Dentists,"2 North Avon Road, Richmond, Christchurch 8013, New Zealand",03 365 6767,+64 3 365 6767,https://lumino.co.nz/dentists/north-avon-dental-christchurch/?utm_source=google_business_profile&utm_medium=organic,4.1,35,OPERATIONAL,https://maps.google.com/?cid=644823218405117912&g_mp=Cidnb29nbGUubWFwcy5wbGFjZXMudjEuUGxhY2VzLlNlYXJjaFRleHQQAhgEIAA,Monday: 8:30 AM – 5:00 PM; Tuesday: 8:30 AM – 7:00 PM; Wednesday: 8:30 AM – 5:00 PM; Thursday: 8:30 AM – 5:30 PM; Friday: 8:00 AM – 4:00 PM; Saturday: Closed; Sunday: Closed,dental_clinic,Canterbury,Christchurch CBD,no_prices
Dentistry With A Smile,"10 Lincoln Road, Hillmorton, Christchurch 8024, New Zealand",03 338 0088,+64 3 338 0088,http://www.dentistrywithasmile.co.nz/,4,48,OPERATIONAL,https://maps.google.com/?cid=8646907112112298319&g_mp=Cidnb29nbGUubWFwcy5wbGFjZXMudjEuUGxhY2VzLlNlYXJjaFRleHQQAhgEIAA,Monday: 8:00 AM – 5:00 PM; Tuesday: 8:00 AM – 8:00 PM; Wednesday: 9:00 AM – 6:00 PM; Thursday: 8:00 AM – 5:00 PM; Friday: 8:00 AM – 4:30 PM; Saturday: Closed; Sunday: Closed,dental_clinic,Canterbury,Christchurch CBD,no_prices
Fendalton Dental,"99a Glandovey Road, Strowan, Christchurch 8052, New Zealand",03 351 1188,+64 3 351 1188,https://www.fendaltondental.co.nz/,4.8,135,OPERATIONAL,https://maps.google.com/?cid=17510081624537949118&g_mp=Cidnb29nbGUubWFwcy5wbGFjZXMudjEuUGxhY2VzLlNlYXJjaFRleHQQAhgEIAA,Monday: 8:30 AM – 5:00 PM; Tuesday: 8:30 AM – 5:00 PM; Wednesday: 8:30 AM – 5:00 PM; Thursday: 8:30 AM – 5:00 PM; Friday: 8:30 AM – 4:00 PM; Saturday: Closed; Sunday: Closed,dental_clinic,Canterbury,Christchurch CBD,no_prices
Beale & Cullen - Dentist,"393 Papanui Road, Strowan, Christchurch 8052, New Zealand",03 354 5450,+64 3 354 5450,https://www.bealeandcullen.co.nz/,4.8,43,OPERATIONAL,https://maps.google.com/?cid=14994107772193617330&g_mp=Cidnb29nbGUubWFwcy5wbGFjZXMudjEuUGxhY2VzLlNlYXJjaFRleHQQAhgEIAA,Monday: 8:00 AM – 5:00 PM; Tuesday: 8:00 AM – 5:00 PM; Wednesday: 8:00 AM – 5:00 PM; Thursday: 8:00 AM – 5:00 PM; Friday: 8:00 AM – 1:00 PM; Saturday: Closed; Sunday: Closed,dental_clinic,Canterbury,Christchurch CBD,no_prices
Ferrymead Dental Clinic | Lumino The Dentists,"9 Tussock Lane, Woolston, Christchurch 8023, New Zealand",03 384 7170,+64 3 384 7170,https://lumino.co.nz/dentists/ferrymead-dental-centre-christchurch/?utm_source=google_business_profile&utm_medium=organic,4.3,13,OPERATIONAL,https://maps.google.com/?cid=9417398151716629260&g_mp=Cidnb29nbGUubWFwcy5wbGFjZXMudjEuUGxhY2VzLlNlYXJjaFRleHQQAhgEIAA,Monday: 8:30 AM – 5:00 PM; Tuesday: 8:30 AM – 5:00 PM; Wednesday: 8:30 AM – 5:00 PM; Thursday: 8:30 AM – 5:00 PM; Friday: 8:30 AM – 3:00 PM; Saturday: Closed; Sunday: Closed,dental_clinic,Canterbury,Christchurch CBD,no_prices
Dazzle Teeth Tooth Gems and Grillz,"306 Cashel Street, City Centre, Christchurch 8011, New Zealand",,,http://dazzleteeth.co.nz/,5,47,OPERATIONAL,https://maps.google.com/?cid=1604006294472835115&g_mp=Cidnb29nbGUubWFwcy5wbGFjZXMudjEuUGxhY2VzLlNlYXJjaFRleHQQAhgEIAA,Monday: 10:00 AM – 5:00 PM; Tuesday: 10:00 AM – 5:00 PM; Wednesday: Closed; Thursday: 10:00 AM – 5:00 PM; Friday: Closed; Saturday: 10:00 AM – 5:00 PM; Sunday: Closed,dental_clinic,Canterbury,Christchurch CBD,no_prices
Oral Design NZ,"402 Montreal Street, Christchurch Central City, Christchurch 8013, New Zealand",03 379 1222,+64 3 379 1222,http://www.oraldesign.co.nz/,4.7,24,OPERATIONAL,https://maps.google.com/?cid=17491906464058777657&g_mp=Cidnb29nbGUubWFwcy5wbGFjZXMudjEuUGxhY2VzLlNlYXJjaFRleHQQAhgEIAA,Monday: 9:00 AM – 5:00 PM; Tuesday: 9:00 AM – 5:00 PM; Wednesday: 9:00 AM – 5:00 PM; Thursday: 9:00 AM – 5:00 PM; Friday: 9:00 AM – 5:00 PM; Saturday: Closed; Sunday: Closed,dental_clinic,Canterbury,Christchurch CBD,no_prices
Oral Smiles Health,"Lincoln Road, Addington, Christchurch 8024, New Zealand",03 982 1688,+64 3 982 1688,https://www.coastsmilesdentalspa.nz/,5,1,OPERATIONAL,https://maps.google.com/?cid=10025797583479355934&g_mp=Cidnb29nbGUubWFwcy5wbGFjZXMudjEuUGxhY2VzLlNlYXJjaFRleHQQAhgEIAA,Monday: 8:30 AM – 5:30 AM; Tuesday: 8:30 AM – 5:00 PM; Wednesday: 8:00 AM – 5:00 PM; Thursday: 8:30 AM – 5:00 PM; Friday: 8:00 AM – 5:00 PM; Saturday: Closed; Sunday: Closed,dental_clinic,Canterbury,Addington,no_prices
Smiles Oral Health,"Village Medical Centre Building Level 1/30 Lincoln Road, Spreydon, Christchurch 8024, New Zealand",03 982 1688,+64 3 982 1688,https://appointments.praktika.net.au/online-booking/step1?Apikey=8a83eec1-bd6c-4825-9f24-b7c0d0d04bd1&fbclid=IwY2xjawJ-o5dleHRuA2FlbQIxMQABHn-I0kbmNIJtXtUhflppqojBEWHboEV2tngpvaACCI65JGY_-mmKhO0PMLtL_aem_G4loymfENxx0Dy9q09a1AQ,5,13,OPERATIONAL,https://maps.google.com/?cid=2761027430552888553&g_mp=Cidnb29nbGUubWFwcy5wbGFjZXMudjEuUGxhY2VzLlNlYXJjaFRleHQQAhgEIAA,Monday: 8:30 AM – 1:00 PM; Tuesday: 8:30 AM – 1:00 PM; Wednesday: 8:30 AM – 5:00 PM; Thursday: 8:30 AM – 5:00 PM; Friday: 8:30 AM – 5:00 PM; Saturday: 8:30 AM – 5:00 PM; Sunday: Closed,dental_clinic,Canterbury,Addington,no_prices
Hoon Hay Dental,"14a Lincoln Road, Spreydon, Christchurch 8024, New Zealand",03 421 7211,+64 3 421 7211,,3.4,38,OPERATIONAL,https://maps.google.com/?cid=12373812317001595794&g_mp=Cidnb29nbGUubWFwcy5wbGFjZXMudjEuUGxhY2VzLlNlYXJjaFRleHQQAhgEIAA,Monday: 8:00 AM – 6:00 PM; Tuesday: 8:00 AM – 6:00 PM; Wednesday: 8:00 AM – 6:00 PM; Thursday: 8:00 AM – 6:00 PM; Friday: 8:00 AM – 6:00 PM; Saturday: Closed; Sunday: Closed,dental_clinic,Canterbury,Addington,no_prices
Avonhead Veterinary Clinic,"207 Withells Road, Avonhead, Christchurch 8042, New Zealand",03 358 4407,+64 3 358 4407,http://www.avonheadvets.co.nz/,4.7,282,OPERATIONAL,https://maps.google.com/?cid=13534103798562214497&g_mp=Cidnb29nbGUubWFwcy5wbGFjZXMudjEuUGxhY2VzLlNlYXJjaFRleHQQAhgEIAA,Monday: 8:00 AM – 7:00 PM; Tuesday: 8:00 AM – 7:00 PM; Wednesday: 8:00 AM – 7:00 PM; Thursday: 8:00 AM – 7:00 PM; Friday: 8:00 AM – 7:00 PM; Saturday: 9:00 AM – 1:00 PM; Sunday: Closed,dental_clinic,Canterbury,Avonhead,no_prices
Designer Denture Clinic,"50 Roydvale Avenue, Burnside, Christchurch 8053, New Zealand",0210 827 1636,+64 210 827 1636,,5,61,OPERATIONAL,https://maps.google.com/?cid=15009283639630274831&g_mp=Cidnb29nbGUubWFwcy5wbGFjZXMudjEuUGxhY2VzLlNlYXJjaFRleHQQAhgEIAA,Monday: 9:00 AM – 6:00 PM; Tuesday: 9:00 AM – 6:00 PM; Wednesday: 9:00 AM – 6:00 PM; Thursday: 9:00 AM – 6:00 PM; Friday: 9:00 AM – 6:00 PM; Saturday: 9:00 AM – 3:30 PM; Sunday: 9:00 AM – 3:30 PM,dental_clinic,Canterbury,Avonhead,no_prices
Dentist On Merrin,"Shop 4/45 Merrin Street, Avonhead, Christchurch 8042, New Zealand",03 358 9662,+64 3 358 9662,,2.3,10,OPERATIONAL,https://maps.google.com/?cid=17797909267341675350&g_mp=Cidnb29nbGUubWFwcy5wbGFjZXMudjEuUGxhY2VzLlNlYXJjaFRleHQQAhgEIAA,,dental_clinic,Canterbury,Avonhead,no_prices
Beckenham Dental Laboratory,"253 Cranford Street, St Albans, Christchurch 8052, New Zealand",03 332 4169,+64 3 332 4169,,3.9,8,OPERATIONAL,https://maps.google.com/?cid=10297746918047273775&g_mp=Cidnb29nbGUubWFwcy5wbGFjZXMudjEuUGxhY2VzLlNlYXJjaFRleHQQAhgEIAA,Monday: 9:00 AM – 5:00 PM; Tuesday: 9:00 AM – 5:00 PM; Wednesday: 9:00 AM – 5:00 PM; Thursday: 9:00 AM – 12:00 PM; Friday: 9:00 AM – 5:00 PM; Saturday: Closed; Sunday: Closed,dental_clinic,Canterbury,Beckenham,no_prices
OrthodontiX Cashmere,"36 Colombo Street, Cashmere, Christchurch 8022, New Zealand",03 337 3373,+64 3 337 3373,https://www.orthodontix.co.nz/orthodontix-cashmere/?utm_source=google%20my%20business&utm_medium=organic,4.4,15,OPERATIONAL,https://maps.google.com/?cid=16346516155084947541&g_mp=Cidnb29nbGUubWFwcy5wbGFjZXMudjEuUGxhY2VzLlNlYXJjaFRleHQQAhgEIAA,Monday: 8:00 AM – 5:00 PM; Tuesday: 8:00 AM – 5:00 PM; Wednesday: 8:00 AM – 5:00 PM; Thursday: 8:00 AM – 5:00 PM; Friday: Closed; Saturday: Closed; Sunday: Closed,dental_clinic,Canterbury,Beckenham,no_prices
Duchenne Denture Specialists,"236 Springfield Road, St Albans, Christchurch 8014, New Zealand",03 375 4444,+64 3 375 4444,http://duchenne.co.nz/,4.7,42,OPERATIONAL,https://maps.google.com/?cid=4975095870285144391&g_mp=Cidnb29nbGUubWFwcy5wbGFjZXMudjEuUGxhY2VzLlNlYXJjaFRleHQQAhgEIAA,Monday: 8:00 AM – 5:00 PM; Tuesday: 8:00 AM – 5:00 PM; Wednesday: 8:00 AM – 5:00 PM; Thursday: 8:00 AM – 5:00 PM; Friday: 8:00 AM – 5:00 PM; Saturday: Closed; Sunday: Closed,dental_clinic,Canterbury,Beckenham,no_prices
Koru Clinic - Skin and Cosmetic Medicine,"31 Colombo Street, Cashmere, Christchurch 8022, New Zealand",03 372 3589,+64 3 372 3589,https://www.koruskin.co.nz/,4.6,58,OPERATIONAL,https://maps.google.com/?cid=8092416506018179844&g_mp=Cidnb29nbGUubWFwcy5wbGFjZXMudjEuUGxhY2VzLlNlYXJjaFRleHQQAhgEIAA,Monday: Closed; Tuesday: 9:30 AM – 5:00 PM; Wednesday: 9:30 AM – 5:00 PM; Thursday: 9:30 AM – 7:00 PM; Friday: 9:30 AM – 5:30 PM; Saturday: 9:30 AM – 2:00 PM; Sunday: Closed,dental_clinic,Canterbury,Beckenham,no_prices
Dentures Plus,"396 Innes Road, St Albans, Christchurch 8052, New Zealand",03 385 5517,+64 3 385 5517,http://www.denturesplus.co.nz/,4.8,26,OPERATIONAL,https://maps.google.com/?cid=4416094861768406876&g_mp=Cidnb29nbGUubWFwcy5wbGFjZXMudjEuUGxhY2VzLlNlYXJjaFRleHQQAhgEIAA,Monday: 8:00 AM – 5:00 PM; Tuesday: 8:00 AM – 5:00 PM; Wednesday: 8:00 AM – 5:00 PM; Thursday: 8:00 AM – 5:00 PM; Friday: 8:00 AM – 2:00 PM; Saturday: Closed; Sunday: Closed,dental_clinic,Canterbury,Beckenham,no_prices
Ferrymead Dental Services,"Tussock Lane, Ferrymead, Christchurch 8023, New Zealand",03 384 7170,+64 3 384 7170,https://www.ferrymead-dental.co.nz/index.php/contact-us,,,OPERATIONAL,https://maps.google.com/?cid=4140292950896583825&g_mp=Cidnb29nbGUubWFwcy5wbGFjZXMudjEuUGxhY2VzLlNlYXJjaFRleHQQAhgEIAA,,dental_clinic,Canterbury,Beckenham,no_prices
Langdons Dental,"139 Langdons Road, Northcote, Christchurch 8052, New Zealand",03 925 9748,+64 3 925 9748,https://langdonsdental.nz/,,,OPERATIONAL,https://maps.google.com/?cid=3866780385790109449&g_mp=Cidnb29nbGUubWFwcy5wbGFjZXMudjEuUGxhY2VzLlNlYXJjaFRleHQQAhgEIAA,Monday: 9:00 AM – 5:00 PM; Tuesday: 9:00 AM – 5:00 PM; Wednesday: 9:00 AM – 5:00 PM; Thursday: 9:00 AM – 6:30 PM; Friday: 9:00 AM – 5:00 PM; Saturday: Closed; Sunday: Closed,dental_clinic,Canterbury,Belfast,no_prices
Northwest Dental,"296 Wairakei Road, Bryndwr, Christchurch 8053, New Zealand",03 359 8300,+64 3 359 8300,https://nwdental.co.nz/,5,69,OPERATIONAL,https://maps.google.com/?cid=17776724147532464964&g_mp=Cidnb29nbGUubWFwcy5wbGFjZXMudjEuUGxhY2VzLlNlYXJjaFRleHQQAhgEIAA,Monday: 8:00 AM – 5:00 PM; Tuesday: 8:00 AM – 5:00 PM; Wednesday: 8:00 AM – 5:00 PM; Thursday: 8:00 AM – 5:00 PM; Friday: 8:00 AM – 4:30 PM; Saturday: Closed; Sunday: Closed,dental_clinic,Canterbury,Belfast,no_prices
Highsted Dental,"3/118a Claridges Road, Casebrook, Christchurch 8051, New Zealand",03 244 0201,+64 3 244 0201,https://highsteddental.co.nz/,4.8,16,OPERATIONAL,https://maps.google.com/?cid=3824250216595744768&g_mp=Cidnb29nbGUubWFwcy5wbGFjZXMudjEuUGxhY2VzLlNlYXJjaFRleHQQAhgEIAA,Monday: 9:00 AM – 5:00 PM; Tuesday: 9:00 AM – 5:00 PM; Wednesday: 9:00 AM – 5:00 PM; Thursday: 9:00 AM – 5:00 PM; Friday: 9:00 AM – 5:00 PM; Saturday: Closed; Sunday: Closed,dental_clinic,Canterbury,Belfast,no_prices
Unichem Belfast Pharmacy,"8/812 Main North Road, Belfast, Christchurch 8051, New Zealand",03 323 8166,+64 3 323 8166,https://www.greencrosshealth.co.nz/store/unichem-belfast-pharmacy?i=180,4.7,43,OPERATIONAL,https://maps.google.com/?cid=9996112996503262541&g_mp=Cidnb29nbGUubWFwcy5wbGFjZXMudjEuUGxhY2VzLlNlYXJjaFRleHQQAhgEIAA,Monday: 9:00 AM – 5:30 PM; Tuesday: 9:00 AM – 5:30 PM; Wednesday: 9:00 AM – 5:30 PM; Thursday: 9:00 AM – 5:30 PM; Friday: 9:00 AM – 5:30 PM; Saturday: 9:00 AM – 12:00 PM; Sunday: Closed,dental_clinic,Canterbury,Belfast,no_prices
Northcote School Dental Clinic,"26 Tuckers Road, Casebrook, Christchurch 8051, New Zealand",0800 846 983,+64 800 846 983,,5,1,OPERATIONAL,https://maps.google.com/?cid=7204450458439607554&g_mp=Cidnb29nbGUubWFwcy5wbGFjZXMudjEuUGxhY2VzLlNlYXJjaFRleHQQAhgEIAA,Monday: 8:00 AM – 5:00 PM; Tuesday: 8:00 AM – 5:00 PM; Wednesday: 8:00 AM – 5:00 PM; Thursday: 8:00 AM – 5:00 PM; Friday: 8:00 AM – 5:00 PM; Saturday: Closed; Sunday: Closed,dental_clinic,Canterbury,Belfast,no_prices
Elmwood Dental Centre,"6 Wairakei Road, Strowan, Christchurch 8052, New Zealand",03 355 2348,+64 3 355 2348,http://www.elmwooddental.co.nz/,4.8,26,OPERATIONAL,https://maps.google.com/?cid=11923448490739061744&g_mp=Cidnb29nbGUubWFwcy5wbGFjZXMudjEuUGxhY2VzLlNlYXJjaFRleHQQAhgEIAA,Monday: 8:00 AM – 5:00 PM; Tuesday: 8:00 AM – 5:00 PM; Wednesday: 8:00 AM – 5:00 PM; Thursday: 8:00 AM – 5:00 PM; Friday: 8:00 AM – 6:00 PM; Saturday: Closed; Sunday: Closed,dental_clinic,Canterbury,Belfast,no_prices
Petstock Northwood,"Northwood Supa Centa, 1 Radcliffe Road, Northwood, Christchurch 8051, New Zealand",03 323 5705,+64 3 323 5705,https://www.petstock.co.nz/store/petstock-northwood-8016?utm_term=plcid_9298055695850521836,4.6,285,OPERATIONAL,https://maps.google.com/?cid=4648676598128705167&g_mp=Cidnb29nbGUubWFwcy5wbGFjZXMudjEuUGxhY2VzLlNlYXJjaFRleHQQAhgEIAA,Monday: 9:00 AM – 5:30 PM; Tuesday: 9:00 AM – 5:30 PM; Wednesday: 9:00 AM – 5:30 PM; Thursday: 9:00 AM – 5:30 PM; Friday: 9:00 AM – 5:30 PM; Saturday: 9:00 AM – 5:00 PM; Sunday: 9:00 AM – 5:00 PM,dental_clinic,Canterbury,Belfast,no_prices
Dana Dental Ltd,"162 Main North Road, Papanui, Christchurch 8052, New Zealand",03 354 6969,+64 3 354 6969,http://www.danadental.co.nz/,4.1,13,OPERATIONAL,https://maps.google.com/?cid=5318476606710530462&g_mp=Cidnb29nbGUubWFwcy5wbGFjZXMudjEuUGxhY2VzLlNlYXJjaFRleHQQAhgEIAA,Monday: 8:30 AM – 7:00 PM; Tuesday: 8:30 AM – 4:00 PM; Wednesday: 8:30 AM – 7:00 PM; Thursday: 8:30 AM – 5:00 PM; Friday: 8:30 AM – 4:00 PM; Saturday: 9:00 AM – 1:00 PM; Sunday: Closed,dental_clinic,Canterbury,Belfast,no_prices
Bargain Chemist Northwood,"Shop i, 1 Radcliffe Road, Belfast, Christchurch 8051, New Zealand",03 281 8130,+64 3 281 8130,https://www.bargainchemist.co.nz/?utm_source=gmb&utm_medium=organic&utm_campaign=northwood,3.4,101,OPERATIONAL,https://maps.google.com/?cid=15354511748700374973&g_mp=Cidnb29nbGUubWFwcy5wbGFjZXMudjEuUGxhY2VzLlNlYXJjaFRleHQQAhgEIAA,Monday: 8:00 AM – 8:00 PM; Tuesday: 8:00 AM – 8:00 PM; Wednesday: 8:00 AM – 8:00 PM; Thursday: 8:00 AM – 8:00 PM; Friday: 8:00 AM – 8:00 PM; Saturday: 8:00 AM – 8:00 PM; Sunday: 8:00 AM – 8:00 PM,dental_clinic,Canterbury,Belfast,no_prices
Redwood Family Dentists,"186 Main North Road, Papanui, Christchurch 8051, New Zealand",03 352 6186,+64 3 352 6186,http://www.familydentist.co.nz/,4.1,46,OPERATIONAL,https://maps.google.com/?cid=3795989292425458557&g_mp=Cidnb29nbGUubWFwcy5wbGFjZXMudjEuUGxhY2VzLlNlYXJjaFRleHQQAhgEIAA,Monday: 9:00 AM – 5:00 PM; Tuesday: 9:00 AM – 5:00 PM; Wednesday: 9:00 AM – 5:00 PM; Thursday: 9:00 AM – 5:00 PM; Friday: 9:00 AM – 5:00 PM; Saturday: Closed; Sunday: Closed,dental_clinic,Canterbury,Belfast,no_prices
Northcote Community Dental Clinic,"24 Tuckers Road, Casebrook, Christchurch 8051, New Zealand",0800 846 983,+64 800 846 983,,4,8,OPERATIONAL,https://maps.google.com/?cid=4630416017629392915&g_mp=Cidnb29nbGUubWFwcy5wbGFjZXMudjEuUGxhY2VzLlNlYXJjaFRleHQQAhgEIAA,,dental_clinic,Canterbury,Belfast,no_prices
Chung Dental Clinic,"248 Main North Road, Redwood, Christchurch 8051, New Zealand",03 352 8237,+64 3 352 8237,,5,5,OPERATIONAL,https://maps.google.com/?cid=6054126533911001958&g_mp=Cidnb29nbGUubWFwcy5wbGFjZXMudjEuUGxhY2VzLlNlYXJjaFRleHQQAhgEIAA,Monday: 9:30 AM – 1:00 PM; Tuesday: 9:30 AM – 6:00 PM; Wednesday: Closed; Thursday: 9:00 AM – 6:00 PM; Friday: 9:30 AM – 1:00 PM; Saturday: 9:30 AM – 1:00 PM; Sunday: Closed,dental_clinic,Canterbury,Belfast,no_prices
Beata Baumann Dentist,"6 Wairakei Road, Strowan, Christchurch 8052, New Zealand",03 355 2348,+64 3 355 2348,http://beatabaumanndentist.co.nz/,5,28,OPERATIONAL,https://maps.google.com/?cid=4482990113129658700&g_mp=Cidnb29nbGUubWFwcy5wbGFjZXMudjEuUGxhY2VzLlNlYXJjaFRleHQQAhgEIAA,Monday: 8:30 AM – 6:00 PM; Tuesday: 8:30 AM – 5:00 PM; Wednesday: 8:30 AM – 5:00 PM; Thursday: 8:30 AM – 7:00 PM; Friday: 8:30 AM – 5:00 PM; Saturday: Closed; Sunday: Closed,dental_clinic,Canterbury,Belfast,no_prices
Redcliffs Dental,"178 Main Road, Redcliffs, Christchurch 8081, New Zealand",03 384 5038,+64 3 384 5038,https://www.redcliffsdental.co.nz/,5,11,OPERATIONAL,https://maps.google.com/?cid=4210952667942822975&g_mp=Cidnb29nbGUubWFwcy5wbGFjZXMudjEuUGxhY2VzLlNlYXJjaFRleHQQAhgEIAA,Monday: 8:30 AM – 4:30 PM; Tuesday: 8:30 AM – 4:30 PM; Wednesday: 8:30 AM – 4:30 PM; Thursday: 8:00 AM – 4:00 PM; Friday: 8:00 AM – 3:00 PM; Saturday: Closed; Sunday: Closed,dental_clinic,Canterbury,Belfast,no_prices
Halswell Dental,"284 Halswell Road, Halswell, Christchurch 8025, New Zealand",03 322 9577,+64 3 322 9577,http://www.halswelldental.co.nz/,4.4,45,OPERATIONAL,https://maps.google.com/?cid=9208503177843723676&g_mp=Cidnb29nbGUubWFwcy5wbGFjZXMudjEuUGxhY2VzLlNlYXJjaFRleHQQAhgEIAA,Monday: 9:00 AM – 7:00 PM; Tuesday: 8:00 AM – 5:00 PM; Wednesday: 8:00 AM – 5:00 PM; Thursday: 8:00 AM – 5:00 PM; Friday: 8:00 AM – 4:00 PM; Saturday: Closed; Sunday: Closed,dental_clinic,Canterbury,Belfast,no_prices
Longhurst Dental,"53 Caulfield Avenue, Halswell, Christchurch 8025, New Zealand",03 322 1622,+64 3 322 1622,http://www.longhurstdental.co.nz/,3.8,18,OPERATIONAL,https://maps.google.com/?cid=8279354337146710203&g_mp=Cidnb29nbGUubWFwcy5wbGFjZXMudjEuUGxhY2VzLlNlYXJjaFRleHQQAhgEIAA,Monday: 9:00 AM – 5:00 PM; Tuesday: 9:00 AM – 5:00 PM; Wednesday: 9:00 AM – 5:00 PM; Thursday: 9:00 AM – 5:00 PM; Friday: Closed; Saturday: Closed; Sunday: Closed,dental_clinic,Canterbury,Belfast,no_prices
Casebrook Surgery,"1/118A Claridges Road, Casebrook, Christchurch 8051, New Zealand",03 359 4549,+64 3 359 4549,http://www.casebrooksurgery.co.nz/,4,51,OPERATIONAL,https://maps.google.com/?cid=8450805765026506665&g_mp=Cidnb29nbGUubWFwcy5wbGFjZXMudjEuUGxhY2VzLlNlYXJjaFRleHQQAhgEIAA,Monday: 9:00 AM – 5:00 PM; Tuesday: 9:00 AM – 5:00 PM; Wednesday: 9:00 AM – 5:00 PM; Thursday: 9:00 AM – 5:00 PM; Friday: 9:00 AM – 5:00 PM; Saturday: Closed; Sunday: Closed,dental_clinic,Canterbury,Belfast,no_prices
Time Dental (Andrew Were Dental),"8/337 Harewood Road, Bishopdale, Christchurch 8053, New Zealand",03 359 2999,+64 3 359 2999,https://www.facebook.com/Time-Dental-140497169460247/,4.4,14,OPERATIONAL,https://maps.google.com/?cid=15057798699165629689&g_mp=Cidnb29nbGUubWFwcy5wbGFjZXMudjEuUGxhY2VzLlNlYXJjaFRleHQQAhgEIAA,Monday: 8:00 AM – 4:30 PM; Tuesday: 8:00 AM – 4:30 PM; Wednesday: 8:00 AM – 1:00 PM; Thursday: 8:00 AM – 4:30 PM; Friday: 8:00 AM – 1:00 PM; Saturday: Closed; Sunday: Closed,dental_clinic,Canterbury,Bishopdale,no_prices
Happy Smiles Paediatric Dentistry- Children's Specialist Dentist,"400 Greers Road, Bishopdale, Christchurch 8053, New Zealand",03 352 1727,+64 3 352 1727,http://www.happysmiles.nz/,5,13,OPERATIONAL,https://maps.google.com/?cid=765533730239724620&g_mp=Cidnb29nbGUubWFwcy5wbGFjZXMudjEuUGxhY2VzLlNlYXJjaFRleHQQAhgEIAA,Monday: Closed; Tuesday: 8:30 AM – 4:00 PM; Wednesday: 8:30 AM – 4:00 PM; Thursday: Closed; Friday: 8:30 AM – 4:00 PM; Saturday: Closed; Sunday: Closed,dental_clinic,Canterbury,Bishopdale,no_prices
Nova Denture Clinic,"21 Bishopdale Court, Bishopdale, Christchurch 8053, New Zealand",03 421 3535,+64 3 421 3535,https://novadentureclinic.wixsite.com/denture-clinic,,,OPERATIONAL,https://maps.google.com/?cid=6979178111746596029&g_mp=Cidnb29nbGUubWFwcy5wbGFjZXMudjEuUGxhY2VzLlNlYXJjaFRleHQQAhgEIAA,Monday: Closed; Tuesday: 9:00 AM – 4:00 PM; Wednesday: 12:00 – 4:00 PM; Thursday: 9:00 AM – 4:00 PM; Friday: 9:00 AM – 4:00 PM; Saturday: Closed; Sunday: Closed,dental_clinic,Canterbury,Bishopdale,no_prices
Canterbury Charity Hospital,"349/353 Harewood Road, Bishopdale, Christchurch 8054, New Zealand",03 360 2266,+64 3 360 2266,http://charityhospital.org.nz/,4.8,56,OPERATIONAL,https://maps.google.com/?cid=12891387153653854493&g_mp=Cidnb29nbGUubWFwcy5wbGFjZXMudjEuUGxhY2VzLlNlYXJjaFRleHQQAhgEIAA,Monday: 8:00 AM – 4:30 PM; Tuesday: 8:00 AM – 4:30 PM; Wednesday: 8:00 AM – 4:30 PM; Thursday: 8:00 AM – 4:30 PM; Friday: 8:00 AM – 4:30 PM; Saturday: Closed; Sunday: Closed,dental_clinic,Canterbury,Bishopdale,no_prices
Unichem Bishopdale Pharmacy,"37 Bishopdale Court, Bishopdale, Christchurch 8543, New Zealand",03 359 8302,+64 3 359 8302,https://www.bishopdalepharmacy.co.nz/,4.7,87,OPERATIONAL,https://maps.google.com/?cid=3057048299514234715&g_mp=Cidnb29nbGUubWFwcy5wbGFjZXMudjEuUGxhY2VzLlNlYXJjaFRleHQQAhgEIAA,Monday: 8:30 AM – 6:00 PM; Tuesday: 8:30 AM – 6:00 PM; Wednesday: 8:30 AM – 6:00 PM; Thursday: 8:30 AM – 6:00 PM; Friday: 8:30 AM – 6:00 PM; Saturday: 9:30 AM – 2:00 PM; Sunday: Closed,dental_clinic,Canterbury,Bishopdale,no_prices
Bishopdale Medical,"1 Eastling Street, Bishopdale, Christchurch 8053, New Zealand",03 359 8591,+64 3 359 8591,http://www.bishopdalemc.co.nz/,2.7,36,OPERATIONAL,https://maps.google.com/?cid=18347796055391471812&g_mp=Cidnb29nbGUubWFwcy5wbGFjZXMudjEuUGxhY2VzLlNlYXJjaFRleHQQAhgEIAA,Monday: 8:30 AM – 5:00 PM; Tuesday: 8:30 AM – 5:00 PM; Wednesday: 8:30 AM – 5:00 PM; Thursday: 8:30 AM – 5:00 PM; Friday: 8:30 AM – 5:00 PM; Saturday: Closed; Sunday: Closed,dental_clinic,Canterbury,Bishopdale,no_prices
Bishopdale Village Mall,"Farrington Ave & Harewood Rd, Bishopdale, Christchurch 8543, New Zealand",027 962 9189,+64 27 962 9189,,3.9,1939,OPERATIONAL,https://maps.google.com/?cid=10516118194820142817&g_mp=Cidnb29nbGUubWFwcy5wbGFjZXMudjEuUGxhY2VzLlNlYXJjaFRleHQQAhgEIAA,Monday: 9:00 AM – 5:00 PM; Tuesday: 9:00 AM – 5:00 PM; Wednesday: 9:00 AM – 5:00 PM; Thursday: 9:00 AM – 5:00 PM; Friday: 9:00 AM – 5:00 PM; Saturday: 9:00 AM – 5:00 PM; Sunday: 9:00 AM – 5:00 PM,dental_clinic,Canterbury,Bishopdale,no_prices
Time Dental,"337 Harewood Road, Bishopdale, Christchurch 8053, New Zealand",,,,,,OPERATIONAL,https://maps.google.com/?cid=11386213987346151157&g_mp=Cidnb29nbGUubWFwcy5wbGFjZXMudjEuUGxhY2VzLlNlYXJjaFRleHQQAhgEIAA,,dental_clinic,Canterbury,Bishopdale,no_prices
Morton Dentistry Christchurch | Lumino The Dentists,"294 Clyde Road, Bryndwr, Christchurch 8053, New Zealand",03 366 5351,+64 3 366 5351,https://lumino.co.nz/dentists/morton-dentistry-christchurch/?utm_source=google_business_profile&utm_medium=organic,4.3,25,OPERATIONAL,https://maps.google.com/?cid=10980274463475381885&g_mp=Cidnb29nbGUubWFwcy5wbGFjZXMudjEuUGxhY2VzLlNlYXJjaFRleHQQAhgEIAA,Monday: 8:30 AM – 5:00 PM; Tuesday: 8:30 AM – 5:00 PM; Wednesday: 8:30 AM – 5:00 PM; Thursday: 8:30 AM – 5:00 PM; Friday: 8:30 AM – 5:00 PM; Saturday: Closed; Sunday: Closed,dental_clinic,Canterbury,Bryndwr,no_prices
Denture House,"110 Memorial Avenue, Burnside, Christchurch 8041, New Zealand",0800 744 188,+64 800 744 188,https://www.denturehouse.co.nz/?utm_source=google&utm_medium=wix_google_business_profile&utm_campaign=8342447051141617133,5,1,OPERATIONAL,https://maps.google.com/?cid=2198471970963712329&g_mp=Cidnb29nbGUubWFwcy5wbGFjZXMudjEuUGxhY2VzLlNlYXJjaFRleHQQAhgEIAA,Monday: 8:30 AM – 5:00 PM; Tuesday: 8:30 AM – 5:00 PM; Wednesday: 8:30 AM – 5:00 PM; Thursday: 8:30 AM – 5:00 PM; Friday: Closed; Saturday: Closed; Sunday: Closed,dental_clinic,Canterbury,Bryndwr,no_prices
Burnside Community Dental Clinic,"96a Memorial Avenue, Ilam, Christchurch 8053, New Zealand",0800 846 983,+64 800 846 983,,3,16,OPERATIONAL,https://maps.google.com/?cid=9828174334741680048&g_mp=Cidnb29nbGUubWFwcy5wbGFjZXMudjEuUGxhY2VzLlNlYXJjaFRleHQQAhgEIAA,Monday: 8:30 AM – 3:30 PM; Tuesday: 8:30 AM – 3:30 PM; Wednesday: 8:30 AM – 3:30 PM; Thursday: 8:30 AM – 3:30 PM; Friday: 8:30 AM – 3:30 PM; Saturday: Closed; Sunday: Closed,dental_clinic,Canterbury,Bryndwr,no_prices
RJ Begg and Associates Oral and Maxillofacial Surgery,"7 Wairakei Road, Strowan, Christchurch 8052, New Zealand",03 351 9082,+64 3 351 9082,https://www.rjbegg.co.nz/?utm_source=google_business_profile&utm_medium=organic,5,9,OPERATIONAL,https://maps.google.com/?cid=12160239963842179683&g_mp=Cidnb29nbGUubWFwcy5wbGFjZXMudjEuUGxhY2VzLlNlYXJjaFRleHQQAhgEIAA,Monday: 9:00 AM – 5:00 PM; Tuesday: 9:00 AM – 5:00 PM; Wednesday: 9:00 AM – 5:00 PM; Thursday: 9:00 AM – 5:00 PM; Friday: 9:00 AM – 5:00 PM; Saturday: Closed; Sunday: Closed,dental_clinic,Canterbury,Bryndwr,no_prices
Henderson Periodontics & Implants,"7 Wairakei Road, Strowan, Christchurch 8052, New Zealand",03 351 4323,+64 3 351 4323,https://www.hendersonperiodontics.co.nz/,4,22,OPERATIONAL,https://maps.google.com/?cid=2583784669155927016&g_mp=Cidnb29nbGUubWFwcy5wbGFjZXMudjEuUGxhY2VzLlNlYXJjaFRleHQQAhgEIAA,Monday: 8:00 AM – 5:00 PM; Tuesday: 8:00 AM – 5:00 PM; Wednesday: 8:00 AM – 5:00 PM; Thursday: 8:00 AM – 5:00 PM; Friday: Closed; Saturday: Closed; Sunday: Closed,dental_clinic,Canterbury,Bryndwr,no_prices
Smile Bright,"3a Ngahere Street, Fendalton, Christchurch 8041, New Zealand",022 123 4688,+64 22 123 4688,https://www.instagram.com/smilebright_christchurch/,5,6,OPERATIONAL,https://maps.google.com/?cid=10807294703463008402&g_mp=Cidnb29nbGUubWFwcy5wbGFjZXMudjEuUGxhY2VzLlNlYXJjaFRleHQQAhgEIAA,Monday: 9:00 AM – 2:00 PM; Tuesday: 9:00 AM – 2:00 PM; Wednesday: 9:00 AM – 6:00 PM; Thursday: 9:00 AM – 7:00 PM; Friday: 9:00 AM – 2:00 PM; Saturday: 11:00 AM – 3:00 PM; Sunday: 1:00 – 4:00 PM,dental_clinic,Canterbury,Fendalton,no_prices
Dentures & More,"146 Harewood Road, Papanui, Christchurch 8053, New Zealand",0210 856 3720,+64 210 856 3720,https://denturesandmore.co.nz/?utm_source=google&utm_medium=gbp,5,3,OPERATIONAL,https://maps.google.com/?cid=15355207483766838505&g_mp=Cidnb29nbGUubWFwcy5wbGFjZXMudjEuUGxhY2VzLlNlYXJjaFRleHQQAhgEIAA,Monday: 8:30 AM – 5:00 PM; Tuesday: 8:30 AM – 5:00 PM; Wednesday: 8:30 AM – 5:00 PM; Thursday: 8:30 AM – 5:00 PM; Friday: 8:30 AM – 5:00 PM; Saturday: Closed; Sunday: Closed,dental_clinic,Canterbury,Harewood,no_prices
Tend Harewood Medical Centre,"171 Harewood Road, Papanui, Christchurch 8053, New Zealand",03 352 8647,+64 3 352 8647,https://www.tend.nz/locations/tend-harewood,3.4,61,OPERATIONAL,https://maps.google.com/?cid=10424652467054429434&g_mp=Cidnb29nbGUubWFwcy5wbGFjZXMudjEuUGxhY2VzLlNlYXJjaFRleHQQAhgEIAA,Monday: 8:00 AM – 5:00 PM; Tuesday: 8:00 AM – 5:00 PM; Wednesday: 8:00 AM – 5:00 PM; Thursday: 8:00 AM – 5:00 PM; Friday: 8:00 AM – 5:00 PM; Saturday: Closed; Sunday: Closed,dental_clinic,Canterbury,Harewood,no_prices
Harewood Veterinary Hospital,"207 Harewood Road, Bishopdale, Christchurch 8053, New Zealand",03 352 2574,+64 3 352 2574,https://harewoodvet.co.nz/,4.6,285,OPERATIONAL,https://maps.google.com/?cid=1707881134500361542&g_mp=Cidnb29nbGUubWFwcy5wbGFjZXMudjEuUGxhY2VzLlNlYXJjaFRleHQQAhgEIAA,Monday: 8:00 AM – 7:00 PM; Tuesday: 8:00 AM – 7:00 PM; Wednesday: 8:00 AM – 7:00 PM; Thursday: 8:00 AM – 7:00 PM; Friday: 8:00 AM – 7:00 PM; Saturday: 9:00 AM – 2:00 PM; Sunday: Closed,dental_clinic,Canterbury,Harewood,no_prices
Just Teeth,"4/49 Sir William Pickering Drive, Burnside, Christchurch 8053, New Zealand",03 357 2020,+64 3 357 2020,http://www.just-teeth.co.nz/,4.6,32,OPERATIONAL,https://maps.google.com/?cid=1601798930162761687&g_mp=Cidnb29nbGUubWFwcy5wbGFjZXMudjEuUGxhY2VzLlNlYXJjaFRleHQQAhgEIAA,Monday: 9:00 AM – 5:30 PM; Tuesday: 9:00 AM – 5:30 PM; Wednesday: 9:00 AM – 5:30 PM; Thursday: 9:00 AM – 5:30 PM; Friday: 9:00 AM – 5:30 PM; Saturday: Closed; Sunday: Closed,dental_clinic,Canterbury,Harewood,no_prices
Bradley Wood Dentists,"252 Papanui Road, Strowan, Christchurch 8014, New Zealand",03 355 7890,+64 3 355 7890,http://www.bradleywooddentists.co.nz/,4.8,20,OPERATIONAL,https://maps.google.com/?cid=17500423668587867909&g_mp=Cidnb29nbGUubWFwcy5wbGFjZXMudjEuUGxhY2VzLlNlYXJjaFRleHQQAhgEIAA,Monday: 8:30 AM – 5:00 PM; Tuesday: 8:30 AM – 5:00 PM; Wednesday: 8:30 AM – 5:00 PM; Thursday: 8:30 AM – 5:00 PM; Friday: 8:30 AM – 3:00 PM; Saturday: Closed; Sunday: Closed,dental_clinic,Canterbury,Harewood,no_prices
Hornby Dental Centre,"5 Tower Street, Hornby, Christchurch 8042, New Zealand",03 349 5059,+64 3 349 5059,https://www.hornbydental.co.nz/,4,49,OPERATIONAL,https://maps.google.com/?cid=6993259740039133286&g_mp=Cidnb29nbGUubWFwcy5wbGFjZXMudjEuUGxhY2VzLlNlYXJjaFRleHQQAhgEIAA,Monday: 8:00 AM – 5:00 PM; Tuesday: 8:00 AM – 5:00 PM; Wednesday: 8:00 AM – 5:00 PM; Thursday: 8:00 AM – 5:00 PM; Friday: 8:00 AM – 5:00 PM; Saturday: Closed; Sunday: Closed,dental_clinic,Canterbury,Hornby,no_prices
Hornby Community Dental Clinic,"2 Hei Hei Road, Hornby, Christchurch 8042, New Zealand",0800 846 983,+64 800 846 983,,5,5,OPERATIONAL,https://maps.google.com/?cid=10726337143810911105&g_mp=Cidnb29nbGUubWFwcy5wbGFjZXMudjEuUGxhY2VzLlNlYXJjaFRleHQQAhgEIAA,,dental_clinic,Canterbury,Hornby,no_prices
After Hours Dental,"367 Main South Road, Hornby, Christchurch 8042, New Zealand",0800 433 368,+64 800 433 368,,1,2,OPERATIONAL,https://maps.google.com/?cid=6302281840864405690&g_mp=Cidnb29nbGUubWFwcy5wbGFjZXMudjEuUGxhY2VzLlNlYXJjaFRleHQQAhgEIAA,Monday: 9:00 AM – 7:00 PM; Tuesday: 9:00 AM – 7:00 PM; Wednesday: 9:00 AM – 7:00 PM; Thursday: 9:00 AM – 7:00 PM; Friday: 9:00 AM – 7:00 PM; Saturday: 9:00 AM – 5:00 PM; Sunday: Closed,dental_clinic,Canterbury,Hornby,no_prices
Lyttelton Health Centre,"18 Oxford Street, Lyttelton 8082, New Zealand",03 328 7309,+64 3 328 7309,https://www.lytteltonhealthcentre.co.nz/,4.6,22,OPERATIONAL,https://maps.google.com/?cid=9944301695342445492&g_mp=Cidnb29nbGUubWFwcy5wbGFjZXMudjEuUGxhY2VzLlNlYXJjaFRleHQQAhgEIAA,Monday: 8:00 AM – 5:00 PM; Tuesday: 8:00 AM – 5:00 PM; Wednesday: 8:00 AM – 5:00 PM; Thursday: 8:00 AM – 5:00 PM; Friday: 8:00 AM – 5:00 PM; Saturday: Closed; Sunday: Closed,dental_clinic,Canterbury,Lyttelton,no_prices
Lyttelton West School Dental Clinic,"43 Voelas Road, Lyttelton 8082, New Zealand",03 328 8041,+64 3 328 8041,,,,OPERATIONAL,https://maps.google.com/?cid=7825751987040038608&g_mp=Cidnb29nbGUubWFwcy5wbGFjZXMudjEuUGxhY2VzLlNlYXJjaFRleHQQAhgEIAA,,dental_clinic,Canterbury,Lyttelton,no_prices
Lyttelton Pharmacy,"19 London Street, Lyttelton 8082, New Zealand",03 328 8314,+64 3 328 8314,https://www.lytteltonpharmacy.co.nz/,4.3,16,OPERATIONAL,https://maps.google.com/?cid=752809986004475700&g_mp=Cidnb29nbGUubWFwcy5wbGFjZXMudjEuUGxhY2VzLlNlYXJjaFRleHQQAhgEIAA,Monday: 9:00 AM – 5:30 PM; Tuesday: 9:00 AM – 5:30 PM; Wednesday: 9:00 AM – 5:30 PM; Thursday: 9:00 AM – 5:30 PM; Friday: 9:00 AM – 5:30 PM; Saturday: 9:30 AM – 1:00 PM; Sunday: Closed,dental_clinic,Canterbury,Lyttelton,no_prices
FreshChoice Lyttelton,"17 London Street, Lyttelton 8082, New Zealand",03 328 7368,+64 3 328 7368,https://lyttelton.store.freshchoice.co.nz/,4.3,152,OPERATIONAL,https://maps.google.com/?cid=6495389670340561669&g_mp=Cidnb29nbGUubWFwcy5wbGFjZXMudjEuUGxhY2VzLlNlYXJjaFRleHQQAhgEIAA,Monday: 7:00 AM – 9:00 PM; Tuesday: 7:00 AM – 9:00 PM; Wednesday: 7:00 AM – 9:00 PM; Thursday: 7:00 AM – 9:00 PM; Friday: 7:00 AM – 9:00 PM; Saturday: 7:00 AM – 9:00 PM; Sunday: 7:00 AM – 9:00 PM,dental_clinic,Canterbury,Lyttelton,no_prices
Dentistry on Merivale,"1st/193 Papanui Road, Merivale, Christchurch 8014, New Zealand",03 355 8297,+64 3 355 8297,,4.2,15,OPERATIONAL,https://maps.google.com/?cid=17604895229701517370&g_mp=Cidnb29nbGUubWFwcy5wbGFjZXMudjEuUGxhY2VzLlNlYXJjaFRleHQQAhgEIAA,Monday: 8:00 AM – 5:00 PM; Tuesday: 8:00 AM – 5:00 PM; Wednesday: 8:00 AM – 5:00 PM; Thursday: 8:00 AM – 5:00 PM; Friday: 8:00 AM – 5:00 PM; Saturday: Closed; Sunday: Closed,dental_clinic,Canterbury,Merivale,no_prices
Merivale Denture Clinic,"206B Papanui Road, Merivale, Christchurch 8014, New Zealand",03 355 4704,+64 3 355 4704,https://www.merivaledentureclinic.co.nz/,5,185,OPERATIONAL,https://maps.google.com/?cid=8785851845434578900&g_mp=Cidnb29nbGUubWFwcy5wbGFjZXMudjEuUGxhY2VzLlNlYXJjaFRleHQQAhgEIAA,Monday: 8:30 AM – 5:00 PM; Tuesday: 8:30 AM – 5:00 PM; Wednesday: 8:30 AM – 5:00 PM; Thursday: 8:30 AM – 5:00 PM; Friday: 8:30 AM – 5:00 PM; Saturday: Closed; Sunday: Closed,dental_clinic,Canterbury,Merivale,no_prices
Bright Smiles Children's Dentistry,"214 Papanui Road, Merivale, Christchurch 8014, New Zealand",03 351 7700,+64 3 351 7700,http://www.brightsmiles.co.nz/,3.5,51,OPERATIONAL,https://maps.google.com/?cid=39417528501677054&g_mp=Cidnb29nbGUubWFwcy5wbGFjZXMudjEuUGxhY2VzLlNlYXJjaFRleHQQAhgEIAA,Monday: 8:00 AM – 5:00 PM; Tuesday: 8:00 AM – 5:00 PM; Wednesday: 8:00 AM – 5:00 PM; Thursday: 8:00 AM – 5:00 PM; Friday: 8:00 AM – 5:00 PM; Saturday: Closed; Sunday: Closed,dental_clinic,Canterbury,Merivale,no_prices
Canterbury Dental Specialists,"11 Normans Road, Strowan, Christchurch 8052, New Zealand",03 355 3247,+64 3 355 3247,https://www.canterburyds.nz/,5,1,OPERATIONAL,https://maps.google.com/?cid=14874541456518983418&g_mp=Cidnb29nbGUubWFwcy5wbGFjZXMudjEuUGxhY2VzLlNlYXJjaFRleHQQAhgEIAA,Monday: 8:00 AM – 5:00 PM; Tuesday: 8:00 AM – 5:00 PM; Wednesday: 8:00 AM – 5:00 PM; Thursday: 8:00 AM – 5:00 PM; Friday: 9:00 AM – 3:00 PM; Saturday: Closed; Sunday: Closed,dental_clinic,Canterbury,Merivale,no_prices
Mr Liam Moore Oral and Maxillofacial Surgeon,"Leinster Chambers, St Georges Hospital, 249 Papanui Road, Merivale, Christchurch 8014, New Zealand",03 662 9997,+64 3 662 9997,https://specialistoms.co.nz/,4.9,81,OPERATIONAL,https://maps.google.com/?cid=3468677358733572832&g_mp=Cidnb29nbGUubWFwcy5wbGFjZXMudjEuUGxhY2VzLlNlYXJjaFRleHQQAhgEIAA,Monday: 8:00 AM – 5:00 PM; Tuesday: 8:00 AM – 5:00 PM; Wednesday: 8:00 AM – 5:00 PM; Thursday: 8:00 AM – 5:00 PM; Friday: 8:00 AM – 3:00 PM; Saturday: Closed; Sunday: Closed,dental_clinic,Canterbury,Merivale,no_prices
Merivale Mall,"189 Papanui Road, Merivale, Christchurch 8014, New Zealand",03 355 9692,+64 3 355 9692,https://merivalemall.co.nz/,4,1775,OPERATIONAL,https://maps.google.com/?cid=13175902258448752821&g_mp=Cidnb29nbGUubWFwcy5wbGFjZXMudjEuUGxhY2VzLlNlYXJjaFRleHQQAhgEIAA,Monday: 9:00 AM – 6:00 PM; Tuesday: 9:00 AM – 6:00 PM; Wednesday: 9:00 AM – 6:00 PM; Thursday: 9:00 AM – 7:00 PM; Friday: 9:00 AM – 6:00 PM; Saturday: 9:00 AM – 6:00 PM; Sunday: 10:00 AM – 5:00 PM,dental_clinic,Canterbury,Merivale,no_prices
Periodontal Services,"Leinster Road, Merivale, Christchurch 8014, New Zealand",03 355 1445,+64 3 355 1445,http://www.perioservices.co.nz/about-us/,4.9,14,OPERATIONAL,https://maps.google.com/?cid=15233408178296903113&g_mp=Cidnb29nbGUubWFwcy5wbGFjZXMudjEuUGxhY2VzLlNlYXJjaFRleHQQAhgEIAA,,dental_clinic,Canterbury,Merivale,no_prices
New Brighton Denture Clinic,"45 Brighton Mall, New Brighton, Christchurch 8061, New Zealand",03 388 1068,+64 3 388 1068,https://yellow.co.nz/y/new-brighton-brighton-mall-3,5,3,OPERATIONAL,https://maps.google.com/?cid=2216913210923629973&g_mp=Cidnb29nbGUubWFwcy5wbGFjZXMudjEuUGxhY2VzLlNlYXJjaFRleHQQAhgEIAA,Monday: 9:00 AM – 4:00 PM; Tuesday: 9:00 AM – 4:00 PM; Wednesday: 9:00 AM – 4:00 PM; Thursday: 9:00 AM – 4:00 PM; Friday: Closed; Saturday: Closed; Sunday: Closed,dental_clinic,Canterbury,New Brighton,no_prices
QE2 Dental,"78 Rookwood Avenue, North New Brighton, Christchurch 8083, New Zealand",03 388 0881,+64 3 388 0881,https://qe2dental.co.nz/,4.3,48,OPERATIONAL,https://maps.google.com/?cid=509040173218930824&g_mp=Cidnb29nbGUubWFwcy5wbGFjZXMudjEuUGxhY2VzLlNlYXJjaFRleHQQAhgEIAA,Monday: 9:00 AM – 5:00 PM; Tuesday: 9:00 AM – 5:00 PM; Wednesday: 9:00 AM – 7:00 PM; Thursday: 9:00 AM – 5:00 PM; Friday: 9:00 AM – 4:00 PM; Saturday: Closed; Sunday: Closed,dental_clinic,Canterbury,New Brighton,no_prices
Kowhai Vet,"122B Opawa Road, Opawa, Christchurch 8023, New Zealand",03 337 5445,+64 3 337 5445,https://kowhaivet.co.nz/,5,100,OPERATIONAL,https://maps.google.com/?cid=11362105394233778970&g_mp=Cidnb29nbGUubWFwcy5wbGFjZXMudjEuUGxhY2VzLlNlYXJjaFRleHQQAhgEIAA,Monday: 8:00 AM – 6:30 PM; Tuesday: 8:00 AM – 6:30 PM; Wednesday: 8:00 AM – 6:30 PM; Thursday: 8:00 AM – 6:30 PM; Friday: 8:00 AM – 6:30 PM; Saturday: 9:00 AM – 12:00 PM; Sunday: Closed,dental_clinic,Canterbury,Opawa,no_prices
The White Smile Company,"4 Youngston Lane, Woolston, Christchurch 8023, New Zealand",,,http://thewhitesmilecompany.co.nz/,4.8,249,OPERATIONAL,https://maps.google.com/?cid=16107401456576837586&g_mp=Cidnb29nbGUubWFwcy5wbGFjZXMudjEuUGxhY2VzLlNlYXJjaFRleHQQAhgEIAA,Monday: Closed; Tuesday: 9:00 AM – 6:00 PM; Wednesday: 9:00 AM – 8:00 PM; Thursday: 9:00 AM – 6:00 PM; Friday: 9:00 AM – 6:00 PM; Saturday: 9:00 AM – 2:00 PM; Sunday: Closed,dental_clinic,Canterbury,Opawa,no_prices
Nigel Bratten - Papanui Dental Centre,"457 Papanui Road, Papanui, Christchurch 8053, New Zealand",03 352 6019,+64 3 352 6019,http://www.papanuidental.co.nz/,,,OPERATIONAL,https://maps.google.com/?cid=2842854189524964856&g_mp=Cidnb29nbGUubWFwcy5wbGFjZXMudjEuUGxhY2VzLlNlYXJjaFRleHQQAhgEIAA,Monday: 8:00 AM – 5:30 PM; Tuesday: 8:00 AM – 5:00 PM; Wednesday: 8:00 AM – 6:30 PM; Thursday: 8:00 AM – 5:00 PM; Friday: 8:00 AM – 5:00 PM; Saturday: Closed; Sunday: Closed,dental_clinic,Canterbury,Papanui,no_prices
Endo With Jay,"455 Papanui Road, Papanui, Christchurch 8053, New Zealand",03 928 1158,+64 3 928 1158,http://www.endowithjay.co.nz/,5,49,OPERATIONAL,https://maps.google.com/?cid=5239264457803403312&g_mp=Cidnb29nbGUubWFwcy5wbGFjZXMudjEuUGxhY2VzLlNlYXJjaFRleHQQAhgEIAA,Monday: 8:00 AM – 4:00 PM; Tuesday: 8:00 AM – 4:00 PM; Wednesday: 8:00 AM – 4:00 PM; Thursday: 8:00 AM – 4:00 PM; Friday: Closed; Saturday: Closed; Sunday: Closed,dental_clinic,Canterbury,Papanui,no_prices
Better Smiles Ltd,"455 Papanui Road, Papanui, Christchurch 8053, New Zealand",03 394 0818,+64 3 394 0818,http://www.bettersmiles.co.nz/,4.9,81,OPERATIONAL,https://maps.google.com/?cid=12672803956616740543&g_mp=Cidnb29nbGUubWFwcy5wbGFjZXMudjEuUGxhY2VzLlNlYXJjaFRleHQQAhgEIAA,,dental_clinic,Canterbury,Papanui,no_prices
Smile Design - Dental implants Christchurch,"455 Papanui Road, Papanui, Christchurch 8053, New Zealand",03 351 5013,+64 3 351 5013,https://www.smiledesign.co.nz/,5,39,OPERATIONAL,https://maps.google.com/?cid=15634539832858401703&g_mp=Cidnb29nbGUubWFwcy5wbGFjZXMudjEuUGxhY2VzLlNlYXJjaFRleHQQAhgEIAA,Monday: 9:00 AM – 5:00 PM; Tuesday: 9:00 AM – 5:00 PM; Wednesday: 9:00 AM – 5:00 PM; Thursday: 9:00 AM – 5:00 PM; Friday: Closed; Saturday: Closed; Sunday: Closed,dental_clinic,Canterbury,Papanui,no_prices
The Big Grin Orthodontists and Dental Clinic,"455 Papanui Road, Papanui, Christchurch 8053, New Zealand",03 358 5079,+64 3 358 5079,http://www.thebiggrin.co.nz/,4.4,17,OPERATIONAL,https://maps.google.com/?cid=10864900569375078678&g_mp=Cidnb29nbGUubWFwcy5wbGFjZXMudjEuUGxhY2VzLlNlYXJjaFRleHQQAhgEIAA,Monday: 8:00 AM – 5:00 PM; Tuesday: 8:00 AM – 5:00 PM; Wednesday: 8:00 AM – 5:00 PM; Thursday: 8:00 AM – 5:00 PM; Friday: 8:00 AM – 5:00 PM; Saturday: Closed; Sunday: Closed,dental_clinic,Canterbury,Papanui,no_prices
Southern OMS,"455 Papanui Road, Papanui, Christchurch 8053, New Zealand",03 972 5417,+64 3 972 5417,http://soms.co.nz/,5,164,OPERATIONAL,https://maps.google.com/?cid=556104349879770851&g_mp=Cidnb29nbGUubWFwcy5wbGFjZXMudjEuUGxhY2VzLlNlYXJjaFRleHQQAhgEIAA,Monday: 8:00 AM – 5:00 PM; Tuesday: 8:00 AM – 5:00 PM; Wednesday: 8:00 AM – 5:00 PM; Thursday: 8:00 AM – 5:00 PM; Friday: 9:00 AM – 4:00 PM; Saturday: Closed; Sunday: Closed,dental_clinic,Canterbury,Papanui,no_prices
"Oral Medicine Ōtautahi,","455 Papanui Road, Papanui, Christchurch 8051, New Zealand",03 242 0725,+64 3 242 0725,https://www.soms.co.nz/,,,OPERATIONAL,https://maps.google.com/?cid=13045890654749427465&g_mp=Cidnb29nbGUubWFwcy5wbGFjZXMudjEuUGxhY2VzLlNlYXJjaFRleHQQAhgEIAA,Monday: Closed; Tuesday: Closed; Wednesday: 8:30 AM – 4:30 PM; Thursday: Closed; Friday: 8:30 AM – 4:30 PM; Saturday: Closed; Sunday: Closed,dental_clinic,Canterbury,Papanui,no_prices
Mitre 10 MEGA Papanui,"54 Harewood Road, Papanui, Christchurch 8053, New Zealand",03 359 5443,+64 3 359 5443,https://www.mitre10.co.nz/mega-papanui?utm_source=google&utm_medium=organic&utm_campaign=gbp-Mitre-10-MEGA-Papanui&utm_content=listing-48&store=48,4.6,3112,OPERATIONAL,https://maps.google.com/?cid=11599406802170606054&g_mp=Cidnb29nbGUubWFwcy5wbGFjZXMudjEuUGxhY2VzLlNlYXJjaFRleHQQAhgEIAA,Monday: 7:00 AM – 7:00 PM; Tuesday: 7:00 AM – 7:00 PM; Wednesday: 7:00 AM – 7:00 PM; Thursday: 7:00 AM – 7:00 PM; Friday: 7:00 AM – 7:00 PM; Saturday: 7:00 AM – 7:00 PM; Sunday: 7:00 AM – 7:00 PM,dental_clinic,Canterbury,Papanui,no_prices
Sparkling White Smile Papanui,"55 Main North Road, Papanui, Christchurch 8052, New Zealand",0406 049 726,+61 406 049 726,,,,OPERATIONAL,https://maps.google.com/?cid=11282057054278713462&g_mp=Cidnb29nbGUubWFwcy5wbGFjZXMudjEuUGxhY2VzLlNlYXJjaFRleHQQAhgEIAA,Monday: 9:00 AM – 7:30 PM; Tuesday: 9:00 AM – 7:30 PM; Wednesday: 9:00 AM – 7:30 PM; Thursday: 9:00 AM – 7:30 PM; Friday: 9:00 AM – 7:30 PM; Saturday: 9:00 AM – 7:30 PM; Sunday: 9:00 AM – 7:30 PM,dental_clinic,Canterbury,Papanui,no_prices
Unichem Parklands Pharmacy,"60 Queenspark Drive, Parklands, Christchurch 8083, New Zealand",03 383 1330,+64 3 383 1330,http://www.unichem.co.nz/pharmacy-location-services/unichem-parklands-pharmacy,4.3,35,OPERATIONAL,https://maps.google.com/?cid=17604048165518496152&g_mp=Cidnb29nbGUubWFwcy5wbGFjZXMudjEuUGxhY2VzLlNlYXJjaFRleHQQAhgEIAA,Monday: 8:30 AM – 5:30 PM; Tuesday: 8:30 AM – 5:30 PM; Wednesday: 8:30 AM – 5:30 PM; Thursday: 8:30 AM – 5:30 PM; Friday: 8:30 AM – 5:30 PM; Saturday: Closed; Sunday: Closed,dental_clinic,Canterbury,Parklands,no_prices
Ourvets Parklands Veterinary Clinic,"438 Mairehau Road, Parklands, Christchurch 8083, New Zealand",03 383 2233,+64 3 383 2233,https://ourvetsparklands.co.nz/?utm_source=google&utm_medium=organic&utm_campaign=gmb,4.5,187,OPERATIONAL,https://maps.google.com/?cid=14021820528586181578&g_mp=Cidnb29nbGUubWFwcy5wbGFjZXMudjEuUGxhY2VzLlNlYXJjaFRleHQQAhgEIAA,Monday: 8:00 AM – 5:00 PM; Tuesday: 8:00 AM – 5:00 PM; Wednesday: 8:00 AM – 5:00 PM; Thursday: 8:00 AM – 5:00 PM; Friday: 8:00 AM – 5:00 PM; Saturday: Closed; Sunday: Closed,dental_clinic,Canterbury,Parklands,no_prices
Unichem Parklands MEDICAL Pharmacy aka Unichem Burwood Health Pharmacy,"345 Mairehau Road, Parklands, Christchurch 8083, New Zealand",03 383 0440,+64 3 383 0440,https://www.greencrosshealth.co.nz/result/Unichem-Parklands-Medical-Pharmacy?i=447,3.7,6,OPERATIONAL,https://maps.google.com/?cid=4167432599256301217&g_mp=Cidnb29nbGUubWFwcy5wbGFjZXMudjEuUGxhY2VzLlNlYXJjaFRleHQQAhgEIAA,Monday: 9:00 AM – 5:30 PM; Tuesday: 9:00 AM – 5:30 PM; Wednesday: 9:00 AM – 5:30 PM; Thursday: 9:00 AM – 5:30 PM; Friday: 9:00 AM – 5:30 PM; Saturday: Closed; Sunday: Closed,dental_clinic,Canterbury,Parklands,no_prices
Rangiora Dental Centre,"25 Percival Street, Rangiora 7400, New Zealand",03 313 8569,+64 3 313 8569,http://www.rangioradental.co.nz/,3.8,19,OPERATIONAL,https://maps.google.com/?cid=14641921659114773514&g_mp=Cidnb29nbGUubWFwcy5wbGFjZXMudjEuUGxhY2VzLlNlYXJjaFRleHQQAhgEIAA,Monday: 8:15 AM – 5:00 PM; Tuesday: 8:15 AM – 5:00 PM; Wednesday: 8:15 AM – 5:00 PM; Thursday: 8:15 AM – 5:00 PM; Friday: 8:30 AM – 3:00 PM; Saturday: Closed; Sunday: Closed,dental_clinic,Canterbury,Rangiora,no_prices
Rangiora Dentist | Lumino The Dentists,"210 High Street, Rangiora 7400, New Zealand",03 313 3001,+64 3 313 3001,https://lumino.co.nz/dentists/rangiora-dentist/?utm_source=google_business_profile&utm_medium=organic,3.8,33,OPERATIONAL,https://maps.google.com/?cid=3428257993895768059&g_mp=Cidnb29nbGUubWFwcy5wbGFjZXMudjEuUGxhY2VzLlNlYXJjaFRleHQQAhgEIAA,Monday: 8:00 AM – 5:00 PM; Tuesday: 8:00 AM – 5:00 PM; Wednesday: 8:00 AM – 5:00 PM; Thursday: 8:00 AM – 5:00 PM; Friday: 8:00 AM – 4:00 PM; Saturday: Closed; Sunday: Closed,dental_clinic,Canterbury,Rangiora,no_prices
Fox Dental Care,"132 Kippenberger Avenue, Rangiora 7400, New Zealand",03 313 5145,+64 3 313 5145,http://www.foxdentalcare.co.nz/,4.7,49,OPERATIONAL,https://maps.google.com/?cid=8727778738155241450&g_mp=Cidnb29nbGUubWFwcy5wbGFjZXMudjEuUGxhY2VzLlNlYXJjaFRleHQQAhgEIAA,Monday: 8:30 AM – 5:00 PM; Tuesday: 8:30 AM – 5:00 PM; Wednesday: 8:30 AM – 5:00 PM; Thursday: 8:30 AM – 5:00 PM; Friday: 8:30 AM – 4:00 PM; Saturday: Closed; Sunday: Closed,dental_clinic,Canterbury,Rangiora,no_prices
Good Street Dental,"19 Good Street, Rangiora 7400, New Zealand",03 313 7404,+64 3 313 7404,http://www.goodstreetdental.co.nz/,4.7,31,OPERATIONAL,https://maps.google.com/?cid=11043126759423812693&g_mp=Cidnb29nbGUubWFwcy5wbGFjZXMudjEuUGxhY2VzLlNlYXJjaFRleHQQAhgEIAA,Monday: 8:30 AM – 5:00 PM; Tuesday: 8:30 AM – 5:00 PM; Wednesday: 8:30 AM – 5:00 PM; Thursday: 8:30 AM – 5:00 PM; Friday: 8:30 AM – 5:00 PM; Saturday: Closed; Sunday: Closed,dental_clinic,Canterbury,Rangiora,no_prices
Rangiora Denture Clinic,"7 Ashley Street, Waimakariri, Rangiora 7400, New Zealand",03 313 9192,+64 3 313 9192,http://www.rangioradentureclinic.com/,5,13,OPERATIONAL,https://maps.google.com/?cid=1264658477908512789&g_mp=Cidnb29nbGUubWFwcy5wbGFjZXMudjEuUGxhY2VzLlNlYXJjaFRleHQQAhgEIAA,Monday: 8:30 AM – 5:00 PM; Tuesday: 8:30 AM – 5:00 PM; Wednesday: 8:30 AM – 5:00 PM; Thursday: 8:30 AM – 5:00 PM; Friday: 8:30 AM – 5:00 PM; Saturday: Closed; Sunday: Closed,dental_clinic,Canterbury,Rangiora,no_prices
Sweet Tooth Dental,"52 Charles Street, Rangiora 7400, New Zealand",03 662 5025,+64 3 662 5025,https://sweettoothdental.co.nz/,4.7,30,OPERATIONAL,https://maps.google.com/?cid=4412136479722794951&g_mp=Cidnb29nbGUubWFwcy5wbGFjZXMudjEuUGxhY2VzLlNlYXJjaFRleHQQAhgEIAA,Monday: 8:00 AM – 6:00 PM; Tuesday: 8:00 AM – 6:00 PM; Wednesday: 8:00 AM – 6:00 PM; Thursday: 8:00 AM – 6:00 PM; Friday: 8:00 AM – 6:00 PM; Saturday: Closed; Sunday: Closed,dental_clinic,Canterbury,Rangiora,no_prices
Rangiora Community Dental Clinic,"156/140 Ashley Street, Rangiora 7400, New Zealand",,,,,,OPERATIONAL,https://maps.google.com/?cid=12837696648114081863&g_mp=Cidnb29nbGUubWFwcy5wbGFjZXMudjEuUGxhY2VzLlNlYXJjaFRleHQQAhgEIAA,,dental_clinic,Canterbury,Rangiora,no_prices
Rangiora Vet Centre,"Cnr Lehmans & Oxford Roads 181 Lehmans Road Rangiora, Christchurch 7471, New Zealand",03 313 7438,+64 3 313 7438,http://rangioravetcentre.co.nz/,4.7,806,OPERATIONAL,https://maps.google.com/?cid=16779763187638046237&g_mp=Cidnb29nbGUubWFwcy5wbGFjZXMudjEuUGxhY2VzLlNlYXJjaFRleHQQAhgEIAA,Monday: Open 24 hours; Tuesday: Open 24 hours; Wednesday: Open 24 hours; Thursday: Open 24 hours; Friday: Open 24 hours; Saturday: Open 24 hours; Sunday: Open 24 hours,dental_clinic,Canterbury,Rangiora,no_prices
Ryder Kevin R,"19 Good Street, Rangiora 7400, New Zealand",03 313 7404,+64 3 313 7404,,5,1,OPERATIONAL,https://maps.google.com/?cid=14856556001984739106&g_mp=Cidnb29nbGUubWFwcy5wbGFjZXMudjEuUGxhY2VzLlNlYXJjaFRleHQQAhgEIAA,,dental_clinic,Canterbury,Rangiora,no_prices
Redwood Clinic,"270 Main North Road, Redwood, Christchurch 8051, New Zealand",03 352 9332,+64 3 352 9332,,4.4,21,OPERATIONAL,https://maps.google.com/?cid=14843234304581964593&g_mp=Cidnb29nbGUubWFwcy5wbGFjZXMudjEuUGxhY2VzLlNlYXJjaFRleHQQAhgEIAA,Monday: 8:00 AM – 5:30 PM; Tuesday: 8:00 AM – 5:30 PM; Wednesday: 8:00 AM – 5:30 PM; Thursday: 8:00 AM – 5:30 PM; Friday: 8:00 AM – 5:00 PM; Saturday: Closed; Sunday: Closed,dental_clinic,Canterbury,Redwood,no_prices
Riccarton Dentists,"111 Matipo Street, Riccarton, Christchurch 8041, New Zealand",03 343 3747,+64 3 343 3747,https://www.riccartondentists.co.nz/,4.8,22,OPERATIONAL,https://maps.google.com/?cid=1181304440373798336&g_mp=Cidnb29nbGUubWFwcy5wbGFjZXMudjEuUGxhY2VzLlNlYXJjaFRleHQQAhgEIAA,Monday: 8:00 AM – 4:00 PM; Tuesday: 8:00 AM – 4:00 PM; Wednesday: 8:00 AM – 4:00 PM; Thursday: 8:00 AM – 4:00 PM; Friday: 8:00 AM – 4:00 PM; Saturday: Closed; Sunday: Closed,dental_clinic,Canterbury,Riccarton,no_prices
Denture World,"Pathway Dental Building 110 Riccarton Road, Riccarton, Christchurch 8041, New Zealand",03 366 8866,+64 3 366 8866,https://www.dentureworld.co.nz/,5,1,OPERATIONAL,https://maps.google.com/?cid=12699498461018686078&g_mp=Cidnb29nbGUubWFwcy5wbGFjZXMudjEuUGxhY2VzLlNlYXJjaFRleHQQAhgEIAA,Monday: 9:00 AM – 7:00 PM; Tuesday: 9:00 AM – 7:00 PM; Wednesday: 9:00 AM – 7:00 PM; Thursday: 9:00 AM – 7:00 PM; Friday: 9:00 AM – 5:00 PM; Saturday: 9:00 AM – 5:00 PM; Sunday: 9:00 AM – 7:00 PM,dental_clinic,Canterbury,Riccarton,no_prices
Teeth Tech,"Suite 2, Level One, 91 Riccarton Road, Riccarton, Christchurch 8011, New Zealand",03 366 8866,+64 3 366 8866,,5,1,OPERATIONAL,https://maps.google.com/?cid=13565904648718552422&g_mp=Cidnb29nbGUubWFwcy5wbGFjZXMudjEuUGxhY2VzLlNlYXJjaFRleHQQAhgEIAA,Monday: 9:00 AM – 5:00 PM; Tuesday: 9:00 AM – 5:00 PM; Wednesday: 9:00 AM – 5:00 PM; Thursday: 9:00 AM – 5:00 PM; Friday: 9:00 AM – 5:00 PM; Saturday: Closed; Sunday: Closed,dental_clinic,Canterbury,Riccarton,no_prices
Christchurch Periohygiene,"Level 1/91 Riccarton Road, Riccarton, Christchurch 8011, New Zealand",03 928 1878,+64 3 928 1878,http://www.periohygiene.com/?utm_source=google&utm_medium=organic&utm_campaign=gbp-listing,4.9,49,OPERATIONAL,https://maps.google.com/?cid=16787831991619698990&g_mp=Cidnb29nbGUubWFwcy5wbGFjZXMudjEuUGxhY2VzLlNlYXJjaFRleHQQAhgEIAA,Monday: 9:00 AM – 5:00 PM; Tuesday: 9:00 AM – 5:00 PM; Wednesday: 9:00 AM – 5:00 PM; Thursday: 9:00 AM – 5:00 PM; Friday: 9:00 AM – 5:00 PM; Saturday: Closed; Sunday: Closed,dental_clinic,Canterbury,Riccarton,no_prices
Boutique Dental Implants Christchurch,"1/105 Wainui Street, Riccarton, Christchurch 8041, New Zealand",03 668 7238,+64 3 668 7238,https://dentalimplantschristchurch.co.nz/,5,8,OPERATIONAL,https://maps.google.com/?cid=6515944931871890046&g_mp=Cidnb29nbGUubWFwcy5wbGFjZXMudjEuUGxhY2VzLlNlYXJjaFRleHQQAhgEIAA,Monday: 9:00 AM – 5:00 PM; Tuesday: 9:00 AM – 5:00 PM; Wednesday: 9:00 AM – 5:00 PM; Thursday: 9:00 AM – 5:00 PM; Friday: 9:00 AM – 5:00 PM; Saturday: 9:00 AM – 5:00 PM; Sunday: Closed,dental_clinic,Canterbury,Riccarton,no_prices
Dental Clinics,"91 Riccarton Road, Riccarton, Christchurch 8011, New Zealand",,,,,,OPERATIONAL,https://maps.google.com/?cid=2238690137579999553&g_mp=Cidnb29nbGUubWFwcy5wbGFjZXMudjEuUGxhY2VzLlNlYXJjaFRleHQQAhgEIAA,,dental_clinic,Canterbury,Riccarton,no_prices
Duchenne Dentures Hoon Hay,"10 Lincoln Road, Hoon Hay, Christchurch 8024, New Zealand",03 338 8210,+64 3 338 8210,http://duchenne.co.nz/,5,2,OPERATIONAL,https://maps.google.com/?cid=8346853130345572496&g_mp=Cidnb29nbGUubWFwcy5wbGFjZXMudjEuUGxhY2VzLlNlYXJjaFRleHQQAhgEIAA,Monday: 8:00 AM – 5:00 PM; Tuesday: 8:00 AM – 5:00 PM; Wednesday: 8:00 AM – 5:00 PM; Thursday: 8:00 AM – 5:00 PM; Friday: 8:00 AM – 5:00 PM; Saturday: Closed; Sunday: Closed,dental_clinic,Canterbury,Spreydon,no_prices
Denture South Barrington,"230 Barrington Street, Somerfield, Christchurch 8024, New Zealand",03 332 4004,+64 3 332 4004,http://www.denturesouth.nz/,4.7,26,OPERATIONAL,https://maps.google.com/?cid=4798882527004981187&g_mp=Cidnb29nbGUubWFwcy5wbGFjZXMudjEuUGxhY2VzLlNlYXJjaFRleHQQAhgEIAA,Monday: 8:30 AM – 5:00 PM; Tuesday: 8:30 AM – 5:00 PM; Wednesday: 8:30 AM – 5:00 PM; Thursday: 8:30 AM – 5:00 PM; Friday: Closed; Saturday: Closed; Sunday: Closed,dental_clinic,Canterbury,Spreydon,no_prices
Blossom Dental,"14 Lincoln Road, Hillmorton, Christchurch 8024, New Zealand",03 421 7211,+64 3 421 7211,,3.8,12,OPERATIONAL,https://maps.google.com/?cid=2707693579639534483&g_mp=Cidnb29nbGUubWFwcy5wbGFjZXMudjEuUGxhY2VzLlNlYXJjaFRleHQQAhgEIAA,Monday: 9:00 AM – 5:30 PM; Tuesday: 9:00 AM – 5:30 PM; Wednesday: 9:00 AM – 2:00 PM; Thursday: 9:00 AM – 6:00 PM; Friday: 9:00 AM – 6:00 PM; Saturday: Closed; Sunday: Closed,dental_clinic,Canterbury,Spreydon,no_prices
Sweet Tooth Dental,"248B Cranford Street, St Albans, Christchurch 8052, New Zealand",03 662 5025,+64 3 662 5025,http://www.sweettoothdental.nz/,5,1,OPERATIONAL,https://maps.google.com/?cid=15687633034884909721&g_mp=Cidnb29nbGUubWFwcy5wbGFjZXMudjEuUGxhY2VzLlNlYXJjaFRleHQQAhgEIAA,Monday: 8:00 AM – 6:00 PM; Tuesday: 8:00 AM – 6:00 PM; Wednesday: 8:00 AM – 6:00 PM; Thursday: 8:00 AM – 6:00 PM; Friday: 8:00 AM – 6:00 PM; Saturday: 8:00 AM – 5:00 PM; Sunday: Closed,dental_clinic,Canterbury,St Albans,no_prices
Sumner School Dental Clinic,"Wiggins Street, Clifton, Christchurch 8081, New Zealand",03 326 6046,+64 3 326 6046,,,,OPERATIONAL,https://maps.google.com/?cid=6324250240572220179&g_mp=Cidnb29nbGUubWFwcy5wbGFjZXMudjEuUGxhY2VzLlNlYXJjaFRleHQQAhgEIAA,,dental_clinic,Canterbury,Sumner,no_prices
Sydenham Dental Difference,"58 Wordsworth Street, Waltham, Christchurch 8023, New Zealand",03 982 2371,+64 3 982 2371,http://www.sydenhamdentalcentre.co.nz/,,,OPERATIONAL,https://maps.google.com/?cid=16838091933146437318&g_mp=Cidnb29nbGUubWFwcy5wbGFjZXMudjEuUGxhY2VzLlNlYXJjaFRleHQQAhgEIAA,Monday: 8:30 AM – 5:00 PM; Tuesday: 8:30 AM – 5:00 PM; Wednesday: 8:30 AM – 5:00 PM; Thursday: 8:30 AM – 5:00 PM; Friday: 8:30 AM – 5:00 PM; Saturday: Closed; Sunday: Closed,dental_clinic,Canterbury,Sydenham,no_prices
Aranui Community Dental Clinic,"240 Breezes Road, Wainoni, Christchurch 8061, New Zealand",0800 846 983,+64 800 846 983,https://www.cdhb.health.nz/health-services/community-dental-service/,3.7,3,OPERATIONAL,https://maps.google.com/?cid=11247949155076634598&g_mp=Cidnb29nbGUubWFwcy5wbGFjZXMudjEuUGxhY2VzLlNlYXJjaFRleHQQAhgEIAA,Monday: 8:30 AM – 3:45 PM; Tuesday: 8:30 AM – 3:45 PM; Wednesday: 8:30 AM – 3:45 PM; Thursday: 8:30 AM – 3:45 PM; Friday: 8:30 AM – 3:30 PM; Saturday: Closed; Sunday: Closed,dental_clinic,Canterbury,Wainoni,no_prices
Nick Wong Dentist,"81 Waltham Road, Sydenham, Christchurch 8023, New Zealand",03 379 5146,+64 3 379 5146,http://www.walthamdental.co.nz/,5,1,OPERATIONAL,https://maps.google.com/?cid=14995125547264359689&g_mp=Cidnb29nbGUubWFwcy5wbGFjZXMudjEuUGxhY2VzLlNlYXJjaFRleHQQAhgEIAA,Monday: 9:00 AM – 5:00 PM; Tuesday: 9:00 AM – 5:00 PM; Wednesday: 9:00 AM – 5:00 PM; Thursday: 9:00 AM – 5:00 PM; Friday: 9:00 AM – 3:30 PM; Saturday: Closed; Sunday: Closed,dental_clinic,Canterbury,Waltham,no_prices
Tend Waltham Medical Centre,"83 Waltham Road, Waltham, Christchurch 8023, New Zealand",03 366 1536,+64 3 366 1536,https://www.tend.nz/locations/tend-waltham?utm_source=google&utm_medium=organic&utm_campaign=gbp,3.2,73,OPERATIONAL,https://maps.google.com/?cid=4322523804735371026&g_mp=Cidnb29nbGUubWFwcy5wbGFjZXMudjEuUGxhY2VzLlNlYXJjaFRleHQQAhgEIAA,Monday: 8:30 AM – 5:30 PM; Tuesday: 8:30 AM – 5:30 PM; Wednesday: 8:30 AM – 5:30 PM; Thursday: 8:30 AM – 5:30 PM; Friday: 8:30 AM – 5:30 PM; Saturday: Closed; Sunday: Closed,dental_clinic,Canterbury,Waltham,no_prices
Ms J M Sheehan,"81 Waltham Road, Waltham, Christchurch 8023, New Zealand",03 379 5146,+64 3 379 5146,,5,1,OPERATIONAL,https://maps.google.com/?cid=14232782132148660690&g_mp=Cidnb29nbGUubWFwcy5wbGFjZXMudjEuUGxhY2VzLlNlYXJjaFRleHQQAhgEIAA,,dental_clinic,Canterbury,Waltham,no_prices
1 Health,"1 Henry Wigram Drive, Wigram, Christchurch 8042, New Zealand",03 662 9309,+64 3 662 9309,http://www.1health.nz/,4.9,201,OPERATIONAL,https://maps.google.com/?cid=11140401468499331572&g_mp=Cidnb29nbGUubWFwcy5wbGFjZXMudjEuUGxhY2VzLlNlYXJjaFRleHQQAhgEIAA,Monday: 8:30 AM – 6:00 PM; Tuesday: 8:30 AM – 6:00 PM; Wednesday: 8:30 AM – 6:00 PM; Thursday: 8:30 AM – 6:00 PM; Friday: 8:30 AM – 6:00 PM; Saturday: 9:00 AM – 2:00 PM; Sunday: 9:00 AM – 12:00 PM,dental_clinic,Canterbury,Wigram,no_prices
WeCare Wigram,"67 Skyhawk Road, Wigram, Christchurch 8042, New Zealand",03 349 8613,+64 3 349 8613,https://www.wecarehealth.co.nz/,4.1,610,OPERATIONAL,https://maps.google.com/?cid=14981502274938945894&g_mp=Cidnb29nbGUubWFwcy5wbGFjZXMudjEuUGxhY2VzLlNlYXJjaFRleHQQAhgEIAA,Monday: 8:00 AM – 6:00 PM; Tuesday: 8:00 AM – 6:00 PM; Wednesday: 8:00 AM – 6:00 PM; Thursday: 8:00 AM – 6:00 PM; Friday: 8:00 AM – 6:00 PM; Saturday: 9:00 AM – 3:00 PM; Sunday: 9:00 AM – 3:00 PM,dental_clinic,Canterbury,Wigram,no_prices
Wigram Vet,"155 Corsair Drive, Wigram, Christchurch 8042, New Zealand",03 929 0987,+64 3 929 0987,http://www.wigramvet.co.nz/,4.8,221,OPERATIONAL,https://maps.google.com/?cid=8503305971392584710&g_mp=Cidnb29nbGUubWFwcy5wbGFjZXMudjEuUGxhY2VzLlNlYXJjaFRleHQQAhgEIAA,Monday: 8:00 AM – 7:00 PM; Tuesday: 8:00 AM – 7:00 PM; Wednesday: 8:00 AM – 7:00 PM; Thursday: 8:00 AM – 7:00 PM; Friday: 8:00 AM – 7:00 PM; Saturday: 9:00 AM – 4:00 PM; Sunday: Closed,dental_clinic,Canterbury,Wigram,no_prices
The Landing,"The Runway, Wigram, Christchurch 8025, New Zealand",,,http://thelandingwigram.co.nz/,4.4,835,OPERATIONAL,https://maps.google.com/?cid=3235973698993819818&g_mp=Cidnb29nbGUubWFwcy5wbGFjZXMudjEuUGxhY2VzLlNlYXJjaFRleHQQAhgEIAA,Monday: 9:00 AM – 5:00 PM; Tuesday: 10:00 AM – 6:00 PM; Wednesday: 10:00 AM – 6:00 PM; Thursday: 10:00 AM – 6:00 PM; Friday: 10:00 AM – 5:00 PM; Saturday: 10:00 AM – 5:00 PM; Sunday: 8:00 AM – 6:00 PM,dental_clinic,Canterbury,Wigram,no_prices
Unichem Wigram Pharmacy,"102 The Runway, Wigram, Christchurch 8042, New Zealand",03 595 0375,+64 3 595 0375,http://www.unichem.co.nz/storelocator/store?id=2594855693&sid=Kirwee,3.6,48,OPERATIONAL,https://maps.google.com/?cid=17810172110235125688&g_mp=Cidnb29nbGUubWFwcy5wbGFjZXMudjEuUGxhY2VzLlNlYXJjaFRleHQQAhgEIAA,Monday: 9:00 AM – 6:00 PM; Tuesday: 9:00 AM – 6:00 PM; Wednesday: 9:00 AM – 6:00 PM; Thursday: 9:00 AM – 6:00 PM; Friday: 9:00 AM – 6:00 PM; Saturday: 9:00 AM – 5:00 PM; Sunday: Closed,dental_clinic,Canterbury,Wigram,no_prices
New World Wigram,"51 Skyhawk Road, Wigram, Christchurch 8025, New Zealand",03 322 5730,+64 3 322 5730,http://www.newworld.co.nz/south-island/canterbury/wigram/,4.3,1512,OPERATIONAL,https://maps.google.com/?cid=5414614228821502040&g_mp=Cidnb29nbGUubWFwcy5wbGFjZXMudjEuUGxhY2VzLlNlYXJjaFRleHQQAhgEIAA,Monday: 7:30 AM – 10:00 PM; Tuesday: 7:30 AM – 10:00 PM; Wednesday: 7:30 AM – 10:00 PM; Thursday: 7:30 AM – 10:00 PM; Friday: 7:30 AM – 10:00 PM; Saturday: 7:30 AM – 10:00 PM; Sunday: 7:30 AM – 10:00 PM,dental_clinic,Canterbury,Wigram,no_prices
Gold smile Dentures & Repairs,"34 Yaldhurst Road, Sockburn, Christchurch 8042, New Zealand",020 4090 1522,+64 20 4090 1522,https://janiceling6888.wixsite.com/goldsmiledenturesrep,4.8,16,OPERATIONAL,https://maps.google.com/?cid=2702139957617650873&g_mp=Cidnb29nbGUubWFwcy5wbGFjZXMudjEuUGxhY2VzLlNlYXJjaFRleHQQAhgEIAA,Monday: 8:30 AM – 4:30 PM; Tuesday: 8:30 AM – 4:00 PM; Wednesday: 8:30 AM – 4:00 PM; Thursday: 8:30 AM – 4:00 PM; Friday: 9:00 AM – 4:00 PM; Saturday: 9:30 AM – 4:00 PM; Sunday: Closed,dental_clinic,Canterbury,Wigram,no_prices
WeCare Now,"23/20 Waimairi Road, Upper Riccarton, Christchurch 8041, New Zealand",,,https://www.wecarehealth.co.nz/wecarenow/,4.7,76,OPERATIONAL,https://maps.google.com/?cid=4850874360045576776&g_mp=Cidnb29nbGUubWFwcy5wbGFjZXMudjEuUGxhY2VzLlNlYXJjaFRleHQQAhgEIAA,Monday: 9:00 AM – 5:00 PM; Tuesday: 9:00 AM – 5:00 PM; Wednesday: 9:00 AM – 5:00 PM; Thursday: 9:00 AM – 5:00 PM; Friday: 9:00 AM – 5:00 PM; Saturday: Closed; Sunday: Closed,dental_clinic,Canterbury,Wigram,no_prices
WeCare Ilam,"215 Waimairi Road, Ilam, Christchurch 8041, New Zealand",03 349 8613,+64 3 349 8613,http://www.wecarehealth.co.nz/,4.5,145,OPERATIONAL,https://maps.google.com/?cid=13817064249128609439&g_mp=Cidnb29nbGUubWFwcy5wbGFjZXMudjEuUGxhY2VzLlNlYXJjaFRleHQQAhgEIAA,Monday: 9:00 AM – 5:00 PM; Tuesday: 9:00 AM – 5:00 PM; Wednesday: 9:00 AM – 5:00 PM; Thursday: 9:00 AM – 5:00 PM; Friday: 9:00 AM – 5:00 PM; Saturday: Closed; Sunday: Closed,dental_clinic,Canterbury,Wigram,no_prices
Pharmacy Now,"11a/1 Stark Drive, Wigram, Christchurch 8042, New Zealand",03 365 1564,+64 3 365 1564,http://www.pharmacynow.co.nz/,5,15,OPERATIONAL,https://maps.google.com/?cid=15888492182705771842&g_mp=Cidnb29nbGUubWFwcy5wbGFjZXMudjEuUGxhY2VzLlNlYXJjaFRleHQQAhgEIAA,Monday: 8:30 AM – 5:00 PM; Tuesday: 8:30 AM – 5:00 PM; Wednesday: 8:30 AM – 5:00 PM; Thursday: 8:30 AM – 5:00 PM; Friday: 8:30 AM – 5:00 PM; Saturday: Closed; Sunday: Closed,dental_clinic,Canterbury,Wigram,no_prices
WeCare Lincoln,"6/3 Vernon Drive, Halswell, Lincoln 7608, New Zealand",03 349 8613,+64 3 349 8613,http://www.wecarehealth.co.nz/,4.7,311,OPERATIONAL,https://maps.google.com/?cid=5436499821913303917&g_mp=Cidnb29nbGUubWFwcy5wbGFjZXMudjEuUGxhY2VzLlNlYXJjaFRleHQQAhgEIAA,Monday: 9:00 AM – 5:00 PM; Tuesday: 9:00 AM – 5:00 PM; Wednesday: 9:00 AM – 5:00 PM; Thursday: 9:00 AM – 5:00 PM; Friday: 9:00 AM – 5:00 PM; Saturday: Closed; Sunday: Closed,dental_clinic,Canterbury,Wigram,no_prices
Riccarton Clinic and After Hours Medical Centre,"4 Yaldhurst Road, Upper Riccarton, Christchurch 8041, New Zealand",03 343 3661,+64 3 343 3661,http://www.riccartonclinic.co.nz/,2.7,479,OPERATIONAL,https://maps.google.com/?cid=10017788891131717807&g_mp=Cidnb29nbGUubWFwcy5wbGFjZXMudjEuUGxhY2VzLlNlYXJjaFRleHQQAhgEIAA,Monday: 8:00 AM – 8:00 PM; Tuesday: 8:00 AM – 8:00 PM; Wednesday: 8:00 AM – 8:00 PM; Thursday: 8:00 AM – 8:00 PM; Friday: 8:00 AM – 8:00 PM; Saturday: 8:00 AM – 8:00 PM; Sunday: 8:00 AM – 8:00 PM,dental_clinic,Canterbury,Wigram,no_prices
Woolston Community Dental Clinic,"11 Hopkins Street, Woolston, Christchurch 8023, New Zealand",0800 846 983,+64 800 846 983,http://www.cdhb.health.nz/Hospitals-Services/Community-Rural-Health-Services/Community-Dental/Dental%20Clinic%20Locations/Pages/default.aspx,3.6,7,OPERATIONAL,https://maps.google.com/?cid=7027333030946645648&g_mp=Cidnb29nbGUubWFwcy5wbGFjZXMudjEuUGxhY2VzLlNlYXJjaFRleHQQAhgEIAA,,dental_clinic,Canterbury,Woolston,no_prices
Smile Glow Christchurch,"The Tannery 25/4 Garlands Road, Woolston, Christchurch 8023, New Zealand",027 355 8864,+64 27 355 8864,http://www.smileglownz.com/,4.9,46,OPERATIONAL,https://maps.google.com/?cid=15724138240238720899&g_mp=Cidnb29nbGUubWFwcy5wbGFjZXMudjEuUGxhY2VzLlNlYXJjaFRleHQQAhgEIAA,,dental_clinic,Canterbury,Woolston,no_prices
Ferry Road Medical Centre,"276 Ferry Road, Waltham, Christchurch 8011, New Zealand",03 381 0551,+64 3 381 0551,http://www.ferryroadmc.co.nz/,3.6,34,OPERATIONAL,https://maps.google.com/?cid=14403444577031364006&g_mp=Cidnb29nbGUubWFwcy5wbGFjZXMudjEuUGxhY2VzLlNlYXJjaFRleHQQAhgEIAA,Monday: 8:30 AM – 5:15 PM; Tuesday: 8:30 AM – 5:15 PM; Wednesday: 8:30 AM – 5:15 PM; Thursday: 8:30 AM – 5:15 PM; Friday: 8:30 AM – 5:15 PM; Saturday: Closed; Sunday: Closed,dental_clinic,Canterbury,Woolston,no_prices
Mitre 10 MEGA Ferrymead,"1005 Ferry Road, Ferrymead, Christchurch 8023, New Zealand",03 366 6306,+64 3 366 6306,https://www.mitre10.co.nz/mega-ferrymead?utm_source=google&utm_medium=organic&utm_campaign=gbp-Mitre-10-MEGA-Ferrymead&utm_content=listing-29&store=29,4.5,1802,OPERATIONAL,https://maps.google.com/?cid=5691396814091082486&g_mp=Cidnb29nbGUubWFwcy5wbGFjZXMudjEuUGxhY2VzLlNlYXJjaFRleHQQAhgEIAA,Monday: 7:00 AM – 7:00 PM; Tuesday: 7:00 AM – 7:00 PM; Wednesday: 7:00 AM – 7:00 PM; Thursday: 7:00 AM – 7:00 PM; Friday: 7:00 AM – 7:00 PM; Saturday: 7:00 AM – 7:00 PM; Sunday: 7:00 AM – 7:00 PM,dental_clinic,Canterbury,Woolston,no_prices
Dental Care Kaiapoi,"42 Charles Street, Kaiapoi 7630, New Zealand",03 327 9477,+64 3 327 9477,https://www.dentalcarekaiapoi.co.nz/,4.9,28,OPERATIONAL,https://maps.google.com/?cid=7075200414403338376&g_mp=Cidnb29nbGUubWFwcy5wbGFjZXMudjEuUGxhY2VzLlNlYXJjaFRleHQQAhgEIAA,Monday: 9:00 AM – 5:00 PM; Tuesday: 9:00 AM – 5:00 PM; Wednesday: 9:00 AM – 5:00 PM; Thursday: 9:00 AM – 5:00 PM; Friday: 9:00 AM – 4:30 PM; Saturday: Closed; Sunday: Closed,dental_clinic,Canterbury,Kaiapoi,no_prices
North Canterbury Dental Care,"164 Williams Street, Kaiapoi 7630, New Zealand",03 327 8943,+64 3 327 8943,http://www.northcanterburydental.co.nz/,4.6,20,OPERATIONAL,https://maps.google.com/?cid=15522086631455504988&g_mp=Cidnb29nbGUubWFwcy5wbGFjZXMudjEuUGxhY2VzLlNlYXJjaFRleHQQAhgEIAA,Monday: 8:30 AM – 5:00 PM; Tuesday: 8:30 AM – 5:00 PM; Wednesday: 8:30 AM – 5:00 PM; Thursday: 8:30 AM – 5:00 PM; Friday: 8:30 AM – 5:00 PM; Saturday: Closed; Sunday: Closed,dental_clinic,Canterbury,Kaiapoi,no_prices
Kaiapoi Community Dental Clinic,"65 Raven Quay, Kaiapoi 7630, New Zealand",,,,5,2,OPERATIONAL,https://maps.google.com/?cid=1428666472559706690&g_mp=Cidnb29nbGUubWFwcy5wbGFjZXMudjEuUGxhY2VzLlNlYXJjaFRleHQQAhgEIAA,,dental_clinic,Canterbury,Kaiapoi,no_prices
PAG Silverstream Dental,"4/42 Silverstream Boulevard, Silverstream, Kaiapoi 7690, New Zealand",03 925 8003,+64 3 925 8003,http://www.pagdental.com/,4.7,19,OPERATIONAL,https://maps.google.com/?cid=9288528982407556988&g_mp=Cidnb29nbGUubWFwcy5wbGFjZXMudjEuUGxhY2VzLlNlYXJjaFRleHQQAhgEIAA,Monday: 8:30 AM – 5:30 PM; Tuesday: 8:30 AM – 5:30 PM; Wednesday: 8:30 AM – 5:30 PM; Thursday: 8:30 AM – 5:30 PM; Friday: 8:30 AM – 5:30 PM; Saturday: Closed; Sunday: Closed,dental_clinic,Canterbury,Kaiapoi,no_prices
Mr P a M Van Kuijk,"129 Williams Street, Kaiapoi 7630, New Zealand",03 327 7199,+64 3 327 7199,,3.9,16,OPERATIONAL,https://maps.google.com/?cid=9215226917174194815&g_mp=Cidnb29nbGUubWFwcy5wbGFjZXMudjEuUGxhY2VzLlNlYXJjaFRleHQQAhgEIAA,Monday: 8:30 AM – 5:00 PM; Tuesday: 8:30 AM – 6:00 PM; Wednesday: 8:30 AM – 5:00 PM; Thursday: 8:30 AM – 5:00 PM; Friday: 8:30 AM – 5:00 PM; Saturday: Closed; Sunday: Closed,dental_clinic,Canterbury,Kaiapoi,no_prices
Amberley Medical Centre,"6 Hilton Drive, Amberley 7410, New Zealand",03 314 8504,+64 3 314 8504,https://www.amberleymc.co.nz/,3.3,43,OPERATIONAL,https://maps.google.com/?cid=1881826557108029875&g_mp=Cidnb29nbGUubWFwcy5wbGFjZXMudjEuUGxhY2VzLlNlYXJjaFRleHQQAhgEIAA,Monday: 8:00 AM – 6:00 PM; Tuesday: 8:00 AM – 6:00 PM; Wednesday: 8:00 AM – 6:00 PM; Thursday: 8:00 AM – 6:00 PM; Friday: 8:00 AM – 6:00 PM; Saturday: 9:30 AM – 12:30 PM; Sunday: Closed,dental_clinic,Canterbury,Amberley,no_prices
North Canterbury Veterinary Clinics,"1 Osborne Road, Amberley 7410, New Zealand",03 314 8612,+64 3 314 8612,https://www.ncvets.co.nz/,4.6,129,OPERATIONAL,https://maps.google.com/?cid=8313233199304817578&g_mp=Cidnb29nbGUubWFwcy5wbGFjZXMudjEuUGxhY2VzLlNlYXJjaFRleHQQAhgEIAA,Monday: 8:30 AM – 5:30 PM; Tuesday: 8:30 AM – 7:00 PM; Wednesday: 8:30 AM – 5:30 PM; Thursday: 8:30 AM – 7:00 PM; Friday: 8:30 AM – 5:30 PM; Saturday: 8:30 AM – 4:00 PM; Sunday: 10:00 AM – 4:00 PM,dental_clinic,Canterbury,Amberley,no_prices
Amberley Pharmacy,"127 Carters Road, Amberley 7410, New Zealand",03 314 8211,+64 3 314 8211,https://www.amberleypharmacy.co.nz/,3.7,35,OPERATIONAL,https://maps.google.com/?cid=13156184239714125522&g_mp=Cidnb29nbGUubWFwcy5wbGFjZXMudjEuUGxhY2VzLlNlYXJjaFRleHQQAhgEIAA,Monday: 8:45 AM – 5:30 PM; Tuesday: 8:45 AM – 5:30 PM; Wednesday: 8:45 AM – 5:30 PM; Thursday: 8:45 AM – 5:30 PM; Friday: 8:45 AM – 5:30 PM; Saturday: 10:00 AM – 1:00 PM; Sunday: Closed,dental_clinic,Canterbury,Amberley,no_prices
Woolworths Amberley,"Brackenfields Retail Centre, 129 Carters Road, Amberley 7410, New Zealand",03 314 0000,+64 3 314 0000,https://www.woolworths.co.nz/store-finder/9518/amberley/amberley-woolworths?utm_source=google&utm_medium=organic&utm_campaign=gmb&utm_term=woolworths-amberley,4.1,950,OPERATIONAL,https://maps.google.com/?cid=17524850029388868941&g_mp=Cidnb29nbGUubWFwcy5wbGFjZXMudjEuUGxhY2VzLlNlYXJjaFRleHQQAhgEIAA,Monday: 7:00 AM – 9:00 PM; Tuesday: 7:00 AM – 9:00 PM; Wednesday: 7:00 AM – 9:00 PM; Thursday: 7:00 AM – 9:00 PM; Friday: 7:00 AM – 9:00 PM; Saturday: 7:00 AM – 9:00 PM; Sunday: 7:00 AM – 9:00 PM,dental_clinic,Canterbury,Amberley,no_prices
Four Peaks Dental,"190 Talbot Street, Geraldine 7930, New Zealand",03 281 3537,+64 3 281 3537,http://fourpeaksdental.co.nz/,5,124,OPERATIONAL,https://maps.google.com/?cid=3856114513203415462&g_mp=Cidnb29nbGUubWFwcy5wbGFjZXMudjEuUGxhY2VzLlNlYXJjaFRleHQQAhgEIAA,Monday: 8:30 AM – 5:30 PM; Tuesday: 8:30 AM – 5:30 PM; Wednesday: 8:30 AM – 5:30 PM; Thursday: 8:30 AM – 5:30 PM; Friday: 8:30 AM – 5:30 PM; Saturday: Closed; Sunday: Closed,dental_clinic,Canterbury,Amberley,no_prices
Oxford Dental,"634 Bay Road, Oxford 7430, New Zealand",021 273 6963,+64 21 273 6963,https://oxforddental.co.nz/,5,5,OPERATIONAL,https://maps.google.com/?cid=5878298750586604570&g_mp=Cidnb29nbGUubWFwcy5wbGFjZXMudjEuUGxhY2VzLlNlYXJjaFRleHQQAhgEIAA,Monday: Closed; Tuesday: 10:00 AM – 4:00 PM; Wednesday: 9:00 AM – 4:00 PM; Thursday: 9:00 AM – 4:00 PM; Friday: Closed; Saturday: Closed; Sunday: Closed,dental_clinic,Canterbury,Oxford,no_prices
Cheviot Community Health Centre,"6 Robinson Street, Cheviot 7310, New Zealand",03 319 8630,+64 3 319 8630,https://www.healthpoint.co.nz/gps-accident-urgent-medical-care/gp/cheviot-community-health-centre/,5,3,OPERATIONAL,https://maps.google.com/?cid=10087448607624162001&g_mp=Cidnb29nbGUubWFwcy5wbGFjZXMudjEuUGxhY2VzLlNlYXJjaFRleHQQAhgEIAA,Monday: 8:30 AM – 5:00 PM; Tuesday: 8:30 AM – 5:00 PM; Wednesday: 8:30 AM – 5:00 PM; Thursday: 8:30 AM – 5:00 PM; Friday: 8:30 AM – 4:30 PM; Saturday: Closed; Sunday: Closed,dental_clinic,Canterbury,Cheviot,no_prices
North Canterbury Veterinary Clinics,"14 Hall Street, Cheviot 7310, New Zealand",03 319 8677,+64 3 319 8677,https://www.ncvets.co.nz/,4.8,19,OPERATIONAL,https://maps.google.com/?cid=6329956284620980298&g_mp=Cidnb29nbGUubWFwcy5wbGFjZXMudjEuUGxhY2VzLlNlYXJjaFRleHQQAhgEIAA,Monday: 8:00 AM – 5:00 PM; Tuesday: 8:00 AM – 5:00 PM; Wednesday: 8:00 AM – 5:00 PM; Thursday: 8:00 AM – 5:00 PM; Friday: 8:00 AM – 5:00 PM; Saturday: Closed; Sunday: Closed,dental_clinic,Canterbury,Cheviot,no_prices
Kaikoura Dental Centre,"6 West End, Kaikōura 7300, New Zealand",03 319 5629,+64 3 319 5629,http://www.dentist.co.nz/dentist-detail/kaikoura/kaikoura-dental-centre/A11007216,4.7,7,OPERATIONAL,https://maps.google.com/?cid=7017873781239194411&g_mp=Cidnb29nbGUubWFwcy5wbGFjZXMudjEuUGxhY2VzLlNlYXJjaFRleHQQAhgEIAA,Monday: Closed; Tuesday: Closed; Wednesday: 9:00 AM – 5:00 PM; Thursday: 9:00 AM – 5:00 PM; Friday: 9:00 AM – 5:00 PM; Saturday: Closed; Sunday: Closed,dental_clinic,Canterbury,Kaikōura,no_prices
Rolleston Dental Centre,"36 Tennyson Street, Rolleston 7614, New Zealand",03 347 4440,+64 3 347 4440,http://www.rollestondentist.co.nz/,4.1,58,OPERATIONAL,https://maps.google.com/?cid=11722858237207737760&g_mp=Cidnb29nbGUubWFwcy5wbGFjZXMudjEuUGxhY2VzLlNlYXJjaFRleHQQAhgEIAA,Monday: 9:00 AM – 6:00 PM; Tuesday: 9:00 AM – 5:00 PM; Wednesday: 9:00 AM – 8:00 PM; Thursday: 9:00 AM – 8:00 PM; Friday: 9:00 AM – 6:00 PM; Saturday: 9:00 AM – 12:30 PM; Sunday: Closed,dental_clinic,Canterbury,Rolleston,no_prices
G&E Dental Rolleston,"66 Rolleston Drive, Rolleston 7614, New Zealand",03 347 4703,+64 3 347 4703,http://www.gedental.co.nz/locations/ge-dental-rolleston-general-and-emergency-dentists-in-rolleston/,4.1,49,OPERATIONAL,https://maps.google.com/?cid=14025628881131688170&g_mp=Cidnb29nbGUubWFwcy5wbGFjZXMudjEuUGxhY2VzLlNlYXJjaFRleHQQAhgEIAA,Monday: 9:00 AM – 5:00 PM; Tuesday: 9:00 AM – 5:00 PM; Wednesday: 9:00 AM – 5:00 PM; Thursday: 9:00 AM – 5:00 PM; Friday: 9:00 AM – 5:00 PM; Saturday: Closed; Sunday: Closed,dental_clinic,Canterbury,Rolleston,no_prices
Rolleston Community Dental,"2/3 Norman Kirk Drive, Rolleston 7614, New Zealand",0800 846 983,+64 800 846 983,https://info.health.nz/locations/canterbury/community-dental-service-canterbury,3.3,3,OPERATIONAL,https://maps.google.com/?cid=13318096777292708985&g_mp=Cidnb29nbGUubWFwcy5wbGFjZXMudjEuUGxhY2VzLlNlYXJjaFRleHQQAhgEIAA,Monday: 8:15 AM – 4:30 PM; Tuesday: 8:15 AM – 4:30 PM; Wednesday: 8:15 AM – 4:30 PM; Thursday: 8:15 AM – 4:30 PM; Friday: 8:15 AM – 4:30 PM; Saturday: Closed; Sunday: Closed,dental_clinic,Canterbury,Rolleston,no_prices
Selwyn Dental - Restorative and Implant Centre,"3/55 Faringdon Boulevard, Rolleston 7615, New Zealand",03 260 0322,+64 3 260 0322,https://www.selwyndental.co.nz/,4.3,10,OPERATIONAL,https://maps.google.com/?cid=8476917885632077298&g_mp=Cidnb29nbGUubWFwcy5wbGFjZXMudjEuUGxhY2VzLlNlYXJjaFRleHQQAhgEIAA,Monday: 9:00 AM – 4:00 PM; Tuesday: Closed; Wednesday: 9:00 AM – 4:00 PM; Thursday: Closed; Friday: 9:00 AM – 4:00 PM; Saturday: Closed; Sunday: Closed,dental_clinic,Canterbury,Rolleston,no_prices
Lincoln Dental Canterbury | Lumino The Dentists,"55 Gerald Street, Lincoln 7608, New Zealand",03 325 2696,+64 3 325 2696,https://lumino.co.nz/dentists/lincoln-dental-canterbury/?utm_source=google_business_profile&utm_medium=organic,4.7,40,OPERATIONAL,https://maps.google.com/?cid=6432918126270493450&g_mp=Cidnb29nbGUubWFwcy5wbGFjZXMudjEuUGxhY2VzLlNlYXJjaFRleHQQAhgEIAA,Monday: 8:30 AM – 5:00 PM; Tuesday: 8:30 AM – 5:00 PM; Wednesday: 8:30 AM – 5:00 PM; Thursday: 8:30 AM – 5:00 PM; Friday: 8:30 AM – 4:00 PM; Saturday: Closed; Sunday: Closed,dental_clinic,Canterbury,Lincoln,no_prices
Prebbleton Dental,"Unit 16 The Prebbleton Village, 563 Springs Road, Prebbleton, Christchurch 7604, New Zealand",03 595 6400,+64 3 595 6400,http://prebbletondental.net.nz/,4.9,46,OPERATIONAL,https://maps.google.com/?cid=11943021926792151081&g_mp=Cidnb29nbGUubWFwcy5wbGFjZXMudjEuUGxhY2VzLlNlYXJjaFRleHQQAhgEIAA,Monday: 9:00 AM – 7:00 PM; Tuesday: 8:00 AM – 5:00 PM; Wednesday: 8:00 AM – 7:00 PM; Thursday: 8:00 AM – 5:00 PM; Friday: 8:00 AM – 5:00 PM; Saturday: Closed; Sunday: Closed,dental_clinic,Canterbury,Prebbleton,no_prices
Dr Rob Cumming Dentist,"563 Springs Road, Prebbleton, Christchurch 7604, New Zealand",03 595 6400,+64 3 595 6400,http://prebbletondental.net.nz/,5,5,OPERATIONAL,https://maps.google.com/?cid=31289957322075853&g_mp=Cidnb29nbGUubWFwcy5wbGFjZXMudjEuUGxhY2VzLlNlYXJjaFRleHQQAhgEIAA,Monday: 9:00 AM – 7:00 PM; Tuesday: 8:00 AM – 7:00 PM; Wednesday: 8:00 AM – 5:00 PM; Thursday: 8:00 AM – 5:00 PM; Friday: 8:00 AM – 5:00 PM; Saturday: 8:30 AM – 4:30 PM; Sunday: Closed,dental_clinic,Canterbury,Prebbleton,no_prices
Village Denture Studio,"Unit 6/26 Central Avenue, Selwyn, Prebbleton 7604, New Zealand",021 225 8855,+64 21 225 8855,https://vdstudio.co.nz/,5,2,OPERATIONAL,https://maps.google.com/?cid=14137511278734631876&g_mp=Cidnb29nbGUubWFwcy5wbGFjZXMudjEuUGxhY2VzLlNlYXJjaFRleHQQAhgEIAA,Monday: 8:30 AM – 5:30 PM; Tuesday: 8:30 AM – 5:30 PM; Wednesday: 8:30 AM – 5:30 PM; Thursday: 8:30 AM – 5:30 PM; Friday: 8:30 AM – 5:30 PM; Saturday: Closed; Sunday: Closed,dental_clinic,Canterbury,Prebbleton,no_prices
Prebbleton Health,"585 Springs Road, Prebbleton 7604, New Zealand",,,http://www.prebbletonhealth.co.nz/,3.7,3,OPERATIONAL,https://maps.google.com/?cid=8716149656880721191&g_mp=Cidnb29nbGUubWFwcy5wbGFjZXMudjEuUGxhY2VzLlNlYXJjaFRleHQQAhgEIAA,Monday: 9:00 AM – 5:30 PM; Tuesday: 9:00 AM – 5:30 PM; Wednesday: 9:00 AM – 5:30 PM; Thursday: 9:00 AM – 5:30 PM; Friday: 9:00 AM – 5:30 PM; Saturday: Closed; Sunday: Closed,dental_clinic,Canterbury,Prebbleton,no_prices
Antoun | Nichols Orthodontics,"Unit 9/26 Central Avenue, Prebbleton 7604, New Zealand",03 322 1511,+64 3 322 1511,http://www.jaortho.co.nz/,5,32,OPERATIONAL,https://maps.google.com/?cid=12670258985681127249&g_mp=Cidnb29nbGUubWFwcy5wbGFjZXMudjEuUGxhY2VzLlNlYXJjaFRleHQQAhgEIAA,Monday: Closed; Tuesday: Closed; Wednesday: 8:00 AM – 5:00 PM; Thursday: 8:00 AM – 5:00 PM; Friday: 8:00 AM – 5:00 PM; Saturday: Closed; Sunday: Closed,dental_clinic,Canterbury,Prebbleton,no_prices
Broadfield Dental Centre,"184 Selwyn Road, RD8, BROADFIELD 7678, New Zealand",03 978 5522,+64 3 978 5522,http://broadfielddentalcentre.co.nz/,4.3,10,OPERATIONAL,https://maps.google.com/?cid=13683137657666895615&g_mp=Cidnb29nbGUubWFwcy5wbGFjZXMudjEuUGxhY2VzLlNlYXJjaFRleHQQAhgEIAA,Monday: 8:00 AM – 5:00 PM; Tuesday: 8:00 AM – 5:00 PM; Wednesday: 8:00 AM – 5:00 PM; Thursday: 8:00 AM – 5:00 PM; Friday: 8:00 AM – 1:00 PM; Saturday: Closed; Sunday: Closed,dental_clinic,Canterbury,Prebbleton,no_prices
Prebbleton Pharmacy,"3/563 Springs Road, Prebbleton 7604, New Zealand",03 344 1304,+64 3 344 1304,http://prebbletonpharmacy.nz/,5,10,OPERATIONAL,https://maps.google.com/?cid=16878378818886650884&g_mp=Cidnb29nbGUubWFwcy5wbGFjZXMudjEuUGxhY2VzLlNlYXJjaFRleHQQAhgEIAA,Monday: 8:30 AM – 6:00 PM; Tuesday: 8:30 AM – 6:00 PM; Wednesday: 8:30 AM – 6:00 PM; Thursday: 8:30 AM – 6:00 PM; Friday: 8:30 AM – 6:00 PM; Saturday: Closed; Sunday: Closed,dental_clinic,Canterbury,Prebbleton,no_prices
Darfield Dental Centre | Lumino The Dentists,"42 South Terrace, Darfield 7510, New Zealand",03 318 8392,+64 3 318 8392,https://lumino.co.nz/dentists/darfield-dental-canterbury/?utm_source=google_business_profile&utm_medium=organic,4.2,11,OPERATIONAL,https://maps.google.com/?cid=9594941092142740187&g_mp=Cidnb29nbGUubWFwcy5wbGFjZXMudjEuUGxhY2VzLlNlYXJjaFRleHQQAhgEIAA,Monday: 8:30 AM – 4:30 PM; Tuesday: 8:30 AM – 4:30 PM; Wednesday: 8:30 AM – 4:30 PM; Thursday: 8:30 AM – 4:30 PM; Friday: 8:30 AM – 2:00 PM; Saturday: Closed; Sunday: Closed,dental_clinic,Canterbury,Darfield,no_prices
Leeston Medical Centre,"57/59 High Street, Leeston 7632, New Zealand",03 324 3850,+64 3 324 3850,http://www.leestonmedical.co.nz/?page_id=223,3.9,14,OPERATIONAL,https://maps.google.com/?cid=7677339563549157995&g_mp=Cidnb29nbGUubWFwcy5wbGFjZXMudjEuUGxhY2VzLlNlYXJjaFRleHQQAhgEIAA,Monday: 8:00 AM – 5:00 PM; Tuesday: 8:00 AM – 5:00 PM; Wednesday: 8:00 AM – 5:00 PM; Thursday: 8:00 AM – 5:00 PM; Friday: 8:00 AM – 5:00 PM; Saturday: Closed; Sunday: Closed,dental_clinic,Canterbury,Leeston,no_prices
Farmfirst and Petfirst Veterinary Leeston,"65 Station Street, Leeston 7632, New Zealand",03 324 3575,+64 3 324 3575,https://www.mypetfirst.co.nz/pages/clinic-leeston,5,29,OPERATIONAL,https://maps.google.com/?cid=12785256162538905951&g_mp=Cidnb29nbGUubWFwcy5wbGFjZXMudjEuUGxhY2VzLlNlYXJjaFRleHQQAhgEIAA,Monday: 8:00 AM – 5:00 PM; Tuesday: 8:00 AM – 6:30 PM; Wednesday: 8:00 AM – 5:00 PM; Thursday: 8:00 AM – 6:30 PM; Friday: 8:00 AM – 5:00 PM; Saturday: Closed; Sunday: Closed,dental_clinic,Canterbury,Leeston,no_prices
Ashburton Dental Centre,"72 Cass Street, Ashburton 7700, New Zealand",03 308 1953,+64 3 308 1953,http://www.dentist.co.nz/dentist-detail/ashburton/ashburton-dental-centre/A11008547,3.1,24,OPERATIONAL,https://maps.google.com/?cid=1481480189115826011&g_mp=Cidnb29nbGUubWFwcy5wbGFjZXMudjEuUGxhY2VzLlNlYXJjaFRleHQQAhgEIAA,Monday: 8:00 AM – 5:00 PM; Tuesday: 8:00 AM – 5:00 PM; Wednesday: 8:00 AM – 5:00 PM; Thursday: 8:00 AM – 5:00 PM; Friday: 8:00 AM – 5:00 PM; Saturday: Closed; Sunday: Closed,dental_clinic,Canterbury,Ashburton,no_prices
Dentistry on Parkside,"80 Park Street, Ashburton 7700, New Zealand",03 308 7472,+64 3 308 7472,http://www.dentistryonparkside.co.nz/,4.5,41,OPERATIONAL,https://maps.google.com/?cid=10427894720074998367&g_mp=Cidnb29nbGUubWFwcy5wbGFjZXMudjEuUGxhY2VzLlNlYXJjaFRleHQQAhgEIAA,Monday: 8:00 AM – 7:00 PM; Tuesday: 8:00 AM – 5:00 PM; Wednesday: 8:00 AM – 5:00 PM; Thursday: 8:00 AM – 5:00 PM; Friday: 8:00 AM – 5:00 PM; Saturday: Closed; Sunday: Closed,dental_clinic,Canterbury,Ashburton,no_prices
G&E Dental Ashburton,"131 Walnut Avenue, Allenton, Ashburton 7700, New Zealand",03 347 4703,+64 3 347 4703,http://www.gedental.nz/,4.2,26,OPERATIONAL,https://maps.google.com/?cid=8701278664746480754&g_mp=Cidnb29nbGUubWFwcy5wbGFjZXMudjEuUGxhY2VzLlNlYXJjaFRleHQQAhgEIAA,Monday: 9:00 AM – 5:00 PM; Tuesday: 9:00 AM – 5:00 PM; Wednesday: 9:00 AM – 5:00 PM; Thursday: 9:00 AM – 5:00 PM; Friday: 9:00 AM – 5:00 PM; Saturday: Closed; Sunday: Closed,dental_clinic,Canterbury,Ashburton,no_prices
Ashburton Community Dental Clinic,"38 Elizabeth Street, Allenton, Ashburton 7700, New Zealand",0800 846 983,+64 800 846 983,,5,2,OPERATIONAL,https://maps.google.com/?cid=1941371373876630769&g_mp=Cidnb29nbGUubWFwcy5wbGFjZXMudjEuUGxhY2VzLlNlYXJjaFRleHQQAhgEIAA,,dental_clinic,Canterbury,Ashburton,no_prices
Burnett Street Dental,"85 Burnett Street, Ashburton 7700, New Zealand",03 308 5248,+64 3 308 5248,https://www.burnettstreetdental.co.nz/,4,3,OPERATIONAL,https://maps.google.com/?cid=12545418619140988475&g_mp=Cidnb29nbGUubWFwcy5wbGFjZXMudjEuUGxhY2VzLlNlYXJjaFRleHQQAhgEIAA,Monday: 9:00 AM – 5:00 PM; Tuesday: 9:00 AM – 5:00 PM; Wednesday: 9:00 AM – 5:00 PM; Thursday: 9:00 AM – 5:00 PM; Friday: 9:30 AM – 4:30 PM; Saturday: Closed; Sunday: Closed,dental_clinic,Canterbury,Ashburton,no_prices
Methven Medical Centre,"4 Methven Chertsey Road, Methven 7730, New Zealand",03 302 8105,+64 3 302 8105,,4.1,9,OPERATIONAL,https://maps.google.com/?cid=8179252208680832059&g_mp=Cidnb29nbGUubWFwcy5wbGFjZXMudjEuUGxhY2VzLlNlYXJjaFRleHQQAhgEIAA,Monday: 8:30 AM – 5:00 PM; Tuesday: 8:30 AM – 5:00 PM; Wednesday: 8:30 AM – 5:00 PM; Thursday: 8:30 AM – 5:00 PM; Friday: 8:30 AM – 5:00 PM; Saturday: Closed; Sunday: Closed,dental_clinic,Canterbury,Methven,no_prices
Methven Pharmacy,"101 Main Street, Methven 7730, New Zealand",03 302 8103,+64 3 302 8103,https://www.methvenpharmacy.co.nz/,4.9,19,OPERATIONAL,https://maps.google.com/?cid=14637779590641969287&g_mp=Cidnb29nbGUubWFwcy5wbGFjZXMudjEuUGxhY2VzLlNlYXJjaFRleHQQAhgEIAA,Monday: 8:30 AM – 5:30 PM; Tuesday: 8:30 AM – 5:30 PM; Wednesday: 8:30 AM – 5:30 PM; Thursday: 8:30 AM – 5:30 PM; Friday: 8:30 AM – 5:30 PM; Saturday: Closed; Sunday: Closed,dental_clinic,Canterbury,Methven,no_prices
Vetlife Methven,"2 Line Road, Methven 7730, New Zealand",03 302 8603,+64 3 302 8603,https://vetlife.co.nz/vet-clinics/methven-vet/,4.1,8,OPERATIONAL,https://maps.google.com/?cid=1375769353402669883&g_mp=Cidnb29nbGUubWFwcy5wbGFjZXMudjEuUGxhY2VzLlNlYXJjaFRleHQQAhgEIAA,Monday: 8:00 AM – 5:00 PM; Tuesday: 8:00 AM – 5:00 PM; Wednesday: 8:00 AM – 5:00 PM; Thursday: 8:00 AM – 5:00 PM; Friday: 8:00 AM – 5:00 PM; Saturday: Closed; Sunday: Closed,dental_clinic,Canterbury,Methven,no_prices
FreshChoice Methven,"34 The Mall, Methven 7730, New Zealand",03 302 8050,+64 3 302 8050,https://methven.store.freshchoice.co.nz/,4.5,160,OPERATIONAL,https://maps.google.com/?cid=2682402227436300526&g_mp=Cidnb29nbGUubWFwcy5wbGFjZXMudjEuUGxhY2VzLlNlYXJjaFRleHQQAhgEIAA,Monday: 8:00 AM – 7:00 PM; Tuesday: 8:00 AM – 7:00 PM; Wednesday: 8:00 AM – 7:00 PM; Thursday: 8:00 AM – 7:00 PM; Friday: 8:00 AM – 7:00 PM; Saturday: 8:00 AM – 7:00 PM; Sunday: 8:00 AM – 7:00 PM,dental_clinic,Canterbury,Methven,no_prices
Four Square Methven,"33/37 McMillan Street, Methven 7730, New Zealand",03 302 8114,+64 3 302 8114,https://www.foursquare.co.nz/south-island/canterbury/methven?utm_source=google&utm_medium=organic&utm_campaign=Google+My+Business&utm_term=plcid_3815634053596534953&utm_content=Four+Square+Methven,4.5,165,OPERATIONAL,https://maps.google.com/?cid=10180497185779560646&g_mp=Cidnb29nbGUubWFwcy5wbGFjZXMudjEuUGxhY2VzLlNlYXJjaFRleHQQAhgEIAA,Monday: 7:00 AM – 8:00 PM; Tuesday: 7:00 AM – 8:00 PM; Wednesday: 7:00 AM – 8:00 PM; Thursday: 7:00 AM – 8:00 PM; Friday: 7:00 AM – 8:00 PM; Saturday: 7:00 AM – 8:00 PM; Sunday: 7:00 AM – 8:00 PM,dental_clinic,Canterbury,Methven,no_prices
Timaru Dental Care,"Level 1/45 Heaton Street, Parkside, Timaru 7910, New Zealand",03 684 3451,+64 3 684 3451,http://www.timarudentalcare.co.nz/,4.2,25,OPERATIONAL,https://maps.google.com/?cid=13203169501369693648&g_mp=Cidnb29nbGUubWFwcy5wbGFjZXMudjEuUGxhY2VzLlNlYXJjaFRleHQQAhgEIAA,Monday: 8:30 AM – 5:00 PM; Tuesday: 8:30 AM – 5:00 PM; Wednesday: 8:30 AM – 5:00 PM; Thursday: 8:30 AM – 5:00 PM; Friday: 8:30 AM – 5:00 PM; Saturday: Closed; Sunday: Closed,dental_clinic,Canterbury,Timaru,no_prices
Stafford Dental Centre - Timaru,"14 Elizabeth Street, Timaru Central, Timaru 7910, New Zealand",03 688 0033,+64 3 688 0033,https://stafforddental.co.nz/,4.9,307,OPERATIONAL,https://maps.google.com/?cid=8294493250356197732&g_mp=Cidnb29nbGUubWFwcy5wbGFjZXMudjEuUGxhY2VzLlNlYXJjaFRleHQQAhgEIAA,Monday: 8:30 AM – 5:00 PM; Tuesday: 8:30 AM – 5:00 PM; Wednesday: 8:30 AM – 5:00 PM; Thursday: 8:30 AM – 5:00 PM; Friday: 8:30 AM – 5:00 PM; Saturday: Closed; Sunday: Closed,dental_clinic,Canterbury,Timaru,no_prices
Silver Birches Dental Centre,"5 Elizabeth Place, Timaru Central, Timaru 7910, New Zealand",03 688 9463,+64 3 688 9463,https://silverbirchesdental.co.nz/,4.4,18,OPERATIONAL,https://maps.google.com/?cid=9263435673655177717&g_mp=Cidnb29nbGUubWFwcy5wbGFjZXMudjEuUGxhY2VzLlNlYXJjaFRleHQQAhgEIAA,Monday: 8:30 AM – 5:00 PM; Tuesday: 8:30 AM – 5:00 PM; Wednesday: 8:30 AM – 5:00 PM; Thursday: 8:30 AM – 5:00 PM; Friday: 8:30 AM – 4:00 PM; Saturday: Closed; Sunday: Closed,dental_clinic,Canterbury,Timaru,no_prices
Brunswick Dental Chambers,"17 Brunswick Street, Seaview, Timaru 7910, New Zealand",03 688 6463,+64 3 688 6463,,4.9,11,OPERATIONAL,https://maps.google.com/?cid=8742180607007968619&g_mp=Cidnb29nbGUubWFwcy5wbGFjZXMudjEuUGxhY2VzLlNlYXJjaFRleHQQAhgEIAA,Monday: 9:00 AM – 5:00 PM; Tuesday: 9:00 AM – 5:00 PM; Wednesday: 9:00 AM – 5:00 PM; Thursday: 9:00 AM – 5:00 PM; Friday: 9:00 AM – 4:00 PM; Saturday: Closed; Sunday: Closed,dental_clinic,Canterbury,Timaru,no_prices
Life Dental previously known as Timaru Dental Laboratory,"4 Woollcombe Street, Timaru Central, Timaru 7910, New Zealand",03 688 3504,+64 3 688 3504,https://lifedental.co.nz/,5,69,OPERATIONAL,https://maps.google.com/?cid=4562221701981387381&g_mp=Cidnb29nbGUubWFwcy5wbGFjZXMudjEuUGxhY2VzLlNlYXJjaFRleHQQAhgEIAA,Monday: 9:00 AM – 5:00 PM; Tuesday: 9:00 AM – 5:00 PM; Wednesday: 9:00 AM – 5:00 PM; Thursday: 9:00 AM – 5:00 PM; Friday: 9:00 AM – 3:00 PM; Saturday: Closed; Sunday: Closed,dental_clinic,Canterbury,Timaru,no_prices
Timaru Community Dental Clinic,"level 1/18 Woollcombe Street, Timaru Central, Timaru 7910, New Zealand",0800 846 983,+64 800 846 983,https://www.cdhb.health.nz/health-services/community-dental-service/,5,1,OPERATIONAL,https://maps.google.com/?cid=4460475590751277680&g_mp=Cidnb29nbGUubWFwcy5wbGFjZXMudjEuUGxhY2VzLlNlYXJjaFRleHQQAhgEIAA,,dental_clinic,Canterbury,Timaru,no_prices
Temuka Dental Practice | Lumino The Dentists,"186 King Street, Temuka 7920, New Zealand",03 615 7627,+64 3 615 7627,https://lumino.co.nz/dentists/temuka-dental-practice/?utm_source=google_business_profile&utm_medium=organic,4.3,10,CLOSED_PERMANENTLY,https://maps.google.com/?cid=14679891797821293361&g_mp=Cidnb29nbGUubWFwcy5wbGFjZXMudjEuUGxhY2VzLlNlYXJjaFRleHQQAhgEIAA,,dental_clinic,Canterbury,Temuka,no_prices
Twizel Medical Centre,"15 MacKenzie Drive, Twizel 7901, New Zealand",03 435 0777,+64 3 435 0777,http://www.twizelmed.co.nz/,3.3,30,OPERATIONAL,https://maps.google.com/?cid=8267556648825701875&g_mp=Cidnb29nbGUubWFwcy5wbGFjZXMudjEuUGxhY2VzLlNlYXJjaFRleHQQAhgEIAA,Monday: 8:30 AM – 5:00 PM; Tuesday: 8:30 AM – 5:00 PM; Wednesday: 8:30 AM – 5:00 PM; Thursday: 8:30 AM – 5:00 PM; Friday: 8:30 AM – 5:00 PM; Saturday: Closed; Sunday: Closed,dental_clinic,Canterbury,Twizel,no_prices
Mackenzie Health Centre,"3A Benmore Place, Twizel 7901, New Zealand",03 976 0503,+64 3 976 0503,http://kurowmedicalcentre.org.nz/,4.8,24,OPERATIONAL,https://maps.google.com/?cid=12770163769467081850&g_mp=Cidnb29nbGUubWFwcy5wbGFjZXMudjEuUGxhY2VzLlNlYXJjaFRleHQQAhgEIAA,Monday: 8:30 AM – 5:00 PM; Tuesday: 8:30 AM – 5:00 PM; Wednesday: 8:30 AM – 5:00 PM; Thursday: 8:30 AM – 5:00 PM; Friday: 8:30 AM – 5:00 PM; Saturday: 9:00 AM – 12:00 PM; Sunday: Closed,dental_clinic,Canterbury,Twizel,no_prices
Mackenzie Pharmacy,"7 Market Place, Twizel 7901, New Zealand",03 435 0883,+64 3 435 0883,,3.8,24,OPERATIONAL,https://maps.google.com/?cid=8226284542089125734&g_mp=Cidnb29nbGUubWFwcy5wbGFjZXMudjEuUGxhY2VzLlNlYXJjaFRleHQQAhgEIAA,Monday: 9:00 AM – 5:00 PM; Tuesday: 9:00 AM – 5:00 PM; Wednesday: 9:00 AM – 5:00 PM; Thursday: 9:00 AM – 5:00 PM; Friday: 9:00 AM – 5:00 PM; Saturday: 10:00 AM – 2:00 PM; Sunday: Closed,dental_clinic,Canterbury,Twizel,no_prices
Vetlife Twizel,"1/3 Benmore Place, Twizel 7901, New Zealand",03 435 0212,+64 3 435 0212,https://vetlife.co.nz/vet-clinics/twizel-vet/,4.8,21,OPERATIONAL,https://maps.google.com/?cid=4516170206214267651&g_mp=Cidnb29nbGUubWFwcy5wbGFjZXMudjEuUGxhY2VzLlNlYXJjaFRleHQQAhgEIAA,Monday: 8:00 AM – 5:00 PM; Tuesday: 8:00 AM – 5:00 PM; Wednesday: 8:00 AM – 5:00 PM; Thursday: 8:00 AM – 5:00 PM; Friday: 8:00 AM – 5:00 PM; Saturday: Closed; Sunday: Closed,dental_clinic,Canterbury,Twizel,no_prices
Four Square Tekapo,"State Highway 8 22 Rapuwai Lane, Tekapo-Twizel Road, Lake Tekapo 7999, New Zealand",03 680 6809,+64 3 680 6809,https://www.foursquare.co.nz/south-island/canterbury/tekapo?utm_source=google&utm_medium=organic&utm_campaign=Google+My+Business&utm_term=plcid_13782308901017934534&utm_content=Four+Square+Tekapo+-+Lake+Tekapo,4.3,1361,OPERATIONAL,https://maps.google.com/?cid=14120361090907313573&g_mp=Cidnb29nbGUubWFwcy5wbGFjZXMudjEuUGxhY2VzLlNlYXJjaFRleHQQAhgEIAA,Monday: 8:00 AM – 9:00 PM; Tuesday: 8:00 AM – 9:00 PM; Wednesday: 8:00 AM – 9:00 PM; Thursday: 8:00 AM – 9:00 PM; Friday: 8:00 AM – 9:00 PM; Saturday: 8:00 AM – 9:00 PM; Sunday: 8:00 AM – 9:00 PM,dental_clinic,Canterbury,Lake Tekapo,no_prices
The Better Batter NZ,"Lakeside Drive, Canterbury, Lake Tekapo 7999, New Zealand",,,http://instagram.com/thebetterbatter_nz,4.8,1025,OPERATIONAL,https://maps.google.com/?cid=14693613920137344850&g_mp=Cidnb29nbGUubWFwcy5wbGFjZXMudjEuUGxhY2VzLlNlYXJjaFRleHQQAhgEIAA,Monday: 1:00 – 6:00 PM; Tuesday: 1:00 – 6:00 PM; Wednesday: 1:00 – 6:00 PM; Thursday: Closed; Friday: 1:00 – 6:00 PM; Saturday: 1:00 – 6:00 PM; Sunday: 1:00 – 6:00 PM,dental_clinic,Canterbury,Lake Tekapo,no_prices
Tekapo Plunket Clinic,"44 Aorangi Crescent, Lake Tekapo 7999, New Zealand",0800 184 803,+64 800 184 803,https://www.plunket.org.nz/plunket-near-me/tekapo-plunket-clinic,,,OPERATIONAL,https://maps.google.com/?cid=9876753160066001391&g_mp=Cidnb29nbGUubWFwcy5wbGFjZXMudjEuUGxhY2VzLlNlYXJjaFRleHQQAhgEIAA,,dental_clinic,Canterbury,Lake Tekapo,no_prices
The Godley Hotel,"2 Rapuwai Lane, Lake Tekapo 7999, New Zealand",03 680 6848,+64 3 680 6848,http://www.godleyhotel.co.nz/,3.5,668,OPERATIONAL,https://maps.google.com/?cid=14362015165759274997&g_mp=Cidnb29nbGUubWFwcy5wbGFjZXMudjEuUGxhY2VzLlNlYXJjaFRleHQQAhgEIAA,,dental_clinic,Canterbury,Lake Tekapo,no_prices
Hanmer Springs Health Centre,"Springs 7334, 59 Jacks Pass Road, Hanmer Springs 7334, New Zealand",03 315 7503,+64 3 315 7503,http://www.hanmermc.co.nz/,4.9,13,OPERATIONAL,https://maps.google.com/?cid=6640020710989150818&g_mp=Cidnb29nbGUubWFwcy5wbGFjZXMudjEuUGxhY2VzLlNlYXJjaFRleHQQAhgEIAA,Monday: 8:30 AM – 5:00 PM; Tuesday: 8:30 AM – 5:00 PM; Wednesday: 8:30 AM – 5:00 PM; Thursday: 8:30 AM – 5:00 PM; Friday: 8:30 AM – 5:00 PM; Saturday: Closed; Sunday: Closed,dental_clinic,Canterbury,Hanmer Springs,no_prices
HealthWorks Pharmacy - Hanmer Springs,"7/24 Conical Hill Road, Hanmer Springs 7334, New Zealand",03 975 1512,+64 3 975 1512,http://www.unichempharmacy.co.nz/,4.7,24,OPERATIONAL,https://maps.google.com/?cid=16791930527066185840&g_mp=Cidnb29nbGUubWFwcy5wbGFjZXMudjEuUGxhY2VzLlNlYXJjaFRleHQQAhgEIAA,Monday: 9:30 AM – 5:00 PM; Tuesday: 9:30 AM – 5:00 PM; Wednesday: 9:30 AM – 5:00 PM; Thursday: 9:30 AM – 5:00 PM; Friday: 9:30 AM – 5:00 PM; Saturday: 9:30 AM – 5:00 PM; Sunday: 10:00 AM – 4:00 PM,dental_clinic,Canterbury,Hanmer Springs,no_prices
