name,address,phone_national,phone_international,website,rating,total_ratings,business_status,google_maps_url,opening_hours,category,region,town,price,date_scraped
Smile Dental - Queen Street - Auckland CBD,"2/246 Queen Street, Auckland CBD, Auckland 1010, New Zealand",0800 476 453,+64 800 476 453,http://smiledental.co.nz/,4.7,1262,OPERATIONAL,https://maps.google.com/?cid=3794320053947191746&g_mp=Cidnb29nbGUubWFwcy5wbGFjZXMudjEuUGxhY2VzLlNlYXJjaFRleHQQAhgEIAA,Monday: 9:00 AM – 6:00 PM; Tuesday: 9:00 AM – 6:00 PM; Wednesday: 9:00 AM – 6:00 PM; Thursday: 9:00 AM – 6:00 PM; Friday: 9:00 AM – 6:00 PM; Saturday: 9:00 AM – 6:00 PM; Sunday: 9:00 AM – 6:00 PM,dental_clinic,Auckland,Auckland CBD,no_prices,2026-03-18
Queen Street Dental Centre,"Level 1/87 Queen Street, Auckland CBD, Auckland 1010, New Zealand",09 373 2456,+64 9 373 2456,https://www.queenstdentist.com/,4.9,20,OPERATIONAL,https://maps.google.com/?cid=2232408021547439888&g_mp=Cidnb29nbGUubWFwcy5wbGFjZXMudjEuUGxhY2VzLlNlYXJjaFRleHQQAhgEIAA,Monday: 8:00 AM – 5:00 PM; Tuesday: 8:00 AM – 5:00 PM; Wednesday: 8:00 AM – 5:00 PM; Thursday: 8:00 AM – 5:00 PM; Friday: 8:00 AM – 5:00 PM; Saturday: Closed; Sunday: Closed,dental_clinic,Auckland,Auckland CBD,no_prices,2026-03-18
Auckland Central | Lumino The Dentists,"1, Aon Centre 1/29 Customs Street West, Auckland CBD, Auckland 1010, New Zealand",09 373 4962,+64 9 373 4962,https://lumino.co.nz/dentists/auckland-central/?utm_source=google_business_profile&utm_medium=organic,4.4,78,OPERATIONAL,https://maps.google.com/?cid=10180160457789129981&g_mp=Cidnb29nbGUubWFwcy5wbGFjZXMudjEuUGxhY2VzLlNlYXJjaFRleHQQAhgEIAA,Monday: 7:00 AM – 6:30 PM; Tuesday: 7:00 AM – 8:00 PM; Wednesday: 7:00 AM – 8:00 PM; Thursday: 7:00 AM – 8:00 PM; Friday: 7:00 AM – 5:00 PM; Saturday: 8:30 AM – 3:00 PM; Sunday: Closed,dental_clinic,Auckland,Auckland CBD,no_prices,2026-03-18
Lumino City Dental at Quay Park,"68 Beach Road Level 2, Quay Park Health Centre, Quay Park Health Centre 2/68 Beach Road, Auckland CBD, Auckland 1010, New Zealand",09 919 2660,+64 9 919 2660,https://lumino.co.nz/dentists/city-dental-quay-park-auckland-cbd/?utm_source=google_business_profile&utm_medium=organic,4.8,159,OPERATIONAL,https://maps.google.com/?cid=16994687418647718947&g_mp=Cidnb29nbGUubWFwcy5wbGFjZXMudjEuUGxhY2VzLlNlYXJjaFRleHQQAhgEIAA,Monday: 8:00 AM – 8:00 PM; Tuesday: 8:00 AM – 8:00 PM; Wednesday: 8:00 AM – 8:00 PM; Thursday: 8:00 AM – 8:00 PM; Friday: 8:00 AM – 2:00 PM; Saturday: Closed; Sunday: Closed,dental_clinic,Auckland,Auckland CBD,no_prices,2026-03-18
Symonds Street Dental Centre,"Ground Floor/73 Symonds Street, Grafton, Auckland 1010, New Zealand",09 379 7380,+64 9 379 7380,http://www.justsmile.co.nz/,5,198,OPERATIONAL,https://maps.google.com/?cid=14970110955409742868&g_mp=Cidnb29nbGUubWFwcy5wbGFjZXMudjEuUGxhY2VzLlNlYXJjaFRleHQQAhgEIAA,Monday: 7:30 AM – 5:00 PM; Tuesday: 7:30 AM – 5:00 PM; Wednesday: 7:30 AM – 4:00 PM; Thursday: 7:30 AM – 6:00 PM; Friday: 7:30 AM – 2:00 PM; Saturday: Closed; Sunday: Closed,dental_clinic,Auckland,Auckland CBD,no_prices,2026-03-18
The Tooth Company Britomart,"54 Customs Street East, Auckland CBD, Auckland 1010, New Zealand",09 379 0099,+64 9 379 0099,http://www.thetoothcompany.co.nz/,4.7,62,OPERATIONAL,https://maps.google.com/?cid=305329263338186006&g_mp=Cidnb29nbGUubWFwcy5wbGFjZXMudjEuUGxhY2VzLlNlYXJjaFRleHQQAhgEIAA,Monday: Closed; Tuesday: 8:00 AM – 2:00 PM; Wednesday: 8:00 AM – 5:00 PM; Thursday: 8:00 AM – 6:00 PM; Friday: 8:00 AM – 4:00 PM; Saturday: Closed; Sunday: Closed,dental_clinic,Auckland,Auckland CBD,no_prices,2026-03-18
Downtown Dental,"Suite 102, Dilworth Building 1st Floor/22-32 Queen Street, Auckland CBD, Auckland 1010, New Zealand",09 302 0379,+64 9 302 0379,https://www.downtowndental.co.nz/,4.9,25,OPERATIONAL,https://maps.google.com/?cid=3513440912600205068&g_mp=Cidnb29nbGUubWFwcy5wbGFjZXMudjEuUGxhY2VzLlNlYXJjaFRleHQQAhgEIAA,Monday: 10:00 AM – 4:00 PM; Tuesday: 9:00 AM – 5:00 PM; Wednesday: 9:00 AM – 6:00 PM; Thursday: 9:00 AM – 5:00 PM; Friday: 9:00 AM – 5:00 PM; Saturday: Closed; Sunday: Closed,dental_clinic,Auckland,Auckland CBD,no_prices,2026-03-18
City Dental Lounge,"AON Centre 12/29 Customs Street West, Auckland CBD, Auckland 1010, New Zealand",09 366 1322,+64 9 366 1322,http://www.citydentallounge.nz/,5,101,OPERATIONAL,https://maps.google.com/?cid=8277697924611574976&g_mp=Cidnb29nbGUubWFwcy5wbGFjZXMudjEuUGxhY2VzLlNlYXJjaFRleHQQAhgEIAA,Monday: 9:00 AM – 5:30 PM; Tuesday: 8:30 AM – 5:30 PM; Wednesday: 9:00 AM – 5:30 PM; Thursday: 9:00 AM – 5:30 PM; Friday: 9:00 AM – 5:30 PM; Saturday: Closed; Sunday: Closed,dental_clinic,Auckland,Auckland CBD,no_prices,2026-03-18
Li & Lawson Dental,"36 Kitchener Street, Auckland CBD, Auckland 1010, New Zealand",09 302 2313,+64 9 302 2313,https://www.healthpoint.co.nz/dentistry/general-dentist/li-lawson-dental/,4.8,39,OPERATIONAL,https://maps.google.com/?cid=8372936552762793151&g_mp=Cidnb29nbGUubWFwcy5wbGFjZXMudjEuUGxhY2VzLlNlYXJjaFRleHQQAhgEIAA,Monday: 9:00 AM – 5:00 PM; Tuesday: 9:00 AM – 5:00 PM; Wednesday: 9:00 AM – 5:00 PM; Thursday: 9:00 AM – 5:00 PM; Friday: 9:00 AM – 12:00 PM; Saturday: 9:00 AM – 5:00 PM; Sunday: Closed,dental_clinic,Auckland,Auckland CBD,no_prices,2026-03-18
Quay Street Dental,"10/8 Quay Street, Auckland CBD, Auckland 1010, New Zealand",09 379 4888,+64 9 379 4888,http://www.quaystreetdental.co.nz/,4.8,175,OPERATIONAL,https://maps.google.com/?cid=18213725601146388615&g_mp=Cidnb29nbGUubWFwcy5wbGFjZXMudjEuUGxhY2VzLlNlYXJjaFRleHQQAhgEIAA,Monday: 8:00 AM – 5:00 PM; Tuesday: 8:00 AM – 5:00 PM; Wednesday: 8:00 AM – 5:00 PM; Thursday: 8:00 AM – 5:00 PM; Friday: 8:00 AM – 5:00 PM; Saturday: Closed; Sunday: Closed,dental_clinic,Auckland,Auckland CBD,no_prices,2026-03-18
Auckland City Dentist,"87 Queen Street, Auckland CBD, Auckland 1010, New Zealand",09 373 2456,+64 9 373 2456,http://www.aucklandcitydentist.co.nz/,4.8,6,OPERATIONAL,https://maps.google.com/?cid=17414106471509090751&g_mp=Cidnb29nbGUubWFwcy5wbGFjZXMudjEuUGxhY2VzLlNlYXJjaFRleHQQAhgEIAA,Monday: 8:00 AM – 5:00 PM; Tuesday: 8:00 AM – 5:00 PM; Wednesday: 8:00 AM – 5:00 PM; Thursday: 8:00 AM – 5:00 PM; Friday: 8:00 AM – 5:00 PM; Saturday: Closed; Sunday: Closed,dental_clinic,Auckland,Auckland CBD,no_prices,2026-03-18
Apex Dental,"9 Victoria Street East, Auckland CBD, Auckland 1010, New Zealand",09 379 0149,+64 9 379 0149,http://www.apexdental.co.nz/?utm_source=google-business&utm_medium=organic,4.1,92,OPERATIONAL,https://maps.google.com/?cid=14802504832134981126&g_mp=Cidnb29nbGUubWFwcy5wbGFjZXMudjEuUGxhY2VzLlNlYXJjaFRleHQQAhgEIAA,Monday: 9:30 AM – 5:00 PM; Tuesday: 9:30 AM – 5:00 PM; Wednesday: 9:30 AM – 3:00 PM; Thursday: 9:30 AM – 5:00 PM; Friday: 9:30 AM – 2:00 PM; Saturday: 9:00 AM – 1:00 PM; Sunday: 9:00 AM – 1:00 PM,dental_clinic,Auckland,Auckland CBD,no_prices,2026-03-18
"Customs Street Dentist, Auckland CBD","5 Customs Street East, Auckland CBD, Auckland 1010, New Zealand",09 666 0050,+64 9 666 0050,http://customsstdentist.co.nz/,4.6,98,OPERATIONAL,https://maps.google.com/?cid=5354118322750135856&g_mp=Cidnb29nbGUubWFwcy5wbGFjZXMudjEuUGxhY2VzLlNlYXJjaFRleHQQAhgEIAA,Monday: 8:30 AM – 5:30 PM; Tuesday: 8:30 AM – 7:00 PM; Wednesday: 8:30 AM – 5:30 PM; Thursday: 8:30 AM – 7:00 PM; Friday: 8:30 AM – 4:00 PM; Saturday: Closed; Sunday: Closed,dental_clinic,Auckland,Auckland CBD,no_prices,2026-03-18
Alba Smile Lounge,"7 Queen Street Shop 9a Level 2 Commercial Bay, Auckland CBD, Auckland 1010, New Zealand",09 869 6396,+64 9 869 6396,http://www.albasmilelounge.co.nz/,5,43,OPERATIONAL,https://maps.google.com/?cid=7302547182968925351&g_mp=Cidnb29nbGUubWFwcy5wbGFjZXMudjEuUGxhY2VzLlNlYXJjaFRleHQQAhgEIAA,Monday: 10:00 AM – 6:00 PM; Tuesday: 10:00 AM – 6:00 PM; Wednesday: 10:00 AM – 6:00 PM; Thursday: 10:00 AM – 7:00 PM; Friday: 10:00 AM – 7:00 PM; Saturday: 10:00 AM – 7:00 PM; Sunday: 10:00 AM – 5:00 PM,dental_clinic,Auckland,Auckland CBD,no_prices,2026-03-18
Freemans Bay Dental Centre,"40 College Hill, Freemans Bay, Auckland 1011, New Zealand",09 361 3610,+64 9 361 3610,http://www.freemansbaydental.net.nz/,4.7,44,OPERATIONAL,https://maps.google.com/?cid=7492831661403030545&g_mp=Cidnb29nbGUubWFwcy5wbGFjZXMudjEuUGxhY2VzLlNlYXJjaFRleHQQAhgEIAA,Monday: 9:00 AM – 5:00 PM; Tuesday: 9:00 AM – 5:00 PM; Wednesday: 9:00 AM – 5:00 PM; Thursday: 9:00 AM – 5:00 PM; Friday: 9:00 AM – 5:00 PM; Saturday: Closed; Sunday: Closed,dental_clinic,Auckland,Auckland CBD,no_prices,2026-03-18
Auckland Family Dental: Parnell Dentistry,"Suite A/177 Parnell Road, Parnell, Auckland 1052, New Zealand",09 379 0709,+64 9 379 0709,http://www.parnelldentistry.co.nz/,4.9,206,OPERATIONAL,https://maps.google.com/?cid=11716847205175487420&g_mp=Cidnb29nbGUubWFwcy5wbGFjZXMudjEuUGxhY2VzLlNlYXJjaFRleHQQAhgEIAA,Monday: 8:00 AM – 7:00 PM; Tuesday: 8:00 AM – 5:00 PM; Wednesday: 7:30 AM – 6:30 PM; Thursday: 8:00 AM – 7:00 PM; Friday: 8:00 AM – 4:30 PM; Saturday: 9:00 AM – 4:30 PM; Sunday: Closed,dental_clinic,Auckland,Auckland CBD,no_prices,2026-03-18
Re Dental Clinic,"1 Jervois Road, Herne Bay, Auckland 1011, New Zealand",09 600 1739,+64 9 600 1739,http://www.re-dental.co.nz/?utm_source=Google&utm_medium=GBP&utm_campaign=gbp,5,110,OPERATIONAL,https://maps.google.com/?cid=808740769092609403&g_mp=Cidnb29nbGUubWFwcy5wbGFjZXMudjEuUGxhY2VzLlNlYXJjaFRleHQQAhgEIAA,Monday: 8:30 AM – 5:00 PM; Tuesday: 8:30 AM – 5:00 PM; Wednesday: 10:30 AM – 7:00 PM; Thursday: 9:00 AM – 7:00 PM; Friday: 8:30 AM – 5:00 PM; Saturday: Closed; Sunday: Closed,dental_clinic,Auckland,Auckland CBD,no_prices,2026-03-18
The Fono City Healthcare Centre,"33 Wyndham Street, Auckland CBD, Auckland 1010, New Zealand",09 302 2496,+64 9 302 2496,https://thefono.org/,4.2,153,OPERATIONAL,https://maps.google.com/?cid=2480122043673785899&g_mp=Cidnb29nbGUubWFwcy5wbGFjZXMudjEuUGxhY2VzLlNlYXJjaFRleHQQAhgEIAA,Monday: 8:30 AM – 5:00 PM; Tuesday: 8:30 AM – 5:00 PM; Wednesday: 8:30 AM – 5:00 PM; Thursday: 8:30 AM – 5:00 PM; Friday: 8:30 AM – 5:00 PM; Saturday: Closed; Sunday: Closed,dental_clinic,Auckland,Auckland CBD,no_prices,2026-03-18
Shortland Dental,"Level 3/79 Queen Street, Auckland CBD, Auckland 1010, New Zealand",09 739 0296,+64 9 739 0296,https://shortlanddental.nz/,5,3,OPERATIONAL,https://maps.google.com/?cid=9960434826105701095&g_mp=Cidnb29nbGUubWFwcy5wbGFjZXMudjEuUGxhY2VzLlNlYXJjaFRleHQQAhgEIAA,Monday: 9:00 AM – 5:00 PM; Tuesday: 9:00 AM – 5:00 PM; Wednesday: 9:00 AM – 5:00 PM; Thursday: 9:00 AM – 5:00 PM; Friday: 9:00 AM – 5:00 PM; Saturday: Closed; Sunday: Closed,dental_clinic,Auckland,Auckland CBD,no_prices,2026-03-18
Grafton Dental,"8 Nugent Street, Grafton, Auckland 1023, New Zealand",09 320 4161,+64 9 320 4161,https://graftondental.co.nz/,4.8,178,OPERATIONAL,https://maps.google.com/?cid=6541036578255044419&g_mp=Cidnb29nbGUubWFwcy5wbGFjZXMudjEuUGxhY2VzLlNlYXJjaFRleHQQAhgEIAA,Monday: 8:00 AM – 5:00 PM; Tuesday: 8:00 AM – 5:00 PM; Wednesday: 8:00 AM – 5:00 PM; Thursday: 8:00 AM – 5:00 PM; Friday: 8:00 AM – 2:30 PM; Saturday: Closed; Sunday: Closed,dental_clinic,Auckland,Auckland CBD,no_prices,2026-03-18
Dr Wondersmile - Auckland,"Unit 7B, 7th Floor/9 Victoria Street East, Auckland CBD, Auckland 1010, New Zealand",,,https://www.drwondersmile.co.nz/,4.6,149,OPERATIONAL,https://maps.google.com/?cid=5366421337531512095&g_mp=Cidnb29nbGUubWFwcy5wbGFjZXMudjEuUGxhY2VzLlNlYXJjaFRleHQQAhgEIAA,Monday: Closed; Tuesday: 10:00 AM – 5:00 PM; Wednesday: 10:00 AM – 5:00 PM; Thursday: 10:00 AM – 5:00 PM; Friday: 10:00 AM – 5:00 PM; Saturday: 10:00 AM – 5:00 PM; Sunday: Closed,dental_clinic,Auckland,Auckland CBD,no_prices,2026-03-18
Karl Johnston,"Dental Centre Ground Floor/73 Symonds Street, Grafton, Auckland 1010, New Zealand",09 379 7380,+64 9 379 7380,http://www.justsmile.co.nz/,4.8,18,OPERATIONAL,https://maps.google.com/?cid=1834944628092776792&g_mp=Cidnb29nbGUubWFwcy5wbGFjZXMudjEuUGxhY2VzLlNlYXJjaFRleHQQAhgEIAA,Monday: 7:30 AM – 5:00 PM; Tuesday: 7:30 AM – 5:00 PM; Wednesday: 7:30 AM – 4:00 PM; Thursday: 7:30 AM – 6:00 PM; Friday: 7:30 AM – 2:00 PM; Saturday: Closed; Sunday: Closed,dental_clinic,Auckland,Auckland CBD,no_prices,2026-03-18
St Patrick's Square Medical and Dental Centre,"33 Wyndham Street, Auckland CBD, Auckland 1010, New Zealand",09 302 2495,+64 9 302 2495,,5,1,OPERATIONAL,https://maps.google.com/?cid=17175761610490643623&g_mp=Cidnb29nbGUubWFwcy5wbGFjZXMudjEuUGxhY2VzLlNlYXJjaFRleHQQAhgEIAA,,dental_clinic,Auckland,Auckland CBD,no_prices,2026-03-18
Dental Health with Anna Caldwell,"City Centre 3/79 Queen Street, Auckland CBD, Auckland 1010, New Zealand",027 727 5262,+64 27 727 5262,https://www.annacaldwell.co.nz/,5,6,OPERATIONAL,https://maps.google.com/?cid=4827681838039731378&g_mp=Cidnb29nbGUubWFwcy5wbGFjZXMudjEuUGxhY2VzLlNlYXJjaFRleHQQAhgEIAA,Monday: 2:00 – 8:00 PM; Tuesday: 8:00 AM – 7:00 PM; Wednesday: 8:00 AM – 7:00 PM; Thursday: Closed; Friday: 8:00 AM – 7:00 PM; Saturday: Closed; Sunday: Closed,dental_clinic,Auckland,Auckland CBD,no_prices,2026-03-18
Auckland Oral & Maxillofacial Surgery Group,"Ground floor, Auckland CBD, Auckland 1010, New Zealand",09 369 5566,+64 9 369 5566,http://www.aoms.co.nz/,4.6,60,OPERATIONAL,https://maps.google.com/?cid=11509180428197789601&g_mp=Cidnb29nbGUubWFwcy5wbGFjZXMudjEuUGxhY2VzLlNlYXJjaFRleHQQAhgEIAA,Monday: 8:00 AM – 5:00 PM; Tuesday: 8:00 AM – 5:00 PM; Wednesday: 8:00 AM – 5:00 PM; Thursday: 8:00 AM – 5:00 PM; Friday: 8:00 AM – 4:00 PM; Saturday: Closed; Sunday: Closed,dental_clinic,Auckland,Auckland CBD,no_prices,2026-03-18
Dentist On Parnell,"7B/77 The Strand, Parnell, Auckland 1010, New Zealand",09 377 5205,+64 9 377 5205,http://www.dentistonparnell.co.nz/,4.9,17,OPERATIONAL,https://maps.google.com/?cid=3777016269501329787&g_mp=Cidnb29nbGUubWFwcy5wbGFjZXMudjEuUGxhY2VzLlNlYXJjaFRleHQQAhgEIAA,Monday: 9:00 AM – 5:00 PM; Tuesday: 9:00 AM – 5:00 PM; Wednesday: 9:00 AM – 5:00 PM; Thursday: 9:00 AM – 5:00 PM; Friday: 9:00 AM – 5:00 PM; Saturday: 9:00 AM – 3:00 PM; Sunday: Closed,dental_clinic,Auckland,Auckland CBD,no_prices,2026-03-18
Auckland City Orthodontics CBD,"2/79 Queen Street, Auckland CBD, Auckland 1010, New Zealand",09 377 7607,+64 9 377 7607,https://www.aucklandcityorthodontics.co.nz/book-a-free-consultation?utm_source=google&utm_medium=local&utm_campaign=1&utm_content=primary,5,204,OPERATIONAL,https://maps.google.com/?cid=14139973009277689064&g_mp=Cidnb29nbGUubWFwcy5wbGFjZXMudjEuUGxhY2VzLlNlYXJjaFRleHQQAhgEIAA,Monday: 9:00 AM – 5:00 PM; Tuesday: 9:00 AM – 6:00 PM; Wednesday: 9:00 AM – 5:00 PM; Thursday: 8:00 AM – 5:00 PM; Friday: 9:00 AM – 1:00 PM; Saturday: Closed; Sunday: Closed,dental_clinic,Auckland,Auckland CBD,no_prices,2026-03-18
Keith Nelson & Associates,"103 Franklin Road, Freemans Bay, Auckland 1011, New Zealand",09 378 0877,+64 9 378 0877,https://www.keithnelson.co.nz/,4.8,79,OPERATIONAL,https://maps.google.com/?cid=12248507998302615048&g_mp=Cidnb29nbGUubWFwcy5wbGFjZXMudjEuUGxhY2VzLlNlYXJjaFRleHQQAhgEIAA,Monday: 7:30 AM – 6:00 PM; Tuesday: 7:30 AM – 6:00 PM; Wednesday: 7:30 AM – 6:00 PM; Thursday: 7:30 AM – 6:00 PM; Friday: 7:30 AM – 6:00 PM; Saturday: 8:30 AM – 1:30 PM; Sunday: Closed,dental_clinic,Auckland,Auckland CBD,no_prices,2026-03-18
Eden Dental Centre,"Unit 3/1 Porters Avenue, Eden Terrace, Auckland 1024, New Zealand",09 373 5141,+64 9 373 5141,https://www.edendental.co.nz/,4.8,28,OPERATIONAL,https://maps.google.com/?cid=16240117858494322178&g_mp=Cidnb29nbGUubWFwcy5wbGFjZXMudjEuUGxhY2VzLlNlYXJjaFRleHQQAhgEIAA,Monday: 8:00 AM – 5:00 PM; Tuesday: 8:00 AM – 5:00 PM; Wednesday: 8:00 AM – 4:00 PM; Thursday: 8:00 AM – 4:00 PM; Friday: 8:00 AM – 12:00 PM; Saturday: Closed; Sunday: Closed,dental_clinic,Auckland,Auckland CBD,no_prices,2026-03-18
Metro Dental Care,"79 Queen Street, Auckland CBD, Auckland 1010, New Zealand",09 379 0296,+64 9 379 0296,,3.7,3,OPERATIONAL,https://maps.google.com/?cid=8936622669401104045&g_mp=Cidnb29nbGUubWFwcy5wbGFjZXMudjEuUGxhY2VzLlNlYXJjaFRleHQQAhgEIAA,Monday: 7:30 AM – 6:00 PM; Tuesday: 7:30 AM – 6:00 PM; Wednesday: 7:30 AM – 6:00 PM; Thursday: 7:30 AM – 6:00 PM; Friday: 7:30 AM – 6:00 PM; Saturday: Closed; Sunday: Closed,dental_clinic,Auckland,Auckland CBD,no_prices,2026-03-18
Quay Park Specialist Day Hospital,"Quay Park Specialist Day Hospital Level 2, 2/68 Beach Road, Auckland CBD, Auckland 1010, New Zealand",09 919 2500,+64 9 919 2500,https://www.quayparksurgical.co.nz/,4.1,18,OPERATIONAL,https://maps.google.com/?cid=6728152281819195818&g_mp=Cidnb29nbGUubWFwcy5wbGFjZXMudjEuUGxhY2VzLlNlYXJjaFRleHQQAhgEIAA,Monday: Closed; Tuesday: 7:00 AM – 5:00 PM; Wednesday: 7:00 AM – 5:00 PM; Thursday: 7:00 AM – 5:00 PM; Friday: 7:00 AM – 5:00 PM; Saturday: Closed; Sunday: Closed,dental_clinic,Auckland,Auckland CBD,no_prices,2026-03-18
Chemist Warehouse Auckland - Lower Queen St,"1A/155 Queen Street, Auckland CBD, Auckland 1010, New Zealand",09 941 4911,+64 9 941 4911,https://www.chemistwarehouse.co.nz/,4.1,449,OPERATIONAL,https://maps.google.com/?cid=74094257688230315&g_mp=Cidnb29nbGUubWFwcy5wbGFjZXMudjEuUGxhY2VzLlNlYXJjaFRleHQQAhgEIAA,Monday: 8:00 AM – 9:00 PM; Tuesday: 8:00 AM – 9:00 PM; Wednesday: 8:00 AM – 9:00 PM; Thursday: 8:00 AM – 9:00 PM; Friday: 8:00 AM – 9:00 PM; Saturday: 8:00 AM – 9:00 PM; Sunday: 8:00 AM – 9:00 PM,dental_clinic,Auckland,Auckland CBD,no_prices,2026-03-18
"Dr. Hisham Abdalla, Dr Hisham's Holistic Oral Care System","32 Mahuhu Crescent, Auckland CBD, Auckland 1010, New Zealand",09 377 2012,+64 9 377 2012,http://www.drhishams.nz/,5,3,OPERATIONAL,https://maps.google.com/?cid=3796757811471619597&g_mp=Cidnb29nbGUubWFwcy5wbGFjZXMudjEuUGxhY2VzLlNlYXJjaFRleHQQAhgEIAA,Monday: 8:30 AM – 5:00 PM; Tuesday: 8:30 AM – 7:30 PM; Wednesday: 8:30 AM – 5:00 PM; Thursday: 8:30 AM – 7:30 PM; Friday: Closed; Saturday: Closed; Sunday: Closed,dental_clinic,Auckland,Auckland CBD,no_prices,2026-03-18
Dental Artistry - Auckland Dentist,"Level 1/38 Broadway, Newmarket, Auckland 1023, New Zealand",09 524 4541,+64 9 524 4541,https://dentalartistry.co.nz/?utm_campaign=gmb-auckland&utm_source=google&utm_medium=organic&utm_term=website&utm_content=gmb-website,4.9,335,OPERATIONAL,https://maps.google.com/?cid=15647750568793069391&g_mp=Cidnb29nbGUubWFwcy5wbGFjZXMudjEuUGxhY2VzLlNlYXJjaFRleHQQAhgEIAA,Monday: 8:30 AM – 5:00 PM; Tuesday: 8:30 AM – 5:00 PM; Wednesday: 8:30 AM – 5:00 PM; Thursday: 8:30 AM – 5:00 PM; Friday: 8:30 AM – 4:00 PM; Saturday: 9:00 AM – 3:00 PM; Sunday: Closed,dental_clinic,Auckland,Auckland CBD,no_prices,2026-03-18
Ponsonby Teeth,"213 Ponsonby Road, Ponsonby, Auckland 1011, New Zealand",09 953 4093,+64 9 953 4093,https://www.ponsonbyteeth.co.nz/,4.8,65,OPERATIONAL,https://maps.google.com/?cid=11273247512139927312&g_mp=Cidnb29nbGUubWFwcy5wbGFjZXMudjEuUGxhY2VzLlNlYXJjaFRleHQQAhgEIAA,Monday: 8:00 AM – 7:00 PM; Tuesday: 8:00 AM – 7:00 PM; Wednesday: 8:00 AM – 7:00 PM; Thursday: 8:00 AM – 7:00 PM; Friday: 8:00 AM – 4:00 PM; Saturday: 8:30 AM – 4:00 PM; Sunday: Closed,dental_clinic,Auckland,Auckland CBD,no_prices,2026-03-18
Newmarket Family Dental Care,"38 Broadway, Newmarket, Auckland 1023, New Zealand",09 529 9273,+64 9 529 9273,http://newmarketfamilydentist.co.nz/,4.9,92,OPERATIONAL,https://maps.google.com/?cid=8887433320715531207&g_mp=Cidnb29nbGUubWFwcy5wbGFjZXMudjEuUGxhY2VzLlNlYXJjaFRleHQQAhgEIAA,Monday: 8:30 AM – 5:00 PM; Tuesday: 8:30 AM – 5:00 PM; Wednesday: 8:30 AM – 5:00 PM; Thursday: 8:30 AM – 5:00 PM; Friday: 8:30 AM – 4:00 PM; Saturday: 9:00 AM – 3:00 PM; Sunday: Closed,dental_clinic,Auckland,Auckland CBD,no_prices,2026-03-18
Auckland Dental Care,"Ground Floor/9 Anzac Street, Takapuna, Auckland 0622, New Zealand",09 869 3500,+64 9 869 3500,https://akldentalcare.co.nz/,5,168,OPERATIONAL,https://maps.google.com/?cid=8483800186981424611&g_mp=Cidnb29nbGUubWFwcy5wbGFjZXMudjEuUGxhY2VzLlNlYXJjaFRleHQQAhgEIAA,Monday: 8:30 AM – 5:30 PM; Tuesday: 8:30 AM – 5:30 PM; Wednesday: 8:30 AM – 6:00 PM; Thursday: 8:30 AM – 8:00 PM; Friday: 8:30 AM – 6:00 PM; Saturday: 8:30 AM – 2:00 PM; Sunday: Closed,dental_clinic,Auckland,Auckland CBD,no_prices,2026-03-18
The Cosmetic Clinic Queen Street,"246 Queen Street, Auckland CBD, Auckland 1010, New Zealand",09 220 4366,+64 9 220 4366,https://www.thecosmeticclinic.co.nz/?utm_source=google&utm_medium=organic&utm_campaign=gmb&utm_term=website+link,4.8,295,OPERATIONAL,https://maps.google.com/?cid=11034331739084228739&g_mp=Cidnb29nbGUubWFwcy5wbGFjZXMudjEuUGxhY2VzLlNlYXJjaFRleHQQAhgEIAA,Monday: 10:00 AM – 6:00 PM; Tuesday: 9:00 AM – 7:30 PM; Wednesday: 9:00 AM – 7:30 PM; Thursday: 9:00 AM – 7:30 PM; Friday: 9:00 AM – 6:00 PM; Saturday: 10:00 AM – 5:30 PM; Sunday: Closed,dental_clinic,Auckland,Auckland CBD,no_prices,2026-03-18
The Whitening Co Ponsonby Studio - Auckland Teeth Whitening,"4 Ponsonby Road, Ponsonby, Auckland 1011, New Zealand",0800 294 4836,+64 800 294 4836,http://www.whiteningco.nz/,4.9,139,OPERATIONAL,https://maps.google.com/?cid=6600954483807521755&g_mp=Cidnb29nbGUubWFwcy5wbGFjZXMudjEuUGxhY2VzLlNlYXJjaFRleHQQAhgEIAA,Monday: 9:00 AM – 6:00 PM; Tuesday: 9:00 AM – 9:00 PM; Wednesday: 10:00 AM – 6:00 PM; Thursday: 9:00 AM – 9:00 PM; Friday: 10:00 AM – 6:00 PM; Saturday: 9:00 AM – 4:00 PM; Sunday: 10:00 AM – 2:00 PM,dental_clinic,Auckland,Auckland CBD,no_prices,2026-03-18
Affordable Dentists Ellerslie,"2/2 Robert Street, Ellerslie, Auckland 1051, New Zealand",09 525 5913,+64 9 525 5913,https://affordabledentists.co.nz/,5,411,OPERATIONAL,https://maps.google.com/?cid=14989230122893064217&g_mp=Cidnb29nbGUubWFwcy5wbGFjZXMudjEuUGxhY2VzLlNlYXJjaFRleHQQAhgEIAA,Monday: 9:00 AM – 5:00 PM; Tuesday: 8:30 AM – 6:30 PM; Wednesday: 8:00 AM – 5:00 PM; Thursday: 8:00 AM – 6:00 PM; Friday: 8:00 AM – 4:00 PM; Saturday: Closed; Sunday: Closed,dental_clinic,Auckland,Auckland CBD,no_prices,2026-03-18
Accent Dentists - Cosmetic Dentist,"332 Ponsonby Road, Ponsonby, Auckland 1011, New Zealand",09 376 4374,+64 9 376 4374,http://www.accentdentists.co.nz/,5,320,OPERATIONAL,https://maps.google.com/?cid=13614376208500756646&g_mp=Cidnb29nbGUubWFwcy5wbGFjZXMudjEuUGxhY2VzLlNlYXJjaFRleHQQAhgEIAA,Monday: 8:00 AM – 5:30 PM; Tuesday: 8:00 AM – 5:30 PM; Wednesday: 8:00 AM – 5:00 PM; Thursday: 8:00 AM – 5:00 PM; Friday: 8:00 AM – 5:30 PM; Saturday: Closed; Sunday: Closed,dental_clinic,Auckland,Auckland CBD,no_prices,2026-03-18
Ponsonby Dental Boutique,"Corner of Franklin & Ponsonby Roads 183 Ponsonby Road, Ponsonby, Auckland 1011, New Zealand",09 377 7700,+64 9 377 7700,http://www.183ponsonbydental.co.nz/,4.9,61,OPERATIONAL,https://maps.google.com/?cid=3789109546989356557&g_mp=Cidnb29nbGUubWFwcy5wbGFjZXMudjEuUGxhY2VzLlNlYXJjaFRleHQQAhgEIAA,Monday: 9:00 AM – 5:00 PM; Tuesday: 9:00 AM – 5:00 PM; Wednesday: 9:00 AM – 5:00 PM; Thursday: 9:00 AM – 5:00 PM; Friday: 9:00 AM – 5:00 PM; Saturday: Closed; Sunday: Closed,dental_clinic,Auckland,Auckland CBD,no_prices,2026-03-18
laser lifeCARE institute,"32 Mahuhu Crescent, Auckland CBD, Auckland 1010, New Zealand",09 377 2012,+64 9 377 2012,http://www.lasersmile.co.nz/,4.8,40,OPERATIONAL,https://maps.google.com/?cid=12820402243563646437&g_mp=Cidnb29nbGUubWFwcy5wbGFjZXMudjEuUGxhY2VzLlNlYXJjaFRleHQQAhgEIAA,Monday: 10:00 AM – 6:00 PM; Tuesday: 10:00 AM – 7:00 PM; Wednesday: 10:00 AM – 5:00 PM; Thursday: 10:00 AM – 7:00 PM; Friday: Closed; Saturday: Closed; Sunday: Closed,dental_clinic,Auckland,Auckland CBD,no_prices,2026-03-18
Unichem,"115 Queen Street, Auckland CBD, Auckland 1010, New Zealand",09 303 4253,+64 9 303 4253,https://healthservices.unichem.co.nz/pharmacy-location-services/unichem-115-queen-st-pharmacy,3.6,74,OPERATIONAL,https://maps.google.com/?cid=4095756198699338092&g_mp=Cidnb29nbGUubWFwcy5wbGFjZXMudjEuUGxhY2VzLlNlYXJjaFRleHQQAhgEIAA,Monday: 9:00 AM – 6:00 PM; Tuesday: 9:00 AM – 6:00 PM; Wednesday: 9:00 AM – 6:00 PM; Thursday: 9:00 AM – 6:00 PM; Friday: 9:00 AM – 6:00 PM; Saturday: 10:00 AM – 5:00 PM; Sunday: 10:00 AM – 5:00 PM,dental_clinic,Auckland,Auckland CBD,no_prices,2026-03-18
Dental on Richmond,"483 Richmond Road, Grey Lynn, Auckland 1021, New Zealand",09 666 4040,+64 9 666 4040,https://www.dentalonrichmond.co.nz/?utm_source=Google&utm_medium=Organic&utm_campaign=GBP&utm_term=Website,5,68,OPERATIONAL,https://maps.google.com/?cid=3266354952357258712&g_mp=Cidnb29nbGUubWFwcy5wbGFjZXMudjEuUGxhY2VzLlNlYXJjaFRleHQQAhgEIAA,Monday: 8:30 AM – 5:00 PM; Tuesday: 8:30 AM – 5:00 PM; Wednesday: 8:30 AM – 5:00 PM; Thursday: 8:30 AM – 7:00 PM; Friday: 8:00 AM – 4:30 PM; Saturday: Closed; Sunday: Closed,dental_clinic,Auckland,Auckland CBD,no_prices,2026-03-18
Royal Oak Dental Centre,"792a Manukau Road, Royal Oak, Auckland 1023, New Zealand",09 625 7069,+64 9 625 7069,https://www.royaloakdental.co.nz/,4.2,59,OPERATIONAL,https://maps.google.com/?cid=1638419199895247000&g_mp=Cidnb29nbGUubWFwcy5wbGFjZXMudjEuUGxhY2VzLlNlYXJjaFRleHQQAhgEIAA,Monday: 8:30 AM – 5:00 PM; Tuesday: 8:30 AM – 5:00 PM; Wednesday: 8:30 AM – 5:00 PM; Thursday: 8:30 AM – 5:00 PM; Friday: 8:30 AM – 5:00 PM; Saturday: Closed; Sunday: Closed,dental_clinic,Auckland,Auckland CBD,no_prices,2026-03-18
Lumino The Dentists | Support Office,"Aon Centre Level 11/29 Customs Street West, Auckland CBD, Auckland 1010, New Zealand",09 361 7100,+64 9 361 7100,https://lumino.co.nz/?utm_source=google_business_profile&utm_medium=organic,1.7,12,OPERATIONAL,https://maps.google.com/?cid=3747994387695659100&g_mp=Cidnb29nbGUubWFwcy5wbGFjZXMudjEuUGxhY2VzLlNlYXJjaFRleHQQAhgEIAA,Monday: 9:00 AM – 5:00 PM; Tuesday: 9:00 AM – 5:00 PM; Wednesday: 9:00 AM – 5:00 PM; Thursday: 9:00 AM – 5:00 PM; Friday: 9:00 AM – 5:00 PM; Saturday: Closed; Sunday: Closed,dental_clinic,Auckland,Auckland CBD,no_prices,2026-03-18
Newmarket Dental Group,"Cnr Broadway & Teed Street, Newmarket, Auckland 1023, New Zealand",09 520 0734,+64 9 520 0734,https://newmarketdentalgroup.co.nz/,4.9,19,OPERATIONAL,https://maps.google.com/?cid=10970510268275076285&g_mp=Cidnb29nbGUubWFwcy5wbGFjZXMudjEuUGxhY2VzLlNlYXJjaFRleHQQAhgEIAA,Monday: 8:00 AM – 5:00 PM; Tuesday: 8:00 AM – 5:00 PM; Wednesday: 8:00 AM – 5:00 PM; Thursday: 8:00 AM – 5:00 PM; Friday: 8:00 AM – 5:00 PM; Saturday: Closed; Sunday: Closed,dental_clinic,Auckland,Auckland CBD,no_prices,2026-03-18
Calder Health Centre,"140 Hobson Street, Auckland CBD, Auckland 1010, New Zealand",09 303 9266,+64 9 303 9266,https://www.aucklandcitymission.org.nz/get-help/health-services/,3.2,33,OPERATIONAL,https://maps.google.com/?cid=2592170191517953051&g_mp=Cidnb29nbGUubWFwcy5wbGFjZXMudjEuUGxhY2VzLlNlYXJjaFRleHQQAhgEIAA,Monday: 8:30 AM – 4:00 PM; Tuesday: 8:30 AM – 4:00 PM; Wednesday: 9:00 AM – 4:00 PM; Thursday: 8:30 AM – 4:00 PM; Friday: 8:30 AM – 4:00 PM; Saturday: Closed; Sunday: Closed,dental_clinic,Auckland,Auckland CBD,no_prices,2026-03-18
Ponsonby Accident & Emergency Dental,"1/1 Prosford Street, Ponsonby, Auckland 1011, New Zealand",09 376 9222,+64 9 376 9222,https://www.ponsonbyaedental.co.nz/,4.5,45,OPERATIONAL,https://maps.google.com/?cid=16527434470702057235&g_mp=Cidnb29nbGUubWFwcy5wbGFjZXMudjEuUGxhY2VzLlNlYXJjaFRleHQQAhgEIAA,Monday: 9:00 AM – 6:00 PM; Tuesday: 9:00 AM – 1:00 PM; Wednesday: 9:00 AM – 6:00 PM; Thursday: 9:00 AM – 6:00 PM; Friday: 9:00 AM – 6:00 PM; Saturday: Closed; Sunday: 9:00 AM – 6:00 PM,dental_clinic,Auckland,Auckland CBD,no_prices,2026-03-18
Southern Cross Dental NZ (Auckland Office),"Level 1/6 Auburn Street, Grafton, Auckland 1023, New Zealand",09 379 9778,+64 9 379 9778,https://scdlab.co.nz/,5,2,OPERATIONAL,https://maps.google.com/?cid=11679010544600707331&g_mp=Cidnb29nbGUubWFwcy5wbGFjZXMudjEuUGxhY2VzLlNlYXJjaFRleHQQAhgEIAA,Monday: 8:30 AM – 5:00 PM; Tuesday: 8:30 AM – 5:00 PM; Wednesday: 8:30 AM – 5:00 PM; Thursday: 8:30 AM – 5:00 PM; Friday: 8:30 AM – 5:00 PM; Saturday: Closed; Sunday: Closed,dental_clinic,Auckland,Auckland CBD,no_prices,2026-03-18
Unichem Queen Street Pharmacy,"262 Queen Street, Auckland CBD, Auckland 1010, New Zealand",09 375 1537,+64 9 375 1537,http://www.unichem.co.nz/,4,98,OPERATIONAL,https://maps.google.com/?cid=2925952336677658358&g_mp=Cidnb29nbGUubWFwcy5wbGFjZXMudjEuUGxhY2VzLlNlYXJjaFRleHQQAhgEIAA,Monday: 9:00 AM – 7:00 PM; Tuesday: 9:00 AM – 7:00 PM; Wednesday: 9:00 AM – 7:00 PM; Thursday: 9:00 AM – 7:00 PM; Friday: 9:00 AM – 7:00 PM; Saturday: 10:00 AM – 6:00 PM; Sunday: 10:00 AM – 6:00 PM,dental_clinic,Auckland,Auckland CBD,no_prices,2026-03-18
Ponsonby Dentist | Lumino The Dentists,"Level 1/114 Ponsonby Road, Grey Lynn, Auckland 1011, New Zealand",09 361 2060,+64 9 361 2060,https://lumino.co.nz/dentists/ponsonby-dentist/?utm_source=google_business_profile&utm_medium=organic,3.9,85,OPERATIONAL,https://maps.google.com/?cid=9060722054583213503&g_mp=Cidnb29nbGUubWFwcy5wbGFjZXMudjEuUGxhY2VzLlNlYXJjaFRleHQQAhgEIAA,Monday: 7:30 AM – 4:30 PM; Tuesday: 7:30 AM – 7:00 PM; Wednesday: 7:30 AM – 4:30 PM; Thursday: 7:30 AM – 4:30 PM; Friday: 7:30 AM – 5:00 PM; Saturday: 8:00 AM – 5:00 PM; Sunday: Closed,dental_clinic,Auckland,Auckland CBD,no_prices,2026-03-18
SmilePath - New Zealand,"Harbourview Building Suit A, Floor 8/152 Quay Street, Auckland CBD, Auckland 1010, New Zealand",09 985 3502,+64 9 985 3502,https://smilepath.nz/,4.2,53,OPERATIONAL,https://maps.google.com/?cid=2326938082850306566&g_mp=Cidnb29nbGUubWFwcy5wbGFjZXMudjEuUGxhY2VzLlNlYXJjaFRleHQQAhgEIAA,,dental_clinic,Auckland,Auckland CBD,no_prices,2026-03-18
Hani Naoum Endodontist,"68 Beach Road, Auckland CBD, Auckland 1010, New Zealand",09 377 2922,+64 9 377 2922,http://www.endosol.co.nz/,4.5,8,OPERATIONAL,https://maps.google.com/?cid=8444219200751107104&g_mp=Cidnb29nbGUubWFwcy5wbGFjZXMudjEuUGxhY2VzLlNlYXJjaFRleHQQAhgEIAA,Monday: 8:30 AM – 5:00 PM; Tuesday: 8:30 AM – 5:00 PM; Wednesday: 8:30 AM – 3:00 PM; Thursday: 8:30 AM – 5:00 PM; Friday: 8:30 AM – 4:30 PM; Saturday: Closed; Sunday: Closed,dental_clinic,Auckland,Auckland CBD,no_prices,2026-03-18
Greenlane Dental,"205 Great South Road, Greenlane, Auckland 1051, New Zealand",09 520 1521,+64 9 520 1521,https://gld.co.nz/,4.7,79,OPERATIONAL,https://maps.google.com/?cid=14552611062140875227&g_mp=Cidnb29nbGUubWFwcy5wbGFjZXMudjEuUGxhY2VzLlNlYXJjaFRleHQQAhgEIAA,Monday: 8:00 AM – 5:00 PM; Tuesday: 8:00 AM – 5:00 PM; Wednesday: 8:00 AM – 5:00 PM; Thursday: 8:00 AM – 7:00 PM; Friday: 8:00 AM – 5:00 PM; Saturday: 8:00 AM – 1:00 PM; Sunday: Closed,dental_clinic,Auckland,Auckland CBD,no_prices,2026-03-18
Blockhouse Bay Dental Centre,"3A Heaphy Street, Blockhouse Bay, Auckland 0600, New Zealand",09 627 9970,+64 9 627 9970,https://www.bhbdental.co.nz/?UTM_source=GBL,4.9,348,OPERATIONAL,https://maps.google.com/?cid=10377031284297524483&g_mp=Cidnb29nbGUubWFwcy5wbGFjZXMudjEuUGxhY2VzLlNlYXJjaFRleHQQAhgEIAA,Monday: 8:00 AM – 5:00 PM; Tuesday: 8:00 AM – 5:00 PM; Wednesday: 8:00 AM – 7:00 PM; Thursday: 8:00 AM – 7:00 PM; Friday: 8:00 AM – 4:30 PM; Saturday: 9:00 AM – 1:00 PM; Sunday: Closed,dental_clinic,Auckland,Auckland CBD,no_prices,2026-03-18
Endodontic Solutions Ltd,"68 Beach Road, Auckland CBD, Auckland 1010, New Zealand",09 377 2922,+64 9 377 2922,http://www.endosol.co.nz/,4.1,15,OPERATIONAL,https://maps.google.com/?cid=5223019203864750114&g_mp=Cidnb29nbGUubWFwcy5wbGFjZXMudjEuUGxhY2VzLlNlYXJjaFRleHQQAhgEIAA,Monday: 8:30 AM – 5:00 PM; Tuesday: 8:30 AM – 5:00 PM; Wednesday: 8:30 AM – 3:00 PM; Thursday: 8:30 AM – 5:00 PM; Friday: 8:30 AM – 5:00 PM; Saturday: Closed; Sunday: Closed,dental_clinic,Auckland,Auckland CBD,no_prices,2026-03-18
Cosmetic Dental,"126B Remuera Road, Remuera, Auckland 1050, New Zealand",09 524 2515,+64 9 524 2515,https://www.cosmeticdental.co.nz/,5,82,OPERATIONAL,https://maps.google.com/?cid=6869193445224928467&g_mp=Cidnb29nbGUubWFwcy5wbGFjZXMudjEuUGxhY2VzLlNlYXJjaFRleHQQAhgEIAA,Monday: 8:00 AM – 5:00 PM; Tuesday: 8:00 AM – 5:00 PM; Wednesday: 8:00 AM – 5:00 PM; Thursday: 8:00 AM – 5:00 PM; Friday: 8:00 AM – 2:30 PM; Saturday: Closed; Sunday: Closed,dental_clinic,Auckland,Auckland CBD,no_prices,2026-03-18
Teeth Whitening Associates,"Auckland CBD, Auckland 1010, New Zealand",021 237 4553,+64 21 237 4553,http://www.teethwhitening.net.nz/,5,1,OPERATIONAL,https://maps.google.com/?cid=5487598774584939071&g_mp=Cidnb29nbGUubWFwcy5wbGFjZXMudjEuUGxhY2VzLlNlYXJjaFRleHQQAhgEIAA,,dental_clinic,Auckland,Auckland CBD,no_prices,2026-03-18
Inspire Dental,"1/28 Remuera Road, Newmarket, Auckland 1050, New Zealand",09 522 8090,+64 9 522 8090,http://www.inspiredental.co.nz/,4.8,29,OPERATIONAL,https://maps.google.com/?cid=8261163675317970397&g_mp=Cidnb29nbGUubWFwcy5wbGFjZXMudjEuUGxhY2VzLlNlYXJjaFRleHQQAhgEIAA,Monday: Closed; Tuesday: 9:00 AM – 5:00 PM; Wednesday: 9:00 AM – 5:00 PM; Thursday: 9:00 AM – 5:00 PM; Friday: 9:00 AM – 5:00 PM; Saturday: 9:30 AM – 4:00 PM; Sunday: Closed,dental_clinic,Auckland,Newmarket Auckland,no_prices,2026-03-18
Aevitas Dentistry,"106 Carlton Gore Road, Newmarket, Auckland 1023, New Zealand",09 368 9229,+64 9 368 9229,https://www.aevitasnewmarketdentist.co.nz/,4.4,31,OPERATIONAL,https://maps.google.com/?cid=15044934369241751261&g_mp=Cidnb29nbGUubWFwcy5wbGFjZXMudjEuUGxhY2VzLlNlYXJjaFRleHQQAhgEIAA,Monday: 8:00 AM – 5:00 PM; Tuesday: 8:00 AM – 5:00 PM; Wednesday: 8:00 AM – 5:00 PM; Thursday: 8:00 AM – 5:00 PM; Friday: 8:00 AM – 3:30 PM; Saturday: Closed; Sunday: Closed,dental_clinic,Auckland,Newmarket Auckland,no_prices,2026-03-18
Newmarket Dental Studio,"Level, Level 2/142 Broadway, Newmarket, Auckland 1023, New Zealand",09 368 1815,+64 9 368 1815,http://www.newmarketdentalstudio.co.nz/,,,OPERATIONAL,https://maps.google.com/?cid=12695831748757320766&g_mp=Cidnb29nbGUubWFwcy5wbGFjZXMudjEuUGxhY2VzLlNlYXJjaFRleHQQAhgEIAA,Monday: 8:00 AM – 5:00 PM; Tuesday: 8:00 AM – 5:00 PM; Wednesday: 8:00 AM – 5:00 PM; Thursday: 8:00 AM – 5:00 PM; Friday: 8:00 AM – 5:00 PM; Saturday: Closed; Sunday: Closed,dental_clinic,Auckland,Newmarket Auckland,no_prices,2026-03-18
Tam Dental Group - Cosmetic + General Dentistry,"18 Morrow Street, Newmarket, Auckland 1023, New Zealand",09 524 8399,+64 9 524 8399,https://www.clarencetam.co.nz/,5,22,OPERATIONAL,https://maps.google.com/?cid=9058902895237096494&g_mp=Cidnb29nbGUubWFwcy5wbGFjZXMudjEuUGxhY2VzLlNlYXJjaFRleHQQAhgEIAA,Monday: 8:00 AM – 4:30 PM; Tuesday: 8:00 AM – 4:30 PM; Wednesday: 8:00 AM – 4:30 PM; Thursday: 8:00 AM – 4:30 PM; Friday: 8:00 AM – 1:00 PM; Saturday: Closed; Sunday: Closed,dental_clinic,Auckland,Newmarket Auckland,no_prices,2026-03-18
Institute of Dental Implants & Periodontics,"4/142 Broadway, Newmarket, Auckland 1023, New Zealand",09 524 9002,+64 9 524 9002,http://www.implantdentist.co.nz/,4.7,11,OPERATIONAL,https://maps.google.com/?cid=7089381133433785385&g_mp=Cidnb29nbGUubWFwcy5wbGFjZXMudjEuUGxhY2VzLlNlYXJjaFRleHQQAhgEIAA,Monday: 8:00 AM – 5:00 PM; Tuesday: 8:00 AM – 5:00 PM; Wednesday: 8:00 AM – 5:00 PM; Thursday: 8:00 AM – 5:00 PM; Friday: 8:00 AM – 5:00 PM; Saturday: Closed; Sunday: Closed,dental_clinic,Auckland,Newmarket Auckland,no_prices,2026-03-18
"Casley, Wong & Tam Dental","18 Morrow Street, Newmarket, Auckland 1023, New Zealand",09 524 8399,+64 9 524 8399,http://www.morrowstreetdental.co.nz/,4.3,6,OPERATIONAL,https://maps.google.com/?cid=1829816904435290208&g_mp=Cidnb29nbGUubWFwcy5wbGFjZXMudjEuUGxhY2VzLlNlYXJjaFRleHQQAhgEIAA,Monday: 8:00 AM – 6:30 PM; Tuesday: 8:00 AM – 5:00 PM; Wednesday: 8:00 AM – 6:30 PM; Thursday: 8:00 AM – 5:00 PM; Friday: 8:00 AM – 5:00 PM; Saturday: Closed; Sunday: Closed,dental_clinic,Auckland,Newmarket Auckland,no_prices,2026-03-18
Dental Boutique Auckland,"204 Jervois Road, Herne Bay, Auckland 1011, New Zealand",0800 005 200,+64 800 005 200,https://dentalboutique.co.nz/,5,106,OPERATIONAL,https://maps.google.com/?cid=3955869421869510253&g_mp=Cidnb29nbGUubWFwcy5wbGFjZXMudjEuUGxhY2VzLlNlYXJjaFRleHQQAhgEIAA,Monday: 8:00 AM – 5:00 PM; Tuesday: 8:00 AM – 5:00 PM; Wednesday: 8:00 AM – 5:00 PM; Thursday: 8:00 AM – 5:00 PM; Friday: 8:00 AM – 5:00 PM; Saturday: Closed; Sunday: Closed,dental_clinic,Auckland,Ponsonby Auckland,no_prices,2026-03-18
ARDS Childrens Dental Clinic Ponsonby,"33 Sheehan Street, Ponsonby, Auckland 1011, New Zealand",09 376 6327,+64 9 376 6327,http://www.ards.co.nz/,4.3,11,OPERATIONAL,https://maps.google.com/?cid=6816230319734341357&g_mp=Cidnb29nbGUubWFwcy5wbGFjZXMudjEuUGxhY2VzLlNlYXJjaFRleHQQAhgEIAA,Monday: 8:15 AM – 4:00 PM; Tuesday: 8:15 AM – 4:00 PM; Wednesday: 8:15 AM – 4:00 PM; Thursday: 8:15 AM – 4:00 PM; Friday: 8:15 AM – 4:00 PM; Saturday: Closed; Sunday: Closed,dental_clinic,Auckland,Ponsonby Auckland,no_prices,2026-03-18
The Tooth Company Grey Lynn,"Unit B/274 Richmond Road, Grey Lynn, Auckland 1021, New Zealand",09 361 1110,+64 9 361 1110,https://thetoothcompany.co.nz/grey-lynn/,5,87,OPERATIONAL,https://maps.google.com/?cid=7557930184937131289&g_mp=Cidnb29nbGUubWFwcy5wbGFjZXMudjEuUGxhY2VzLlNlYXJjaFRleHQQAhgEIAA,Monday: 8:30 AM – 8:00 PM; Tuesday: 8:30 AM – 5:00 PM; Wednesday: 8:30 AM – 8:00 PM; Thursday: 8:30 AM – 8:00 PM; Friday: 9:00 AM – 4:00 PM; Saturday: 9:00 AM – 4:00 PM; Sunday: 10:00 AM – 5:00 PM,dental_clinic,Auckland,Ponsonby Auckland,no_prices,2026-03-18
The Cosmetic Clinic Ponsonby,"63 Ponsonby Road, Ponsonby, Auckland 1011, New Zealand",09 220 6000,+64 9 220 6000,https://www.thecosmeticclinic.co.nz/?utm_source=google&utm_medium=organic&utm_campaign=gmb&utm_term=website+link,4.9,154,OPERATIONAL,https://maps.google.com/?cid=857766486106155295&g_mp=Cidnb29nbGUubWFwcy5wbGFjZXMudjEuUGxhY2VzLlNlYXJjaFRleHQQAhgEIAA,Monday: 10:00 AM – 6:30 PM; Tuesday: 9:00 AM – 6:30 PM; Wednesday: 9:00 AM – 6:30 PM; Thursday: 9:00 AM – 7:00 PM; Friday: 9:00 AM – 6:00 PM; Saturday: 9:00 AM – 6:00 PM; Sunday: 10:00 AM – 3:00 PM,dental_clinic,Auckland,Ponsonby Auckland,no_prices,2026-03-18
Smile Boutique,"348 Ponsonby Road, Ponsonby, Auckland 1011, New Zealand",09 200 0267,+64 9 200 0267,https://smileboutique.co.nz/,4.3,6,OPERATIONAL,https://maps.google.com/?cid=3106821279139684060&g_mp=Cidnb29nbGUubWFwcy5wbGFjZXMudjEuUGxhY2VzLlNlYXJjaFRleHQQAhgEIAA,Monday: Closed; Tuesday: Closed; Wednesday: 10:00 AM – 6:00 PM; Thursday: 10:00 AM – 6:00 PM; Friday: 10:00 AM – 6:00 PM; Saturday: 10:00 AM – 6:00 PM; Sunday: 10:00 AM – 6:00 PM,dental_clinic,Auckland,Ponsonby Auckland,no_prices,2026-03-18
Dr Deanna Nelson – General Family Dentist,"213 Ponsonby Road, Ponsonby, Auckland 1011, New Zealand",09 953 4093,+64 9 953 4093,https://www.deannanelson.co.nz/,5,2,OPERATIONAL,https://maps.google.com/?cid=15550110336869061866&g_mp=Cidnb29nbGUubWFwcy5wbGFjZXMudjEuUGxhY2VzLlNlYXJjaFRleHQQAhgEIAA,,dental_clinic,Auckland,Ponsonby Auckland,no_prices,2026-03-18
Unichem Ponsonby Pharmacy,"283 Ponsonby Road, Ponsonby, Auckland 1011, New Zealand",09 376 2460,+64 9 376 2460,https://www.greencrosshealth.co.nz/result/unichem-ponsonby-pharmacy?i=292,4.2,56,OPERATIONAL,https://maps.google.com/?cid=5963853824729411231&g_mp=Cidnb29nbGUubWFwcy5wbGFjZXMudjEuUGxhY2VzLlNlYXJjaFRleHQQAhgEIAA,Monday: 8:30 AM – 6:00 PM; Tuesday: 8:30 AM – 6:00 PM; Wednesday: 8:30 AM – 6:00 PM; Thursday: 8:30 AM – 6:00 PM; Friday: 8:30 AM – 6:00 PM; Saturday: 9:00 AM – 5:00 PM; Sunday: 9:00 AM – 5:00 PM,dental_clinic,Auckland,Ponsonby Auckland,no_prices,2026-03-18
Jervois Rd Dental Centre - Dr Graham Shaw,"204 Jervois Road, Herne Bay, Auckland 1011, New Zealand",0800 005 200,+64 800 005 200,http://www.dentalboutique.co.nz/,4.8,16,OPERATIONAL,https://maps.google.com/?cid=3053550705700816393&g_mp=Cidnb29nbGUubWFwcy5wbGFjZXMudjEuUGxhY2VzLlNlYXJjaFRleHQQAhgEIAA,,dental_clinic,Auckland,Ponsonby Auckland,no_prices,2026-03-18
Mitre 10 Ponsonby,"272 Richmond Road, Grey Lynn, Auckland 1021, New Zealand",09 378 6520,+64 9 378 6520,https://www.mitre10.co.nz/store-locator?storeCode=71&storeName=Mitre-10-Ponsonby&utm_source=google&utm_medium=organic&utm_campaign=gbp-Mitre-10-Ponsonby&utm_content=listing-71,4.1,348,OPERATIONAL,https://maps.google.com/?cid=7700311820310162446&g_mp=Cidnb29nbGUubWFwcy5wbGFjZXMudjEuUGxhY2VzLlNlYXJjaFRleHQQAhgEIAA,Monday: 8:30 AM – 5:30 PM; Tuesday: 8:30 AM – 5:30 PM; Wednesday: 8:30 AM – 5:30 PM; Thursday: 8:30 AM – 5:30 PM; Friday: 8:30 AM – 5:30 PM; Saturday: 8:30 AM – 5:00 PM; Sunday: 9:00 AM – 5:00 PM,dental_clinic,Auckland,Ponsonby Auckland,no_prices,2026-03-18
Auckland City Orthodontics Grey Lynn,"Dental on Richmond 483 Richmond Road, Grey Lynn, Auckland 1021, New Zealand",09 666 4044,+64 9 666 4044,https://www.aucklandcityorthodontics.co.nz/book-a-free-consultation?utm_source=google&utm_medium=local&utm_campaign=1&utm_content=primary,5,11,OPERATIONAL,https://maps.google.com/?cid=16647044652498909464&g_mp=Cidnb29nbGUubWFwcy5wbGFjZXMudjEuUGxhY2VzLlNlYXJjaFRleHQQAhgEIAA,Monday: 9:00 AM – 5:00 PM; Tuesday: 9:00 AM – 5:00 PM; Wednesday: 9:00 AM – 5:00 PM; Thursday: 9:00 AM – 5:00 PM; Friday: Closed; Saturday: Closed; Sunday: Closed,dental_clinic,Auckland,Grey Lynn Auckland,no_prices,2026-03-18
The Tooth Company Eastridge,"Eastridge Shopping Centre Shop 27/215 Kepa Road, Mission Bay, Auckland 1071, New Zealand",09 521 2021,+64 9 521 2021,https://thetoothcompany.co.nz/,4.8,126,OPERATIONAL,https://maps.google.com/?cid=837231721343455882&g_mp=Cidnb29nbGUubWFwcy5wbGFjZXMudjEuUGxhY2VzLlNlYXJjaFRleHQQAhgEIAA,Monday: 8:00 AM – 8:00 PM; Tuesday: 8:00 AM – 8:00 PM; Wednesday: 8:00 AM – 8:00 PM; Thursday: 8:00 AM – 8:00 PM; Friday: 9:00 AM – 4:00 PM; Saturday: 9:00 AM – 4:00 PM; Sunday: 9:00 AM – 4:00 PM,dental_clinic,Auckland,Freemans Bay Auckland,no_prices,2026-03-18
Hello Dental,"224 Kepa Road, Mission Bay, Auckland 1071, New Zealand",09 217 3115,+64 9 217 3115,https://www.hellodental.co.nz/,4.8,213,OPERATIONAL,https://maps.google.com/?cid=1015840886585453822&g_mp=Cidnb29nbGUubWFwcy5wbGFjZXMudjEuUGxhY2VzLlNlYXJjaFRleHQQAhgEIAA,Monday: 8:00 AM – 5:00 PM; Tuesday: 8:00 AM – 5:00 PM; Wednesday: 8:00 AM – 5:00 PM; Thursday: 8:00 AM – 5:00 PM; Friday: 8:00 AM – 5:00 PM; Saturday: Closed; Sunday: Closed,dental_clinic,Auckland,Freemans Bay Auckland,no_prices,2026-03-18
Race Dental New Zealand,"20/24 Crummer Road, Grey Lynn, Auckland 1021, New Zealand",09 887 0327,+64 9 887 0327,http://racedental.co.nz/,5,3,OPERATIONAL,https://maps.google.com/?cid=1491284884124614177&g_mp=Cidnb29nbGUubWFwcy5wbGFjZXMudjEuUGxhY2VzLlNlYXJjaFRleHQQAhgEIAA,Monday: 8:00 AM – 4:00 PM; Tuesday: 8:00 AM – 4:00 PM; Wednesday: 8:00 AM – 4:00 PM; Thursday: 8:00 AM – 4:00 PM; Friday: 8:00 AM – 4:00 PM; Saturday: Closed; Sunday: Closed,dental_clinic,Auckland,Freemans Bay Auckland,no_prices,2026-03-18
Freemans Bay Medical Centre,"100 Wellington Street, Freemans Bay, Auckland 1011, New Zealand",09 378 6653,+64 9 378 6653,http://www.freemansbaymedical.co.nz/,4.4,108,OPERATIONAL,https://maps.google.com/?cid=14288494450425100228&g_mp=Cidnb29nbGUubWFwcy5wbGFjZXMudjEuUGxhY2VzLlNlYXJjaFRleHQQAhgEIAA,Monday: 8:00 AM – 5:00 PM; Tuesday: 8:00 AM – 5:00 PM; Wednesday: 8:00 AM – 5:00 PM; Thursday: 8:00 AM – 5:00 PM; Friday: 8:00 AM – 5:00 PM; Saturday: Closed; Sunday: Closed,dental_clinic,Auckland,Freemans Bay Auckland,no_prices,2026-03-18
Lambs Pharmacy & Natural Therapies Centre,"173 Karangahape Road-3774232, Tel 09, Fax 09 3774230/173 Karangahape Road, Auckland CBD, Auckland 1010, New Zealand",09 377 4230,+64 9 377 4230,https://www.healthpoint.co.nz/pharmacy/pharmacy/lambs-pharmacy-natural-therapies-centre,4.6,30,OPERATIONAL,https://maps.google.com/?cid=14040350583865115705&g_mp=Cidnb29nbGUubWFwcy5wbGFjZXMudjEuUGxhY2VzLlNlYXJjaFRleHQQAhgEIAA,Monday: 9:00 AM – 6:00 PM; Tuesday: 9:00 AM – 6:00 PM; Wednesday: 9:00 AM – 6:00 PM; Thursday: 9:00 AM – 7:00 PM; Friday: 9:00 AM – 6:00 PM; Saturday: 10:00 AM – 5:00 PM; Sunday: Closed,dental_clinic,Auckland,Karangahape Road Auckland,no_prices,2026-03-18
Newton Pharmacy Sport and Health,"283 Karangahape Road, Auckland CBD, Auckland 1010, New Zealand",09 373 2559,+64 9 373 2559,https://www.newtonpharmacy.co.nz/,4.9,17,OPERATIONAL,https://maps.google.com/?cid=4044981335495642234&g_mp=Cidnb29nbGUubWFwcy5wbGFjZXMudjEuUGxhY2VzLlNlYXJjaFRleHQQAhgEIAA,Monday: 9:00 AM – 6:00 PM; Tuesday: 9:00 AM – 6:00 PM; Wednesday: 9:00 AM – 6:30 PM; Thursday: 9:00 AM – 6:30 PM; Friday: 9:00 AM – 6:00 PM; Saturday: 9:30 AM – 6:00 PM; Sunday: Closed,dental_clinic,Auckland,Karangahape Road Auckland,no_prices,2026-03-18
Lim Chhour,"184 Karangahape Road, Auckland CBD, Auckland 1010, New Zealand",09 307 0498,+64 9 307 0498,,3.8,1033,OPERATIONAL,https://maps.google.com/?cid=1575700888966319351&g_mp=Cidnb29nbGUubWFwcy5wbGFjZXMudjEuUGxhY2VzLlNlYXJjaFRleHQQAhgEIAA,Monday: 9:00 AM – 9:00 PM; Tuesday: 9:00 AM – 9:00 PM; Wednesday: 9:00 AM – 9:00 PM; Thursday: 9:00 AM – 9:00 PM; Friday: 9:00 AM – 9:00 PM; Saturday: 9:00 AM – 9:00 PM; Sunday: 9:00 AM – 9:00 PM,dental_clinic,Auckland,Karangahape Road Auckland,no_prices,2026-03-18
Newton A-Z Pharmacy,"357 Karangahape Road, Auckland CBD, Auckland 1010, New Zealand",09 379 6999,+64 9 379 6999,https://www.healthpoint.co.nz/pharmacy/pharmacy/newton-a-z-pharmacy/,4.2,26,OPERATIONAL,https://maps.google.com/?cid=8735118155444630909&g_mp=Cidnb29nbGUubWFwcy5wbGFjZXMudjEuUGxhY2VzLlNlYXJjaFRleHQQAhgEIAA,Monday: 9:30 AM – 6:00 PM; Tuesday: 9:30 AM – 6:00 PM; Wednesday: 9:30 AM – 6:00 PM; Thursday: 9:30 AM – 6:00 PM; Friday: 9:30 AM – 5:30 PM; Saturday: Closed; Sunday: Closed,dental_clinic,Auckland,Karangahape Road Auckland,no_prices,2026-03-18
Andrew Grayson,"Ground Floor/73 Symonds Street, Grafton, Auckland 1010, New Zealand",09 379 7380,+64 9 379 7380,http://www.justsmile.co.nz/,4,3,OPERATIONAL,https://maps.google.com/?cid=8828917427223522665&g_mp=Cidnb29nbGUubWFwcy5wbGFjZXMudjEuUGxhY2VzLlNlYXJjaFRleHQQAhgEIAA,Monday: 7:30 AM – 4:00 PM; Tuesday: 7:30 AM – 4:00 PM; Wednesday: 7:30 AM – 2:30 PM; Thursday: 7:30 AM – 6:00 PM; Friday: 8:30 AM – 2:00 PM; Saturday: Closed; Sunday: Closed,dental_clinic,Auckland,Karangahape Road Auckland,no_prices,2026-03-18
Manukau Road Dental,"543 Manukau Road, Epsom, Auckland 1023, New Zealand",09 638 8199,+64 9 638 8199,http://mikechedentalgroup.co.nz/,4.3,58,OPERATIONAL,https://maps.google.com/?cid=3412867751380966121&g_mp=Cidnb29nbGUubWFwcy5wbGFjZXMudjEuUGxhY2VzLlNlYXJjaFRleHQQAhgEIAA,Monday: 8:30 AM – 5:30 PM; Tuesday: 8:30 AM – 5:30 PM; Wednesday: 8:30 AM – 7:00 PM; Thursday: 8:30 AM – 5:30 PM; Friday: 8:30 AM – 7:00 PM; Saturday: 8:00 AM – 5:00 PM; Sunday: Closed,dental_clinic,Auckland,Karangahape Road Auckland,no_prices,2026-03-18
Royal Road Dental,"177 Royal Road, Massey, Auckland 0614, New Zealand",09 833 7597,+64 9 833 7597,http://www.royalroaddental.co.nz/,4.6,54,OPERATIONAL,https://maps.google.com/?cid=4668014187371013205&g_mp=Cidnb29nbGUubWFwcy5wbGFjZXMudjEuUGxhY2VzLlNlYXJjaFRleHQQAhgEIAA,Monday: 8:00 AM – 5:00 PM; Tuesday: 9:00 AM – 5:00 PM; Wednesday: 8:00 AM – 5:00 PM; Thursday: 8:30 AM – 5:00 PM; Friday: 9:00 AM – 3:30 PM; Saturday: Closed; Sunday: Closed,dental_clinic,Auckland,Karangahape Road Auckland,no_prices,2026-03-18
McIntosh Dental Centre - Henderson,"43 Lincoln Road, Henderson, Auckland 0610, New Zealand",09 837 2598,+64 9 837 2598,http://www.mcintoshdental.co.nz/,4.7,95,OPERATIONAL,https://maps.google.com/?cid=11920433188364242&g_mp=Cidnb29nbGUubWFwcy5wbGFjZXMudjEuUGxhY2VzLlNlYXJjaFRleHQQAhgEIAA,Monday: 8:00 AM – 5:30 PM; Tuesday: 8:00 AM – 5:30 PM; Wednesday: 8:00 AM – 7:00 PM; Thursday: 8:00 AM – 5:00 PM; Friday: 8:00 AM – 5:00 PM; Saturday: 8:00 AM – 4:00 PM; Sunday: Closed,dental_clinic,Auckland,Karangahape Road Auckland,no_prices,2026-03-18
Epsom Dentists,"325 Manukau Road, Epsom, Auckland 1023, New Zealand",09 630 6883,+64 9 630 6883,https://epsomdentists.co.nz/,4.7,171,OPERATIONAL,https://maps.google.com/?cid=3402705733938980444&g_mp=Cidnb29nbGUubWFwcy5wbGFjZXMudjEuUGxhY2VzLlNlYXJjaFRleHQQAhgEIAA,Monday: 8:30 AM – 5:00 PM; Tuesday: 8:30 AM – 7:00 PM; Wednesday: 8:00 AM – 5:00 PM; Thursday: 9:00 AM – 7:00 PM; Friday: 8:30 AM – 5:00 PM; Saturday: 8:00 AM – 5:00 PM; Sunday: Closed,dental_clinic,Auckland,Karangahape Road Auckland,no_prices,2026-03-18
Auckland Regional Dental Service,"55-75 Lincoln Road, Henderson, Auckland 0610, New Zealand",0800 825 583,+64 800 825 583,http://www.ards.co.nz/,3.3,10,OPERATIONAL,https://maps.google.com/?cid=7582047447351972403&g_mp=Cidnb29nbGUubWFwcy5wbGFjZXMudjEuUGxhY2VzLlNlYXJjaFRleHQQAhgEIAA,Monday: 8:00 AM – 4:30 PM; Tuesday: 8:00 AM – 4:30 PM; Wednesday: 8:00 AM – 4:30 PM; Thursday: 8:00 AM – 4:30 PM; Friday: 8:00 AM – 4:30 PM; Saturday: Closed; Sunday: Closed,dental_clinic,Auckland,Karangahape Road Auckland,no_prices,2026-03-18
Lumino Mount Eden Village | Lumino The Dentists,"520 Mount Eden Road, Mount Eden, Auckland 1024, New Zealand",09 630 0192,+64 9 630 0192,https://lumino.co.nz/dentists/lumino-mt-eden-village/?utm_source=google_business_profile&utm_medium=organic,4.6,68,OPERATIONAL,https://maps.google.com/?cid=12645016760671074697&g_mp=Cidnb29nbGUubWFwcy5wbGFjZXMudjEuUGxhY2VzLlNlYXJjaFRleHQQAhgEIAA,Monday: 8:30 AM – 5:30 PM; Tuesday: 8:30 AM – 5:30 PM; Wednesday: 8:30 AM – 5:30 PM; Thursday: 8:30 AM – 5:30 PM; Friday: 8:30 AM – 4:00 PM; Saturday: Closed; Sunday: Closed,dental_clinic,Auckland,Eden Terrace Auckland,no_prices,2026-03-18
Three Kings Dental Centre,"536 Mount Albert Road, Three Kings, Auckland 1042, New Zealand",09 625 7175,+64 9 625 7175,http://www.3kingsdental.co.nz/,4.7,34,OPERATIONAL,https://maps.google.com/?cid=14656798877233069186&g_mp=Cidnb29nbGUubWFwcy5wbGFjZXMudjEuUGxhY2VzLlNlYXJjaFRleHQQAhgEIAA,Monday: 9:00 AM – 5:30 PM; Tuesday: 9:00 AM – 6:00 PM; Wednesday: 9:00 AM – 5:30 PM; Thursday: 9:00 AM – 5:30 PM; Friday: 9:00 AM – 6:00 PM; Saturday: 9:00 AM – 3:00 PM; Sunday: Closed,dental_clinic,Auckland,Kingsland Auckland,no_prices,2026-03-18
Eden Park Dental Laboratory,"63 Sandringham Road, Mount Eden, Auckland 1024, New Zealand",09 846 0711,+64 9 846 0711,http://www.edenparkdentallab.co.nz/,4.6,9,OPERATIONAL,https://maps.google.com/?cid=8829749708333558286&g_mp=Cidnb29nbGUubWFwcy5wbGFjZXMudjEuUGxhY2VzLlNlYXJjaFRleHQQAhgEIAA,Monday: 8:00 AM – 5:30 PM; Tuesday: 8:00 AM – 5:30 PM; Wednesday: 8:00 AM – 5:30 PM; Thursday: 8:00 AM – 5:30 PM; Friday: 8:00 AM – 4:00 PM; Saturday: Closed; Sunday: Closed,dental_clinic,Auckland,Kingsland Auckland,no_prices,2026-03-18
Beaming Smile,"123 D Dominion Road, Mount Eden, Auckland 1024, New Zealand",022 100 9035,+64 22 100 9035,http://www.agelessbeautylaserclinic.com/,5,43,OPERATIONAL,https://maps.google.com/?cid=4671853378834102344&g_mp=Cidnb29nbGUubWFwcy5wbGFjZXMudjEuUGxhY2VzLlNlYXJjaFRleHQQAhgEIAA,Monday: 9:30 AM – 4:00 PM; Tuesday: 9:30 AM – 4:00 PM; Wednesday: 9:30 AM – 4:00 PM; Thursday: 9:30 AM – 4:00 PM; Friday: 9:30 AM – 4:00 PM; Saturday: Closed; Sunday: Closed,dental_clinic,Auckland,Kingsland Auckland,no_prices,2026-03-18
Caring 4 Smiles Dental Group,"475 Manukau Road, Epsom, Auckland 1023, New Zealand",09 631 5416,+64 9 631 5416,https://www.caring4smiles.co.nz/,4.8,192,OPERATIONAL,https://maps.google.com/?cid=4154894714286726988&g_mp=Cidnb29nbGUubWFwcy5wbGFjZXMudjEuUGxhY2VzLlNlYXJjaFRleHQQAhgEIAA,Monday: 7:30 AM – 5:30 PM; Tuesday: 7:30 AM – 5:30 PM; Wednesday: 7:30 AM – 5:30 PM; Thursday: 7:30 AM – 5:30 PM; Friday: 7:30 AM – 2:00 PM; Saturday: 7:30 AM – 2:00 PM; Sunday: Closed,dental_clinic,Auckland,Kingsland Auckland,no_prices,2026-03-18
Dental Marketing New Zealand,"2 Kingsland Terrace, Kingsland, Auckland 1021, New Zealand",09 883 1550,+64 9 883 1550,https://dentalmarketing.co.nz/contact-us/,4,1,OPERATIONAL,https://maps.google.com/?cid=8997958593102339790&g_mp=Cidnb29nbGUubWFwcy5wbGFjZXMudjEuUGxhY2VzLlNlYXJjaFRleHQQAhgEIAA,Monday: 8:30 AM – 5:00 PM; Tuesday: 8:30 AM – 5:00 PM; Wednesday: 8:30 AM – 5:00 PM; Thursday: 8:30 AM – 5:00 PM; Friday: 8:30 AM – 5:00 PM; Saturday: Closed; Sunday: Closed,dental_clinic,Auckland,Kingsland Auckland,no_prices,2026-03-18
Auckland Family Dental: New Lynn Dental Care,"14 Delta Avenue, New Lynn, Auckland 0600, New Zealand",09 827 1664,+64 9 827 1664,https://www.newlynndental.co.nz/,4.9,110,OPERATIONAL,https://maps.google.com/?cid=16045998191917326808&g_mp=Cidnb29nbGUubWFwcy5wbGFjZXMudjEuUGxhY2VzLlNlYXJjaFRleHQQAhgEIAA,Monday: 9:00 AM – 5:30 PM; Tuesday: 9:00 AM – 5:00 PM; Wednesday: 9:00 AM – 5:00 PM; Thursday: 10:00 AM – 7:00 PM; Friday: 9:00 AM – 6:00 PM; Saturday: Closed; Sunday: Closed,dental_clinic,Auckland,Kingsland Auckland,no_prices,2026-03-18
Clean Teeth Dental,"585 Beach Road, Rothesay Bay, Auckland 0630, New Zealand",09 600 3110,+64 9 600 3110,https://www.cleanteethdental.co.nz/?utm_source=GMBlisting&utm_medium=organic,4.8,125,OPERATIONAL,https://maps.google.com/?cid=15738785091209879310&g_mp=Cidnb29nbGUubWFwcy5wbGFjZXMudjEuUGxhY2VzLlNlYXJjaFRleHQQAhgEIAA,Monday: 9:00 AM – 6:00 PM; Tuesday: 9:00 AM – 6:00 PM; Wednesday: 9:00 AM – 6:00 PM; Thursday: 9:00 AM – 6:00 PM; Friday: 9:00 AM – 6:00 PM; Saturday: Closed; Sunday: Closed,dental_clinic,Auckland,Kingsland Auckland,no_prices,2026-03-18
Auckland Family Dental: Milford,"2 Dodson Avenue, Milford, Auckland 0620, New Zealand",09 489 8354,+64 9 489 8354,http://www.milfordfamilydental.co.nz/,4.9,321,OPERATIONAL,https://maps.google.com/?cid=17939906217089051217&g_mp=Cidnb29nbGUubWFwcy5wbGFjZXMudjEuUGxhY2VzLlNlYXJjaFRleHQQAhgEIAA,Monday: 8:00 AM – 7:00 PM; Tuesday: 8:00 AM – 7:00 PM; Wednesday: 8:00 AM – 7:00 PM; Thursday: 8:00 AM – 7:00 PM; Friday: 8:00 AM – 7:00 PM; Saturday: 8:00 AM – 4:00 PM; Sunday: Closed,dental_clinic,Auckland,Kingsland Auckland,no_prices,2026-03-18
Eden Orthodontics,"114 Dominion Road, Mount Eden, Auckland 1024, New Zealand",09 623 4104,+64 9 623 4104,http://www.edenorthodontics.co.nz/?utm_source=google&utm_medium=local&utm_campaign=1&utm_content=primary,4.9,182,OPERATIONAL,https://maps.google.com/?cid=10231670818883707066&g_mp=Cidnb29nbGUubWFwcy5wbGFjZXMudjEuUGxhY2VzLlNlYXJjaFRleHQQAhgEIAA,Monday: 8:30 AM – 4:30 PM; Tuesday: 8:00 AM – 6:00 PM; Wednesday: 8:00 AM – 5:30 PM; Thursday: 8:00 AM – 6:00 PM; Friday: 8:30 AM – 1:30 PM; Saturday: Closed; Sunday: Closed,dental_clinic,Auckland,Kingsland Auckland,no_prices,2026-03-18
Annabelle Dental Studio.,"3/65 Bellevue Road, Mount Eden, Auckland 1024, New Zealand",021 517 333,+64 21 517 333,https://www.annabelledental.co.nz/,5,4,OPERATIONAL,https://maps.google.com/?cid=12006621758852981282&g_mp=Cidnb29nbGUubWFwcy5wbGFjZXMudjEuUGxhY2VzLlNlYXJjaFRleHQQAhgEIAA,Monday: Closed; Tuesday: 9:00 AM – 5:00 PM; Wednesday: 9:00 AM – 5:00 PM; Thursday: 9:00 AM – 5:00 PM; Friday: 9:00 AM – 5:00 PM; Saturday: 9:00 AM – 5:00 PM; Sunday: Closed,dental_clinic,Auckland,Kingsland Auckland,no_prices,2026-03-18
Dental Planet Mangere,"Community Health Centre 10 Waddon Place, Māngere, Auckland 2022, New Zealand",09 275 6105,+64 9 275 6105,https://dentalplanet.co.nz/,4.4,95,OPERATIONAL,https://maps.google.com/?cid=3796035167688706353&g_mp=Cidnb29nbGUubWFwcy5wbGFjZXMudjEuUGxhY2VzLlNlYXJjaFRleHQQAhgEIAA,Monday: 8:00 AM – 5:00 PM; Tuesday: 8:00 AM – 5:00 PM; Wednesday: 8:00 AM – 5:00 PM; Thursday: 8:00 AM – 5:00 PM; Friday: 8:00 AM – 5:00 PM; Saturday: 9:00 AM – 4:00 PM; Sunday: Closed,dental_clinic,Auckland,Kingsland Auckland,no_prices,2026-03-18
Dental Planet Manukau,"11E Bakerfield Place, Manukau City Centre, Auckland 2104, New Zealand",0800 262 2208,+64 800 262 2208,https://dentalplanet.co.nz/,4.6,170,OPERATIONAL,https://maps.google.com/?cid=9704223586675017476&g_mp=Cidnb29nbGUubWFwcy5wbGFjZXMudjEuUGxhY2VzLlNlYXJjaFRleHQQAhgEIAA,Monday: 8:30 AM – 5:00 PM; Tuesday: 8:30 AM – 5:00 PM; Wednesday: 8:30 AM – 5:00 PM; Thursday: 8:30 AM – 5:00 PM; Friday: 8:30 AM – 5:00 PM; Saturday: 8:30 AM – 5:00 PM; Sunday: Closed,dental_clinic,Auckland,Kingsland Auckland,no_prices,2026-03-18
Primecare Dental Highland Park,"5 Aviemore Dr, Highland Park, Auckland, Highland Park Drive, Highland Park, Auckland 2010, New Zealand",09 535 9529,+64 9 535 9529,https://primecaredental.co.nz/contact-us/highland-park-east-auckland/,4.7,236,OPERATIONAL,https://maps.google.com/?cid=18239465195683325487&g_mp=Cidnb29nbGUubWFwcy5wbGFjZXMudjEuUGxhY2VzLlNlYXJjaFRleHQQAhgEIAA,Monday: 8:00 AM – 6:00 PM; Tuesday: 8:00 AM – 6:00 PM; Wednesday: 8:00 AM – 6:00 PM; Thursday: 8:00 AM – 6:00 PM; Friday: 8:00 AM – 6:00 PM; Saturday: 8:00 AM – 6:00 PM; Sunday: Closed,dental_clinic,Auckland,Kingsland Auckland,no_prices,2026-03-18
DentalCare West,"182 West Coast Road, Glen Eden, Auckland 0602, New Zealand",09 818 8855,+64 9 818 8855,http://www.dentalcarewest.co.nz/,4.7,239,OPERATIONAL,https://maps.google.com/?cid=17221792274670226152&g_mp=Cidnb29nbGUubWFwcy5wbGFjZXMudjEuUGxhY2VzLlNlYXJjaFRleHQQAhgEIAA,Monday: 7:00 AM – 7:00 PM; Tuesday: 7:00 AM – 7:00 PM; Wednesday: 7:00 AM – 7:00 PM; Thursday: 7:00 AM – 7:00 PM; Friday: 7:00 AM – 5:00 PM; Saturday: 9:00 AM – 5:00 PM; Sunday: Closed,dental_clinic,Auckland,Kingsland Auckland,no_prices,2026-03-18
White Cross Dental St Lukes,"52 Saint Lukes Road, Mount Albert, Auckland 1025, New Zealand",09 849 2262,+64 9 849 2262,http://www.dentiststlukes.co.nz/,3.9,43,OPERATIONAL,https://maps.google.com/?cid=12597719074669421073&g_mp=Cidnb29nbGUubWFwcy5wbGFjZXMudjEuUGxhY2VzLlNlYXJjaFRleHQQAhgEIAA,Monday: 8:00 AM – 7:00 PM; Tuesday: 8:00 AM – 8:00 PM; Wednesday: 8:00 AM – 7:00 PM; Thursday: 8:00 AM – 4:00 PM; Friday: 8:00 AM – 7:00 PM; Saturday: 8:00 AM – 4:00 PM; Sunday: 8:00 AM – 4:00 PM,dental_clinic,Auckland,Kingsland Auckland,no_prices,2026-03-18
Kingsland Pharmacy,"491 New North Road, Kingsland, Auckland 1021, New Zealand",09 849 2738,+64 9 849 2738,https://www.healthpoint.co.nz/pharmacy/pharmacy/kingsland-pharmacy/,3.8,23,OPERATIONAL,https://maps.google.com/?cid=6178076731497984554&g_mp=Cidnb29nbGUubWFwcy5wbGFjZXMudjEuUGxhY2VzLlNlYXJjaFRleHQQAhgEIAA,Monday: 8:30 AM – 6:00 PM; Tuesday: 8:30 AM – 6:00 PM; Wednesday: 8:30 AM – 6:00 PM; Thursday: 8:30 AM – 6:00 PM; Friday: 8:30 AM – 6:00 PM; Saturday: Closed; Sunday: Closed,dental_clinic,Auckland,Kingsland Auckland,no_prices,2026-03-18
The Tooth Company Smales Farm,"2B/74 Taharoto Road GF AIA House, Smales Farm, Takapuna, Auckland 0622, New Zealand",09 410 9971,+64 9 410 9971,http://www.thetoothcompany.co.nz/,4.5,94,OPERATIONAL,https://maps.google.com/?cid=14858788725939427312&g_mp=Cidnb29nbGUubWFwcy5wbGFjZXMudjEuUGxhY2VzLlNlYXJjaFRleHQQAhgEIAA,Monday: 8:00 AM – 8:00 PM; Tuesday: 8:00 AM – 8:00 PM; Wednesday: 8:00 AM – 8:00 PM; Thursday: 8:00 AM – 8:00 PM; Friday: 9:00 AM – 4:00 PM; Saturday: 9:00 AM – 4:00 PM; Sunday: 9:00 AM – 4:00 PM,dental_clinic,Auckland,Kingsland Auckland,no_prices,2026-03-18
Auckland Family Dental: Southern Care Dental,"652 Great South Road, Manukau City Centre, Auckland 2104, New Zealand",09 215 2030,+64 9 215 2030,http://www.southerncaredental.co.nz/,4.5,84,OPERATIONAL,https://maps.google.com/?cid=10508157223991850295&g_mp=Cidnb29nbGUubWFwcy5wbGFjZXMudjEuUGxhY2VzLlNlYXJjaFRleHQQAhgEIAA,Monday: 9:00 AM – 5:00 PM; Tuesday: 9:00 AM – 5:00 PM; Wednesday: 9:00 AM – 5:00 PM; Thursday: 9:00 AM – 7:00 PM; Friday: 9:00 AM – 5:00 PM; Saturday: Closed; Sunday: Closed,dental_clinic,Auckland,Kingsland Auckland,no_prices,2026-03-18
Silverdale Family Dentists,"7 Polarity Rise, Silverdale 0932, New Zealand",09 972 1406,+64 9 972 1406,http://www.silverdaledental.co.nz/,4.6,80,OPERATIONAL,https://maps.google.com/?cid=10988867687530665728&g_mp=Cidnb29nbGUubWFwcy5wbGFjZXMudjEuUGxhY2VzLlNlYXJjaFRleHQQAhgEIAA,Monday: 8:30 AM – 7:00 PM; Tuesday: 8:30 AM – 7:00 PM; Wednesday: 8:30 AM – 7:00 PM; Thursday: 8:30 AM – 5:30 PM; Friday: 8:30 AM – 5:00 PM; Saturday: 8:30 AM – 2:00 PM; Sunday: Closed,dental_clinic,Auckland,Kingsland Auckland,no_prices,2026-03-18
White Cross Dental,"131 Lincoln Road, Henderson, Auckland 0610, New Zealand",09 837 2915,+64 9 837 2915,http://dentisthenderson.co.nz/,4.5,156,OPERATIONAL,https://maps.google.com/?cid=2058802230570027045&g_mp=Cidnb29nbGUubWFwcy5wbGFjZXMudjEuUGxhY2VzLlNlYXJjaFRleHQQAhgEIAA,Monday: 8:00 AM – 7:00 PM; Tuesday: 8:00 AM – 7:00 PM; Wednesday: 8:00 AM – 7:00 PM; Thursday: 8:00 AM – 7:00 PM; Friday: 8:00 AM – 5:00 PM; Saturday: 8:00 AM – 5:00 PM; Sunday: 8:30 AM – 5:00 PM,dental_clinic,Auckland,Kingsland Auckland,no_prices,2026-03-18
Buckland Road Children's Community Dental Clinic,"225 Buckland Road, Māngere East, Auckland 2024, New Zealand",09 442 7208,+64 9 442 7208,,2.6,18,OPERATIONAL,https://maps.google.com/?cid=673583561260606000&g_mp=Cidnb29nbGUubWFwcy5wbGFjZXMudjEuUGxhY2VzLlNlYXJjaFRleHQQAhgEIAA,,dental_clinic,Auckland,Kingsland Auckland,no_prices,2026-03-18
Dominion Road Surgery,"123 D Dominion Road, Mount Eden, Auckland 1024, New Zealand",09 630 1212,+64 9 630 1212,http://www.dominionroadsurgery.co.nz/,4.1,61,OPERATIONAL,https://maps.google.com/?cid=15403978776611703225&g_mp=Cidnb29nbGUubWFwcy5wbGFjZXMudjEuUGxhY2VzLlNlYXJjaFRleHQQAhgEIAA,Monday: 9:30 AM – 5:30 PM; Tuesday: 9:30 AM – 5:30 PM; Wednesday: 9:30 AM – 5:30 PM; Thursday: 9:30 AM – 5:30 PM; Friday: 9:30 AM – 5:30 PM; Saturday: Closed; Sunday: Closed,dental_clinic,Auckland,Kingsland Auckland,no_prices,2026-03-18
The Tooth Company Kids Smales Farm,"Shop 2B, Smales Farm, AIA House Ground Floor/74 Taharoto Road, Takapuna, Auckland 0622, New Zealand",09 410 9971,+64 9 410 9971,http://thetoothcompanykids.co.nz/,5,1,OPERATIONAL,https://maps.google.com/?cid=12081434037697324177&g_mp=Cidnb29nbGUubWFwcy5wbGFjZXMudjEuUGxhY2VzLlNlYXJjaFRleHQQAhgEIAA,Monday: 8:30 AM – 5:00 PM; Tuesday: Closed; Wednesday: 8:30 AM – 5:00 PM; Thursday: Closed; Friday: Closed; Saturday: 9:00 AM – 4:00 PM; Sunday: Closed,dental_clinic,Auckland,Kingsland Auckland,no_prices,2026-03-18
Dr W G D Brown Dental,"33 King Street, Grey Lynn, Auckland 1021, New Zealand",,,,,,OPERATIONAL,https://maps.google.com/?cid=14369052004900364378&g_mp=Cidnb29nbGUubWFwcy5wbGFjZXMudjEuUGxhY2VzLlNlYXJjaFRleHQQAhgEIAA,,dental_clinic,Auckland,Kingsland Auckland,no_prices,2026-03-18
Three Kings Accident and Medical Clinic,"536 Mount Albert Road, Mount Roskill, Auckland 1042, New Zealand",09 625 2999,+64 9 625 2999,http://www.threekings.co.nz/,3,264,OPERATIONAL,https://maps.google.com/?cid=11518591510315552861&g_mp=Cidnb29nbGUubWFwcy5wbGFjZXMudjEuUGxhY2VzLlNlYXJjaFRleHQQAhgEIAA,Monday: 8:00 AM – 8:00 PM; Tuesday: 8:00 AM – 8:00 PM; Wednesday: 8:00 AM – 8:00 PM; Thursday: 8:00 AM – 8:00 PM; Friday: 8:00 AM – 8:00 PM; Saturday: 8:00 AM – 8:00 PM; Sunday: 8:00 AM – 8:00 PM,dental_clinic,Auckland,Kingsland Auckland,no_prices,2026-03-18
St Lukes Veterinary Centre,"13 Morningside Drive, St Lukes, Auckland 1025, New Zealand",09 845 5573,+64 9 845 5573,https://www.stlukesvet.co.nz/,4.6,226,OPERATIONAL,https://maps.google.com/?cid=17139176778973397802&g_mp=Cidnb29nbGUubWFwcy5wbGFjZXMudjEuUGxhY2VzLlNlYXJjaFRleHQQAhgEIAA,Monday: 8:00 AM – 6:00 PM; Tuesday: 8:00 AM – 6:00 PM; Wednesday: 8:00 AM – 6:00 PM; Thursday: 8:00 AM – 6:00 PM; Friday: 8:00 AM – 6:00 PM; Saturday: 9:00 AM – 12:00 PM; Sunday: Closed,dental_clinic,Auckland,Kingsland Auckland,no_prices,2026-03-18
Lumino The Dentists: Remuera Dental Centre,"351 Remuera Road, Remuera, Auckland 1050, New Zealand",09 524 7429,+64 9 524 7429,https://lumino.co.nz/dentists/remuera-dental-centre/?utm_source=google_business_profile&utm_medium=organic,3.6,38,OPERATIONAL,https://maps.google.com/?cid=14368817688540604490&g_mp=Cidnb29nbGUubWFwcy5wbGFjZXMudjEuUGxhY2VzLlNlYXJjaFRleHQQAhgEIAA,Monday: 8:15 AM – 5:00 PM; Tuesday: 8:15 AM – 5:00 PM; Wednesday: 8:15 AM – 5:00 PM; Thursday: 8:15 AM – 5:00 PM; Friday: 8:15 AM – 5:00 PM; Saturday: Closed; Sunday: Closed,dental_clinic,Auckland,Remuera Auckland,no_prices,2026-03-18
The Oral Care Company Ltd,"120 Remuera Road, Remuera, Auckland 1050, New Zealand",09 524 2494,+64 9 524 2494,http://www.oralcare.co.nz/,5,4,OPERATIONAL,https://maps.google.com/?cid=14343482443122367547&g_mp=Cidnb29nbGUubWFwcy5wbGFjZXMudjEuUGxhY2VzLlNlYXJjaFRleHQQAhgEIAA,Monday: 7:00 AM – 6:00 PM; Tuesday: 7:00 AM – 6:00 PM; Wednesday: 7:00 AM – 6:00 PM; Thursday: 7:00 AM – 6:00 PM; Friday: 7:00 AM – 6:00 PM; Saturday: Closed; Sunday: Closed,dental_clinic,Auckland,Remuera Auckland,no_prices,2026-03-18
Onehealth Dental,"122 Remuera Road, Remuera, Auckland 1049, New Zealand",09 524 8834,+64 9 524 8834,https://onehealthdental.co.nz/,4.8,45,OPERATIONAL,https://maps.google.com/?cid=12187721208011728004&g_mp=Cidnb29nbGUubWFwcy5wbGFjZXMudjEuUGxhY2VzLlNlYXJjaFRleHQQAhgEIAA,Monday: 8:30 AM – 5:00 PM; Tuesday: 8:30 AM – 5:00 PM; Wednesday: 8:30 AM – 5:00 PM; Thursday: 8:30 AM – 5:00 PM; Friday: 8:30 AM – 5:00 PM; Saturday: 9:00 AM – 3:30 PM; Sunday: Closed,dental_clinic,Auckland,Remuera Auckland,no_prices,2026-03-18
DentalOne Remuera | Lumino The Dentists,"134 Remuera Road, Remuera, Auckland 1050, New Zealand",09 361 7162,+64 9 361 7162,https://lumino.co.nz/dentists/dentalone-remuera/?utm_source=google_business_profile&utm_medium=organic,4.7,29,OPERATIONAL,https://maps.google.com/?cid=2293178696560100947&g_mp=Cidnb29nbGUubWFwcy5wbGFjZXMudjEuUGxhY2VzLlNlYXJjaFRleHQQAhgEIAA,Monday: 8:30 AM – 4:00 PM; Tuesday: 7:30 AM – 4:00 PM; Wednesday: 7:30 AM – 4:00 PM; Thursday: 8:00 AM – 6:00 PM; Friday: 7:30 AM – 4:00 PM; Saturday: Closed; Sunday: Closed,dental_clinic,Auckland,Remuera Auckland,no_prices,2026-03-18
Dental Hygiene Clinic,"120 Remuera Road, Remuera, Auckland 1050, New Zealand",09 520 0654,+64 9 520 0654,https://www.dhclinic.co.nz/,5,17,OPERATIONAL,https://maps.google.com/?cid=12821978881170853944&g_mp=Cidnb29nbGUubWFwcy5wbGFjZXMudjEuUGxhY2VzLlNlYXJjaFRleHQQAhgEIAA,Monday: 8:30 AM – 5:00 PM; Tuesday: 8:30 AM – 6:00 PM; Wednesday: 8:30 AM – 4:30 PM; Thursday: 8:30 AM – 4:30 PM; Friday: 8:30 AM – 12:30 PM; Saturday: Closed; Sunday: Closed,dental_clinic,Auckland,Remuera Auckland,no_prices,2026-03-18
Pearl Dental Centre Remuera | Lumino The Dentists,"Level 1/134 Remuera Road, Remuera, Auckland 1050, New Zealand",09 361 7168,+64 9 361 7168,https://lumino.co.nz/dentists/pearl-dental-centre-remuera/?utm_source=google_business_profile&utm_medium=organic,5,17,OPERATIONAL,https://maps.google.com/?cid=1821272460992996446&g_mp=Cidnb29nbGUubWFwcy5wbGFjZXMudjEuUGxhY2VzLlNlYXJjaFRleHQQAhgEIAA,Monday: 8:00 AM – 5:00 PM; Tuesday: 8:00 AM – 5:00 PM; Wednesday: 8:00 AM – 5:00 PM; Thursday: 8:00 AM – 5:00 PM; Friday: 8:00 AM – 5:00 PM; Saturday: Closed; Sunday: Closed,dental_clinic,Auckland,Remuera Auckland,no_prices,2026-03-18
Dentistry for Chickens,"29A Peach Parade, Remuera, Auckland 1050, New Zealand",09 520 0292,+64 9 520 0292,http://www.dentistryforchickens.co.nz/,4.6,59,OPERATIONAL,https://maps.google.com/?cid=6223279721847006997&g_mp=Cidnb29nbGUubWFwcy5wbGFjZXMudjEuUGxhY2VzLlNlYXJjaFRleHQQAhgEIAA,Monday: 9:00 AM – 9:00 PM; Tuesday: 9:00 AM – 9:00 PM; Wednesday: 9:00 AM – 9:00 PM; Thursday: 9:00 AM – 9:00 PM; Friday: 9:00 AM – 5:00 PM; Saturday: Closed; Sunday: Closed,dental_clinic,Auckland,Remuera Auckland,no_prices,2026-03-18
YES Dental,"134 Remuera Road, Remuera, Auckland 1050, New Zealand",09 638 3424,+64 9 638 3424,http://yesdental.co.nz/,4.7,11,OPERATIONAL,https://maps.google.com/?cid=11693308590976962113&g_mp=Cidnb29nbGUubWFwcy5wbGFjZXMudjEuUGxhY2VzLlNlYXJjaFRleHQQAhgEIAA,Monday: 9:00 AM – 5:00 PM; Tuesday: 8:30 AM – 5:00 PM; Wednesday: 9:00 AM – 5:00 PM; Thursday: 9:00 AM – 5:00 PM; Friday: 9:00 AM – 2:00 PM; Saturday: Closed; Sunday: Closed,dental_clinic,Auckland,Remuera Auckland,no_prices,2026-03-18
Noble Dental Specialists Remuera,"31 Peach Parade, Remuera, Auckland 1050, New Zealand",09 524 2855,+64 9 524 2855,https://www.nobledental.co.nz/?utm_source=Google&utm_medium=Organic&utm_campaign=gbp-remuera-website-link,5,88,OPERATIONAL,https://maps.google.com/?cid=14630552283837056265&g_mp=Cidnb29nbGUubWFwcy5wbGFjZXMudjEuUGxhY2VzLlNlYXJjaFRleHQQAhgEIAA,Monday: 7:00 AM – 5:00 PM; Tuesday: 8:00 AM – 5:00 PM; Wednesday: 8:00 AM – 5:00 PM; Thursday: 7:00 AM – 5:00 PM; Friday: 8:00 AM – 4:00 PM; Saturday: Closed; Sunday: Closed,dental_clinic,Auckland,Remuera Auckland,no_prices,2026-03-18
Dr Steven Casci,"One Health Dental 1/122 Remuera Road, Remuera, Auckland 1049, New Zealand",09 524 8834,+64 9 524 8834,https://drstevencasci.co.nz/,5,134,OPERATIONAL,https://maps.google.com/?cid=13311592989661296306&g_mp=Cidnb29nbGUubWFwcy5wbGFjZXMudjEuUGxhY2VzLlNlYXJjaFRleHQQAhgEIAA,Monday: Closed; Tuesday: 8:30 AM – 5:00 PM; Wednesday: 8:30 AM – 5:00 PM; Thursday: 8:30 AM – 5:00 PM; Friday: 8:30 AM – 4:00 PM; Saturday: 9:00 AM – 3:00 PM; Sunday: Closed,dental_clinic,Auckland,Remuera Auckland,no_prices,2026-03-18
Oral Surgery Associates,"Ascot Central, level 1/7 Ellerslie Racecourse Drive, Remuera, Auckland 1051, New Zealand",09 529 5910,+64 9 529 5910,https://lumino.co.nz/dentists/oral-surgery-associates-remuera/?utm_source=google_business_profile&utm_medium=organic,3.9,66,OPERATIONAL,https://maps.google.com/?cid=1767813701976869398&g_mp=Cidnb29nbGUubWFwcy5wbGFjZXMudjEuUGxhY2VzLlNlYXJjaFRleHQQAhgEIAA,Monday: 8:00 AM – 4:00 PM; Tuesday: 8:00 AM – 4:00 PM; Wednesday: 8:00 AM – 4:00 PM; Thursday: 8:00 AM – 4:00 PM; Friday: 9:00 AM – 3:30 PM; Saturday: Closed; Sunday: Closed,dental_clinic,Auckland,Remuera Auckland,no_prices,2026-03-18
"Glow Dental - Stonefields, Auckland","Shop 11/101 Lunn Avenue, Mount Wellington, Auckland 1072, New Zealand",09 600 2774,+64 9 600 2774,https://www.glowdental.co.nz/?utm_source=google-local&utm_medium=organic&utm_campaign=gmb,4.8,151,OPERATIONAL,https://maps.google.com/?cid=10577743449944079651&g_mp=Cidnb29nbGUubWFwcy5wbGFjZXMudjEuUGxhY2VzLlNlYXJjaFRleHQQAhgEIAA,Monday: 10:00 AM – 7:00 PM; Tuesday: 10:00 AM – 7:00 PM; Wednesday: 10:00 AM – 7:00 PM; Thursday: 10:00 AM – 7:00 PM; Friday: 10:00 AM – 4:00 PM; Saturday: 9:30 AM – 3:30 PM; Sunday: Closed,dental_clinic,Auckland,Remuera Auckland,no_prices,2026-03-18
Harish Lala Endodontist,"134 Remuera Road, Remuera, Auckland 1050, New Zealand",09 361 7179,+64 9 361 7179,https://lumino.co.nz/dentists/harish-lala-endodontics/?utm_source=google_business_profile&utm_medium=organic,4.8,26,OPERATIONAL,https://maps.google.com/?cid=230623845544259374&g_mp=Cidnb29nbGUubWFwcy5wbGFjZXMudjEuUGxhY2VzLlNlYXJjaFRleHQQAhgEIAA,Monday: 7:00 AM – 5:00 PM; Tuesday: 7:00 AM – 5:00 PM; Wednesday: 7:00 AM – 5:00 PM; Thursday: 7:00 AM – 5:00 PM; Friday: Closed; Saturday: Closed; Sunday: Closed,dental_clinic,Auckland,Remuera Auckland,no_prices,2026-03-18
Dental Wellness Centre,"Meadowbank Shopping Centre, 12/35 Saint Johns Road, Meadowbank, Auckland 1072, New Zealand",09 975 0333,+64 9 975 0333,https://www.dentalwellness.co.nz/,4.6,19,OPERATIONAL,https://maps.google.com/?cid=16098375177023735997&g_mp=Cidnb29nbGUubWFwcy5wbGFjZXMudjEuUGxhY2VzLlNlYXJjaFRleHQQAhgEIAA,Monday: Closed; Tuesday: 9:30 AM – 5:00 PM; Wednesday: 9:30 AM – 5:00 PM; Thursday: 9:30 AM – 5:00 PM; Friday: 9:30 AM – 5:00 PM; Saturday: 10:00 AM – 3:30 PM; Sunday: Closed,dental_clinic,Auckland,Remuera Auckland,no_prices,2026-03-18
Lunn Dental Spa,"110 Lunn Avenue, Remuera, Auckland 1072, New Zealand",09 570 6979,+64 9 570 6979,https://lunndentalspa.co.nz/,4.2,40,OPERATIONAL,https://maps.google.com/?cid=608686728523339498&g_mp=Cidnb29nbGUubWFwcy5wbGFjZXMudjEuUGxhY2VzLlNlYXJjaFRleHQQAhgEIAA,Monday: 8:00 AM – 6:00 PM; Tuesday: 8:00 AM – 6:00 PM; Wednesday: 8:00 AM – 6:00 PM; Thursday: 8:00 AM – 6:00 PM; Friday: 8:00 AM – 6:00 PM; Saturday: 8:00 AM – 6:00 PM; Sunday: Closed,dental_clinic,Auckland,Remuera Auckland,no_prices,2026-03-18
Alpers Dental Epsom,"Level 3/24 Manukau Road, Epsom, Auckland 1023, New Zealand",09 524 5056,+64 9 524 5056,https://www.alpersdental.co.nz/?utm_source=google&utm_medium=gbp&utm_campaign=google_business,4.8,354,OPERATIONAL,https://maps.google.com/?cid=12327266266374039105&g_mp=Cidnb29nbGUubWFwcy5wbGFjZXMudjEuUGxhY2VzLlNlYXJjaFRleHQQAhgEIAA,Monday: 8:00 AM – 5:00 PM; Tuesday: 8:00 AM – 5:00 PM; Wednesday: 8:00 AM – 5:00 PM; Thursday: 8:00 AM – 5:00 PM; Friday: 8:00 AM – 4:00 PM; Saturday: Closed; Sunday: Closed,dental_clinic,Auckland,Remuera Auckland,no_prices,2026-03-18
Ranfurly Dental Care,"235 Manukau Road, Epsom, Auckland 1023, New Zealand",09 630 8965,+64 9 630 8965,http://www.ranfurlydental.co.nz/,4.7,21,OPERATIONAL,https://maps.google.com/?cid=8110247553195171505&g_mp=Cidnb29nbGUubWFwcy5wbGFjZXMudjEuUGxhY2VzLlNlYXJjaFRleHQQAhgEIAA,Monday: 8:30 AM – 6:00 PM; Tuesday: 8:00 AM – 5:00 PM; Wednesday: 8:00 AM – 6:00 PM; Thursday: 8:00 AM – 5:00 PM; Friday: 9:00 AM – 4:00 PM; Saturday: Closed; Sunday: Closed,dental_clinic,Auckland,Remuera Auckland,no_prices,2026-03-18
Max + Beresford Orthodontists,"116 Remuera Road, Remuera, Auckland 1050, New Zealand",09 520 0159,+64 9 520 0159,http://www.maxandberesford.co.nz/,4.1,74,OPERATIONAL,https://maps.google.com/?cid=12377559127904649943&g_mp=Cidnb29nbGUubWFwcy5wbGFjZXMudjEuUGxhY2VzLlNlYXJjaFRleHQQAhgEIAA,Monday: 8:30 AM – 5:30 PM; Tuesday: 8:30 AM – 5:30 PM; Wednesday: 8:30 AM – 5:30 PM; Thursday: 8:30 AM – 5:00 PM; Friday: 8:30 AM – 1:00 PM; Saturday: Closed; Sunday: Closed,dental_clinic,Auckland,Remuera Auckland,no_prices,2026-03-18
Penrose Dental,"367 Great South Road, Penrose, Auckland 1051, New Zealand",09 579 8956,+64 9 579 8956,http://www.penrosedental.co.nz/,4.9,111,OPERATIONAL,https://maps.google.com/?cid=5103721994982288401&g_mp=Cidnb29nbGUubWFwcy5wbGFjZXMudjEuUGxhY2VzLlNlYXJjaFRleHQQAhgEIAA,Monday: 8:15 AM – 5:00 PM; Tuesday: 7:30 AM – 4:00 PM; Wednesday: 8:15 AM – 5:00 PM; Thursday: 7:30 AM – 4:00 PM; Friday: Closed; Saturday: Closed; Sunday: Closed,dental_clinic,Auckland,Remuera Auckland,no_prices,2026-03-18
Oral Dynamics Denture Clinic,"137 Abbotts Way, Remuera, Auckland 1050, New Zealand",09 217 3068,+64 9 217 3068,http://www.oraldynamics.co.nz/denture-clinic,3.4,8,OPERATIONAL,https://maps.google.com/?cid=5912486567106509263&g_mp=Cidnb29nbGUubWFwcy5wbGFjZXMudjEuUGxhY2VzLlNlYXJjaFRleHQQAhgEIAA,Monday: 9:00 AM – 5:00 PM; Tuesday: 9:00 AM – 5:00 PM; Wednesday: 9:00 AM – 5:00 PM; Thursday: 9:00 AM – 5:00 PM; Friday: 9:00 AM – 5:00 PM; Saturday: 9:00 AM – 5:00 PM; Sunday: 9:00 AM – 5:00 PM,dental_clinic,Auckland,Remuera Auckland,no_prices,2026-03-18
Orakei Children's Community Dental Clinic,"8b Ngaio Street, Orakei, Auckland 1071, New Zealand",09 520 0603,+64 9 520 0603,,2.6,5,OPERATIONAL,https://maps.google.com/?cid=18206564037962614589&g_mp=Cidnb29nbGUubWFwcy5wbGFjZXMudjEuUGxhY2VzLlNlYXJjaFRleHQQAhgEIAA,Monday: 7:30 AM – 4:00 PM; Tuesday: 7:30 AM – 4:00 PM; Wednesday: 7:30 AM – 4:00 PM; Thursday: 7:30 AM – 4:00 PM; Friday: 7:30 AM – 4:00 PM; Saturday: Closed; Sunday: Closed,dental_clinic,Auckland,Remuera Auckland,no_prices,2026-03-18
Teeth Whitening Auckland,"120 Remuera Road, Remuera, Auckland 1050, New Zealand",09 520 0654,+64 9 520 0654,http://www.aucklandteethwhitening.co.nz/,4,1,OPERATIONAL,https://maps.google.com/?cid=15333080944421649655&g_mp=Cidnb29nbGUubWFwcy5wbGFjZXMudjEuUGxhY2VzLlNlYXJjaFRleHQQAhgEIAA,Monday: 8:30 AM – 5:00 PM; Tuesday: 8:30 AM – 6:00 PM; Wednesday: 9:00 AM – 2:00 PM; Thursday: 8:30 AM – 7:00 PM; Friday: 8:30 AM – 2:00 PM; Saturday: Closed; Sunday: Closed,dental_clinic,Auckland,Remuera Auckland,no_prices,2026-03-18
OneHealth Accident & Medical Care,"122 Remuera Road, Remuera, Auckland 1050, New Zealand",09 522 2800,+64 9 522 2800,http://www.onehealth.co.nz/,3.3,176,OPERATIONAL,https://maps.google.com/?cid=165448624557589284&g_mp=Cidnb29nbGUubWFwcy5wbGFjZXMudjEuUGxhY2VzLlNlYXJjaFRleHQQAhgEIAA,Monday: 8:00 AM – 8:00 PM; Tuesday: 8:00 AM – 8:00 PM; Wednesday: 8:00 AM – 8:00 PM; Thursday: 8:00 AM – 8:00 PM; Friday: 8:00 AM – 8:00 PM; Saturday: 8:00 AM – 8:00 PM; Sunday: 8:00 AM – 8:00 PM,dental_clinic,Auckland,Remuera Auckland,no_prices,2026-03-18
Affordable Denture Clinic Remuera,"2/137 Abbotts Way, Remuera, Auckland 0510, New Zealand",09 217 3068,+64 9 217 3068,https://www.affordabledentures.co.nz/,,,OPERATIONAL,https://maps.google.com/?cid=587470165468346967&g_mp=Cidnb29nbGUubWFwcy5wbGFjZXMudjEuUGxhY2VzLlNlYXJjaFRleHQQAhgEIAA,Monday: 10:00 AM – 6:30 PM; Tuesday: 10:00 AM – 6:30 PM; Wednesday: 10:00 AM – 6:30 PM; Thursday: 10:00 AM – 6:30 PM; Friday: 10:00 AM – 6:30 PM; Saturday: Closed; Sunday: Closed,dental_clinic,Auckland,Remuera Auckland,no_prices,2026-03-18
Auckland City Orthodontics Remuera,"1/333 Remuera Road, Remuera, Auckland 1050, New Zealand",09 666 4047,+64 9 666 4047,https://www.aucklandcityorthodontics.co.nz/book-a-free-consultation?utm_source=google&utm_medium=local&utm_campaign=1&utm_content=primary,5,1,OPERATIONAL,https://maps.google.com/?cid=10239727681483785683&g_mp=Cidnb29nbGUubWFwcy5wbGFjZXMudjEuUGxhY2VzLlNlYXJjaFRleHQQAhgEIAA,Monday: 9:00 AM – 5:00 PM; Tuesday: Closed; Wednesday: Closed; Thursday: Closed; Friday: 9:00 AM – 4:30 PM; Saturday: Closed; Sunday: Closed,dental_clinic,Auckland,Remuera Auckland,no_prices,2026-03-18
Burford Dental,"19 Alpers Avenue, Epsom, Auckland 1023, New Zealand",09 524 0424,+64 9 524 0424,http://www.burforddental.co.nz/,4.9,65,OPERATIONAL,https://maps.google.com/?cid=7632762081773384951&g_mp=Cidnb29nbGUubWFwcy5wbGFjZXMudjEuUGxhY2VzLlNlYXJjaFRleHQQAhgEIAA,Monday: 8:00 AM – 5:00 PM; Tuesday: 8:00 AM – 5:00 PM; Wednesday: 8:00 AM – 5:00 PM; Thursday: 8:00 AM – 5:00 PM; Friday: 8:00 AM – 2:00 PM; Saturday: Closed; Sunday: Closed,dental_clinic,Auckland,Remuera Auckland,no_prices,2026-03-18
AucklandPerio,"3 Ely Avenue, Remuera, Auckland 1050, New Zealand",09 520 3003,+64 9 520 3003,https://www.aucklandperio.co.nz/,4.2,5,OPERATIONAL,https://maps.google.com/?cid=18184020945635775609&g_mp=Cidnb29nbGUubWFwcy5wbGFjZXMudjEuUGxhY2VzLlNlYXJjaFRleHQQAhgEIAA,Monday: 8:00 AM – 5:00 PM; Tuesday: 8:00 AM – 5:00 PM; Wednesday: 8:00 AM – 5:00 PM; Thursday: 8:00 AM – 5:00 PM; Friday: 8:00 AM – 5:00 PM; Saturday: Closed; Sunday: Closed,dental_clinic,Auckland,Remuera Auckland,no_prices,2026-03-18
Meadowbank Dental Centre,"93 Saint Johns Road, St Johns, Auckland 1072, New Zealand",09 528 3146,+64 9 528 3146,http://www.meadowbankdental.co.nz/?utm_source=GMBListing+&utm_medium=Organic&utm_campaign=Google_my_Business&utm_id=GMB,4.6,16,OPERATIONAL,https://maps.google.com/?cid=3287142300606068661&g_mp=Cidnb29nbGUubWFwcy5wbGFjZXMudjEuUGxhY2VzLlNlYXJjaFRleHQQAhgEIAA,,dental_clinic,Auckland,Remuera Auckland,no_prices,2026-03-18
Epsom Dental Centre - Dr. Joe Yen,"559A Manukau Road, Epsom, Auckland 1023, New Zealand",09 630 4728,+64 9 630 4728,http://www.epsomdentalcentre.co.nz/,5,67,OPERATIONAL,https://maps.google.com/?cid=1745336872456585863&g_mp=Cidnb29nbGUubWFwcy5wbGFjZXMudjEuUGxhY2VzLlNlYXJjaFRleHQQAhgEIAA,Monday: 8:30 AM – 5:00 PM; Tuesday: 8:30 AM – 5:00 PM; Wednesday: 8:30 AM – 5:00 PM; Thursday: 8:30 AM – 5:00 PM; Friday: 9:00 AM – 5:00 PM; Saturday: 8:30 AM – 12:30 PM; Sunday: Closed,dental_clinic,Auckland,Remuera Auckland,no_prices,2026-03-18
Kidz-Teeth Meadowbank | Lumino The Dentists,"21 Saint Johns Road, Meadowbank, Auckland 1072, New Zealand",09 521 9003,+64 9 521 9003,https://www.kidzteeth.co.nz/,4.6,33,OPERATIONAL,https://maps.google.com/?cid=3266014149430589607&g_mp=Cidnb29nbGUubWFwcy5wbGFjZXMudjEuUGxhY2VzLlNlYXJjaFRleHQQAhgEIAA,Monday: 8:00 AM – 5:00 PM; Tuesday: 8:00 AM – 5:00 PM; Wednesday: 8:00 AM – 5:00 PM; Thursday: 8:00 AM – 5:00 PM; Friday: 8:00 AM – 2:00 PM; Saturday: Closed; Sunday: Closed,dental_clinic,Auckland,Remuera Auckland,no_prices,2026-03-18
Young Dental Centre,"21 Saint Johns Road, Meadowbank, Auckland 1072, New Zealand",09 521 2115,+64 9 521 2115,,5,4,OPERATIONAL,https://maps.google.com/?cid=8410624139856451525&g_mp=Cidnb29nbGUubWFwcy5wbGFjZXMudjEuUGxhY2VzLlNlYXJjaFRleHQQAhgEIAA,,dental_clinic,Auckland,Remuera Auckland,no_prices,2026-03-18
NSOMS (Oral & Maxillofacial Surgeons),"3 Broadway, Newmarket, Auckland 1023, New Zealand",09 486 7778,+64 9 486 7778,https://www.nsoms.co.nz/,4.6,70,OPERATIONAL,https://maps.google.com/?cid=7908289703207530048&g_mp=Cidnb29nbGUubWFwcy5wbGFjZXMudjEuUGxhY2VzLlNlYXJjaFRleHQQAhgEIAA,Monday: 7:30 AM – 4:30 PM; Tuesday: 7:30 AM – 4:30 PM; Wednesday: 7:30 AM – 4:30 PM; Thursday: 7:30 AM – 4:30 PM; Friday: 7:30 AM – 4:30 PM; Saturday: Closed; Sunday: Closed,dental_clinic,Auckland,Remuera Auckland,no_prices,2026-03-18
Lance West's Rooms,"5 Saint Marks Road, Remuera, Auckland 1050, New Zealand",09 520 6223,+64 9 520 6223,http://www.lancewest.co.nz/,3.4,9,OPERATIONAL,https://maps.google.com/?cid=10120337152814844556&g_mp=Cidnb29nbGUubWFwcy5wbGFjZXMudjEuUGxhY2VzLlNlYXJjaFRleHQQAhgEIAA,Monday: 9:00 AM – 5:00 PM; Tuesday: 9:00 AM – 5:00 PM; Wednesday: 9:00 AM – 5:00 PM; Thursday: 9:00 AM – 5:00 PM; Friday: 9:00 AM – 5:00 PM; Saturday: Closed; Sunday: Closed,dental_clinic,Auckland,Remuera Auckland,no_prices,2026-03-18
Janice Sommerville Ltd,"5 Saint Marks Road, Remuera, Auckland 1050, New Zealand",09 524 7628,+64 9 524 7628,https://orthodontist.net.nz/,4.6,71,OPERATIONAL,https://maps.google.com/?cid=15714138429847076361&g_mp=Cidnb29nbGUubWFwcy5wbGFjZXMudjEuUGxhY2VzLlNlYXJjaFRleHQQAhgEIAA,Monday: 7:30 AM – 5:00 PM; Tuesday: 7:30 AM – 5:00 PM; Wednesday: 7:30 AM – 5:00 PM; Thursday: 7:30 AM – 5:00 PM; Friday: 7:30 AM – 12:30 PM; Saturday: Closed; Sunday: Closed,dental_clinic,Auckland,Remuera Auckland,no_prices,2026-03-18
Sapphire Dental,"126A Main Highway, Ellerslie, Auckland 1051, New Zealand",09 579 4746,+64 9 579 4746,http://sapphiredental.co.nz/,5,1,OPERATIONAL,https://maps.google.com/?cid=2005925556702665181&g_mp=Cidnb29nbGUubWFwcy5wbGFjZXMudjEuUGxhY2VzLlNlYXJjaFRleHQQAhgEIAA,Monday: 9:30 AM – 6:00 PM; Tuesday: 9:30 AM – 6:00 PM; Wednesday: 9:30 AM – 6:00 PM; Thursday: 9:30 AM – 6:00 PM; Friday: 9:30 AM – 6:00 PM; Saturday: 10:30 AM – 3:30 PM; Sunday: Closed,dental_clinic,Auckland,Remuera Auckland,no_prices,2026-03-18
Trevor Webster Ltd,"110 Remuera Road, Remuera, Auckland 1050, New Zealand",09 523 3676,+64 9 523 3676,http://www.nzbraces.co.nz/,5,13,OPERATIONAL,https://maps.google.com/?cid=1442226870433216969&g_mp=Cidnb29nbGUubWFwcy5wbGFjZXMudjEuUGxhY2VzLlNlYXJjaFRleHQQAhgEIAA,Monday: 7:45 AM – 5:30 PM; Tuesday: 7:45 AM – 5:30 PM; Wednesday: 7:45 AM – 5:30 PM; Thursday: 7:45 AM – 5:30 PM; Friday: Closed; Saturday: Closed; Sunday: Closed,dental_clinic,Auckland,Remuera Auckland,no_prices,2026-03-18
.Ortho,"Ground Floor/31 Peach Parade, Remuera, Auckland 1050, New Zealand",09 520 0755,+64 9 520 0755,http://ortho.co.nz/,5,8,OPERATIONAL,https://maps.google.com/?cid=3355560511559941366&g_mp=Cidnb29nbGUubWFwcy5wbGFjZXMudjEuUGxhY2VzLlNlYXJjaFRleHQQAhgEIAA,Monday: 8:00 AM – 5:00 PM; Tuesday: 8:00 AM – 5:00 PM; Wednesday: 8:00 AM – 5:00 PM; Thursday: 8:00 AM – 5:00 PM; Friday: 8:00 AM – 5:00 PM; Saturday: Closed; Sunday: Closed,dental_clinic,Auckland,Remuera Auckland,no_prices,2026-03-18
Watson Gilbert Specialist Prosthodontist,"5 Saint Marks Road, Remuera, Auckland 1050, New Zealand",09 522 6562,+64 9 522 6562,http://www.aucklandprosthodontist.co.nz/,5,6,OPERATIONAL,https://maps.google.com/?cid=10314314222087108059&g_mp=Cidnb29nbGUubWFwcy5wbGFjZXMudjEuUGxhY2VzLlNlYXJjaFRleHQQAhgEIAA,Monday: 8:00 AM – 5:00 PM; Tuesday: 8:00 AM – 5:00 PM; Wednesday: 8:00 AM – 5:00 PM; Thursday: 8:00 AM – 5:00 PM; Friday: 8:00 AM – 5:00 PM; Saturday: Closed; Sunday: Closed,dental_clinic,Auckland,Remuera Auckland,no_prices,2026-03-18
Clinic Pharmacy,"122 Remuera Road, Remuera, Auckland 1050, New Zealand",09 522 0972,+64 9 522 0972,https://www.healthpoint.co.nz/pharmacy/pharmacy/clinic-pharmacy/,4.5,17,OPERATIONAL,https://maps.google.com/?cid=10288798442778566442&g_mp=Cidnb29nbGUubWFwcy5wbGFjZXMudjEuUGxhY2VzLlNlYXJjaFRleHQQAhgEIAA,Monday: 8:00 AM – 6:00 PM; Tuesday: 8:00 AM – 6:00 PM; Wednesday: 8:00 AM – 6:00 PM; Thursday: 8:00 AM – 6:00 PM; Friday: 8:00 AM – 6:00 PM; Saturday: 9:00 AM – 4:00 PM; Sunday: 10:00 AM – 2:00 PM,dental_clinic,Auckland,Remuera Auckland,no_prices,2026-03-18
Gentle Dentists Ellerslie | Lumino The Dentists,"54 Main Highway, Ellerslie, Auckland 1051, New Zealand",09 525 6630,+64 9 525 6630,https://lumino.co.nz/dentists/gentle-dentists-ellerslie/?utm_source=google_business_profile&utm_medium=organic,4.4,41,OPERATIONAL,https://maps.google.com/?cid=11666330275668260040&g_mp=Cidnb29nbGUubWFwcy5wbGFjZXMudjEuUGxhY2VzLlNlYXJjaFRleHQQAhgEIAA,Monday: 8:00 AM – 5:00 PM; Tuesday: 8:00 AM – 5:00 PM; Wednesday: 8:00 AM – 5:00 PM; Thursday: 8:00 AM – 6:15 PM; Friday: 8:00 AM – 4:00 PM; Saturday: Closed; Sunday: Closed,dental_clinic,Auckland,Remuera Auckland,no_prices,2026-03-18
Lumino Implant Centre,"Level 1/134 Remuera Road, Remuera, Auckland 1050, New Zealand",09 361 7171,+64 9 361 7171,https://lumino.co.nz/treatments/cosmetic-dental-services/dental-implants/?utm_source=google_business_profile&utm_medium=organic,,,OPERATIONAL,https://maps.google.com/?cid=10581552432790840178&g_mp=Cidnb29nbGUubWFwcy5wbGFjZXMudjEuUGxhY2VzLlNlYXJjaFRleHQQAhgEIAA,Monday: 8:00 AM – 5:30 PM; Tuesday: 7:30 AM – 5:00 PM; Wednesday: 7:30 AM – 5:30 PM; Thursday: 7:30 AM – 4:00 PM; Friday: 7:30 AM – 1:30 PM; Saturday: Closed; Sunday: Closed,dental_clinic,Auckland,Remuera Auckland,no_prices,2026-03-18
St Michaels Clinic Dental Surgery,"118 Remuera Road, Remuera, Auckland 1050, New Zealand",09 529 9273,+64 9 529 9273,,,,OPERATIONAL,https://maps.google.com/?cid=3081151229607819829&g_mp=Cidnb29nbGUubWFwcy5wbGFjZXMudjEuUGxhY2VzLlNlYXJjaFRleHQQAhgEIAA,,dental_clinic,Auckland,Remuera Auckland,no_prices,2026-03-18
Cole Nicholas Periodontics & Implants,"5 Saint Marks Road, Remuera, Auckland 1050, New Zealand",09 529 7949,+64 9 529 7949,https://periodontics.co.nz/,4.3,33,OPERATIONAL,https://maps.google.com/?cid=7291256935328822711&g_mp=Cidnb29nbGUubWFwcy5wbGFjZXMudjEuUGxhY2VzLlNlYXJjaFRleHQQAhgEIAA,Monday: 8:00 AM – 5:30 PM; Tuesday: 8:00 AM – 5:30 PM; Wednesday: 8:00 AM – 5:30 PM; Thursday: 8:00 AM – 5:30 PM; Friday: 8:00 AM – 5:30 PM; Saturday: Closed; Sunday: Closed,dental_clinic,Auckland,Remuera Auckland,no_prices,2026-03-18
Nigel Parr Surgical Limited,"11 Green Lane East, Remuera, Auckland 1050, New Zealand",09 529 5061,+64 9 529 5061,http://www.nigelparroralsurgeon.co.nz/,4.9,29,OPERATIONAL,https://maps.google.com/?cid=4864508584361015237&g_mp=Cidnb29nbGUubWFwcy5wbGFjZXMudjEuUGxhY2VzLlNlYXJjaFRleHQQAhgEIAA,Monday: 7:30 AM – 4:00 PM; Tuesday: 7:30 AM – 4:00 PM; Wednesday: 7:30 AM – 4:00 PM; Thursday: 7:30 AM – 4:00 PM; Friday: 7:30 AM – 4:00 PM; Saturday: Closed; Sunday: Closed,dental_clinic,Auckland,Remuera Auckland,no_prices,2026-03-18
Belich Dental,"2 Albury Avenue, Epsom, Auckland 1023, New Zealand",09 630 6382,+64 9 630 6382,http://www.newmarketdentist.co.nz/,4.6,22,OPERATIONAL,https://maps.google.com/?cid=2463048158049204741&g_mp=Cidnb29nbGUubWFwcy5wbGFjZXMudjEuUGxhY2VzLlNlYXJjaFRleHQQAhgEIAA,Monday: 8:00 AM – 5:00 PM; Tuesday: 8:00 AM – 5:00 PM; Wednesday: 8:00 AM – 5:00 PM; Thursday: 8:00 AM – 5:00 PM; Friday: 8:00 AM – 5:00 PM; Saturday: 9:00 AM – 5:00 PM; Sunday: Closed,dental_clinic,Auckland,Epsom Auckland,no_prices,2026-03-18
Polish and White Teeth Whitening By A Registered Hygienist,"69H Almorah Road, Epsom, Auckland 1023, New Zealand",021 153 1734,+64 21 153 1734,https://www.polishandwhite.co.nz/,5,37,OPERATIONAL,https://maps.google.com/?cid=15832832126212707963&g_mp=Cidnb29nbGUubWFwcy5wbGFjZXMudjEuUGxhY2VzLlNlYXJjaFRleHQQAhgEIAA,Monday: 9:00 AM – 5:00 PM; Tuesday: 9:00 AM – 5:00 PM; Wednesday: 9:00 AM – 5:00 PM; Thursday: 9:00 AM – 5:00 PM; Friday: 9:00 AM – 5:00 PM; Saturday: 10:00 AM – 12:00 PM; Sunday: Closed,dental_clinic,Auckland,Epsom Auckland,no_prices,2026-03-18
Shakespeare Orthodontics Epsom,"2 Owens Road, Epsom, Auckland 1023, New Zealand",09 216 6888,+64 9 216 6888,https://www.shakespeareortho.co.nz/,4.9,196,OPERATIONAL,https://maps.google.com/?cid=1750249920753377317&g_mp=Cidnb29nbGUubWFwcy5wbGFjZXMudjEuUGxhY2VzLlNlYXJjaFRleHQQAhgEIAA,Monday: 8:30 AM – 5:00 PM; Tuesday: 8:30 AM – 5:00 PM; Wednesday: 8:30 AM – 5:00 PM; Thursday: 8:30 AM – 5:00 PM; Friday: 8:30 AM – 4:00 PM; Saturday: Closed; Sunday: Closed,dental_clinic,Auckland,Epsom Auckland,no_prices,2026-03-18
Lumino The Dentists Mount Eden - Dominion Road,"388 Dominion Road, Mount Eden, Auckland 1024, New Zealand",09 361 7159,+64 9 361 7159,https://lumino.co.nz/dentists/lumino-mount-eden-dominion-road/?utm_source=google_business_profile&utm_medium=organic,4.3,91,OPERATIONAL,https://maps.google.com/?cid=2907999694461511300&g_mp=Cidnb29nbGUubWFwcy5wbGFjZXMudjEuUGxhY2VzLlNlYXJjaFRleHQQAhgEIAA,Monday: 8:30 AM – 5:00 PM; Tuesday: 8:30 AM – 5:00 PM; Wednesday: 8:30 AM – 7:00 PM; Thursday: 8:30 AM – 5:00 PM; Friday: 8:30 AM – 4:00 PM; Saturday: Closed; Sunday: Closed,dental_clinic,Auckland,Mount Eden Auckland,no_prices,2026-03-18
Mt Eden Road Dental Centre,"931 Mount Eden Road, Three Kings, Auckland 1024, New Zealand",09 638 9574,+64 9 638 9574,,4.1,27,OPERATIONAL,https://maps.google.com/?cid=16455932545694653445&g_mp=Cidnb29nbGUubWFwcy5wbGFjZXMudjEuUGxhY2VzLlNlYXJjaFRleHQQAhgEIAA,,dental_clinic,Auckland,Mount Eden Auckland,no_prices,2026-03-18
All Smiles Dental,"395 Dominion Road, Mount Eden, Auckland 1024, New Zealand",0800 255 764,+64 800 255 764,https://www.allsmilesdental.co.nz/,4.7,125,OPERATIONAL,https://maps.google.com/?cid=8636597755643485662&g_mp=Cidnb29nbGUubWFwcy5wbGFjZXMudjEuUGxhY2VzLlNlYXJjaFRleHQQAhgEIAA,Monday: 9:00 AM – 8:00 PM; Tuesday: 9:00 AM – 8:00 PM; Wednesday: 8:00 AM – 4:00 PM; Thursday: 8:00 AM – 8:00 PM; Friday: 8:00 AM – 3:00 PM; Saturday: Closed; Sunday: Closed,dental_clinic,Auckland,Mount Eden Auckland,no_prices,2026-03-18
Joy Family Dental Clinic,"536 Mount Eden Road, Mount Eden, Auckland 1024, New Zealand",0210 365 717,+64 210 365 717,,4.2,17,OPERATIONAL,https://maps.google.com/?cid=15892249051817882553&g_mp=Cidnb29nbGUubWFwcy5wbGFjZXMudjEuUGxhY2VzLlNlYXJjaFRleHQQAhgEIAA,Monday: 9:00 AM – 5:00 PM; Tuesday: 9:00 AM – 5:00 PM; Wednesday: 9:00 AM – 5:00 PM; Thursday: 9:00 AM – 5:00 PM; Friday: 9:00 AM – 5:00 PM; Saturday: Closed; Sunday: Closed,dental_clinic,Auckland,Mount Eden Auckland,no_prices,2026-03-18
Flash Dental Mt Eden,"425 Dominion Road, Mount Eden, Auckland 1024, New Zealand",09 638 7927,+64 9 638 7927,https://www.flashdental.co.nz/?utm_campaign=gmb,5,63,OPERATIONAL,https://maps.google.com/?cid=14788354817833101591&g_mp=Cidnb29nbGUubWFwcy5wbGFjZXMudjEuUGxhY2VzLlNlYXJjaFRleHQQAhgEIAA,Monday: 8:00 AM – 5:00 PM; Tuesday: 8:00 AM – 5:00 PM; Wednesday: 8:00 AM – 5:00 PM; Thursday: 8:00 AM – 5:00 PM; Friday: 8:00 AM – 5:00 PM; Saturday: Closed; Sunday: Closed,dental_clinic,Auckland,Mount Eden Auckland,no_prices,2026-03-18
Neo Dental Studio,"249 Dominion Road, Mount Eden, Auckland 1024, New Zealand",09 551 5871,+64 9 551 5871,https://www.neodentalstudio.co.nz/,4.9,92,OPERATIONAL,https://maps.google.com/?cid=4424774400169503049&g_mp=Cidnb29nbGUubWFwcy5wbGFjZXMudjEuUGxhY2VzLlNlYXJjaFRleHQQAhgEIAA,Monday: 9:00 AM – 4:00 PM; Tuesday: 9:00 AM – 4:00 PM; Wednesday: 9:00 AM – 4:00 PM; Thursday: 9:00 AM – 4:00 PM; Friday: 9:00 AM – 4:00 PM; Saturday: Closed; Sunday: Closed,dental_clinic,Auckland,Mount Eden Auckland,no_prices,2026-03-18
Balmoral Dental Centre,"651 Dominion Road, Mount Eden, Auckland 1041, New Zealand",09 630 0205,+64 9 630 0205,https://www.balmoraldentalcentre.co.nz/,4.8,37,OPERATIONAL,https://maps.google.com/?cid=15427241976235797061&g_mp=Cidnb29nbGUubWFwcy5wbGFjZXMudjEuUGxhY2VzLlNlYXJjaFRleHQQAhgEIAA,Monday: 8:00 AM – 5:00 PM; Tuesday: 8:00 AM – 5:00 PM; Wednesday: 8:00 AM – 5:00 PM; Thursday: 8:00 AM – 5:00 PM; Friday: 8:00 AM – 3:00 PM; Saturday: Closed; Sunday: Closed,dental_clinic,Auckland,Mount Eden Auckland,no_prices,2026-03-18
Lumino Three Kings | Lumino The Dentists,"935b Mount Eden Road, Three Kings, Auckland 1042, New Zealand",09 638 3306,+64 9 638 3306,https://lumino.co.nz/dentists/lumino-three-kings/?utm_source=google_business_profile&utm_medium=organic,4.6,109,OPERATIONAL,https://maps.google.com/?cid=12209106097582357227&g_mp=Cidnb29nbGUubWFwcy5wbGFjZXMudjEuUGxhY2VzLlNlYXJjaFRleHQQAhgEIAA,Monday: 8:00 AM – 5:00 PM; Tuesday: 8:00 AM – 5:00 PM; Wednesday: 8:00 AM – 5:00 PM; Thursday: 9:00 AM – 6:00 PM; Friday: 8:00 AM – 4:00 PM; Saturday: Closed; Sunday: Closed,dental_clinic,Auckland,Mount Eden Auckland,no_prices,2026-03-18
Viva Dental Care,"1280 Dominion Road, Mount Roskill, Auckland 1041, New Zealand",022 617 6654,+64 22 617 6654,https://www.vivadentalcare.co.nz/,,,OPERATIONAL,https://maps.google.com/?cid=14996960104487570943&g_mp=Cidnb29nbGUubWFwcy5wbGFjZXMudjEuUGxhY2VzLlNlYXJjaFRleHQQAhgEIAA,Monday: 9:00 AM – 5:00 PM; Tuesday: 9:00 AM – 5:00 PM; Wednesday: 9:00 AM – 5:00 PM; Thursday: 9:00 AM – 5:00 PM; Friday: 9:00 AM – 5:00 PM; Saturday: 9:00 AM – 5:00 PM; Sunday: Closed,dental_clinic,Auckland,Mount Eden Auckland,no_prices,2026-03-18
Dominion Dental Centre,"1009A Dominion Road, Mount Roskill, Auckland 1041, New Zealand",09 629 0494,+64 9 629 0494,https://dominiondentalcentre.co.nz/,4.6,114,OPERATIONAL,https://maps.google.com/?cid=15035803513601664397&g_mp=Cidnb29nbGUubWFwcy5wbGFjZXMudjEuUGxhY2VzLlNlYXJjaFRleHQQAhgEIAA,Monday: 9:00 AM – 5:00 PM; Tuesday: 9:00 AM – 5:00 PM; Wednesday: 9:00 AM – 7:00 PM; Thursday: 9:00 AM – 5:00 PM; Friday: 9:00 AM – 5:00 PM; Saturday: 9:00 AM – 2:00 PM; Sunday: Closed,dental_clinic,Auckland,Mount Eden Auckland,no_prices,2026-03-18
Thompson Dental,"377 Mount Albert Road, Mount Roskill, Auckland 1041, New Zealand",09 620 8066,+64 9 620 8066,https://thompsondental.co.nz/,4.9,55,OPERATIONAL,https://maps.google.com/?cid=6437968365007149630&g_mp=Cidnb29nbGUubWFwcy5wbGFjZXMudjEuUGxhY2VzLlNlYXJjaFRleHQQAhgEIAA,Monday: 8:15 AM – 5:15 PM; Tuesday: 8:15 AM – 5:15 PM; Wednesday: 8:15 AM – 5:15 PM; Thursday: 8:15 AM – 5:15 PM; Friday: 8:15 AM – 4:00 PM; Saturday: Closed; Sunday: Closed,dental_clinic,Auckland,Mount Eden Auckland,no_prices,2026-03-18
Balmoral Intermediate Children's Community Dental Clinic,"19 Brixton Road, Mount Eden, Auckland 1024, New Zealand",09 623 4537,+64 9 623 4537,,2.1,8,OPERATIONAL,https://maps.google.com/?cid=8028611817538862386&g_mp=Cidnb29nbGUubWFwcy5wbGFjZXMudjEuUGxhY2VzLlNlYXJjaFRleHQQAhgEIAA,Monday: 8:00 AM – 4:30 PM; Tuesday: 8:00 AM – 4:30 PM; Wednesday: 8:00 AM – 4:30 PM; Thursday: 8:00 AM – 4:30 PM; Friday: 8:00 AM – 4:30 PM; Saturday: Closed; Sunday: Closed,dental_clinic,Auckland,Mount Eden Auckland,no_prices,2026-03-18
Sandringham Central Dental Care,"532 Sandringham Road, Sandringham, Auckland 1025, New Zealand",09 815 7205,+64 9 815 7205,https://www.sandringhamdentists.com/,4.6,25,OPERATIONAL,https://maps.google.com/?cid=5733128297131607894&g_mp=Cidnb29nbGUubWFwcy5wbGFjZXMudjEuUGxhY2VzLlNlYXJjaFRleHQQAhgEIAA,Monday: 9:00 AM – 5:00 PM; Tuesday: 9:00 AM – 5:00 PM; Wednesday: 9:00 AM – 5:00 PM; Thursday: 9:00 AM – 5:00 PM; Friday: 9:00 AM – 5:00 PM; Saturday: 9:00 AM – 5:00 PM; Sunday: Closed,dental_clinic,Auckland,Mount Eden Auckland,no_prices,2026-03-18
Woolworths Mt Eden,"Cnr Valley &, Dominion Road, Mount Eden, Auckland 1024, New Zealand",09 638 7164,+64 9 638 7164,https://www.woolworths.co.nz/store-finder/9235/mt-eden-auckland/mount-eden-woolworths?utm_source=google&utm_medium=organic&utm_campaign=gmb&utm_term=woolworths-mt-eden,4.2,3277,OPERATIONAL,https://maps.google.com/?cid=7095014495799948562&g_mp=Cidnb29nbGUubWFwcy5wbGFjZXMudjEuUGxhY2VzLlNlYXJjaFRleHQQAhgEIAA,Monday: 6:00 AM – 11:00 PM; Tuesday: 6:00 AM – 11:00 PM; Wednesday: 6:00 AM – 11:00 PM; Thursday: 6:00 AM – 11:00 PM; Friday: 6:00 AM – 11:00 PM; Saturday: 6:00 AM – 11:00 PM; Sunday: 6:00 AM – 11:00 PM,dental_clinic,Auckland,Mount Eden Auckland,no_prices,2026-03-18
Mount Roskill Family Dentist,"Inside Local Doctors 22 Stoddard Road, Mount Roskill, Auckland 1041, New Zealand",09 620 0096,+64 9 620 0096,,4.8,49,OPERATIONAL,https://maps.google.com/?cid=9825547671787359260&g_mp=Cidnb29nbGUubWFwcy5wbGFjZXMudjEuUGxhY2VzLlNlYXJjaFRleHQQAhgEIAA,Monday: 9:30 AM – 5:30 PM; Tuesday: 9:30 AM – 5:30 PM; Wednesday: 9:30 AM – 5:30 PM; Thursday: 9:30 AM – 5:30 PM; Friday: 9:30 AM – 5:30 PM; Saturday: Closed; Sunday: Closed,dental_clinic,Auckland,Mount Eden Auckland,no_prices,2026-03-18
Viva Dentures,"1280 Dominion Road, Mount Roskill, Auckland 1041, New Zealand",09 600 2551,+64 9 600 2551,https://vivadentures.co.nz/,5,3,OPERATIONAL,https://maps.google.com/?cid=7156234126734968721&g_mp=Cidnb29nbGUubWFwcy5wbGFjZXMudjEuUGxhY2VzLlNlYXJjaFRleHQQAhgEIAA,Monday: 10:00 AM – 6:00 PM; Tuesday: 10:00 AM – 6:00 PM; Wednesday: 10:00 AM – 6:00 PM; Thursday: Closed; Friday: 10:00 AM – 5:00 PM; Saturday: 10:00 AM – 2:00 PM; Sunday: Closed,dental_clinic,Auckland,Mount Eden Auckland,no_prices,2026-03-18
New Al-Dawa Medical & Dental Centre,"1230 Dominion Road, Mount Roskill, Auckland 1041, New Zealand",09 620 5046,+64 9 620 5046,https://www.healthpoint.co.nz/gps-accident-urgent-medical-care/gp/new-al-dawa-medical-centre/,3,57,OPERATIONAL,https://maps.google.com/?cid=16660323056118384779&g_mp=Cidnb29nbGUubWFwcy5wbGFjZXMudjEuUGxhY2VzLlNlYXJjaFRleHQQAhgEIAA,Monday: 9:00 AM – 5:00 PM; Tuesday: 9:00 AM – 5:00 PM; Wednesday: 9:00 AM – 5:00 PM; Thursday: 9:00 AM – 5:00 PM; Friday: 9:00 AM – 5:00 PM; Saturday: 10:00 AM – 2:00 PM; Sunday: Closed,dental_clinic,Auckland,Mount Eden Auckland,no_prices,2026-03-18
Sandringham Dental Centre,"575 Sandringham Road, Sandringham, Auckland 1025, New Zealand",09 846 1703,+64 9 846 1703,https://sandringhamdental.com/,5,10,OPERATIONAL,https://maps.google.com/?cid=9852004810444686864&g_mp=Cidnb29nbGUubWFwcy5wbGFjZXMudjEuUGxhY2VzLlNlYXJjaFRleHQQAhgEIAA,Monday: 9:00 AM – 5:30 PM; Tuesday: 9:00 AM – 5:30 PM; Wednesday: 9:00 AM – 5:30 PM; Thursday: 9:00 AM – 5:30 PM; Friday: 9:00 AM – 5:30 PM; Saturday: Closed; Sunday: Closed,dental_clinic,Auckland,Mount Eden Auckland,no_prices,2026-03-18
Central Dental Centre,"760 Dominion Road, Mount Roskill, Auckland 1041, New Zealand",09 620 8188,+64 9 620 8188,,,,OPERATIONAL,https://maps.google.com/?cid=4165198355651015028&g_mp=Cidnb29nbGUubWFwcy5wbGFjZXMudjEuUGxhY2VzLlNlYXJjaFRleHQQAhgEIAA,,dental_clinic,Auckland,Mount Eden Auckland,no_prices,2026-03-18
Peter Ng - Dental Surgeon,"575 Sandringham Road, Sandringham, Auckland 1025, New Zealand",09 846 1703,+64 9 846 1703,http://www.sandringhamdental.co.nz/,5,1,OPERATIONAL,https://maps.google.com/?cid=8282159752380989705&g_mp=Cidnb29nbGUubWFwcy5wbGFjZXMudjEuUGxhY2VzLlNlYXJjaFRleHQQAhgEIAA,Monday: 8:30 AM – 5:15 PM; Tuesday: 8:30 AM – 5:15 PM; Wednesday: 8:30 AM – 5:15 PM; Thursday: 8:30 AM – 5:15 PM; Friday: 8:30 AM – 5:15 PM; Saturday: Closed; Sunday: Closed,dental_clinic,Auckland,Sandringham Auckland,no_prices,2026-03-18
Wesley Intermediate Children's Community Dental Clinic,"Sandringham, Auckland 1041, New Zealand",09 620 2564,+64 9 620 2564,http://www.ards.co.nz/,5,6,OPERATIONAL,https://maps.google.com/?cid=7593090942080513803&g_mp=Cidnb29nbGUubWFwcy5wbGFjZXMudjEuUGxhY2VzLlNlYXJjaFRleHQQAhgEIAA,Monday: 8:00 AM – 4:30 PM; Tuesday: 8:00 AM – 4:30 PM; Wednesday: 8:00 AM – 4:30 PM; Thursday: 8:00 AM – 4:30 PM; Friday: 8:00 AM – 4:30 PM; Saturday: Closed; Sunday: Closed,dental_clinic,Auckland,Sandringham Auckland,no_prices,2026-03-18
Clinical Smiles,"110 Saint Lukes Road, Sandringham, Auckland 1025, New Zealand",0508 148 338,+64 508 148 338,http://www.clinicalsmiles.co.nz/,4.9,27,OPERATIONAL,https://maps.google.com/?cid=17830636496104658304&g_mp=Cidnb29nbGUubWFwcy5wbGFjZXMudjEuUGxhY2VzLlNlYXJjaFRleHQQAhgEIAA,Monday: 7:00 AM – 4:00 PM; Tuesday: 7:00 AM – 4:00 PM; Wednesday: 7:00 AM – 4:00 PM; Thursday: 7:00 AM – 5:00 PM; Friday: 7:00 AM – 3:00 PM; Saturday: Closed; Sunday: Closed,dental_clinic,Auckland,Sandringham Auckland,no_prices,2026-03-18
Sandringham Health Centre,"542-544 Sandringham Road, Sandringham, Auckland 1025, New Zealand",09 849 2111,+64 9 849 2111,http://www.ethc.co.nz/94/sandringham,1.4,9,OPERATIONAL,https://maps.google.com/?cid=5614467094148791482&g_mp=Cidnb29nbGUubWFwcy5wbGFjZXMudjEuUGxhY2VzLlNlYXJjaFRleHQQAhgEIAA,Monday: 8:00 AM – 5:30 PM; Tuesday: 8:00 AM – 5:30 PM; Wednesday: 8:00 AM – 5:30 PM; Thursday: 8:00 AM – 5:30 PM; Friday: 8:00 AM – 5:30 PM; Saturday: 8:00 AM – 1:00 PM; Sunday: Closed,dental_clinic,Auckland,Sandringham Auckland,no_prices,2026-03-18
Dental Surgeon,"528 Sandringham Road, Sandringham, Auckland 1025, New Zealand",09 815 7205,+64 9 815 7205,,4.5,2,OPERATIONAL,https://maps.google.com/?cid=13057405598275972119&g_mp=Cidnb29nbGUubWFwcy5wbGFjZXMudjEuUGxhY2VzLlNlYXJjaFRleHQQAhgEIAA,Monday: 9:00 AM – 5:00 PM; Tuesday: 9:00 AM – 5:00 PM; Wednesday: 9:00 AM – 5:00 PM; Thursday: 9:00 AM – 5:00 PM; Friday: 9:00 AM – 5:00 PM; Saturday: 9:00 AM – 5:00 PM; Sunday: Closed,dental_clinic,Auckland,Sandringham Auckland,no_prices,2026-03-18
Mission Bay Dental,"17 Patteson Avenue, Mission Bay, Auckland 1071, New Zealand",09 528 6434,+64 9 528 6434,http://www.missiondental.co.nz/,4.3,10,OPERATIONAL,https://maps.google.com/?cid=15035469960389510067&g_mp=Cidnb29nbGUubWFwcy5wbGFjZXMudjEuUGxhY2VzLlNlYXJjaFRleHQQAhgEIAA,Monday: 8:00 AM – 5:00 PM; Tuesday: 8:00 AM – 5:00 PM; Wednesday: 8:00 AM – 8:00 PM; Thursday: 8:00 AM – 5:00 PM; Friday: 8:00 AM – 12:00 PM; Saturday: Closed; Sunday: Closed,dental_clinic,Auckland,Mission Bay Auckland,no_prices,2026-03-18
Kohimarama Dental Centre,"303 Kepa Road, Mission Bay, Auckland 1071, New Zealand",09 528 7996,+64 9 528 7996,http://www.kohimaramadental.co.nz/,4.8,11,OPERATIONAL,https://maps.google.com/?cid=377299895272914682&g_mp=Cidnb29nbGUubWFwcy5wbGFjZXMudjEuUGxhY2VzLlNlYXJjaFRleHQQAhgEIAA,Monday: 9:00 AM – 6:00 PM; Tuesday: 10:00 AM – 8:00 PM; Wednesday: 9:00 AM – 6:00 PM; Thursday: 10:00 AM – 8:00 PM; Friday: 9:00 AM – 6:00 PM; Saturday: Closed; Sunday: Closed,dental_clinic,Auckland,Mission Bay Auckland,no_prices,2026-03-18
Malimali Dental,"1 Fleming Street, Onehunga, Auckland 1061, New Zealand",09 622 1224,+64 9 622 1224,https://www.facebook.com/Malimali-Dental-346826232133243/,4.9,164,OPERATIONAL,https://maps.google.com/?cid=1642820083371279619&g_mp=Cidnb29nbGUubWFwcy5wbGFjZXMudjEuUGxhY2VzLlNlYXJjaFRleHQQAhgEIAA,Monday: 9:00 AM – 5:00 PM; Tuesday: 9:00 AM – 5:00 PM; Wednesday: 9:00 AM – 5:00 PM; Thursday: 9:00 AM – 5:00 PM; Friday: 9:00 AM – 5:00 PM; Saturday: Closed; Sunday: Closed,dental_clinic,Auckland,Mission Bay Auckland,no_prices,2026-03-18
Marina Dentists Half Moon Bay,"Anchor Building 1 Ara-Tai Road, Half Moon Bay, Auckland 2012, New Zealand",09 535 1074,+64 9 535 1074,http://www.marinadentists.co.nz/,4.9,170,OPERATIONAL,https://maps.google.com/?cid=16359904225861121360&g_mp=Cidnb29nbGUubWFwcy5wbGFjZXMudjEuUGxhY2VzLlNlYXJjaFRleHQQAhgEIAA,Monday: 8:30 AM – 6:00 PM; Tuesday: 8:30 AM – 6:00 PM; Wednesday: 8:30 AM – 6:00 PM; Thursday: 8:30 AM – 6:00 PM; Friday: 8:30 AM – 6:00 PM; Saturday: 9:00 AM – 2:00 PM; Sunday: Closed,dental_clinic,Auckland,Mission Bay Auckland,no_prices,2026-03-18
Eastridge Shopping Centre,"215 Kepa Road, Mission Bay, Auckland 1071, New Zealand",,,http://www.eastridge.co.nz/,4.2,1442,OPERATIONAL,https://maps.google.com/?cid=8098943227594090461&g_mp=Cidnb29nbGUubWFwcy5wbGFjZXMudjEuUGxhY2VzLlNlYXJjaFRleHQQAhgEIAA,Monday: 9:00 AM – 6:30 PM; Tuesday: 9:00 AM – 6:30 PM; Wednesday: 9:00 AM – 6:30 PM; Thursday: 9:00 AM – 6:30 PM; Friday: 9:00 AM – 6:30 PM; Saturday: 9:00 AM – 6:30 PM; Sunday: 9:00 AM – 4:30 PM,dental_clinic,Auckland,Mission Bay Auckland,no_prices,2026-03-18
Mission Bay Doctors,"10 Marau Crescent, Mission Bay, Auckland 1071, New Zealand",09 521 1120,+64 9 521 1120,http://www.mbdrs.co.nz/,4.3,18,OPERATIONAL,https://maps.google.com/?cid=13166557310449923440&g_mp=Cidnb29nbGUubWFwcy5wbGFjZXMudjEuUGxhY2VzLlNlYXJjaFRleHQQAhgEIAA,Monday: 8:00 AM – 5:30 PM; Tuesday: 8:00 AM – 5:30 PM; Wednesday: 8:00 AM – 5:30 PM; Thursday: 8:00 AM – 5:30 PM; Friday: 8:00 AM – 5:00 PM; Saturday: Closed; Sunday: Closed,dental_clinic,Auckland,Mission Bay Auckland,no_prices,2026-03-18
Mission Bay Pharmacy,"3 Patteson Avenue, Mission Bay, Auckland 1071, New Zealand",09 521 0880,+64 9 521 0880,https://www.healthpoint.co.nz/pharmacy/pharmacy/unichem-mission-bay-pharmacy/,4.6,22,OPERATIONAL,https://maps.google.com/?cid=13371762717503005513&g_mp=Cidnb29nbGUubWFwcy5wbGFjZXMudjEuUGxhY2VzLlNlYXJjaFRleHQQAhgEIAA,Monday: 8:30 AM – 5:30 PM; Tuesday: 8:30 AM – 5:30 PM; Wednesday: 8:30 AM – 5:30 PM; Thursday: 8:30 AM – 5:30 PM; Friday: 8:30 AM – 5:30 PM; Saturday: 9:00 AM – 5:00 PM; Sunday: 10:00 AM – 4:00 PM,dental_clinic,Auckland,Mission Bay Auckland,no_prices,2026-03-18
Bayside Medical Practice - Dr. Young Lee,"6/17 Patteson Avenue, Mission Bay, Auckland 1071, New Zealand",09 528 6152,+64 9 528 6152,https://www.baysidemedical.co.nz/,4.9,230,OPERATIONAL,https://maps.google.com/?cid=823051952943421104&g_mp=Cidnb29nbGUubWFwcy5wbGFjZXMudjEuUGxhY2VzLlNlYXJjaFRleHQQAhgEIAA,Monday: 8:00 AM – 5:00 PM; Tuesday: 8:00 AM – 5:00 PM; Wednesday: 8:00 AM – 5:00 PM; Thursday: 8:00 AM – 5:00 PM; Friday: 8:00 AM – 5:00 PM; Saturday: Closed; Sunday: Closed,dental_clinic,Auckland,Mission Bay Auckland,no_prices,2026-03-18
Bayside Dental Centre,"86 Clyde Road, Browns Bay, Auckland 0630, New Zealand",09 478 8773,+64 9 478 8773,http://www.baysidedental.co.nz/?utm_source=google&utm_medium=organic&utm_campaign=gbp-listing,4.9,243,OPERATIONAL,https://maps.google.com/?cid=6340971216310841017&g_mp=Cidnb29nbGUubWFwcy5wbGFjZXMudjEuUGxhY2VzLlNlYXJjaFRleHQQAhgEIAA,Monday: 8:00 AM – 8:00 PM; Tuesday: 8:00 AM – 8:00 PM; Wednesday: 8:00 AM – 8:00 PM; Thursday: 8:00 AM – 8:00 PM; Friday: 8:00 AM – 3:00 PM; Saturday: 9:00 AM – 2:00 PM; Sunday: Closed,dental_clinic,Auckland,Mission Bay Auckland,no_prices,2026-03-18
The Dental Centre Browns Bay,"1/19 Bute Road, Browns Bay, Auckland 0630, New Zealand",09 479 7710,+64 9 479 7710,http://www.brownsbaydental.co.nz/,4.6,24,OPERATIONAL,https://maps.google.com/?cid=6125048812315842371&g_mp=Cidnb29nbGUubWFwcy5wbGFjZXMudjEuUGxhY2VzLlNlYXJjaFRleHQQAhgEIAA,Monday: 8:00 AM – 4:30 PM; Tuesday: 8:00 AM – 5:30 PM; Wednesday: 8:00 AM – 5:30 PM; Thursday: 8:00 AM – 4:30 PM; Friday: 8:00 AM – 12:30 PM; Saturday: Closed; Sunday: Closed,dental_clinic,Auckland,Mission Bay Auckland,no_prices,2026-03-18
East Coast Bays Dental,"Level 1/15 Mercari Way, Albany, Auckland 0632, New Zealand",09 415 7000,+64 9 415 7000,https://ecbdental.co.nz/,4.9,212,OPERATIONAL,https://maps.google.com/?cid=11326578216629356719&g_mp=Cidnb29nbGUubWFwcy5wbGFjZXMudjEuUGxhY2VzLlNlYXJjaFRleHQQAhgEIAA,Monday: 9:00 AM – 6:00 PM; Tuesday: 9:00 AM – 7:00 PM; Wednesday: 9:00 AM – 6:00 PM; Thursday: 9:00 AM – 5:30 PM; Friday: 9:00 AM – 5:30 PM; Saturday: Closed; Sunday: Closed,dental_clinic,Auckland,Mission Bay Auckland,no_prices,2026-03-18
Mairangi Bay Dental Centre,"2 Hastings Road, Mairangi Bay, Auckland 0630, New Zealand",09 478 8800,+64 9 478 8800,,5,9,OPERATIONAL,https://maps.google.com/?cid=1110328651785641404&g_mp=Cidnb29nbGUubWFwcy5wbGFjZXMudjEuUGxhY2VzLlNlYXJjaFRleHQQAhgEIAA,Monday: 9:00 AM – 6:00 PM; Tuesday: 9:00 AM – 6:00 PM; Wednesday: 9:00 AM – 6:00 PM; Thursday: 9:00 AM – 6:00 PM; Friday: Closed; Saturday: Closed; Sunday: Closed,dental_clinic,Auckland,Mission Bay Auckland,no_prices,2026-03-18
New World Eastridge,"209 Kepa Road, Mission Bay, Auckland 1070, New Zealand",09 521 4680,+64 9 521 4680,https://www.newworld.co.nz/store-map/,4.2,983,OPERATIONAL,https://maps.google.com/?cid=4585334841228775085&g_mp=Cidnb29nbGUubWFwcy5wbGFjZXMudjEuUGxhY2VzLlNlYXJjaFRleHQQAhgEIAA,Monday: 7:00 AM – 10:00 PM; Tuesday: 7:00 AM – 10:00 PM; Wednesday: 7:00 AM – 10:00 PM; Thursday: 7:00 AM – 10:00 PM; Friday: 7:00 AM – 10:00 PM; Saturday: 7:00 AM – 10:00 PM; Sunday: 7:00 AM – 10:00 PM,dental_clinic,Auckland,Mission Bay Auckland,no_prices,2026-03-18
Life Pharmacy Eastridge,"Eastridge Mall 215 Kepa Road, Mission Bay, Auckland 1071, New Zealand",09 528 6062,+64 9 528 6062,https://www.lifepharmacy.co.nz/pharmacy-finder/,3,53,OPERATIONAL,https://maps.google.com/?cid=13325824649176116209&g_mp=Cidnb29nbGUubWFwcy5wbGFjZXMudjEuUGxhY2VzLlNlYXJjaFRleHQQAhgEIAA,Monday: 9:00 AM – 6:30 PM; Tuesday: 9:00 AM – 6:30 PM; Wednesday: 9:00 AM – 6:30 PM; Thursday: 9:00 AM – 6:30 PM; Friday: 9:00 AM – 6:30 PM; Saturday: 9:00 AM – 6:00 PM; Sunday: 9:00 AM – 4:30 PM,dental_clinic,Auckland,Mission Bay Auckland,no_prices,2026-03-18
Geoff Williamson Bds,"17 Patteson Avenue, Mission Bay, Auckland 1071, New Zealand",09 528 6434,+64 9 528 6434,,,,OPERATIONAL,https://maps.google.com/?cid=15092265065802911990&g_mp=Cidnb29nbGUubWFwcy5wbGFjZXMudjEuUGxhY2VzLlNlYXJjaFRleHQQAhgEIAA,,dental_clinic,Auckland,Mission Bay Auckland,no_prices,2026-03-18
St Heliers Dental Group,"162 Saint Heliers Bay Road, St Heliers, Auckland 1071, New Zealand",09 575 9590,+64 9 575 9590,http://www.shdg.co.nz/,5,10,OPERATIONAL,https://maps.google.com/?cid=6804412470962391698&g_mp=Cidnb29nbGUubWFwcy5wbGFjZXMudjEuUGxhY2VzLlNlYXJjaFRleHQQAhgEIAA,Monday: 8:00 AM – 5:00 PM; Tuesday: 8:00 AM – 5:00 PM; Wednesday: 8:00 AM – 5:00 PM; Thursday: 8:00 AM – 8:00 PM; Friday: 8:00 AM – 5:00 PM; Saturday: Closed; Sunday: Closed,dental_clinic,Auckland,St Heliers Auckland,no_prices,2026-03-18
Natural Smile EastMed Dental,"188 Saint Heliers Bay Road, St Heliers, Auckland 1071, New Zealand",09 585 0205,+64 9 585 0205,https://www.naturalsmile.co.nz/?utm_source=Google&utm_medium=Organic&utm_campaign=GBP&utm_term=Website,5,31,OPERATIONAL,https://maps.google.com/?cid=13830083633380613816&g_mp=Cidnb29nbGUubWFwcy5wbGFjZXMudjEuUGxhY2VzLlNlYXJjaFRleHQQAhgEIAA,Monday: 7:00 AM – 5:00 PM; Tuesday: 8:00 AM – 5:00 PM; Wednesday: 8:00 AM – 6:00 PM; Thursday: 8:00 AM – 5:00 PM; Friday: 8:00 AM – 3:00 PM; Saturday: Closed; Sunday: Closed,dental_clinic,Auckland,St Heliers Auckland,no_prices,2026-03-18
Lumino St Heliers | Lumino The Dentists,"413a Tamaki Drive, St Heliers, Auckland 1071, New Zealand",09 575 5814,+64 9 575 5814,https://lumino.co.nz/dentists/lumino-st-heliers/?utm_source=google_business_profile&utm_medium=organic,5,27,OPERATIONAL,https://maps.google.com/?cid=13027872927173741408&g_mp=Cidnb29nbGUubWFwcy5wbGFjZXMudjEuUGxhY2VzLlNlYXJjaFRleHQQAhgEIAA,Monday: 8:00 AM – 5:00 PM; Tuesday: 8:00 AM – 5:00 PM; Wednesday: 8:00 AM – 5:00 PM; Thursday: 8:00 AM – 5:00 PM; Friday: 8:30 AM – 2:30 PM; Saturday: Closed; Sunday: Closed,dental_clinic,Auckland,St Heliers Auckland,no_prices,2026-03-18
Glendowie Dental Centre,"106 West Tamaki Road, St Heliers, Auckland 1072, New Zealand",09 521 2076,+64 9 521 2076,http://glendowiedentalcentre.co.nz/,4.8,69,OPERATIONAL,https://maps.google.com/?cid=2141843663063742188&g_mp=Cidnb29nbGUubWFwcy5wbGFjZXMudjEuUGxhY2VzLlNlYXJjaFRleHQQAhgEIAA,Monday: 8:00 AM – 5:30 PM; Tuesday: 10:00 AM – 7:00 PM; Wednesday: 7:30 AM – 5:30 PM; Thursday: 10:00 AM – 7:00 PM; Friday: 7:30 AM – 12:00 PM; Saturday: Closed; Sunday: Closed,dental_clinic,Auckland,St Heliers Auckland,no_prices,2026-03-18
Dr Dave Richards Dentist Auckland,"188 Saint Heliers Bay Road, St Heliers, Auckland 1071, New Zealand",09 585 0205,+64 9 585 0205,https://www.drdaverichards.nz/,5,121,OPERATIONAL,https://maps.google.com/?cid=3293729009085008721&g_mp=Cidnb29nbGUubWFwcy5wbGFjZXMudjEuUGxhY2VzLlNlYXJjaFRleHQQAhgEIAA,Monday: 7:00 AM – 5:00 PM; Tuesday: 8:00 AM – 5:00 PM; Wednesday: 8:00 AM – 7:00 PM; Thursday: 8:00 AM – 5:00 PM; Friday: 8:00 AM – 3:00 PM; Saturday: Closed; Sunday: Closed,dental_clinic,Auckland,St Heliers Auckland,no_prices,2026-03-18
Platinum Smile,"413a Tamaki Drive, St Heliers, Auckland 1071, New Zealand",09 575 5814,+64 9 575 5814,,5,1,OPERATIONAL,https://maps.google.com/?cid=4171988399492766228&g_mp=Cidnb29nbGUubWFwcy5wbGFjZXMudjEuUGxhY2VzLlNlYXJjaFRleHQQAhgEIAA,Monday: 8:00 AM – 5:00 PM; Tuesday: 8:00 AM – 7:00 PM; Wednesday: 8:00 AM – 5:00 PM; Thursday: 8:00 AM – 7:00 PM; Friday: 8:00 AM – 3:00 PM; Saturday: Closed; Sunday: Closed,dental_clinic,Auckland,St Heliers Auckland,no_prices,2026-03-18
Saint Heliers Dental Centre,"St Heliers, Auckland 1071, New Zealand",,,,,,OPERATIONAL,https://maps.google.com/?cid=11617522800874603281&g_mp=Cidnb29nbGUubWFwcy5wbGFjZXMudjEuUGxhY2VzLlNlYXJjaFRleHQQAhgEIAA,,dental_clinic,Auckland,St Heliers Auckland,no_prices,2026-03-18
Dental Solutions Ellerslie,"2/2 Robert Street, Ellerslie, Auckland 1051, New Zealand",09 525 0959,+64 9 525 0959,https://www.dentalsolutions.co.nz/,3.8,18,OPERATIONAL,https://maps.google.com/?cid=10143149531414227028&g_mp=Cidnb29nbGUubWFwcy5wbGFjZXMudjEuUGxhY2VzLlNlYXJjaFRleHQQAhgEIAA,Monday: 9:00 AM – 5:00 PM; Tuesday: 8:30 AM – 6:15 PM; Wednesday: 8:00 AM – 5:00 PM; Thursday: 8:00 AM – 5:00 PM; Friday: 8:00 AM – 3:30 PM; Saturday: Closed; Sunday: Closed,dental_clinic,Auckland,Ellerslie Auckland,no_prices,2026-03-18
Ellerslie Hway Dental Centre,"439 Ellerslie Panmure Highway, Mount Wellington, Auckland 1060, New Zealand",09 570 7061,+64 9 570 7061,http://www.ellersliehwaydentalcentre.co.nz/,4.9,41,OPERATIONAL,https://maps.google.com/?cid=12308009201752233847&g_mp=Cidnb29nbGUubWFwcy5wbGFjZXMudjEuUGxhY2VzLlNlYXJjaFRleHQQAhgEIAA,Monday: 9:00 AM – 6:00 PM; Tuesday: 9:00 AM – 6:00 PM; Wednesday: 9:00 AM – 6:00 PM; Thursday: 9:00 AM – 6:00 PM; Friday: 9:00 AM – 4:00 PM; Saturday: Closed; Sunday: Closed,dental_clinic,Auckland,Ellerslie Auckland,no_prices,2026-03-18
Sapphire Dental,"126a Main Highway, Ellerslie, Auckland 1051, New Zealand",09 579 4746,+64 9 579 4746,https://sapphiredental.co.nz/,5,17,OPERATIONAL,https://maps.google.com/?cid=3776459465862319511&g_mp=Cidnb29nbGUubWFwcy5wbGFjZXMudjEuUGxhY2VzLlNlYXJjaFRleHQQAhgEIAA,Monday: 9:30 AM – 5:30 PM; Tuesday: Closed; Wednesday: 9:00 AM – 1:00 PM; Thursday: Closed; Friday: 9:30 AM – 6:30 PM; Saturday: 9:30 AM – 3:30 PM; Sunday: Closed,dental_clinic,Auckland,Ellerslie Auckland,no_prices,2026-03-18
Rockfield Dental Centre,"86 Rockfield Road, Penrose, Auckland 1061, New Zealand",09 579 4180,+64 9 579 4180,http://www.dentist.co.nz/dentist-detail/auckland/rockfield-dental-centre/A11006719,4.7,26,OPERATIONAL,https://maps.google.com/?cid=7276463017540826486&g_mp=Cidnb29nbGUubWFwcy5wbGFjZXMudjEuUGxhY2VzLlNlYXJjaFRleHQQAhgEIAA,Monday: 9:00 AM – 7:00 PM; Tuesday: 8:30 AM – 5:00 PM; Wednesday: 7:30 AM – 4:30 PM; Thursday: 8:30 AM – 5:00 PM; Friday: 8:30 AM – 5:00 PM; Saturday: Closed; Sunday: Closed,dental_clinic,Auckland,Ellerslie Auckland,no_prices,2026-03-18
Dentalworks,"c5/71 Lunn Avenue, Ellerslie, Auckland 1072, New Zealand",09 527 8088,+64 9 527 8088,https://dentalworks.co.nz/,4.5,75,OPERATIONAL,https://maps.google.com/?cid=10549071728589872131&g_mp=Cidnb29nbGUubWFwcy5wbGFjZXMudjEuUGxhY2VzLlNlYXJjaFRleHQQAhgEIAA,Monday: 7:00 AM – 5:00 PM; Tuesday: 9:00 AM – 6:00 PM; Wednesday: 9:00 AM – 5:00 PM; Thursday: 9:00 AM – 6:00 PM; Friday: 10:00 AM – 7:00 PM; Saturday: Closed; Sunday: 9:00 AM – 3:00 PM,dental_clinic,Auckland,Ellerslie Auckland,no_prices,2026-03-18
Panmure Dentists,"188 Queens Road, Panmure, Auckland 1072, New Zealand",09 570 1764,+64 9 570 1764,https://panmuredentists.co.nz/,4.9,111,OPERATIONAL,https://maps.google.com/?cid=8438578034923614661&g_mp=Cidnb29nbGUubWFwcy5wbGFjZXMudjEuUGxhY2VzLlNlYXJjaFRleHQQAhgEIAA,Monday: 9:00 AM – 5:00 PM; Tuesday: 9:00 AM – 5:00 PM; Wednesday: 9:00 AM – 5:00 PM; Thursday: 9:00 AM – 5:00 PM; Friday: 9:00 AM – 5:00 PM; Saturday: Closed; Sunday: Closed,dental_clinic,Auckland,Panmure Auckland,no_prices,2026-03-18
Classics Dental Panmure,"144 Queens Road, Panmure, Auckland 1072, New Zealand",09 570 2823,+64 9 570 2823,https://classicsdental.co.nz/,4.9,82,OPERATIONAL,https://maps.google.com/?cid=8833692112249440983&g_mp=Cidnb29nbGUubWFwcy5wbGFjZXMudjEuUGxhY2VzLlNlYXJjaFRleHQQAhgEIAA,Monday: Closed; Tuesday: 10:00 AM – 5:30 PM; Wednesday: 10:00 AM – 5:30 PM; Thursday: 10:00 AM – 5:30 PM; Friday: 10:00 AM – 5:30 PM; Saturday: 10:00 AM – 5:30 PM; Sunday: Closed,dental_clinic,Auckland,Panmure Auckland,no_prices,2026-03-18
Panmure Dental Centre,"Panmure, Auckland 1072, New Zealand",09 527 2580,+64 9 527 2580,,5,8,OPERATIONAL,https://maps.google.com/?cid=8784564158906154530&g_mp=Cidnb29nbGUubWFwcy5wbGFjZXMudjEuUGxhY2VzLlNlYXJjaFRleHQQAhgEIAA,Monday: Closed; Tuesday: 8:30 AM – 5:30 PM; Wednesday: Closed; Thursday: 8:30 AM – 1:00 PM; Friday: 8:30 AM – 12:30 PM; Saturday: Closed; Sunday: Closed,dental_clinic,Auckland,Panmure Auckland,no_prices,2026-03-18
Dental World Panmure,"148 Queens Road, Panmure, Auckland 1072, New Zealand",022 174 5070,+64 22 174 5070,http://www.panmuredentalworld.co.nz/,4.6,73,OPERATIONAL,https://maps.google.com/?cid=3545551210520094082&g_mp=Cidnb29nbGUubWFwcy5wbGFjZXMudjEuUGxhY2VzLlNlYXJjaFRleHQQAhgEIAA,Monday: 8:00 AM – 4:00 PM; Tuesday: 8:00 AM – 4:00 PM; Wednesday: 8:00 AM – 4:00 PM; Thursday: 8:00 AM – 4:00 PM; Friday: 8:00 AM – 4:00 PM; Saturday: Closed; Sunday: Closed,dental_clinic,Auckland,Panmure Auckland,no_prices,2026-03-18
Gentle Care Dentist,"70 Queens Road, Panmure, Auckland 1072, New Zealand",09 527 0030,+64 9 527 0030,http://www.gentlecaredentist.co.nz/,4.4,21,OPERATIONAL,https://maps.google.com/?cid=4145574192044363706&g_mp=Cidnb29nbGUubWFwcy5wbGFjZXMudjEuUGxhY2VzLlNlYXJjaFRleHQQAhgEIAA,Monday: 9:00 AM – 5:00 PM; Tuesday: 9:00 AM – 5:00 PM; Wednesday: 9:00 AM – 5:00 PM; Thursday: 9:00 AM – 5:00 PM; Friday: 9:00 AM – 5:00 PM; Saturday: 9:00 AM – 1:00 PM; Sunday: Closed,dental_clinic,Auckland,Panmure Auckland,no_prices,2026-03-18
Mt Wellington Dental Centre,"22 Ireland Road, Mount Wellington, Auckland 1060, New Zealand",09 527 6322,+64 9 527 6322,https://www.mtwellingtondentalcentre.co.nz/,5,13,OPERATIONAL,https://maps.google.com/?cid=594266635371737181&g_mp=Cidnb29nbGUubWFwcy5wbGFjZXMudjEuUGxhY2VzLlNlYXJjaFRleHQQAhgEIAA,Monday: 8:30 AM – 5:00 PM; Tuesday: 8:30 AM – 7:00 PM; Wednesday: 8:30 AM – 5:00 PM; Thursday: 8:30 AM – 5:00 PM; Friday: 8:30 AM – 4:00 PM; Saturday: Closed; Sunday: Closed,dental_clinic,Auckland,Panmure Auckland,no_prices,2026-03-18
Glen Innes Dental Centre,"230 Taniwha Street, Glen Innes, Auckland 1072, New Zealand",09 528 3434,+64 9 528 3434,https://www.gleninnesdentalcentre.co.nz/,4.3,37,OPERATIONAL,https://maps.google.com/?cid=18093033328138879575&g_mp=Cidnb29nbGUubWFwcy5wbGFjZXMudjEuUGxhY2VzLlNlYXJjaFRleHQQAhgEIAA,Monday: 8:30 AM – 5:00 PM; Tuesday: 8:30 AM – 5:00 PM; Wednesday: 8:30 AM – 5:00 PM; Thursday: 8:30 AM – 5:00 PM; Friday: 8:30 AM – 5:00 PM; Saturday: Closed; Sunday: Closed,dental_clinic,Auckland,Glen Innes Auckland,no_prices,2026-03-18
Glen Innes Dentist,"48 Mayfair Place, Glen Innes, Auckland 1072, New Zealand",09 528 9389,+64 9 528 9389,http://www.gleninnesdentist.co.nz/,4.6,18,OPERATIONAL,https://maps.google.com/?cid=7135055272648643373&g_mp=Cidnb29nbGUubWFwcy5wbGFjZXMudjEuUGxhY2VzLlNlYXJjaFRleHQQAhgEIAA,Monday: 8:00 AM – 3:00 PM; Tuesday: 8:00 AM – 3:00 PM; Wednesday: 8:00 AM – 8:00 PM; Thursday: 8:00 AM – 4:00 PM; Friday: 8:00 AM – 3:00 PM; Saturday: Closed; Sunday: Closed,dental_clinic,Auckland,Glen Innes Auckland,no_prices,2026-03-18
GI Dental,"201d Apirana Avenue, Glen Innes, Auckland 1072, New Zealand",027 882 5266,+64 27 882 5266,https://gidental.co.nz/,5,7,OPERATIONAL,https://maps.google.com/?cid=7310079815786224353&g_mp=Cidnb29nbGUubWFwcy5wbGFjZXMudjEuUGxhY2VzLlNlYXJjaFRleHQQAhgEIAA,Monday: 9:00 AM – 5:00 PM; Tuesday: 9:00 AM – 5:00 PM; Wednesday: 9:00 AM – 8:00 PM; Thursday: 9:00 AM – 5:00 PM; Friday: 9:00 AM – 5:00 PM; Saturday: 9:00 AM – 5:00 PM; Sunday: Closed,dental_clinic,Auckland,Glen Innes Auckland,no_prices,2026-03-18
Pt England Children's Community Dental Clinic,"130a Point England Road, Point England, Auckland 1072, New Zealand",09 570 4309,+64 9 570 4309,,3.4,10,OPERATIONAL,https://maps.google.com/?cid=16647253857157509450&g_mp=Cidnb29nbGUubWFwcy5wbGFjZXMudjEuUGxhY2VzLlNlYXJjaFRleHQQAhgEIAA,,dental_clinic,Auckland,Point England Auckland,no_prices,2026-03-18
Family Dentist Pakuranga,"237A Pakuranga Road, Pakuranga, Auckland 2010, New Zealand",09 576 7088,+64 9 576 7088,https://www.familydentistpakuranga.co.nz/,4.8,217,OPERATIONAL,https://maps.google.com/?cid=6236567044691261633&g_mp=Cidnb29nbGUubWFwcy5wbGFjZXMudjEuUGxhY2VzLlNlYXJjaFRleHQQAhgEIAA,Monday: 9:00 AM – 6:00 PM; Tuesday: 9:00 AM – 6:00 PM; Wednesday: 9:00 AM – 6:00 PM; Thursday: 9:00 AM – 6:00 PM; Friday: 9:00 AM – 6:00 PM; Saturday: 9:00 AM – 4:00 PM; Sunday: Closed,dental_clinic,Auckland,Pakuranga Auckland,no_prices,2026-03-18
Pakuranga Dental Surgery,"219 Pakuranga Road, Pakuranga, Auckland 2010, New Zealand",09 576 6720,+64 9 576 6720,https://www.pakurangadental.net.nz/,5,6,OPERATIONAL,https://maps.google.com/?cid=15248781132618048381&g_mp=Cidnb29nbGUubWFwcy5wbGFjZXMudjEuUGxhY2VzLlNlYXJjaFRleHQQAhgEIAA,Monday: 8:30 AM – 5:00 PM; Tuesday: 8:30 AM – 5:00 PM; Wednesday: 8:30 AM – 5:00 PM; Thursday: 8:30 AM – 5:00 PM; Friday: 8:30 AM – 5:00 PM; Saturday: Closed; Sunday: Closed,dental_clinic,Auckland,Pakuranga Auckland,no_prices,2026-03-18
My Dentist - Pakuranga,"11 Cortina Place, Pakuranga, Auckland 2010, New Zealand",09 218 8988,+64 9 218 8988,https://mydentist.nz/,4.8,83,OPERATIONAL,https://maps.google.com/?cid=10012403983334589230&g_mp=Cidnb29nbGUubWFwcy5wbGFjZXMudjEuUGxhY2VzLlNlYXJjaFRleHQQAhgEIAA,Monday: 9:00 AM – 5:00 PM; Tuesday: 9:00 AM – 5:00 PM; Wednesday: 9:00 AM – 5:00 PM; Thursday: 9:00 AM – 6:00 PM; Friday: 9:00 AM – 5:00 PM; Saturday: Closed; Sunday: Closed,dental_clinic,Auckland,Pakuranga Auckland,no_prices,2026-03-18
Dentalcare Pakuranga,"207 Pakuranga Road, Pakuranga, Manukau 2010, New Zealand",09 576 5761,+64 9 576 5761,https://dentalcarepakuranga.co.nz/,4.8,12,OPERATIONAL,https://maps.google.com/?cid=8635917342792827598&g_mp=Cidnb29nbGUubWFwcy5wbGFjZXMudjEuUGxhY2VzLlNlYXJjaFRleHQQAhgEIAA,Monday: 8:00 AM – 7:00 PM; Tuesday: 8:00 AM – 5:00 PM; Wednesday: 7:00 AM – 5:00 PM; Thursday: 8:00 AM – 5:00 PM; Friday: 7:00 AM – 5:00 PM; Saturday: Closed; Sunday: Closed,dental_clinic,Auckland,Pakuranga Auckland,no_prices,2026-03-18
Fraser Smith Lowe Dentists Limited,"267 Pakuranga Road, Pakuranga, Auckland 2010, New Zealand",09 576 7676,+64 9 576 7676,http://www.frasersmithlowe.co.nz/,4.6,8,OPERATIONAL,https://maps.google.com/?cid=9622896028357951104&g_mp=Cidnb29nbGUubWFwcy5wbGFjZXMudjEuUGxhY2VzLlNlYXJjaFRleHQQAhgEIAA,Monday: 8:00 AM – 5:00 PM; Tuesday: 8:00 AM – 5:00 PM; Wednesday: 8:00 AM – 5:00 PM; Thursday: 8:00 AM – 5:00 PM; Friday: 8:00 AM – 2:00 PM; Saturday: Closed; Sunday: Closed,dental_clinic,Auckland,Pakuranga Auckland,no_prices,2026-03-18
Ti Rakau OMS,"Pakuranga Medical Centre Level 1/11 Cortina Place, Pakuranga, Auckland 2010, New Zealand",09 280 3322,+64 9 280 3322,http://www.troms.nz/,4.9,258,OPERATIONAL,https://maps.google.com/?cid=12616751343472376520&g_mp=Cidnb29nbGUubWFwcy5wbGFjZXMudjEuUGxhY2VzLlNlYXJjaFRleHQQAhgEIAA,Monday: 7:30 AM – 4:00 PM; Tuesday: 7:30 AM – 4:00 PM; Wednesday: 7:30 AM – 4:00 PM; Thursday: 7:30 AM – 4:00 PM; Friday: Closed; Saturday: Closed; Sunday: Closed,dental_clinic,Auckland,Pakuranga Auckland,no_prices,2026-03-18
SmartSmile,"267 Pakuranga Road, Pakuranga, Auckland 2010, New Zealand",09 576 7676,+64 9 576 7676,http://www.smartsmile.co.nz/,5,1,OPERATIONAL,https://maps.google.com/?cid=2659086951598651959&g_mp=Cidnb29nbGUubWFwcy5wbGFjZXMudjEuUGxhY2VzLlNlYXJjaFRleHQQAhgEIAA,Monday: 8:00 AM – 5:00 PM; Tuesday: 8:00 AM – 5:00 PM; Wednesday: 8:00 AM – 5:00 PM; Thursday: 8:00 AM – 5:00 PM; Friday: 8:00 AM – 2:00 PM; Saturday: Closed; Sunday: Closed,dental_clinic,Auckland,Pakuranga Auckland,no_prices,2026-03-18
Pakuranga Intermediate Children Community Dental Clinic,"41B Reeves Road, Pakuranga, Auckland 2010, New Zealand",,,,5,1,OPERATIONAL,https://maps.google.com/?cid=11265812842219181490&g_mp=Cidnb29nbGUubWFwcy5wbGFjZXMudjEuUGxhY2VzLlNlYXJjaFRleHQQAhgEIAA,,dental_clinic,Auckland,Pakuranga Auckland,no_prices,2026-03-18
Howick Dental Surgery,"6 Walter MacDonald Street, Howick, Auckland 2014, New Zealand",09 534 7465,+64 9 534 7465,https://www.howickdentalsurgery.co.nz/,4.9,937,OPERATIONAL,https://maps.google.com/?cid=12635533226043181492&g_mp=Cidnb29nbGUubWFwcy5wbGFjZXMudjEuUGxhY2VzLlNlYXJjaFRleHQQAhgEIAA,Monday: 8:30 AM – 5:00 PM; Tuesday: 8:30 AM – 5:00 PM; Wednesday: 8:30 AM – 5:00 PM; Thursday: 8:00 AM – 5:30 PM; Friday: 8:30 AM – 5:00 PM; Saturday: Closed; Sunday: Closed,dental_clinic,Auckland,Howick Auckland,no_prices,2026-03-18
Howick Village Dental,"13 Cook Street, Howick, Auckland 2014, New Zealand",09 534 8931,+64 9 534 8931,http://www.howickvillagedental.co.nz/,4.7,49,OPERATIONAL,https://maps.google.com/?cid=9094264896301562107&g_mp=Cidnb29nbGUubWFwcy5wbGFjZXMudjEuUGxhY2VzLlNlYXJjaFRleHQQAhgEIAA,Monday: 8:30 AM – 5:00 PM; Tuesday: 8:30 AM – 7:00 PM; Wednesday: 8:30 AM – 5:00 PM; Thursday: 8:30 AM – 7:00 PM; Friday: 8:30 AM – 5:00 PM; Saturday: Closed; Sunday: Closed,dental_clinic,Auckland,Howick Auckland,no_prices,2026-03-18
A+ Dentists,"4 Fencible Chambers, Fencible Dr, Howick, Auckland 2014, New Zealand",09 534 7916,+64 9 534 7916,https://www.aplusdentists.co.nz/?utm_source=GBP&utm_medium=organic,5,143,OPERATIONAL,https://maps.google.com/?cid=17339804151110224848&g_mp=Cidnb29nbGUubWFwcy5wbGFjZXMudjEuUGxhY2VzLlNlYXJjaFRleHQQAhgEIAA,Monday: 9:00 AM – 5:00 PM; Tuesday: 9:00 AM – 5:00 PM; Wednesday: 9:00 AM – 5:00 PM; Thursday: 9:00 AM – 7:00 PM; Friday: 9:00 AM – 5:00 PM; Saturday: 9:00 AM – 3:00 PM; Sunday: Closed,dental_clinic,Auckland,Howick Auckland,no_prices,2026-03-18
Dentart,"16 Selwyn Road, Howick, Auckland 2014, New Zealand",09 534 2614,+64 9 534 2614,http://www.dentart.co.nz/,4.3,11,OPERATIONAL,https://maps.google.com/?cid=16364185053033306681&g_mp=Cidnb29nbGUubWFwcy5wbGFjZXMudjEuUGxhY2VzLlNlYXJjaFRleHQQAhgEIAA,Monday: 12:00 – 8:00 PM; Tuesday: 8:00 AM – 5:00 PM; Wednesday: 12:00 – 8:00 PM; Thursday: 8:00 AM – 5:00 PM; Friday: 8:00 AM – 3:00 PM; Saturday: Closed; Sunday: Closed,dental_clinic,Auckland,Howick Auckland,no_prices,2026-03-18
Botany Dental Clinic,"Golflands, Auckland 2013, New Zealand",0800 825 583,+64 800 825 583,http://www.letstalkteeth.co.nz/,2.5,23,OPERATIONAL,https://maps.google.com/?cid=5283226661754871770&g_mp=Cidnb29nbGUubWFwcy5wbGFjZXMudjEuUGxhY2VzLlNlYXJjaFRleHQQAhgEIAA,Monday: 8:00 AM – 4:30 PM; Tuesday: 8:00 AM – 4:30 PM; Wednesday: 8:00 AM – 4:30 PM; Thursday: 8:00 AM – 4:30 PM; Friday: 8:00 AM – 4:30 PM; Saturday: Closed; Sunday: Closed,dental_clinic,Auckland,Botany Auckland,no_prices,2026-03-18
Botany South Dental,"2A/302 Te Irirangi Drive, Flat Bush, Auckland 2013, New Zealand",09 271 0008,+64 9 271 0008,https://botanysouthdental.co.nz/?utm_source=Auckland&utm_medium=googleplaces,4.8,90,OPERATIONAL,https://maps.google.com/?cid=13545882203962838574&g_mp=Cidnb29nbGUubWFwcy5wbGFjZXMudjEuUGxhY2VzLlNlYXJjaFRleHQQAhgEIAA,Monday: 9:00 AM – 5:30 PM; Tuesday: 9:00 AM – 6:30 PM; Wednesday: 9:00 AM – 5:30 PM; Thursday: 9:00 AM – 6:30 PM; Friday: 9:00 AM – 5:00 PM; Saturday: Closed; Sunday: Closed,dental_clinic,Auckland,Botany Auckland,no_prices,2026-03-18
Eastcare Dental Services,"260 Botany Road, Botany Downs, Auckland 2013, New Zealand",09 277 1514,+64 9 277 1514,http://www.eastcaredental.co.nz/,4.9,95,OPERATIONAL,https://maps.google.com/?cid=10188270629614633959&g_mp=Cidnb29nbGUubWFwcy5wbGFjZXMudjEuUGxhY2VzLlNlYXJjaFRleHQQAhgEIAA,Monday: 8:30 AM – 4:30 PM; Tuesday: 8:30 AM – 8:30 PM; Wednesday: 8:30 AM – 8:30 PM; Thursday: 8:30 AM – 4:30 PM; Friday: 8:30 AM – 4:30 PM; Saturday: Closed; Sunday: Closed,dental_clinic,Auckland,Botany Auckland,no_prices,2026-03-18
Botany Family Dentist,"455D East Tamaki Road, East Tāmaki, Auckland 2013, New Zealand",09 272 2048,+64 9 272 2048,http://www.botanydentists.co.nz/,4.7,99,OPERATIONAL,https://maps.google.com/?cid=4415155302112707036&g_mp=Cidnb29nbGUubWFwcy5wbGFjZXMudjEuUGxhY2VzLlNlYXJjaFRleHQQAhgEIAA,Monday: 9:00 AM – 5:00 PM; Tuesday: 9:00 AM – 5:00 PM; Wednesday: 9:00 AM – 5:00 PM; Thursday: 9:00 AM – 5:00 PM; Friday: 9:00 AM – 5:00 PM; Saturday: 8:30 AM – 1:00 PM; Sunday: Closed,dental_clinic,Auckland,Botany Auckland,no_prices,2026-03-18
Botany Dental Practice | Lumino The Dentists,"Unit C/12 Amera Place, Huntington Park, Auckland 2013, New Zealand",09 361 7153,+64 9 361 7153,https://lumino.co.nz/dentists/botany-dental-practice/?utm_source=google_business_profile&utm_medium=organic,4.5,28,OPERATIONAL,https://maps.google.com/?cid=11927315682129289283&g_mp=Cidnb29nbGUubWFwcy5wbGFjZXMudjEuUGxhY2VzLlNlYXJjaFRleHQQAhgEIAA,Monday: 9:00 AM – 5:00 PM; Tuesday: 9:00 AM – 6:00 PM; Wednesday: 9:00 AM – 7:00 PM; Thursday: 9:00 AM – 5:00 PM; Friday: 9:00 AM – 4:00 PM; Saturday: Closed; Sunday: Closed,dental_clinic,Auckland,Botany Auckland,no_prices,2026-03-18
Flat Bush Dental,"201 Murphys Road, Flat Bush, Auckland 2019, New Zealand",09 930 8315,+64 9 930 8315,https://flatbushdental.co.nz/,4,37,OPERATIONAL,https://maps.google.com/?cid=15073759197055160626&g_mp=Cidnb29nbGUubWFwcy5wbGFjZXMudjEuUGxhY2VzLlNlYXJjaFRleHQQAhgEIAA,Monday: 9:00 AM – 5:00 PM; Tuesday: 9:00 AM – 5:00 PM; Wednesday: 9:00 AM – 5:00 PM; Thursday: 9:00 AM – 5:00 PM; Friday: 9:00 AM – 5:00 PM; Saturday: 9:00 AM – 3:00 PM; Sunday: Closed,dental_clinic,Auckland,Flat Bush Auckland,no_prices,2026-03-18
Chapel Park Dental,"140 Chapel Road, Flat Bush, Manukau 2016, New Zealand",0800 437 645,+64 800 437 645,http://www.chapelparkdental.co.nz/,4.2,278,OPERATIONAL,https://maps.google.com/?cid=8086191834147654274&g_mp=Cidnb29nbGUubWFwcy5wbGFjZXMudjEuUGxhY2VzLlNlYXJjaFRleHQQAhgEIAA,Monday: 10:00 AM – 4:00 PM; Tuesday: 10:00 AM – 3:00 PM; Wednesday: 10:00 AM – 3:00 PM; Thursday: 9:00 AM – 7:00 PM; Friday: 11:00 AM – 3:00 PM; Saturday: Closed; Sunday: Closed,dental_clinic,Auckland,Flat Bush Auckland,no_prices,2026-03-18
VS Dental Studio,"5/142 Stancombe Road, Flat Bush, Auckland 2016, New Zealand",09 666 9200,+64 9 666 9200,https://vsdental.co.nz/,4.3,10,OPERATIONAL,https://maps.google.com/?cid=11380444250516037002&g_mp=Cidnb29nbGUubWFwcy5wbGFjZXMudjEuUGxhY2VzLlNlYXJjaFRleHQQAhgEIAA,Monday: 9:00 AM – 5:00 PM; Tuesday: 9:00 AM – 5:00 PM; Wednesday: 9:00 AM – 5:00 PM; Thursday: 9:00 AM – 5:00 PM; Friday: 9:00 AM – 5:00 PM; Saturday: 9:00 AM – 5:00 PM; Sunday: 9:00 AM – 5:00 PM,dental_clinic,Auckland,Flat Bush Auckland,no_prices,2026-03-18
Ormiston Dental Centre Flat Bush | Lumino The Dentists,"Level 2, Ormiston Hospital, 125 Ormiston Road, Flat Bush, Auckland 2019, New Zealand",09 272 8178,+64 9 272 8178,https://lumino.co.nz/dentists/ormiston-dental-centre-flat-bush/?utm_source=google_business_profile&utm_medium=organic,3.6,28,OPERATIONAL,https://maps.google.com/?cid=12122186143653490331&g_mp=Cidnb29nbGUubWFwcy5wbGFjZXMudjEuUGxhY2VzLlNlYXJjaFRleHQQAhgEIAA,Monday: 8:00 AM – 5:00 PM; Tuesday: 8:00 AM – 5:00 PM; Wednesday: 8:00 AM – 5:00 PM; Thursday: 8:00 AM – 5:00 PM; Friday: 9:00 AM – 5:00 PM; Saturday: Closed; Sunday: Closed,dental_clinic,Auckland,Flat Bush Auckland,no_prices,2026-03-18
Fern Dental,"240 Ormiston Road, Flat Bush, Auckland 2019, New Zealand",0800 693 376,+64 800 693 376,http://ferndental.co.nz/,4.1,14,OPERATIONAL,https://maps.google.com/?cid=3854169107504750396&g_mp=Cidnb29nbGUubWFwcy5wbGFjZXMudjEuUGxhY2VzLlNlYXJjaFRleHQQAhgEIAA,Monday: 9:00 AM – 3:00 PM; Tuesday: 9:00 AM – 3:00 PM; Wednesday: 9:00 AM – 7:00 PM; Thursday: 9:00 AM – 5:00 PM; Friday: 9:00 AM – 5:00 PM; Saturday: 9:00 AM – 4:00 PM; Sunday: Closed,dental_clinic,Auckland,Flat Bush Auckland,no_prices,2026-03-18
Flat Bush Medical Centre,"201 Murphys Road, Flat Bush, Auckland 2019, New Zealand",09 930 8314,+64 9 930 8314,http://www.flatbushmedicalcentre.co.nz/,2.5,93,OPERATIONAL,https://maps.google.com/?cid=17241455750727424996&g_mp=Cidnb29nbGUubWFwcy5wbGFjZXMudjEuUGxhY2VzLlNlYXJjaFRleHQQAhgEIAA,Monday: 8:30 AM – 5:30 PM; Tuesday: 8:30 AM – 5:30 PM; Wednesday: 8:30 AM – 5:30 PM; Thursday: 8:30 AM – 5:30 PM; Friday: 8:30 AM – 5:30 PM; Saturday: Closed; Sunday: Closed,dental_clinic,Auckland,Flat Bush Auckland,no_prices,2026-03-18
Lumino Sanctuary Dental | Lumino The Dentists,"20/2 Bishop Dunn Place, Botany Downs, Auckland 2142, New Zealand",09 273 2173,+64 9 273 2173,https://lumino.co.nz/dentists/lumino-sanctuary-botany/?utm_source=google_business_profile&utm_medium=organic,4.8,49,OPERATIONAL,https://maps.google.com/?cid=759511680401329850&g_mp=Cidnb29nbGUubWFwcy5wbGFjZXMudjEuUGxhY2VzLlNlYXJjaFRleHQQAhgEIAA,Monday: 8:00 AM – 6:00 PM; Tuesday: 8:00 AM – 7:00 PM; Wednesday: 9:00 AM – 6:00 PM; Thursday: 9:00 AM – 7:00 PM; Friday: 9:00 AM – 4:00 PM; Saturday: Closed; Sunday: Closed,dental_clinic,Auckland,Flat Bush Auckland,no_prices,2026-03-18
Chapel Downs Child And Adolescent Community Dental Clinic,"58 Chapel Road, Flat Bush, Auckland 2023, New Zealand",09 274 7203,+64 9 274 7203,,3.9,7,OPERATIONAL,https://maps.google.com/?cid=636311069275440199&g_mp=Cidnb29nbGUubWFwcy5wbGFjZXMudjEuUGxhY2VzLlNlYXJjaFRleHQQAhgEIAA,Monday: 8:00 AM – 4:30 PM; Tuesday: 8:00 AM – 4:30 PM; Wednesday: 8:00 AM – 4:30 PM; Thursday: 8:00 AM – 4:30 PM; Friday: 8:00 AM – 4:30 PM; Saturday: Closed; Sunday: Closed,dental_clinic,Auckland,Flat Bush Auckland,no_prices,2026-03-18
Bishop Dental,"8 Bishop Lenihan Place, East Tāmaki, Auckland 2013, New Zealand",09 277 4546,+64 9 277 4546,,4.5,73,OPERATIONAL,https://maps.google.com/?cid=10541528553858287423&g_mp=Cidnb29nbGUubWFwcy5wbGFjZXMudjEuUGxhY2VzLlNlYXJjaFRleHQQAhgEIAA,Monday: 9:00 AM – 4:30 PM; Tuesday: 9:00 AM – 4:30 PM; Wednesday: 9:00 AM – 4:30 PM; Thursday: 9:00 AM – 4:30 PM; Friday: 9:00 AM – 4:30 PM; Saturday: Closed; Sunday: Closed,dental_clinic,Auckland,Flat Bush Auckland,no_prices,2026-03-18
Smile Dental: Ormiston Dentists,"level 1/211 Ormiston Road, Flat Bush, Auckland 2019, New Zealand",0800 476 453,+64 800 476 453,http://smiledental.co.nz/,3.9,23,OPERATIONAL,https://maps.google.com/?cid=8503316154472339512&g_mp=Cidnb29nbGUubWFwcy5wbGFjZXMudjEuUGxhY2VzLlNlYXJjaFRleHQQAhgEIAA,,dental_clinic,Auckland,Flat Bush Auckland,no_prices,2026-03-18
Macleans Dentist,"219 Bucklands Beach Road, Bucklands Beach, Auckland 2012, New Zealand",09 534 0504,+64 9 534 0504,https://www.macleansdentist.co.nz/,4.4,115,OPERATIONAL,https://maps.google.com/?cid=5119958731413504219&g_mp=Cidnb29nbGUubWFwcy5wbGFjZXMudjEuUGxhY2VzLlNlYXJjaFRleHQQAhgEIAA,Monday: 8:00 AM – 4:00 PM; Tuesday: 8:00 AM – 4:00 PM; Wednesday: 8:00 AM – 4:00 PM; Thursday: 8:00 AM – 4:00 PM; Friday: 8:00 AM – 4:00 PM; Saturday: Closed; Sunday: Closed,dental_clinic,Auckland,Bucklands Beach Auckland,no_prices,2026-03-18
Highland Park Dental Centre,"17c Aberfeldy Avenue, Highland Park, Auckland 2010, New Zealand",09 537 4641,+64 9 537 4641,https://highlandparkdental.co.nz/,4.6,27,OPERATIONAL,https://maps.google.com/?cid=354795335039674457&g_mp=Cidnb29nbGUubWFwcy5wbGFjZXMudjEuUGxhY2VzLlNlYXJjaFRleHQQAhgEIAA,Monday: 8:30 AM – 5:30 PM; Tuesday: 8:30 AM – 5:30 PM; Wednesday: 8:30 AM – 5:30 PM; Thursday: 8:30 AM – 6:00 PM; Friday: 8:30 AM – 5:30 PM; Saturday: 9:00 AM – 4:00 PM; Sunday: Closed,dental_clinic,Auckland,Bucklands Beach Auckland,no_prices,2026-03-18
Pure Oral Health,"126 Picton Street, Howick, Auckland 2014, New Zealand",09 532 8884,+64 9 532 8884,https://www.pureoralhealth.co.nz/,,,OPERATIONAL,https://maps.google.com/?cid=12721619608751649282&g_mp=Cidnb29nbGUubWFwcy5wbGFjZXMudjEuUGxhY2VzLlNlYXJjaFRleHQQAhgEIAA,Monday: 8:00 AM – 5:00 PM; Tuesday: 8:00 AM – 5:00 PM; Wednesday: 10:00 AM – 7:00 PM; Thursday: 8:30 AM – 8:00 PM; Friday: 8:30 AM – 2:00 PM; Saturday: 9:00 AM – 4:00 PM; Sunday: Closed,dental_clinic,Auckland,Bucklands Beach Auckland,no_prices,2026-03-18
Wakaaranga School Dental Clinic,"Manukau/18 Butley Drive, Farm Cove, Auckland 2012, New Zealand",0800 825 583,+64 800 825 583,https://www.wakaaranga.school.nz/dental-care,3.7,3,OPERATIONAL,https://maps.google.com/?cid=9355399070468121724&g_mp=Cidnb29nbGUubWFwcy5wbGFjZXMudjEuUGxhY2VzLlNlYXJjaFRleHQQAhgEIAA,Monday: 8:00 AM – 4:30 PM; Tuesday: 8:00 AM – 4:30 PM; Wednesday: 8:00 AM – 4:30 PM; Thursday: 8:00 AM – 4:30 PM; Friday: 8:00 AM – 4:30 PM; Saturday: Closed; Sunday: Closed,dental_clinic,Auckland,Bucklands Beach Auckland,no_prices,2026-03-18
The Dental Practice,"739 Chapel Road, Botany Downs, Auckland 2016, New Zealand",09 272 8182,+64 9 272 8182,http://www.dentalpractice.co.nz/,4.5,31,OPERATIONAL,https://maps.google.com/?cid=2607540573912917314&g_mp=Cidnb29nbGUubWFwcy5wbGFjZXMudjEuUGxhY2VzLlNlYXJjaFRleHQQAhgEIAA,Monday: 9:00 AM – 6:00 PM; Tuesday: 9:00 AM – 7:00 PM; Wednesday: 9:00 AM – 7:00 PM; Thursday: 9:00 AM – 6:00 PM; Friday: 9:00 AM – 4:00 PM; Saturday: Closed; Sunday: Closed,dental_clinic,Auckland,Bucklands Beach Auckland,no_prices,2026-03-18
Lee Bernard Lee Dental,"19 Highland Park Drive, Highland Park, Auckland 2010, New Zealand",09 535 9477,+64 9 535 9477,,5,1,OPERATIONAL,https://maps.google.com/?cid=3397101915937319981&g_mp=Cidnb29nbGUubWFwcy5wbGFjZXMudjEuUGxhY2VzLlNlYXJjaFRleHQQAhgEIAA,"Monday: 9:00 AM – 12:00 PM; Tuesday: 9:00 AM – 12:00 PM, 1:00 – 5:00 PM; Wednesday: 9:00 AM – 12:00 PM; Thursday: Closed; Friday: Closed; Saturday: Closed; Sunday: Closed",dental_clinic,Auckland,Bucklands Beach Auckland,no_prices,2026-03-18
Golflands Dental,"301E Botany Road, Botany Downs, Auckland 2013, New Zealand",09 274 7227,+64 9 274 7227,http://golflandsdental.co.nz/,4.8,72,OPERATIONAL,https://maps.google.com/?cid=74365260444947589&g_mp=Cidnb29nbGUubWFwcy5wbGFjZXMudjEuUGxhY2VzLlNlYXJjaFRleHQQAhgEIAA,Monday: 8:00 AM – 5:00 PM; Tuesday: 8:00 AM – 5:00 PM; Wednesday: 8:00 AM – 5:00 PM; Thursday: 8:00 AM – 1:00 PM; Friday: 9:00 AM – 5:00 PM; Saturday: Closed; Sunday: Closed,dental_clinic,Auckland,Bucklands Beach Auckland,no_prices,2026-03-18
Bucklands Beach Veterinary Clinic,"340 Bucklands Beach Road, Bucklands Beach, Auckland 2012, New Zealand",09 534 8118,+64 9 534 8118,http://www.bbvet.co.nz/,4.7,300,OPERATIONAL,https://maps.google.com/?cid=5102531310098398152&g_mp=Cidnb29nbGUubWFwcy5wbGFjZXMudjEuUGxhY2VzLlNlYXJjaFRleHQQAhgEIAA,Monday: 8:00 AM – 6:30 PM; Tuesday: 8:00 AM – 6:30 PM; Wednesday: 8:00 AM – 6:30 PM; Thursday: 8:00 AM – 6:30 PM; Friday: 8:00 AM – 6:30 PM; Saturday: 8:30 AM – 1:00 PM; Sunday: Closed,dental_clinic,Auckland,Bucklands Beach Auckland,no_prices,2026-03-18
Bucklands Beach Plunket Clinic,"5 Wharf Road, Bucklands Beach, Auckland 2012, New Zealand",0800 184 803,+64 800 184 803,https://plunket.org.nz/plunket-near-me/bucklands-beach-clinic/,,,OPERATIONAL,https://maps.google.com/?cid=6039178984715423593&g_mp=Cidnb29nbGUubWFwcy5wbGFjZXMudjEuUGxhY2VzLlNlYXJjaFRleHQQAhgEIAA,Monday: 9:00 AM – 3:00 PM; Tuesday: 9:00 AM – 3:00 PM; Wednesday: 9:00 AM – 3:00 PM; Thursday: Closed; Friday: Closed; Saturday: Closed; Sunday: Closed,dental_clinic,Auckland,Bucklands Beach Auckland,no_prices,2026-03-18
Smile Dental - Beachlands,"129 Beachlands Road, Beachlands, Auckland 2018, New Zealand",0800 476 453,+64 800 476 453,https://www.smiledental.co.nz/,4.9,140,OPERATIONAL,https://maps.google.com/?cid=10837058923275753096&g_mp=Cidnb29nbGUubWFwcy5wbGFjZXMudjEuUGxhY2VzLlNlYXJjaFRleHQQAhgEIAA,Monday: 9:30 AM – 5:00 PM; Tuesday: 9:00 AM – 6:00 PM; Wednesday: 10:00 AM – 6:00 PM; Thursday: 10:00 AM – 6:00 PM; Friday: 10:00 AM – 6:00 PM; Saturday: Closed; Sunday: Closed,dental_clinic,Auckland,Beachlands Auckland,no_prices,2026-03-18
Onehunga Dental Centre,"Medical Centre Building 73 Church Street, Onehunga, Auckland 1061, New Zealand",09 636 6227,+64 9 636 6227,http://www.odc.co.nz/,4.7,25,OPERATIONAL,https://maps.google.com/?cid=448890705072050378&g_mp=Cidnb29nbGUubWFwcy5wbGFjZXMudjEuUGxhY2VzLlNlYXJjaFRleHQQAhgEIAA,Monday: 8:00 AM – 5:30 PM; Tuesday: 8:00 AM – 6:00 PM; Wednesday: 8:00 AM – 5:30 PM; Thursday: 8:00 AM – 7:00 PM; Friday: 8:00 AM – 5:30 PM; Saturday: Closed; Sunday: Closed,dental_clinic,Auckland,Onehunga Auckland,no_prices,2026-03-18
Dental Today Onehunga,"66 Church Street, Onehunga, Auckland 1061, New Zealand",09 622 0766,+64 9 622 0766,https://dentaltoday.co.nz/,4.6,174,OPERATIONAL,https://maps.google.com/?cid=6503057756445074495&g_mp=Cidnb29nbGUubWFwcy5wbGFjZXMudjEuUGxhY2VzLlNlYXJjaFRleHQQAhgEIAA,Monday: 7:30 AM – 5:00 PM; Tuesday: 7:30 AM – 5:00 PM; Wednesday: 7:30 AM – 6:30 PM; Thursday: 8:00 AM – 5:00 PM; Friday: 8:00 AM – 5:00 PM; Saturday: 9:00 AM – 3:00 PM; Sunday: Closed,dental_clinic,Auckland,Onehunga Auckland,no_prices,2026-03-18
Onehunga Dentists,"Near Onehunga Police station 130 Onehunga Mall, Onehunga, Auckland 1061, New Zealand",09 636 0034,+64 9 636 0034,http://www.onehungadentists.com/,4.7,16,OPERATIONAL,https://maps.google.com/?cid=8207337529094458512&g_mp=Cidnb29nbGUubWFwcy5wbGFjZXMudjEuUGxhY2VzLlNlYXJjaFRleHQQAhgEIAA,Monday: 9:00 AM – 9:00 PM; Tuesday: 9:00 AM – 9:00 PM; Wednesday: 9:00 AM – 9:00 PM; Thursday: 9:00 AM – 9:00 PM; Friday: 6:00 – 9:00 PM; Saturday: 9:00 AM – 5:00 PM; Sunday: Closed,dental_clinic,Auckland,Onehunga Auckland,no_prices,2026-03-18
Smile Dental - Onehunga Dentist,"281B Onehunga Mall, Onehunga, Auckland 1061, New Zealand",09 634 1100,+64 9 634 1100,https://www.smiledental.co.nz/,4.9,203,OPERATIONAL,https://maps.google.com/?cid=14249582105004695651&g_mp=Cidnb29nbGUubWFwcy5wbGFjZXMudjEuUGxhY2VzLlNlYXJjaFRleHQQAhgEIAA,Monday: 9:00 AM – 5:00 PM; Tuesday: 9:00 AM – 7:00 PM; Wednesday: 9:00 AM – 5:00 PM; Thursday: 9:00 AM – 6:00 PM; Friday: 9:00 AM – 5:00 PM; Saturday: Closed; Sunday: Closed,dental_clinic,Auckland,Onehunga Auckland,no_prices,2026-03-18
Trafalgar Family Dental Clinic : Onehunga Dentist,"109a Trafalgar Street, Onehunga, Auckland 1061, New Zealand",09 622 0516,+64 9 622 0516,https://www.trafalgarfamilydental.co.nz/?utm_source=google%20my%20business&utm_medium=organic,4.8,73,OPERATIONAL,https://maps.google.com/?cid=8308834530743558211&g_mp=Cidnb29nbGUubWFwcy5wbGFjZXMudjEuUGxhY2VzLlNlYXJjaFRleHQQAhgEIAA,Monday: 9:00 AM – 5:00 PM; Tuesday: 9:00 AM – 5:00 PM; Wednesday: 9:00 AM – 5:00 PM; Thursday: 9:00 AM – 5:00 PM; Friday: 9:00 AM – 5:00 PM; Saturday: 9:00 AM – 4:00 PM; Sunday: Closed,dental_clinic,Auckland,Onehunga Auckland,no_prices,2026-03-18
Tino Pai Family Dental,"190 Onehunga Mall, Onehunga, Auckland 1061, New Zealand",,,https://www.tinopaidental.co.nz/,5,5,OPERATIONAL,https://maps.google.com/?cid=12490632434153825331&g_mp=Cidnb29nbGUubWFwcy5wbGFjZXMudjEuUGxhY2VzLlNlYXJjaFRleHQQAhgEIAA,Monday: 3:00 – 6:00 PM; Tuesday: 4:00 – 6:00 PM; Wednesday: Closed; Thursday: 4:00 – 7:00 PM; Friday: 1:00 – 5:00 PM; Saturday: 10:00 AM – 2:00 PM; Sunday: Closed,dental_clinic,Auckland,Onehunga Auckland,no_prices,2026-03-18
Penrose Clinic,"766 Great South Road, Penrose, Auckland 1061, New Zealand",09 579 4784,+64 9 579 4784,https://www.healthpoint.co.nz/doctors/gp/penrose-clinic/,3.9,15,OPERATIONAL,https://maps.google.com/?cid=7195190830404511372&g_mp=Cidnb29nbGUubWFwcy5wbGFjZXMudjEuUGxhY2VzLlNlYXJjaFRleHQQAhgEIAA,Monday: 8:00 AM – 5:30 PM; Tuesday: 8:00 AM – 5:30 PM; Wednesday: 8:00 AM – 5:30 PM; Thursday: 8:00 AM – 5:30 PM; Friday: 8:00 AM – 5:30 PM; Saturday: Closed; Sunday: Closed,dental_clinic,Auckland,Penrose Auckland,no_prices,2026-03-18
Smile Dental - Sylvia Park - Mt Wellington,"Level 1, 3 Te Kehu Way, 280 Mount Wellington Highway, Mount Wellington, Auckland 1060, New Zealand",0800 476 453,+64 800 476 453,https://www.smiledental.co.nz/,4.6,587,OPERATIONAL,https://maps.google.com/?cid=9061585996809454348&g_mp=Cidnb29nbGUubWFwcy5wbGFjZXMudjEuUGxhY2VzLlNlYXJjaFRleHQQAhgEIAA,Monday: 9:00 AM – 6:00 PM; Tuesday: 9:00 AM – 6:00 PM; Wednesday: 9:00 AM – 6:00 PM; Thursday: 9:00 AM – 6:00 PM; Friday: 9:00 AM – 6:00 PM; Saturday: 9:00 AM – 6:00 PM; Sunday: 10:00 AM – 6:00 PM,dental_clinic,Auckland,Penrose Auckland,no_prices,2026-03-18
Sylvia Park Shopping Centre,"286 Mount Wellington Highway, Mount Wellington, Auckland 1060, New Zealand",09 570 3777,+64 9 570 3777,https://www.sylviapark.com/,4.4,19829,OPERATIONAL,https://maps.google.com/?cid=3522939885294238734&g_mp=Cidnb29nbGUubWFwcy5wbGFjZXMudjEuUGxhY2VzLlNlYXJjaFRleHQQAhgEIAA,Monday: 9:00 AM – 7:00 PM; Tuesday: 9:00 AM – 7:00 PM; Wednesday: 9:00 AM – 7:00 PM; Thursday: 9:00 AM – 9:00 PM; Friday: 9:00 AM – 9:00 PM; Saturday: 9:00 AM – 7:00 PM; Sunday: 9:00 AM – 7:00 PM,dental_clinic,Auckland,Mount Wellington Auckland,no_prices,2026-03-18
Stonefields Children’s Community Dental Clinic,"65 Stonemason Avenue, Mount Wellington, Auckland 1072, New Zealand",09 570 8915,+64 9 570 8915,https://www.waitematadhb.govt.nz/home/ards/,2.8,18,OPERATIONAL,https://maps.google.com/?cid=18396804885452660697&g_mp=Cidnb29nbGUubWFwcy5wbGFjZXMudjEuUGxhY2VzLlNlYXJjaFRleHQQAhgEIAA,Monday: 8:00 AM – 4:30 PM; Tuesday: 8:00 AM – 4:30 PM; Wednesday: 8:00 AM – 4:30 PM; Thursday: 8:00 AM – 4:30 PM; Friday: 8:00 AM – 4:30 PM; Saturday: Closed; Sunday: Closed,dental_clinic,Auckland,Mount Wellington Auckland,no_prices,2026-03-18
Mt Wellington Dentists,"627 Mount Wellington Highway, Mount Wellington, Auckland 1062, New Zealand",09 259 2122,+64 9 259 2122,,2.3,3,OPERATIONAL,https://maps.google.com/?cid=10777813419578532276&g_mp=Cidnb29nbGUubWFwcy5wbGFjZXMudjEuUGxhY2VzLlNlYXJjaFRleHQQAhgEIAA,,dental_clinic,Auckland,Mount Wellington Auckland,no_prices,2026-03-18
Urban Dental Studio,"12/40 Stonefields Avenue, Stonefields, Auckland 1072, New Zealand",09 886 2313,+64 9 886 2313,https://www.urbandentalstudio.co.nz/?utm_source=local&utm_medium=organic&utm_campaign=gmb&utm_term=home,4.9,63,OPERATIONAL,https://maps.google.com/?cid=10751789537313955817&g_mp=Cidnb29nbGUubWFwcy5wbGFjZXMudjEuUGxhY2VzLlNlYXJjaFRleHQQAhgEIAA,Monday: 9:00 AM – 7:00 PM; Tuesday: 9:00 AM – 5:00 PM; Wednesday: 9:00 AM – 5:00 PM; Thursday: 9:00 AM – 5:00 PM; Friday: 9:00 AM – 5:00 PM; Saturday: 9:00 AM – 2:00 PM; Sunday: Closed,dental_clinic,Auckland,Mount Wellington Auckland,no_prices,2026-03-18
Sylvia Park Children's Community Dental Clinic,"23 Longford Street, Mount Wellington, Auckland 1060, New Zealand",09 570 9310,+64 9 570 9310,https://servicefinder.co.nz/profile/Sylvia-Park-Primary-Children-s-Community-Dental-Clinic-99067,5,2,OPERATIONAL,https://maps.google.com/?cid=14201339331220368329&g_mp=Cidnb29nbGUubWFwcy5wbGFjZXMudjEuUGxhY2VzLlNlYXJjaFRleHQQAhgEIAA,,dental_clinic,Auckland,Mount Wellington Auckland,no_prices,2026-03-18
OTAHUHU DENTAL CARE,"357 Great South Road, Ōtāhuhu, Auckland 1062, New Zealand",09 276 7564,+64 9 276 7564,https://otahuhudental.co.nz/?utm_source=google-business&utm_medium=organic,3.7,53,OPERATIONAL,https://maps.google.com/?cid=8586630505262295273&g_mp=Cidnb29nbGUubWFwcy5wbGFjZXMudjEuUGxhY2VzLlNlYXJjaFRleHQQAhgEIAA,Monday: 8:30 AM – 6:30 PM; Tuesday: 8:30 AM – 6:00 PM; Wednesday: 8:30 AM – 6:30 PM; Thursday: 8:30 AM – 5:00 PM; Friday: 8:30 AM – 6:00 PM; Saturday: 8:30 AM – 4:00 PM; Sunday: Closed,dental_clinic,Auckland,Otahuhu Auckland,no_prices,2026-03-18
Maxcare Dental - Otahuhu,"6/217-225 Great South Road, Ōtāhuhu, Auckland 1062, New Zealand",09 600 2266,+64 9 600 2266,https://maxcaredental.co.nz/,4.9,872,OPERATIONAL,https://maps.google.com/?cid=14847214291646821183&g_mp=Cidnb29nbGUubWFwcy5wbGFjZXMudjEuUGxhY2VzLlNlYXJjaFRleHQQAhgEIAA,Monday: 9:00 AM – 5:00 PM; Tuesday: 9:00 AM – 5:00 PM; Wednesday: 9:00 AM – 5:00 PM; Thursday: 9:00 AM – 5:00 PM; Friday: 9:00 AM – 5:00 PM; Saturday: 9:00 AM – 5:00 PM; Sunday: 9:00 AM – 4:00 PM,dental_clinic,Auckland,Otahuhu Auckland,no_prices,2026-03-18
Otahuhu Budget Dental Care,"3/115 Church Street, Ōtāhuhu, Auckland 1061, New Zealand",09 276 5211,+64 9 276 5211,https://otahuhumainstreet.co.nz/places/otahuhu-budget-dental-care/,4.3,19,OPERATIONAL,https://maps.google.com/?cid=5361035193849787602&g_mp=Cidnb29nbGUubWFwcy5wbGFjZXMudjEuUGxhY2VzLlNlYXJjaFRleHQQAhgEIAA,Monday: 8:30 AM – 5:00 PM; Tuesday: 8:30 AM – 5:00 PM; Wednesday: 8:30 AM – 5:00 PM; Thursday: 8:30 AM – 5:00 PM; Friday: 8:30 AM – 5:00 PM; Saturday: 9:00 AM – 3:00 PM; Sunday: Closed,dental_clinic,Auckland,Otahuhu Auckland,no_prices,2026-03-18
Mahu Dental - Otahuhu,"15 Station Road, Ōtāhuhu, Auckland 1062, New Zealand",09 217 0077,+64 9 217 0077,,4.9,106,OPERATIONAL,https://maps.google.com/?cid=948158948528497744&g_mp=Cidnb29nbGUubWFwcy5wbGFjZXMudjEuUGxhY2VzLlNlYXJjaFRleHQQAhgEIAA,Monday: 9:00 AM – 4:30 PM; Tuesday: 9:00 AM – 4:30 PM; Wednesday: 9:00 AM – 4:30 PM; Thursday: 9:00 AM – 4:30 PM; Friday: 9:00 AM – 4:30 PM; Saturday: Closed; Sunday: Closed,dental_clinic,Auckland,Otahuhu Auckland,no_prices,2026-03-18
Otahuhu Primary Children's Community Dental Clinic,"225a Great South Road, Ōtāhuhu, Auckland 1062, New Zealand",09 276 6633,+64 9 276 6633,http://www.ards.co.nz/,4,4,OPERATIONAL,https://maps.google.com/?cid=18251000905055423347&g_mp=Cidnb29nbGUubWFwcy5wbGFjZXMudjEuUGxhY2VzLlNlYXJjaFRleHQQAhgEIAA,Monday: 8:00 AM – 4:30 PM; Tuesday: 8:00 AM – 4:30 PM; Wednesday: 8:00 AM – 4:30 PM; Thursday: 8:00 AM – 4:30 PM; Friday: 8:00 AM – 4:30 PM; Saturday: Closed; Sunday: Closed,dental_clinic,Auckland,Otahuhu Auckland,no_prices,2026-03-18
South Auckland Dental,"21 Hall Avenue, Ōtāhuhu, Auckland 1062, New Zealand",09 270 0200,+64 9 270 0200,https://www.aucklanddental.co.nz/,4.4,40,OPERATIONAL,https://maps.google.com/?cid=1897187256956831465&g_mp=Cidnb29nbGUubWFwcy5wbGFjZXMudjEuUGxhY2VzLlNlYXJjaFRleHQQAhgEIAA,Monday: 9:00 AM – 6:00 PM; Tuesday: 9:00 AM – 5:00 PM; Wednesday: 9:00 AM – 5:30 PM; Thursday: 9:00 AM – 6:00 PM; Friday: 9:00 AM – 5:00 PM; Saturday: Closed; Sunday: Closed,dental_clinic,Auckland,Otahuhu Auckland,no_prices,2026-03-18
Northmed Dental OTAHUHU,"9 Avenue Road, Ōtāhuhu, Auckland 1062, New Zealand",09 886 7037,+64 9 886 7037,https://www.northmeddental.co.nz/,5,24,OPERATIONAL,https://maps.google.com/?cid=1055378822377462583&g_mp=Cidnb29nbGUubWFwcy5wbGFjZXMudjEuUGxhY2VzLlNlYXJjaFRleHQQAhgEIAA,,dental_clinic,Auckland,Otahuhu Auckland,no_prices,2026-03-18
SIMONS Otahuhu Dentists,"42 Hall Avenue, Ōtāhuhu, Auckland 1062, New Zealand",09 276 2022,+64 9 276 2022,,2.6,5,OPERATIONAL,https://maps.google.com/?cid=9091316787653661964&g_mp=Cidnb29nbGUubWFwcy5wbGFjZXMudjEuUGxhY2VzLlNlYXJjaFRleHQQAhgEIAA,Monday: 9:00 AM – 5:00 PM; Tuesday: 9:00 AM – 5:00 PM; Wednesday: 9:00 AM – 5:00 PM; Thursday: 9:00 AM – 5:00 PM; Friday: 9:00 AM – 5:00 PM; Saturday: 9:00 AM – 2:00 PM; Sunday: Closed,dental_clinic,Auckland,Otahuhu Auckland,no_prices,2026-03-18
Mangere Dental Centre,"Mangere Town Centre, Bader Drive, Māngere, Auckland 2022, New Zealand",09 275 7754,+64 9 275 7754,http://www.mangeredentalcentre.co.nz/,4.5,32,OPERATIONAL,https://maps.google.com/?cid=8880226018179806760&g_mp=Cidnb29nbGUubWFwcy5wbGFjZXMudjEuUGxhY2VzLlNlYXJjaFRleHQQAhgEIAA,Monday: 8:00 AM – 4:00 PM; Tuesday: 8:00 AM – 4:00 PM; Wednesday: 8:00 AM – 4:00 PM; Thursday: 8:00 AM – 4:00 PM; Friday: 8:00 AM – 3:00 PM; Saturday: Closed; Sunday: Closed,dental_clinic,Auckland,Mangere Auckland,no_prices,2026-03-18
Smile Dental - Mangere,"359 Massey Road, Māngere East, Auckland 2024, New Zealand",0800 476 453,+64 800 476 453,https://www.smiledental.co.nz/,4.8,126,OPERATIONAL,https://maps.google.com/?cid=7261922490444812650&g_mp=Cidnb29nbGUubWFwcy5wbGFjZXMudjEuUGxhY2VzLlNlYXJjaFRleHQQAhgEIAA,Monday: 9:00 AM – 5:00 PM; Tuesday: 9:00 AM – 5:00 PM; Wednesday: 9:00 AM – 5:00 PM; Thursday: 9:00 AM – 5:00 PM; Friday: 9:00 AM – 5:00 PM; Saturday: Closed; Sunday: Closed,dental_clinic,Auckland,Mangere Auckland,no_prices,2026-03-18
MyDental Mangere Bridge,"25 Coronation Road, Māngere Bridge, Auckland 2022, New Zealand",09 242 1130,+64 9 242 1130,http://mydental.co.nz/,5,106,OPERATIONAL,https://maps.google.com/?cid=4480691637212007785&g_mp=Cidnb29nbGUubWFwcy5wbGFjZXMudjEuUGxhY2VzLlNlYXJjaFRleHQQAhgEIAA,Monday: 8:00 AM – 6:00 PM; Tuesday: 8:00 AM – 6:00 PM; Wednesday: 8:00 AM – 6:00 PM; Thursday: 8:00 AM – 6:00 PM; Friday: 8:00 AM – 6:00 PM; Saturday: 8:00 AM – 1:00 PM; Sunday: Closed,dental_clinic,Auckland,Mangere Auckland,no_prices,2026-03-18
Airport Oaks Dental Centre,"149 b Kirkbride Road, Māngere, Auckland 2022, New Zealand",09 275 6660,+64 9 275 6660,https://airportoaksdental.co.nz/,4.1,42,OPERATIONAL,https://maps.google.com/?cid=12259447028995497217&g_mp=Cidnb29nbGUubWFwcy5wbGFjZXMudjEuUGxhY2VzLlNlYXJjaFRleHQQAhgEIAA,Monday: 8:30 AM – 5:00 PM; Tuesday: 8:30 AM – 5:00 PM; Wednesday: 8:30 AM – 5:00 PM; Thursday: 8:30 AM – 7:00 PM; Friday: 8:30 AM – 5:00 PM; Saturday: 8:30 AM – 2:00 PM; Sunday: Closed,dental_clinic,Auckland,Mangere Auckland,no_prices,2026-03-18
Mangere Community Health Centre,"10 Waddon Place, Māngere, Auckland 2022, New Zealand",09 259 3826,+64 9 259 3826,http://www.countiesmanukau.health.nz/,2.2,12,OPERATIONAL,https://maps.google.com/?cid=18349846588587990477&g_mp=Cidnb29nbGUubWFwcy5wbGFjZXMudjEuUGxhY2VzLlNlYXJjaFRleHQQAhgEIAA,Monday: 8:30 AM – 4:30 PM; Tuesday: 8:30 AM – 4:30 PM; Wednesday: 8:30 AM – 4:30 PM; Thursday: 8:30 AM – 4:30 PM; Friday: 8:30 AM – 4:30 PM; Saturday: Closed; Sunday: Closed,dental_clinic,Auckland,Mangere Auckland,no_prices,2026-03-18
Mangere Town Centre,"93 Bader Drive, Māngere, Auckland 2153, New Zealand",09 275 7078,+64 9 275 7078,http://mangeretowncentre.nz/,3.9,2573,OPERATIONAL,https://maps.google.com/?cid=3984349972484870907&g_mp=Cidnb29nbGUubWFwcy5wbGFjZXMudjEuUGxhY2VzLlNlYXJjaFRleHQQAhgEIAA,Monday: 7:00 AM – 5:30 PM; Tuesday: 7:00 AM – 5:30 PM; Wednesday: 7:00 AM – 5:30 PM; Thursday: 7:00 AM – 6:00 PM; Friday: 7:00 AM – 5:30 PM; Saturday: 7:00 AM – 5:00 PM; Sunday: Closed,dental_clinic,Auckland,Mangere Auckland,no_prices,2026-03-18
Mangere Health Centre Doctors,"6 Waddon Place, Māngere, Manukau 2022, New Zealand",09 255 0600,+64 9 255 0600,https://mangerehealthcentre.co.nz/,3.7,47,OPERATIONAL,https://maps.google.com/?cid=12528298686921954189&g_mp=Cidnb29nbGUubWFwcy5wbGFjZXMudjEuUGxhY2VzLlNlYXJjaFRleHQQAhgEIAA,Monday: 8:00 AM – 5:00 PM; Tuesday: 8:00 AM – 5:00 PM; Wednesday: 8:00 AM – 5:00 PM; Thursday: 8:00 AM – 5:00 PM; Friday: 8:00 AM – 5:00 PM; Saturday: Closed; Sunday: Closed,dental_clinic,Auckland,Mangere Auckland,no_prices,2026-03-18
Airport Dental Services,"3/400 George Bolt Memorial Drive, Māngere, Auckland 2022, New Zealand",,,,4.3,7,OPERATIONAL,https://maps.google.com/?cid=5218585972801610069&g_mp=Cidnb29nbGUubWFwcy5wbGFjZXMudjEuUGxhY2VzLlNlYXJjaFRleHQQAhgEIAA,,dental_clinic,Auckland,Mangere Auckland,no_prices,2026-03-18
Mangere Health Centre Pharmacy,"6 Waddon Place, Māngere, Auckland 2022, New Zealand",09 256 0039,+64 9 256 0039,https://www.healthpoint.co.nz/pharmacy/pharmacy/mangere-health-centre-pharmacy/,3.9,18,OPERATIONAL,https://maps.google.com/?cid=3172443041488374308&g_mp=Cidnb29nbGUubWFwcy5wbGFjZXMudjEuUGxhY2VzLlNlYXJjaFRleHQQAhgEIAA,Monday: 8:00 AM – 5:30 PM; Tuesday: 8:00 AM – 5:30 PM; Wednesday: 8:00 AM – 5:30 PM; Thursday: 8:00 AM – 5:30 PM; Friday: 8:00 AM – 5:30 PM; Saturday: Closed; Sunday: Closed,dental_clinic,Auckland,Mangere Auckland,no_prices,2026-03-18
Dyverse Dentures,"12C Waddon Place, Māngere, Auckland 2022, New Zealand",09 634 4543,+64 9 634 4543,http://www.dyversedentures.com/,5,11,OPERATIONAL,https://maps.google.com/?cid=8061626209780493488&g_mp=Cidnb29nbGUubWFwcy5wbGFjZXMudjEuUGxhY2VzLlNlYXJjaFRleHQQAhgEIAA,Monday: 9:00 AM – 5:00 PM; Tuesday: 9:00 AM – 5:00 PM; Wednesday: 9:00 AM – 5:00 PM; Thursday: 9:00 AM – 5:00 PM; Friday: 9:00 AM – 5:00 PM; Saturday: Closed; Sunday: Closed,dental_clinic,Auckland,Mangere Auckland,no_prices,2026-03-18
supertooth,"3b/400 George Bolt Memorial Drive, Auckland Airport, Auckland 2022, New Zealand",09 964 0508,+64 9 964 0508,http://www.supertooth.co.nz/,5,58,OPERATIONAL,https://maps.google.com/?cid=1832964116018849806&g_mp=Cidnb29nbGUubWFwcy5wbGFjZXMudjEuUGxhY2VzLlNlYXJjaFRleHQQAhgEIAA,,dental_clinic,Auckland,Mangere Auckland,no_prices,2026-03-18
Unichem Mangere Pharmacy,"12 Waddon Place, Māngere, Auckland 2022, New Zealand",09 265 4929,+64 9 265 4929,http://www.unichem.co.nz/storelocator/store?id=2535814306&sid=Pollok,3.2,52,OPERATIONAL,https://maps.google.com/?cid=10073965105197209274&g_mp=Cidnb29nbGUubWFwcy5wbGFjZXMudjEuUGxhY2VzLlNlYXJjaFRleHQQAhgEIAA,Monday: 8:00 AM – 8:00 PM; Tuesday: 8:00 AM – 8:00 PM; Wednesday: 8:00 AM – 8:00 PM; Thursday: 8:00 AM – 8:00 PM; Friday: 8:00 AM – 8:00 PM; Saturday: 8:00 AM – 8:00 PM; Sunday: 8:00 AM – 8:00 PM,dental_clinic,Auckland,Mangere Auckland,no_prices,2026-03-18
PAK'nSAVE Māngere,"44 Orly Avenue, Māngere, Auckland 2022, New Zealand",09 256 7530,+64 9 256 7530,https://www.paknsave.co.nz/upper-north-island/auckland/mangere/?utm_source=GBP&utm_medium=GBP&utm_campaign=PAK%27nSAVE%20M%3Fngere&utm_id=PAK%27nSAVE%20M%3Fngere,4,2377,OPERATIONAL,https://maps.google.com/?cid=1350736518335389803&g_mp=Cidnb29nbGUubWFwcy5wbGFjZXMudjEuUGxhY2VzLlNlYXJjaFRleHQQAhgEIAA,Monday: 7:00 AM – 10:00 PM; Tuesday: 7:00 AM – 10:00 PM; Wednesday: 7:00 AM – 10:00 PM; Thursday: 7:00 AM – 10:00 PM; Friday: 7:00 AM – 10:00 PM; Saturday: 7:00 AM – 10:00 PM; Sunday: 7:00 AM – 10:00 PM,dental_clinic,Auckland,Mangere Auckland,no_prices,2026-03-18
Mangere Veterinary Clinic,"95 Coronation Road, Māngere Bridge, Auckland 2022, New Zealand",09 636 6732,+64 9 636 6732,https://www.vetforpet.co.nz/,4.4,911,OPERATIONAL,https://maps.google.com/?cid=4401147915011308124&g_mp=Cidnb29nbGUubWFwcy5wbGFjZXMudjEuUGxhY2VzLlNlYXJjaFRleHQQAhgEIAA,Monday: 8:00 AM – 6:00 PM; Tuesday: 8:00 AM – 6:00 PM; Wednesday: 8:00 AM – 6:00 PM; Thursday: 8:00 AM – 7:00 PM; Friday: 8:00 AM – 6:00 PM; Saturday: 8:30 AM – 4:00 PM; Sunday: Closed,dental_clinic,Auckland,Mangere Auckland,no_prices,2026-03-18
Instant Finance Mangere,"2b, Mangere Town Centre Bader Dr, Māngere, Auckland 2022, New Zealand",09 903 8888,+64 9 903 8888,https://instantfinance.co.nz/find-a-branch-near-you/mangere/,4.3,35,OPERATIONAL,https://maps.google.com/?cid=4763591957074262140&g_mp=Cidnb29nbGUubWFwcy5wbGFjZXMudjEuUGxhY2VzLlNlYXJjaFRleHQQAhgEIAA,Monday: 8:30 AM – 5:00 PM; Tuesday: 8:30 AM – 5:00 PM; Wednesday: 8:30 AM – 5:00 PM; Thursday: 8:30 AM – 5:00 PM; Friday: 8:30 AM – 5:00 PM; Saturday: 9:00 AM – 1:00 PM; Sunday: Closed,dental_clinic,Auckland,Mangere Auckland,no_prices,2026-03-18
MyDental Papatoetoe,"Unit 7-8/65 Saint George Street, Papatoetoe, Auckland 2025, New Zealand",09 242 1110,+64 9 242 1110,http://mydental.co.nz/,4.9,88,OPERATIONAL,https://maps.google.com/?cid=10981328859854544618&g_mp=Cidnb29nbGUubWFwcy5wbGFjZXMudjEuUGxhY2VzLlNlYXJjaFRleHQQAhgEIAA,Monday: 9:00 AM – 5:00 PM; Tuesday: 9:00 AM – 5:00 PM; Wednesday: 9:00 AM – 5:00 PM; Thursday: 9:00 AM – 5:00 PM; Friday: 9:00 AM – 5:00 PM; Saturday: 8:00 AM – 1:00 PM; Sunday: Closed,dental_clinic,Auckland,Mangere Auckland,no_prices,2026-03-18
Mangere Pharmacy,"Mangere Town Centre, Shop 48, 93 Bader Drive, Māngere, Auckland 2022, New Zealand",09 255 0101,+64 9 255 0101,,4.3,23,OPERATIONAL,https://maps.google.com/?cid=6301162165914487296&g_mp=Cidnb29nbGUubWFwcy5wbGFjZXMudjEuUGxhY2VzLlNlYXJjaFRleHQQAhgEIAA,Monday: 8:30 AM – 6:00 PM; Tuesday: 8:30 AM – 6:00 PM; Wednesday: 8:30 AM – 6:00 PM; Thursday: 8:30 AM – 6:00 PM; Friday: 8:30 AM – 6:00 PM; Saturday: 9:00 AM – 1:00 PM; Sunday: Closed,dental_clinic,Auckland,Mangere Auckland,no_prices,2026-03-18
Chemist Warehouse Auckland Airport Shopping Centre,"Auckland Airport 1 John Goulter Drive, Māngere, Auckland 2022, New Zealand",09 941 4908,+64 9 941 4908,https://www.chemistwarehouse.co.nz/,3.4,99,OPERATIONAL,https://maps.google.com/?cid=15095746488109436948&g_mp=Cidnb29nbGUubWFwcy5wbGFjZXMudjEuUGxhY2VzLlNlYXJjaFRleHQQAhgEIAA,Monday: 8:00 AM – 9:00 PM; Tuesday: 8:00 AM – 9:00 PM; Wednesday: 8:00 AM – 9:00 PM; Thursday: 8:00 AM – 9:00 PM; Friday: 8:00 AM – 9:00 PM; Saturday: 9:00 AM – 9:00 PM; Sunday: 9:00 AM – 9:00 PM,dental_clinic,Auckland,Mangere Auckland,no_prices,2026-03-18
Prisca Dental Centre,"68 Saint George Street, Papatoetoe, Auckland 2025, New Zealand",09 278 3430,+64 9 278 3430,https://www.priscadentalcentre.co.nz/,4.9,46,OPERATIONAL,https://maps.google.com/?cid=14340377537497880774&g_mp=Cidnb29nbGUubWFwcy5wbGFjZXMudjEuUGxhY2VzLlNlYXJjaFRleHQQAhgEIAA,Monday: 9:00 AM – 5:00 PM; Tuesday: 9:00 AM – 5:00 PM; Wednesday: 9:00 AM – 5:00 PM; Thursday: 9:00 AM – 5:00 PM; Friday: 9:00 AM – 5:00 PM; Saturday: Closed; Sunday: Closed,dental_clinic,Auckland,Mangere Auckland,no_prices,2026-03-18
Mangere Smilecare,"32 Canning Crescent, Māngere, Auckland 2022, New Zealand",09 869 2917,+64 9 869 2917,,,,OPERATIONAL,https://maps.google.com/?cid=2007939149011481331&g_mp=Cidnb29nbGUubWFwcy5wbGFjZXMudjEuUGxhY2VzLlNlYXJjaFRleHQQAhgEIAA,,dental_clinic,Auckland,Mangere Auckland,no_prices,2026-03-18
Papatoetoe Dental Centre,"375 Great South Road, Papatoetoe, Auckland 2025, New Zealand",09 278 4830,+64 9 278 4830,http://www.papatoetoedental.co.nz/,4.4,35,OPERATIONAL,https://maps.google.com/?cid=14737130889639369161&g_mp=Cidnb29nbGUubWFwcy5wbGFjZXMudjEuUGxhY2VzLlNlYXJjaFRleHQQAhgEIAA,Monday: 9:00 AM – 5:00 PM; Tuesday: 9:00 AM – 5:00 PM; Wednesday: 9:00 AM – 5:00 PM; Thursday: 9:00 AM – 5:00 PM; Friday: 9:00 AM – 5:00 PM; Saturday: 10:00 AM – 3:00 PM; Sunday: Closed,dental_clinic,Auckland,Papatoetoe Auckland,no_prices,2026-03-18
Papatoetoe Dental Care,"43 Tui Road, Papatoetoe, Auckland 2025, New Zealand",09 278 5819,+64 9 278 5819,http://www.papatoetoedentalcare.co.nz/,4.5,11,OPERATIONAL,https://maps.google.com/?cid=16333698317511233912&g_mp=Cidnb29nbGUubWFwcy5wbGFjZXMudjEuUGxhY2VzLlNlYXJjaFRleHQQAhgEIAA,Monday: 8:00 AM – 7:30 PM; Tuesday: 8:00 AM – 7:30 PM; Wednesday: 8:00 AM – 7:30 PM; Thursday: 8:00 AM – 7:30 PM; Friday: 9:00 AM – 5:00 PM; Saturday: 9:00 AM – 1:30 PM; Sunday: Closed,dental_clinic,Auckland,Papatoetoe Auckland,no_prices,2026-03-18
Papatoetoe Family Dentist,"133 Kolmar Road, Papatoetoe, Auckland 2025, New Zealand",09 279 9100,+64 9 279 9100,http://www.papatoetoefamilydentist.co.nz/,4.5,58,OPERATIONAL,https://maps.google.com/?cid=17721703907613047902&g_mp=Cidnb29nbGUubWFwcy5wbGFjZXMudjEuUGxhY2VzLlNlYXJjaFRleHQQAhgEIAA,Monday: 9:00 AM – 5:00 PM; Tuesday: 9:00 AM – 5:00 PM; Wednesday: 9:00 AM – 5:00 PM; Thursday: 9:00 AM – 5:00 PM; Friday: 9:00 AM – 5:00 PM; Saturday: 9:00 AM – 5:00 PM; Sunday: Closed,dental_clinic,Auckland,Papatoetoe Auckland,no_prices,2026-03-18
Griffin Dental World,"137 Kolmar Road, Papatoetoe, Auckland 2025, New Zealand",09 277 6602,+64 9 277 6602,http://www.griffindentalpapatoetoe.com/,4.8,20,OPERATIONAL,https://maps.google.com/?cid=17521724488742750078&g_mp=Cidnb29nbGUubWFwcy5wbGFjZXMudjEuUGxhY2VzLlNlYXJjaFRleHQQAhgEIAA,Monday: 9:00 AM – 4:30 PM; Tuesday: 9:00 AM – 4:30 PM; Wednesday: 9:00 AM – 3:00 PM; Thursday: 9:00 AM – 4:30 PM; Friday: 9:00 AM – 3:00 PM; Saturday: Closed; Sunday: Closed,dental_clinic,Auckland,Papatoetoe Auckland,no_prices,2026-03-18
Pristine Dental,"3/30 Kolmar Road, Papatoetoe, Auckland 2025, New Zealand",0210 230 7900,+64 210 230 7900,https://www.pristinedental.co.nz/contact-us/,4.7,12,OPERATIONAL,https://maps.google.com/?cid=8397040258790627145&g_mp=Cidnb29nbGUubWFwcy5wbGFjZXMudjEuUGxhY2VzLlNlYXJjaFRleHQQAhgEIAA,Monday: 10:00 AM – 4:00 PM; Tuesday: 10:00 AM – 4:00 PM; Wednesday: 10:00 AM – 4:00 PM; Thursday: 10:00 AM – 4:00 PM; Friday: Closed; Saturday: Closed; Sunday: Closed,dental_clinic,Auckland,Papatoetoe Auckland,no_prices,2026-03-18
Hunters Corner Dental,"185 Great South Road, Papatoetoe, Auckland 2025, New Zealand",09 278 5635,+64 9 278 5635,https://www.hunterscornerdental.nz/?utm_source=gbp&utm_medium=organic&utm_campaign=gbp-listing,4,12,OPERATIONAL,https://maps.google.com/?cid=13358037149929583698&g_mp=Cidnb29nbGUubWFwcy5wbGFjZXMudjEuUGxhY2VzLlNlYXJjaFRleHQQAhgEIAA,Monday: 9:00 AM – 5:00 PM; Tuesday: 9:00 AM – 5:00 PM; Wednesday: 9:00 AM – 5:00 PM; Thursday: 9:00 AM – 5:00 PM; Friday: 9:00 AM – 5:00 PM; Saturday: Closed; Sunday: Closed,dental_clinic,Auckland,Papatoetoe Auckland,no_prices,2026-03-18
Guardian Dental,"141 Great South Road, Papatoetoe, Auckland 2025, New Zealand",022 006 0000,+64 22 006 0000,https://guardiandental.co.nz/,4,45,OPERATIONAL,https://maps.google.com/?cid=6832767596044070567&g_mp=Cidnb29nbGUubWFwcy5wbGFjZXMudjEuUGxhY2VzLlNlYXJjaFRleHQQAhgEIAA,,dental_clinic,Auckland,Papatoetoe Auckland,no_prices,2026-03-18
Yagot Dental Centre,"68 Saint George Street, Papatoetoe, Auckland 2025, New Zealand",09 278 3430,+64 9 278 3430,,4.5,6,OPERATIONAL,https://maps.google.com/?cid=5335615578260134219&g_mp=Cidnb29nbGUubWFwcy5wbGFjZXMudjEuUGxhY2VzLlNlYXJjaFRleHQQAhgEIAA,Monday: 9:00 AM – 4:00 PM; Tuesday: 9:00 AM – 4:00 PM; Wednesday: 9:00 AM – 4:00 PM; Thursday: 9:00 AM – 1:00 PM; Friday: Closed; Saturday: Closed; Sunday: Closed,dental_clinic,Auckland,Papatoetoe Auckland,no_prices,2026-03-18
JD Patel Dental Surgeon,"103 East Tamaki Road, Papatoetoe, Auckland 2025, New Zealand",09 278 2394,+64 9 278 2394,,4.5,32,OPERATIONAL,https://maps.google.com/?cid=185476414439511478&g_mp=Cidnb29nbGUubWFwcy5wbGFjZXMudjEuUGxhY2VzLlNlYXJjaFRleHQQAhgEIAA,Monday: 8:00 AM – 5:00 PM; Tuesday: 8:00 AM – 5:00 PM; Wednesday: 8:00 AM – 5:00 PM; Thursday: 8:00 AM – 5:00 PM; Friday: Closed; Saturday: Closed; Sunday: Closed,dental_clinic,Auckland,Papatoetoe Auckland,no_prices,2026-03-18
Smile Dental - Manukau,"18 Manukau Station Road, Manukau City Centre, Manukau 2104, New Zealand",0800 476 453,+64 800 476 453,https://www.smiledental.co.nz/,4.7,374,OPERATIONAL,https://maps.google.com/?cid=16946703325409502004&g_mp=Cidnb29nbGUubWFwcy5wbGFjZXMudjEuUGxhY2VzLlNlYXJjaFRleHQQAhgEIAA,Monday: 9:00 AM – 6:00 PM; Tuesday: 9:00 AM – 6:00 PM; Wednesday: 9:00 AM – 6:00 PM; Thursday: 9:00 AM – 6:00 PM; Friday: 9:00 AM – 6:00 PM; Saturday: Closed; Sunday: Closed,dental_clinic,Auckland,Papatoetoe Auckland,no_prices,2026-03-18
Guardian Dental Care,"Shop 109a, Level 1 Above Food Court Westfield, Manukau City Centre, Auckland 2104, New Zealand",09 262 2240,+64 9 262 2240,https://guardiandentalcare.co.nz/,3.8,88,OPERATIONAL,https://maps.google.com/?cid=6190172073562563413&g_mp=Cidnb29nbGUubWFwcy5wbGFjZXMudjEuUGxhY2VzLlNlYXJjaFRleHQQAhgEIAA,Monday: 9:00 AM – 4:00 PM; Tuesday: 9:00 AM – 5:00 PM; Wednesday: 9:00 AM – 5:00 PM; Thursday: 9:00 AM – 5:00 PM; Friday: 9:00 AM – 6:00 PM; Saturday: 10:00 AM – 4:00 PM; Sunday: 10:00 AM – 4:00 PM,dental_clinic,Auckland,Papatoetoe Auckland,no_prices,2026-03-18
Shine Dental Limited,"574 Great South Road, Manukau City Centre, Auckland 2025, New Zealand",09 277 6644,+64 9 277 6644,https://www.shinedental.co.nz/,4.2,50,OPERATIONAL,https://maps.google.com/?cid=17635065727112337020&g_mp=Cidnb29nbGUubWFwcy5wbGFjZXMudjEuUGxhY2VzLlNlYXJjaFRleHQQAhgEIAA,Monday: 9:00 AM – 5:00 PM; Tuesday: 9:00 AM – 5:00 PM; Wednesday: 9:00 AM – 5:00 PM; Thursday: 11:00 AM – 7:00 PM; Friday: 9:00 AM – 5:00 PM; Saturday: 9:00 AM – 2:00 PM; Sunday: Closed,dental_clinic,Auckland,Papatoetoe Auckland,no_prices,2026-03-18
Whanau Ora Community Clinic,"258 Puhinui Road, Papatoetoe, Auckland 2025, New Zealand",0800 367 942,+64 800 367 942,https://www.whanauoracommunity.com/,3.4,30,OPERATIONAL,https://maps.google.com/?cid=1859308865723290214&g_mp=Cidnb29nbGUubWFwcy5wbGFjZXMudjEuUGxhY2VzLlNlYXJjaFRleHQQAhgEIAA,Monday: 9:00 AM – 4:30 PM; Tuesday: 9:00 AM – 4:30 PM; Wednesday: 9:00 AM – 4:30 PM; Thursday: 9:00 AM – 4:30 PM; Friday: 9:00 AM – 4:30 PM; Saturday: Closed; Sunday: Closed,dental_clinic,Auckland,Papatoetoe Auckland,no_prices,2026-03-18
Papatoetoe Family Doctors at The Health Hub,"2/65 Saint George Street, Papatoetoe, Auckland 2025, New Zealand",09 278 2578,+64 9 278 2578,http://papatoetoefamilydoctors.co.nz/,4.2,70,OPERATIONAL,https://maps.google.com/?cid=4775388355771599846&g_mp=Cidnb29nbGUubWFwcy5wbGFjZXMudjEuUGxhY2VzLlNlYXJjaFRleHQQAhgEIAA,Monday: 9:00 AM – 5:00 PM; Tuesday: 9:00 AM – 5:00 PM; Wednesday: 9:00 AM – 5:00 PM; Thursday: 9:00 AM – 5:00 PM; Friday: 9:00 AM – 5:00 PM; Saturday: 9:00 AM – 12:00 PM; Sunday: Closed,dental_clinic,Auckland,Papatoetoe Auckland,no_prices,2026-03-18
Hunters Plaza,"217 Great South Road, Papatoetoe, Auckland 2025, New Zealand",09 277 7516,+64 9 277 7516,https://www.huntersplaza.co.nz/,4,3689,OPERATIONAL,https://maps.google.com/?cid=16193922471679193475&g_mp=Cidnb29nbGUubWFwcy5wbGFjZXMudjEuUGxhY2VzLlNlYXJjaFRleHQQAhgEIAA,Monday: 9:00 AM – 5:30 PM; Tuesday: 9:00 AM – 5:30 PM; Wednesday: 9:00 AM – 5:30 PM; Thursday: 9:00 AM – 7:00 PM; Friday: 9:00 AM – 5:30 PM; Saturday: 9:00 AM – 5:30 PM; Sunday: 10:00 AM – 4:30 PM,dental_clinic,Auckland,Papatoetoe Auckland,no_prices,2026-03-18
Papatoetoe North Child And Adolescent Community Dental Clinic,"25 Graeme Avenue, Māngere East, Auckland 2024, New Zealand",09 278 4816,+64 9 278 4816,,,,OPERATIONAL,https://maps.google.com/?cid=16148238566346187229&g_mp=Cidnb29nbGUubWFwcy5wbGFjZXMudjEuUGxhY2VzLlNlYXJjaFRleHQQAhgEIAA,,dental_clinic,Auckland,Papatoetoe Auckland,no_prices,2026-03-18
Bakerfield Medical & Urgent Care Clinic,"16A Bakerfield Place, Manukau City Centre, Auckland 2104, New Zealand",09 263 7770,+64 9 263 7770,https://www.bakerfield.co.nz/,3.5,717,OPERATIONAL,https://maps.google.com/?cid=14997638015576239129&g_mp=Cidnb29nbGUubWFwcy5wbGFjZXMudjEuUGxhY2VzLlNlYXJjaFRleHQQAhgEIAA,Monday: 8:00 AM – 8:00 PM; Tuesday: 8:00 AM – 8:00 PM; Wednesday: 8:00 AM – 8:00 PM; Thursday: 8:00 AM – 8:00 PM; Friday: 8:00 AM – 8:00 PM; Saturday: 8:00 AM – 8:00 PM; Sunday: 8:00 AM – 8:00 PM,dental_clinic,Auckland,Manukau Auckland,no_prices,2026-03-18
dental clinic,"4 Pettit Place, Manukau City Centre, Auckland 2025, New Zealand",,,,,,OPERATIONAL,https://maps.google.com/?cid=16113839692759484708&g_mp=Cidnb29nbGUubWFwcy5wbGFjZXMudjEuUGxhY2VzLlNlYXJjaFRleHQQAhgEIAA,,dental_clinic,Auckland,Manukau Auckland,no_prices,2026-03-18
Manurewa Dental Centre,"178 Great South Road, Manurewa, Auckland 2102, New Zealand",09 267 3861,+64 9 267 3861,http://www.manurewadental.co.nz/?utm_source=GMBListing+&utm_medium=Organic&utm_campaign=Google_my_Business&utm_id=GMB,4.4,34,OPERATIONAL,https://maps.google.com/?cid=12398317140922136817&g_mp=Cidnb29nbGUubWFwcy5wbGFjZXMudjEuUGxhY2VzLlNlYXJjaFRleHQQAhgEIAA,Monday: 8:30 AM – 7:00 PM; Tuesday: 8:00 AM – 5:00 PM; Wednesday: 8:00 AM – 5:00 PM; Thursday: 8:00 AM – 5:00 PM; Friday: 8:30 AM – 12:00 PM; Saturday: Closed; Sunday: Closed,dental_clinic,Auckland,Manurewa Auckland,no_prices,2026-03-18
Mahu Dental - Manurewa,"6 Hill Road, Manurewa, Auckland 2102, New Zealand",09 268 2266,+64 9 268 2266,https://www.facebook.com/M%C4%81h%C5%AB-Dental-Manurewa-296056567242541/,4.6,109,OPERATIONAL,https://maps.google.com/?cid=6724467877576369591&g_mp=Cidnb29nbGUubWFwcy5wbGFjZXMudjEuUGxhY2VzLlNlYXJjaFRleHQQAhgEIAA,Monday: 9:00 AM – 5:00 PM; Tuesday: 9:00 AM – 5:00 PM; Wednesday: 9:00 AM – 5:00 PM; Thursday: 9:00 AM – 5:00 PM; Friday: 9:00 AM – 5:00 PM; Saturday: Closed; Sunday: Closed,dental_clinic,Auckland,Manurewa Auckland,no_prices,2026-03-18
Loudon Dental - Manurewa,"4 Halver Road, Manurewa, Auckland 2102, New Zealand",09 267 8033,+64 9 267 8033,http://www.loudondental.co.nz/,4.9,194,OPERATIONAL,https://maps.google.com/?cid=10818000470229840960&g_mp=Cidnb29nbGUubWFwcy5wbGFjZXMudjEuUGxhY2VzLlNlYXJjaFRleHQQAhgEIAA,Monday: 8:00 AM – 5:30 PM; Tuesday: 8:00 AM – 5:30 PM; Wednesday: 8:00 AM – 5:00 PM; Thursday: 8:00 AM – 5:00 PM; Friday: 8:00 AM – 4:00 PM; Saturday: Closed; Sunday: Closed,dental_clinic,Auckland,Manurewa Auckland,no_prices,2026-03-18
Browns Road Dental Centre,"5/235 Browns Road, Manurewa, Auckland 2102, New Zealand",09 267 9619,+64 9 267 9619,http://brownsroaddental.co.nz/,4.6,46,OPERATIONAL,https://maps.google.com/?cid=6165907022679153406&g_mp=Cidnb29nbGUubWFwcy5wbGFjZXMudjEuUGxhY2VzLlNlYXJjaFRleHQQAhgEIAA,Monday: Closed; Tuesday: 8:30 AM – 5:00 PM; Wednesday: 8:30 AM – 6:00 PM; Thursday: 8:30 AM – 6:00 PM; Friday: 8:30 AM – 4:00 PM; Saturday: Closed; Sunday: Closed,dental_clinic,Auckland,Manurewa Auckland,no_prices,2026-03-18
Leabank Dental,"92 Weymouth Road, Manurewa, Auckland 2102, New Zealand",027 882 5264,+64 27 882 5264,,4.7,36,OPERATIONAL,https://maps.google.com/?cid=9112876665798483772&g_mp=Cidnb29nbGUubWFwcy5wbGFjZXMudjEuUGxhY2VzLlNlYXJjaFRleHQQAhgEIAA,Monday: 9:00 AM – 7:00 PM; Tuesday: 9:00 AM – 7:00 PM; Wednesday: 9:00 AM – 5:00 PM; Thursday: 9:00 AM – 5:30 PM; Friday: 9:00 AM – 5:30 PM; Saturday: 9:00 AM – 4:00 PM; Sunday: 9:00 AM – 4:00 PM,dental_clinic,Auckland,Manurewa Auckland,no_prices,2026-03-18
Advanced Dental Care Manurewa | Lumino The Dentists,"7 Hill Road, Manurewa, Auckland 2102, New Zealand",09 266 6423,+64 9 266 6423,https://lumino.co.nz/dentists/advanced-dental-care-manurewa/?utm_source=google_business_profile&utm_medium=organic,4.6,58,OPERATIONAL,https://maps.google.com/?cid=10684109826228048960&g_mp=Cidnb29nbGUubWFwcy5wbGFjZXMudjEuUGxhY2VzLlNlYXJjaFRleHQQAhgEIAA,Monday: 9:00 AM – 5:30 PM; Tuesday: 9:00 AM – 5:00 PM; Wednesday: 9:00 AM – 6:00 PM; Thursday: 9:00 AM – 6:00 PM; Friday: 9:00 AM – 4:30 PM; Saturday: 9:00 AM – 1:00 PM; Sunday: Closed,dental_clinic,Auckland,Manurewa Auckland,no_prices,2026-03-18
Manurewa Intermediate Dental Clinic,"76bRussell Road, Manurewa, Auckland 2102, New Zealand",09 268 8097,+64 9 268 8097,,4.4,5,OPERATIONAL,https://maps.google.com/?cid=810552499852479653&g_mp=Cidnb29nbGUubWFwcy5wbGFjZXMudjEuUGxhY2VzLlNlYXJjaFRleHQQAhgEIAA,,dental_clinic,Auckland,Manurewa Auckland,no_prices,2026-03-18
"Auckland Dental Facility, University of Otago","5d Browns Road, Manurewa, Auckland 2102, New Zealand",0800 866 840,+64 800 866 840,https://www.otago.ac.nz/dentistry/patient-services/auckland/,4.5,17,OPERATIONAL,https://maps.google.com/?cid=13804240642974220087&g_mp=Cidnb29nbGUubWFwcy5wbGFjZXMudjEuUGxhY2VzLlNlYXJjaFRleHQQAhgEIAA,Monday: 8:30 AM – 4:30 PM; Tuesday: 8:30 AM – 4:30 PM; Wednesday: 8:30 AM – 4:30 PM; Thursday: 8:30 AM – 4:30 PM; Friday: 8:30 AM – 4:30 PM; Saturday: Closed; Sunday: Closed,dental_clinic,Auckland,Manurewa Auckland,no_prices,2026-03-18
Pacifica Dental,"147 Great South Road, Manurewa, Manukau 1051, New Zealand",09 269 7074,+64 9 269 7074,,3.4,10,OPERATIONAL,https://maps.google.com/?cid=17084313361687189762&g_mp=Cidnb29nbGUubWFwcy5wbGFjZXMudjEuUGxhY2VzLlNlYXJjaFRleHQQAhgEIAA,Monday: 9:00 AM – 5:00 PM; Tuesday: 9:00 AM – 5:00 PM; Wednesday: 9:00 AM – 5:00 PM; Thursday: 9:00 AM – 5:00 PM; Friday: 9:00 AM – 5:00 PM; Saturday: 9:00 AM – 5:00 PM; Sunday: Closed,dental_clinic,Auckland,Manurewa Auckland,no_prices,2026-03-18
Clendon Dental Centre,"15 Palmers Road Clendon, Manurewa, Auckland 2103, New Zealand",09 266 0769,+64 9 266 0769,http://www.clendondental.co.nz/,4.7,101,OPERATIONAL,https://maps.google.com/?cid=8961686064307295982&g_mp=Cidnb29nbGUubWFwcy5wbGFjZXMudjEuUGxhY2VzLlNlYXJjaFRleHQQAhgEIAA,Monday: 9:00 AM – 5:30 PM; Tuesday: 9:00 AM – 5:00 PM; Wednesday: 9:00 AM – 5:00 PM; Thursday: 9:00 AM – 5:00 PM; Friday: 9:00 AM – 5:00 PM; Saturday: Closed; Sunday: Closed,dental_clinic,Auckland,Manurewa Auckland,no_prices,2026-03-18
Browns Rd Child Adolescent Community Dental Clinic,"5C Browns Road, Manurewa, Auckland 2102, New Zealand",09 264 0047,+64 9 264 0047,,4,3,OPERATIONAL,https://maps.google.com/?cid=17613060222450349706&g_mp=Cidnb29nbGUubWFwcy5wbGFjZXMudjEuUGxhY2VzLlNlYXJjaFRleHQQAhgEIAA,Monday: 8:00 AM – 4:30 PM; Tuesday: 8:00 AM – 4:30 PM; Wednesday: 8:00 AM – 4:30 PM; Thursday: 8:00 AM – 4:30 PM; Friday: 8:00 AM – 4:30 PM; Saturday: Closed; Sunday: Closed,dental_clinic,Auckland,Manurewa Auckland,no_prices,2026-03-18
Waiata Shores Dental,"7/2 Te Napi Drive, Takanini, Auckland 2112, New Zealand",09 391 7777,+64 9 391 7777,http://www.wsd.nz/,4.8,171,OPERATIONAL,https://maps.google.com/?cid=809327432935061282&g_mp=Cidnb29nbGUubWFwcy5wbGFjZXMudjEuUGxhY2VzLlNlYXJjaFRleHQQAhgEIAA,Monday: 8:30 AM – 5:00 PM; Tuesday: 8:30 AM – 5:00 PM; Wednesday: 8:30 AM – 6:00 PM; Thursday: 8:30 AM – 6:00 PM; Friday: 8:30 AM – 5:30 PM; Saturday: 8:00 AM – 5:00 PM; Sunday: Closed,dental_clinic,Auckland,Manurewa Auckland,no_prices,2026-03-18
The Fono Manurewa Healthcare Centre,"7 Halver Road, Hillpark, Auckland 2102, New Zealand",0800 366 648,+64 800 366 648,https://thefono.org/,2.7,59,OPERATIONAL,https://maps.google.com/?cid=16733897254295594002&g_mp=Cidnb29nbGUubWFwcy5wbGFjZXMudjEuUGxhY2VzLlNlYXJjaFRleHQQAhgEIAA,Monday: 8:30 AM – 5:00 PM; Tuesday: 8:30 AM – 5:00 PM; Wednesday: 8:30 AM – 5:00 PM; Thursday: 8:30 AM – 5:00 PM; Friday: 8:30 AM – 5:00 PM; Saturday: Closed; Sunday: Closed,dental_clinic,Auckland,Manurewa Auckland,no_prices,2026-03-18
parking Child Dental Clinic,"5C Browns Road, Manurewa, Auckland 2102, New Zealand",,,,5,1,OPERATIONAL,https://maps.google.com/?cid=8821893945861088553&g_mp=Cidnb29nbGUubWFwcy5wbGFjZXMudjEuUGxhY2VzLlNlYXJjaFRleHQQAhgEIAA,,dental_clinic,Auckland,Wiri Auckland,no_prices,2026-03-18
Manukau Superclinic,"901 Great South Road, Manurewa, Auckland 2104, New Zealand",09 277 1660,+64 9 277 1660,http://www.healthpoint.co.nz/manukau-superclinic/,4,220,OPERATIONAL,https://maps.google.com/?cid=17436703046788357594&g_mp=Cidnb29nbGUubWFwcy5wbGFjZXMudjEuUGxhY2VzLlNlYXJjaFRleHQQAhgEIAA,Monday: 7:30 AM – 6:00 PM; Tuesday: 7:30 AM – 6:00 PM; Wednesday: 7:30 AM – 6:00 PM; Thursday: 7:30 AM – 6:00 PM; Friday: 7:30 AM – 6:00 PM; Saturday: Closed; Sunday: Closed,dental_clinic,Auckland,Wiri Auckland,no_prices,2026-03-18
Auckland Dental School,"5d Browns Road, Manurewa, Auckland 2102, New Zealand",,,,3.7,3,OPERATIONAL,https://maps.google.com/?cid=7728179178925618160&g_mp=Cidnb29nbGUubWFwcy5wbGFjZXMudjEuUGxhY2VzLlNlYXJjaFRleHQQAhgEIAA,,dental_clinic,Auckland,Wiri Auckland,no_prices,2026-03-18
Takanini Dental Care,"Unit 17/108 Great South Road, Takanini, Auckland 2112, New Zealand",09 296 2636,+64 9 296 2636,https://www.takaninidental.co.nz/,4.5,82,OPERATIONAL,https://maps.google.com/?cid=15752153243018870547&g_mp=Cidnb29nbGUubWFwcy5wbGFjZXMudjEuUGxhY2VzLlNlYXJjaFRleHQQAhgEIAA,Monday: 8:30 AM – 6:00 PM; Tuesday: 8:30 AM – 6:00 PM; Wednesday: 8:30 AM – 5:00 PM; Thursday: 8:30 AM – 6:00 PM; Friday: 8:30 AM – 5:00 PM; Saturday: 8:30 AM – 3:00 PM; Sunday: Closed,dental_clinic,Auckland,Wiri Auckland,no_prices,2026-03-18
Wiri Family Doctors,"10/792 Great South Road, Wiri, Auckland 2104, New Zealand",09 263 6622,+64 9 263 6622,https://health365.co.nz/SGAccount/LogOn,3.9,35,OPERATIONAL,https://maps.google.com/?cid=2846950177323837121&g_mp=Cidnb29nbGUubWFwcy5wbGFjZXMudjEuUGxhY2VzLlNlYXJjaFRleHQQAhgEIAA,Monday: 9:00 AM – 5:30 PM; Tuesday: 9:00 AM – 5:30 PM; Wednesday: 9:00 AM – 5:30 PM; Thursday: 9:00 AM – 5:30 PM; Friday: 9:00 AM – 5:30 PM; Saturday: 9:00 AM – 1:00 PM; Sunday: Closed,dental_clinic,Auckland,Wiri Auckland,no_prices,2026-03-18
Southern Dental Specialists,"4 Halver Road, Manurewa, Auckland 2102, New Zealand",09 269 7115,+64 9 269 7115,http://southerndental.co.nz/,3.7,3,OPERATIONAL,https://maps.google.com/?cid=5594002215907440312&g_mp=Cidnb29nbGUubWFwcy5wbGFjZXMudjEuUGxhY2VzLlNlYXJjaFRleHQQAhgEIAA,Monday: 8:00 AM – 5:30 PM; Tuesday: 8:00 AM – 5:30 PM; Wednesday: 8:00 AM – 5:00 PM; Thursday: 8:00 AM – 5:00 PM; Friday: 9:00 AM – 4:00 PM; Saturday: Closed; Sunday: Closed,dental_clinic,Auckland,Wiri Auckland,no_prices,2026-03-18
Mitre 10 MEGA Manukau,"61 Lambie Drive, Manukau City Centre, Auckland 2104, New Zealand",09 262 3860,+64 9 262 3860,https://www.mitre10.co.nz/mega-manukau?utm_source=google&utm_medium=organic&utm_campaign=gbp-Mitre-10-MEGA-Manukau&utm_content=listing-39&store=39,4.3,1966,OPERATIONAL,https://maps.google.com/?cid=840850028825328217&g_mp=Cidnb29nbGUubWFwcy5wbGFjZXMudjEuUGxhY2VzLlNlYXJjaFRleHQQAhgEIAA,Monday: 7:00 AM – 7:00 PM; Tuesday: 7:00 AM – 7:00 PM; Wednesday: 7:00 AM – 7:00 PM; Thursday: 7:00 AM – 7:00 PM; Friday: 7:00 AM – 7:00 PM; Saturday: 7:00 AM – 7:00 PM; Sunday: 7:00 AM – 7:00 PM,dental_clinic,Auckland,Wiri Auckland,no_prices,2026-03-18
Manukau City Medical Centre,"18 Manukau Station Road, Manukau City Centre, Auckland 2104, New Zealand",09 262 2011,+64 9 262 2011,https://manukaucitymedicalcentre.co.nz/,2.9,90,OPERATIONAL,https://maps.google.com/?cid=6058887671713826281&g_mp=Cidnb29nbGUubWFwcy5wbGFjZXMudjEuUGxhY2VzLlNlYXJjaFRleHQQAhgEIAA,Monday: 9:00 AM – 5:00 PM; Tuesday: 9:00 AM – 5:00 PM; Wednesday: 9:00 AM – 5:00 PM; Thursday: 9:00 AM – 5:00 PM; Friday: 9:00 AM – 5:00 PM; Saturday: 9:00 AM – 12:00 PM; Sunday: Closed,dental_clinic,Auckland,Wiri Auckland,no_prices,2026-03-18
Manukau Surgery Centre,"901 Great South Road, Manukau City Centre, Auckland 2104, New Zealand",09 277 1655,+64 9 277 1655,http://www.healthpoint.co.nz/manukau-superclinic/,4.6,28,OPERATIONAL,https://maps.google.com/?cid=16980612363899676245&g_mp=Cidnb29nbGUubWFwcy5wbGFjZXMudjEuUGxhY2VzLlNlYXJjaFRleHQQAhgEIAA,Monday: 8:00 AM – 6:00 PM; Tuesday: 8:00 AM – 6:00 PM; Wednesday: 8:00 AM – 6:00 PM; Thursday: 8:00 AM – 6:00 PM; Friday: 8:00 AM – 6:00 PM; Saturday: Closed; Sunday: Closed,dental_clinic,Auckland,Wiri Auckland,no_prices,2026-03-18
Wiri Health Pharmacy,"10/792 Great South Road, Wiri, Auckland 2104, New Zealand",09 869 5552,+64 9 869 5552,https://www.healthpoint.co.nz/pharmacy/pharmacy/wiri-health-pharmacy/,5,1,OPERATIONAL,https://maps.google.com/?cid=4115383129826685157&g_mp=Cidnb29nbGUubWFwcy5wbGFjZXMudjEuUGxhY2VzLlNlYXJjaFRleHQQAhgEIAA,Monday: 9:00 AM – 5:30 PM; Tuesday: 9:00 AM – 5:30 PM; Wednesday: 9:00 AM – 5:30 PM; Thursday: 9:00 AM – 5:30 PM; Friday: 9:00 AM – 5:30 PM; Saturday: 9:00 AM – 1:00 PM; Sunday: Closed,dental_clinic,Auckland,Wiri Auckland,no_prices,2026-03-18
The Cosmetic Clinic Westfield Manukau,"Manukau Station Road, Manukau City Centre, Auckland 2104, New Zealand",09 393 9366,+64 9 393 9366,https://www.thecosmeticclinic.co.nz/?utm_source=google&utm_medium=organic&utm_campaign=gmb&utm_term=website+link,4.9,1345,OPERATIONAL,https://maps.google.com/?cid=2541540497377371531&g_mp=Cidnb29nbGUubWFwcy5wbGFjZXMudjEuUGxhY2VzLlNlYXJjaFRleHQQAhgEIAA,Monday: 9:00 AM – 6:00 PM; Tuesday: 9:00 AM – 6:00 PM; Wednesday: 9:00 AM – 6:00 PM; Thursday: 9:00 AM – 9:00 PM; Friday: 9:00 AM – 9:00 PM; Saturday: 9:00 AM – 6:00 PM; Sunday: 10:00 AM – 5:30 PM,dental_clinic,Auckland,Wiri Auckland,no_prices,2026-03-18
Ti Rakau Dental Centre,"316 Ti Rakau Drive, Burswood, Auckland 2013, New Zealand",09 273 8911,+64 9 273 8911,https://www.tirakaudental.co.nz/,4.6,159,OPERATIONAL,https://maps.google.com/?cid=3688768762901352524&g_mp=Cidnb29nbGUubWFwcy5wbGFjZXMudjEuUGxhY2VzLlNlYXJjaFRleHQQAhgEIAA,Monday: 7:30 AM – 5:30 PM; Tuesday: 7:30 AM – 5:30 PM; Wednesday: 7:30 AM – 5:30 PM; Thursday: 7:30 AM – 5:30 PM; Friday: 7:30 AM – 5:30 PM; Saturday: 8:30 AM – 5:30 PM; Sunday: Closed,dental_clinic,Auckland,Wiri Auckland,no_prices,2026-03-18
Integrative Dental Medicine,"28 Davies Avenue, Manukau City Centre, Auckland 2104, New Zealand",09 263 7763,+64 9 263 7763,,,,OPERATIONAL,https://maps.google.com/?cid=15766585290450504631&g_mp=Cidnb29nbGUubWFwcy5wbGFjZXMudjEuUGxhY2VzLlNlYXJjaFRleHQQAhgEIAA,,dental_clinic,Auckland,Wiri Auckland,no_prices,2026-03-18
Manukau Family Doctors,"597 Great South Road, Manukau City Centre, Auckland 2104, New Zealand",09 277 5777,+64 9 277 5777,,3.7,101,OPERATIONAL,https://maps.google.com/?cid=8335761027136988630&g_mp=Cidnb29nbGUubWFwcy5wbGFjZXMudjEuUGxhY2VzLlNlYXJjaFRleHQQAhgEIAA,Monday: 9:00 AM – 5:00 PM; Tuesday: 9:00 AM – 5:00 PM; Wednesday: 9:00 AM – 5:00 PM; Thursday: 9:00 AM – 5:00 PM; Friday: 9:00 AM – 5:00 PM; Saturday: Closed; Sunday: Closed,dental_clinic,Auckland,Wiri Auckland,no_prices,2026-03-18
Chemist Warehouse Westfield Manukau NZ,"Shop S196/5 Putney Way, Manukau City Centre, Auckland 2104, New Zealand",09 941 4904,+64 9 941 4904,https://www.chemistwarehouse.co.nz/,3.9,389,OPERATIONAL,https://maps.google.com/?cid=10947734190693410153&g_mp=Cidnb29nbGUubWFwcy5wbGFjZXMudjEuUGxhY2VzLlNlYXJjaFRleHQQAhgEIAA,Monday: 8:00 AM – 9:00 PM; Tuesday: 8:00 AM – 9:00 PM; Wednesday: 8:00 AM – 9:00 PM; Thursday: 8:00 AM – 9:00 PM; Friday: 8:00 AM – 9:00 PM; Saturday: 8:00 AM – 9:00 PM; Sunday: 8:00 AM – 9:00 PM,dental_clinic,Auckland,Wiri Auckland,no_prices,2026-03-18
Puhinui Medical Centre,"149 Puhinui Road, Papatoetoe, Puhinui 2104, New Zealand",09 278 7733,+64 9 278 7733,https://www.healthpoint.co.nz/gps-accident-urgent-medical-care/gp/puhinui-medical-centre/,4.1,13,OPERATIONAL,https://maps.google.com/?cid=11818962364984585624&g_mp=Cidnb29nbGUubWFwcy5wbGFjZXMudjEuUGxhY2VzLlNlYXJjaFRleHQQAhgEIAA,Monday: 9:00 AM – 4:00 PM; Tuesday: 9:00 AM – 4:00 PM; Wednesday: 9:00 AM – 4:00 PM; Thursday: 9:00 AM – 4:00 PM; Friday: 9:00 AM – 4:00 PM; Saturday: Closed; Sunday: Closed,dental_clinic,Auckland,Wiri Auckland,no_prices,2026-03-18
Denture Designs Ltd,"574 Great South Road, Manukau City Centre, Auckland 2025, New Zealand",09 277 6644,+64 9 277 6644,https://www.denturedesigns.co.nz/,3.8,4,OPERATIONAL,https://maps.google.com/?cid=13846769139838162244&g_mp=Cidnb29nbGUubWFwcy5wbGFjZXMudjEuUGxhY2VzLlNlYXJjaFRleHQQAhgEIAA,Monday: 9:00 AM – 5:00 PM; Tuesday: 9:00 AM – 5:00 PM; Wednesday: 9:00 AM – 5:00 PM; Thursday: 9:00 AM – 5:00 PM; Friday: 9:00 AM – 5:00 PM; Saturday: 9:00 AM – 2:00 PM; Sunday: Closed,dental_clinic,Auckland,Wiri Auckland,no_prices,2026-03-18
The Dentist Highbrook,"31 Highbrook Drive, East Tāmaki, Auckland 2013, New Zealand",0274 469 600,+64 274 469 600,https://thedentistnz.nz/?utm_source=Google&utm_medium=Organic&utm_campaign=GBP&utm_term=Website,4.2,39,OPERATIONAL,https://maps.google.com/?cid=10388441946849528441&g_mp=Cidnb29nbGUubWFwcy5wbGFjZXMudjEuUGxhY2VzLlNlYXJjaFRleHQQAhgEIAA,Monday: 8:00 AM – 5:00 PM; Tuesday: 8:00 AM – 5:00 PM; Wednesday: 8:00 AM – 5:00 PM; Thursday: 8:00 AM – 5:00 PM; Friday: 8:00 AM – 5:00 PM; Saturday: Closed; Sunday: Closed,dental_clinic,Auckland,Wiri Auckland,no_prices,2026-03-18
Clendon Medical Centre,"15 Palmers Road, Clendon Park, Auckland 2104, New Zealand",09 267 4525,+64 9 267 4525,https://clendonmedical.co.nz/,3,63,OPERATIONAL,https://maps.google.com/?cid=8623145391852867233&g_mp=Cidnb29nbGUubWFwcy5wbGFjZXMudjEuUGxhY2VzLlNlYXJjaFRleHQQAhgEIAA,Monday: 8:30 AM – 5:00 PM; Tuesday: 8:30 AM – 5:00 PM; Wednesday: 8:30 AM – 5:00 PM; Thursday: 8:30 AM – 5:00 PM; Friday: 8:30 AM – 5:00 PM; Saturday: Closed; Sunday: Closed,dental_clinic,Auckland,Wiri Auckland,no_prices,2026-03-18
Otara Dental Centre,"Unit 4/3 Watford Street, Ōtara, Auckland 2023, New Zealand",09 274 9451,+64 9 274 9451,http://www.dentist.co.nz/dentist-detail/auckland/otara-dental-centre/A18014904,3.8,19,OPERATIONAL,https://maps.google.com/?cid=15361022411014524759&g_mp=Cidnb29nbGUubWFwcy5wbGFjZXMudjEuUGxhY2VzLlNlYXJjaFRleHQQAhgEIAA,Monday: 9:00 AM – 4:00 PM; Tuesday: 9:00 AM – 4:00 PM; Wednesday: 9:00 AM – 4:00 PM; Thursday: 9:00 AM – 4:00 PM; Friday: 9:00 AM – 3:00 PM; Saturday: Closed; Sunday: Closed,dental_clinic,Auckland,Ōtara Auckland,no_prices,2026-03-18
East Tamaki Dentist,"271B East Tamaki Road, Ōtara, Auckland 2023, New Zealand",021 485 140,+64 21 485 140,http://www.etdentist.com/,4.6,87,OPERATIONAL,https://maps.google.com/?cid=237462522065430606&g_mp=Cidnb29nbGUubWFwcy5wbGFjZXMudjEuUGxhY2VzLlNlYXJjaFRleHQQAhgEIAA,Monday: 9:00 AM – 5:00 PM; Tuesday: 9:00 AM – 3:30 PM; Wednesday: 9:00 AM – 5:00 PM; Thursday: 9:00 AM – 5:00 PM; Friday: 9:00 AM – 5:00 PM; Saturday: 9:00 AM – 4:00 PM; Sunday: Closed,dental_clinic,Auckland,Ōtara Auckland,no_prices,2026-03-18
Dannemora Dental Centre,"1 Redcastle Drive, East Tāmaki, Auckland 2013, New Zealand",09 274 3305,+64 9 274 3305,,4.9,8,OPERATIONAL,https://maps.google.com/?cid=8541685227987388412&g_mp=Cidnb29nbGUubWFwcy5wbGFjZXMudjEuUGxhY2VzLlNlYXJjaFRleHQQAhgEIAA,Monday: 9:00 AM – 5:00 PM; Tuesday: 9:00 AM – 5:00 PM; Wednesday: 9:00 AM – 5:00 PM; Thursday: 9:00 AM – 5:00 PM; Friday: 9:00 AM – 12:00 PM; Saturday: Closed; Sunday: Closed,dental_clinic,Auckland,Clover Park Auckland,no_prices,2026-03-18
Botany Orthodontist - Coreen Loke,"2/123 Ormiston Road, Flat Bush, Auckland 2019, New Zealand",09 265 0085,+64 9 265 0085,http://www.botanyorthodontics.co.nz/,4.8,34,OPERATIONAL,https://maps.google.com/?cid=14651492412433100788&g_mp=Cidnb29nbGUubWFwcy5wbGFjZXMudjEuUGxhY2VzLlNlYXJjaFRleHQQAhgEIAA,Monday: Closed; Tuesday: 9:00 AM – 1:00 PM; Wednesday: 9:00 AM – 6:00 PM; Thursday: 9:00 AM – 6:00 PM; Friday: 9:00 AM – 5:00 PM; Saturday: Closed; Sunday: Closed,dental_clinic,Auckland,Clover Park Auckland,no_prices,2026-03-18
Nova Dental Care,"7 O'Shannessey Street, Papakura, Auckland 2110, New Zealand",09 298 7501,+64 9 298 7501,https://www.novadental.co.nz/,4.9,304,OPERATIONAL,https://maps.google.com/?cid=12254660359483870636&g_mp=Cidnb29nbGUubWFwcy5wbGFjZXMudjEuUGxhY2VzLlNlYXJjaFRleHQQAhgEIAA,Monday: 8:00 AM – 5:00 PM; Tuesday: 8:00 AM – 5:00 PM; Wednesday: 8:00 AM – 5:00 PM; Thursday: 8:00 AM – 5:00 PM; Friday: 8:00 AM – 5:00 PM; Saturday: 8:00 AM – 5:00 PM; Sunday: Closed,dental_clinic,Auckland,Clover Park Auckland,no_prices,2026-03-18
Auckland Denture Clinic,"665 Manukau Road, Royal Oak, Auckland 1023, New Zealand",09 625 6202,+64 9 625 6202,http://aucklanddentureclinic.co.nz/,4.7,22,OPERATIONAL,https://maps.google.com/?cid=8347614882267361787&g_mp=Cidnb29nbGUubWFwcy5wbGFjZXMudjEuUGxhY2VzLlNlYXJjaFRleHQQAhgEIAA,Monday: 8:30 AM – 4:30 PM; Tuesday: 8:30 AM – 4:30 PM; Wednesday: 8:30 AM – 4:30 PM; Thursday: 8:30 AM – 4:30 PM; Friday: 8:30 AM – 4:30 PM; Saturday: Closed; Sunday: Closed,dental_clinic,Auckland,Clover Park Auckland,no_prices,2026-03-18
Hill Park Dental,"32A Dennis Avenue, Hillpark, Auckland 2102, New Zealand",0800 268 954,+64 800 268 954,http://hillparkdental.co.nz/,3.8,48,OPERATIONAL,https://maps.google.com/?cid=15312408476197642188&g_mp=Cidnb29nbGUubWFwcy5wbGFjZXMudjEuUGxhY2VzLlNlYXJjaFRleHQQAhgEIAA,Monday: 9:00 AM – 5:00 PM; Tuesday: 9:00 AM – 5:00 PM; Wednesday: 9:00 AM – 1:00 PM; Thursday: 9:00 AM – 5:00 PM; Friday: 9:00 AM – 5:00 PM; Saturday: 10:00 AM – 4:00 PM; Sunday: Closed,dental_clinic,Auckland,Clover Park Auckland,no_prices,2026-03-18
Unichem Dawson Road Pharmacy,"124 Dawson Road, Flat Bush, Auckland 2023, New Zealand",09 274 8816,+64 9 274 8816,http://www.unichem.co.nz/storelocator/store?id=2535814309&sid=Hunua,3.7,44,OPERATIONAL,https://maps.google.com/?cid=10432745361703349167&g_mp=Cidnb29nbGUubWFwcy5wbGFjZXMudjEuUGxhY2VzLlNlYXJjaFRleHQQAhgEIAA,Monday: 8:00 AM – 8:00 PM; Tuesday: 8:00 AM – 8:00 PM; Wednesday: 8:00 AM – 8:00 PM; Thursday: 8:00 AM – 8:00 PM; Friday: 8:00 AM – 8:00 PM; Saturday: 8:00 AM – 8:00 PM; Sunday: 8:00 AM – 8:00 PM,dental_clinic,Auckland,Clover Park Auckland,no_prices,2026-03-18
Dental World Papakura,"182 Great South Road, Papakura, Auckland 2110, New Zealand",09 299 9000,+64 9 299 9000,http://papakuradentalworld.co.nz/,3.2,9,OPERATIONAL,https://maps.google.com/?cid=6247059132404520123&g_mp=Cidnb29nbGUubWFwcy5wbGFjZXMudjEuUGxhY2VzLlNlYXJjaFRleHQQAhgEIAA,Monday: 8:30 AM – 5:00 PM; Tuesday: 8:30 AM – 5:00 PM; Wednesday: 8:30 AM – 5:00 PM; Thursday: 8:30 AM – 5:00 PM; Friday: 8:30 AM – 5:00 PM; Saturday: Closed; Sunday: Closed,dental_clinic,Auckland,Clover Park Auckland,no_prices,2026-03-18
Cosmetic Laser,"westfield, Manukau City Centre, Auckland 2104, New Zealand",,,,4.5,2,OPERATIONAL,https://maps.google.com/?cid=15893847228149580207&g_mp=Cidnb29nbGUubWFwcy5wbGFjZXMudjEuUGxhY2VzLlNlYXJjaFRleHQQAhgEIAA,,dental_clinic,Auckland,Clover Park Auckland,no_prices,2026-03-18
Smile Dental - Papakura,"06/18 O'Shannessey Street, Papakura, Auckland 2110, New Zealand",0800 476 453,+64 800 476 453,https://www.smiledental.co.nz/,4.5,232,OPERATIONAL,https://maps.google.com/?cid=9477826136600602460&g_mp=Cidnb29nbGUubWFwcy5wbGFjZXMudjEuUGxhY2VzLlNlYXJjaFRleHQQAhgEIAA,Monday: 9:30 AM – 6:00 PM; Tuesday: 9:30 AM – 6:00 PM; Wednesday: 9:15 AM – 6:00 PM; Thursday: 9:30 AM – 6:00 PM; Friday: 9:15 AM – 6:00 PM; Saturday: 9:15 AM – 6:00 PM; Sunday: Closed,dental_clinic,Auckland,Papakura,no_prices,2026-03-18
Papakura Dental,"205/207 Great South Road, Papakura, Auckland 2110, New Zealand",09 299 2030,+64 9 299 2030,http://papakuradental.co.nz/,4.4,7,OPERATIONAL,https://maps.google.com/?cid=5903713401749642222&g_mp=Cidnb29nbGUubWFwcy5wbGFjZXMudjEuUGxhY2VzLlNlYXJjaFRleHQQAhgEIAA,Monday: 9:30 AM – 5:30 PM; Tuesday: 9:30 AM – 5:30 PM; Wednesday: 9:30 AM – 5:30 PM; Thursday: 9:30 AM – 5:30 PM; Friday: 9:30 AM – 6:30 PM; Saturday: 9:30 AM – 3:00 PM; Sunday: Closed,dental_clinic,Auckland,Papakura,no_prices,2026-03-18
Papakura Child And Adolescent Community Dental Clinic,"56 Beach Road, Pahurehure, Auckland 2113, New Zealand",09 299 8112,+64 9 299 8112,http://www.waitematadhb.govt.nz/home/ards,4.7,3,OPERATIONAL,https://maps.google.com/?cid=1812226622384975820&g_mp=Cidnb29nbGUubWFwcy5wbGFjZXMudjEuUGxhY2VzLlNlYXJjaFRleHQQAhgEIAA,Monday: 8:00 AM – 4:30 PM; Tuesday: 8:00 AM – 4:30 PM; Wednesday: 8:00 AM – 4:30 PM; Thursday: 8:00 AM – 4:30 PM; Friday: 8:00 AM – 4:30 PM; Saturday: Closed; Sunday: Closed,dental_clinic,Auckland,Papakura,no_prices,2026-03-18
Omega Dental,"96 Clevedon Road, Papakura, Auckland 2110, New Zealand",09 600 1707,+64 9 600 1707,https://omegadental.co.nz/,4.9,272,OPERATIONAL,https://maps.google.com/?cid=5484312104937875170&g_mp=Cidnb29nbGUubWFwcy5wbGFjZXMudjEuUGxhY2VzLlNlYXJjaFRleHQQAhgEIAA,Monday: 8:30 AM – 5:00 PM; Tuesday: 8:30 AM – 6:00 PM; Wednesday: 8:30 AM – 5:00 PM; Thursday: 8:30 AM – 5:00 PM; Friday: 8:30 AM – 5:00 PM; Saturday: Closed; Sunday: Closed,dental_clinic,Auckland,Papakura,no_prices,2026-03-18
TMP Stevens Dental Surgery,"70 Wood Street, Papakura, Auckland 2110, New Zealand",09 298 5164,+64 9 298 5164,https://www.healthpoint.co.nz/dentistry/general-dentist/tmp-stevens-dental-surgery/,4.3,17,OPERATIONAL,https://maps.google.com/?cid=17618498930180039622&g_mp=Cidnb29nbGUubWFwcy5wbGFjZXMudjEuUGxhY2VzLlNlYXJjaFRleHQQAhgEIAA,Monday: 8:00 AM – 5:00 PM; Tuesday: 8:00 AM – 5:00 PM; Wednesday: 8:00 AM – 5:00 PM; Thursday: 8:00 AM – 5:00 PM; Friday: 8:00 AM – 5:00 PM; Saturday: 8:00 AM – 1:00 PM; Sunday: Closed,dental_clinic,Auckland,Papakura,no_prices,2026-03-18
Smile Dental - Takanini,"30 Walters Road, Takanini, Auckland 2112, New Zealand",0800 476 453,+64 800 476 453,https://www.smiledental.co.nz/,4.7,235,OPERATIONAL,https://maps.google.com/?cid=4509548364994014748&g_mp=Cidnb29nbGUubWFwcy5wbGFjZXMudjEuUGxhY2VzLlNlYXJjaFRleHQQAhgEIAA,Monday: 9:00 AM – 6:00 PM; Tuesday: 9:15 AM – 6:00 PM; Wednesday: 9:00 AM – 6:00 PM; Thursday: 9:00 AM – 6:00 PM; Friday: 9:00 AM – 6:00 PM; Saturday: 9:00 AM – 6:00 PM; Sunday: Closed,dental_clinic,Auckland,Papakura,no_prices,2026-03-18
East Street Dental,"21/23 Elliot Street, Papakura, Auckland 2110, New Zealand",09 298 5124,+64 9 298 5124,https://eaststreetdental.co.nz/,5,1,OPERATIONAL,https://maps.google.com/?cid=5011275028189072091&g_mp=Cidnb29nbGUubWFwcy5wbGFjZXMudjEuUGxhY2VzLlNlYXJjaFRleHQQAhgEIAA,Monday: 7:30 AM – 4:30 PM; Tuesday: 7:30 AM – 4:30 PM; Wednesday: 7:30 AM – 4:30 PM; Thursday: 7:30 AM – 4:30 PM; Friday: 7:30 AM – 4:30 PM; Saturday: Closed; Sunday: Closed,dental_clinic,Auckland,Papakura,no_prices,2026-03-18
Brent Wallwork Dental,"21-23 Elliot Street, Papakura, Auckland 2110, New Zealand",09 298 5124,+64 9 298 5124,https://www.healthpoint.co.nz/dentistry/general-dentist/brent-wallwork-dental-limited/,5,7,OPERATIONAL,https://maps.google.com/?cid=13847118395349663942&g_mp=Cidnb29nbGUubWFwcy5wbGFjZXMudjEuUGxhY2VzLlNlYXJjaFRleHQQAhgEIAA,Monday: 7:30 AM – 4:00 PM; Tuesday: 7:30 AM – 4:00 PM; Wednesday: 7:30 AM – 4:00 PM; Thursday: 7:30 AM – 4:00 PM; Friday: 7:30 AM – 1:00 PM; Saturday: Closed; Sunday: Closed,dental_clinic,Auckland,Papakura,no_prices,2026-03-18
Counties Medical - Papakura,"06/18 O'Shannessey Street, Papakura, Auckland 2110, New Zealand",09 299 9384,+64 9 299 9384,http://www.countiesmedical.co.nz/,2.8,274,OPERATIONAL,https://maps.google.com/?cid=2377078431677835786&g_mp=Cidnb29nbGUubWFwcy5wbGFjZXMudjEuUGxhY2VzLlNlYXJjaFRleHQQAhgEIAA,Monday: 8:00 AM – 8:00 PM; Tuesday: 8:00 AM – 8:00 PM; Wednesday: 8:00 AM – 8:00 PM; Thursday: 8:00 AM – 8:00 PM; Friday: 8:00 AM – 8:00 PM; Saturday: 8:00 AM – 8:00 PM; Sunday: 8:00 AM – 8:00 PM,dental_clinic,Auckland,Papakura,no_prices,2026-03-18
Ziggy Chan,"35 O'Shannessey Street, Papakura, Auckland 2110, New Zealand",09 213 0732,+64 9 213 0732,,5,8,OPERATIONAL,https://maps.google.com/?cid=1531918876027736431&g_mp=Cidnb29nbGUubWFwcy5wbGFjZXMudjEuUGxhY2VzLlNlYXJjaFRleHQQAhgEIAA,Monday: 8:30 AM – 5:00 PM; Tuesday: 8:30 AM – 5:00 PM; Wednesday: 8:30 AM – 4:30 PM; Thursday: 8:30 AM – 4:30 PM; Friday: Closed; Saturday: Closed; Sunday: Closed,dental_clinic,Auckland,Papakura,no_prices,2026-03-18
Ardmore Dental,"63 Creightons Road, Papakura, Clevedon 2582, New Zealand",09 292 3044,+64 9 292 3044,http://www.ardmoredental.co.nz/,4.6,71,OPERATIONAL,https://maps.google.com/?cid=14453823005769197991&g_mp=Cidnb29nbGUubWFwcy5wbGFjZXMudjEuUGxhY2VzLlNlYXJjaFRleHQQAhgEIAA,Monday: 8:30 AM – 5:30 PM; Tuesday: 8:30 AM – 5:30 PM; Wednesday: 8:30 AM – 5:30 PM; Thursday: 8:30 AM – 5:30 PM; Friday: 8:30 AM – 5:30 PM; Saturday: Closed; Sunday: Closed,dental_clinic,Auckland,Papakura,no_prices,2026-03-18
The Denture Man,"257C Great South Road, Papakura, Auckland 2110, New Zealand",09 972 2545,+64 9 972 2545,https://www.thedentureman.nz/,4.2,22,OPERATIONAL,https://maps.google.com/?cid=15247184864552361600&g_mp=Cidnb29nbGUubWFwcy5wbGFjZXMudjEuUGxhY2VzLlNlYXJjaFRleHQQAhgEIAA,Monday: 9:00 AM – 5:00 PM; Tuesday: 9:00 AM – 5:00 PM; Wednesday: 9:00 AM – 5:00 PM; Thursday: 9:00 AM – 5:00 PM; Friday: 9:00 AM – 5:00 PM; Saturday: Closed; Sunday: Closed,dental_clinic,Auckland,Papakura,no_prices,2026-03-18
Unichem Papakura Pharmacy,"287 Great South Road, Papakura, Auckland 2110, New Zealand",09 298 5303,+64 9 298 5303,http://www.papakurapharmacy.co.nz/,4.4,64,OPERATIONAL,https://maps.google.com/?cid=11843671744963967236&g_mp=Cidnb29nbGUubWFwcy5wbGFjZXMudjEuUGxhY2VzLlNlYXJjaFRleHQQAhgEIAA,Monday: 8:30 AM – 5:30 PM; Tuesday: 8:30 AM – 5:30 PM; Wednesday: 8:30 AM – 5:30 PM; Thursday: 8:30 AM – 5:30 PM; Friday: 8:30 AM – 5:30 PM; Saturday: 9:00 AM – 1:00 PM; Sunday: Closed,dental_clinic,Auckland,Papakura,no_prices,2026-03-18
PAK'nSAVE Papakura,"331 Great South Road, Takanini, Auckland 2112, New Zealand",09 295 0012,+64 9 295 0012,https://www.paknsave.co.nz/upper-north-island/auckland/papakura/?utm_source=GBP&utm_medium=GBP&utm_campaign=PAK%27nSAVE%20Papakura&utm_id=PAK%27nSAVE%20Papakura,4.2,3060,OPERATIONAL,https://maps.google.com/?cid=7763242035470451231&g_mp=Cidnb29nbGUubWFwcy5wbGFjZXMudjEuUGxhY2VzLlNlYXJjaFRleHQQAhgEIAA,Monday: 7:30 AM – 10:00 PM; Tuesday: 7:30 AM – 10:00 PM; Wednesday: 7:30 AM – 10:00 PM; Thursday: 7:30 AM – 10:00 PM; Friday: 7:30 AM – 10:00 PM; Saturday: 7:30 AM – 10:00 PM; Sunday: 7:30 AM – 10:00 PM,dental_clinic,Auckland,Papakura,no_prices,2026-03-18
Papakura Normal Primary School,"49 Walters Road, Papakura, Auckland 2110, New Zealand",09 295 0530,+64 9 295 0530,http://www.papnormal.school.nz/,,,OPERATIONAL,https://maps.google.com/?cid=3418201675407725358&g_mp=Cidnb29nbGUubWFwcy5wbGFjZXMudjEuUGxhY2VzLlNlYXJjaFRleHQQAhgEIAA,Monday: 8:30 AM – 3:30 PM; Tuesday: 8:30 AM – 3:30 PM; Wednesday: 8:30 AM – 3:30 PM; Thursday: 8:30 AM – 3:30 PM; Friday: 8:30 AM – 3:30 PM; Saturday: Closed; Sunday: Closed,dental_clinic,Auckland,Papakura,no_prices,2026-03-18
New World Papakura,"29/31 East Street, Papakura, Auckland 2110, New Zealand",09 299 6503,+64 9 299 6503,http://www.newworld.co.nz/,4.3,1734,OPERATIONAL,https://maps.google.com/?cid=10059018508151747676&g_mp=Cidnb29nbGUubWFwcy5wbGFjZXMudjEuUGxhY2VzLlNlYXJjaFRleHQQAhgEIAA,Monday: 7:00 AM – 9:00 PM; Tuesday: 7:00 AM – 9:00 PM; Wednesday: 7:00 AM – 9:00 PM; Thursday: 7:00 AM – 9:00 PM; Friday: 7:00 AM – 9:00 PM; Saturday: 7:00 AM – 9:00 PM; Sunday: 7:00 AM – 9:00 PM,dental_clinic,Auckland,Papakura,no_prices,2026-03-18
Counties Care Pharmacy,"06/18 O'Shannessey Street, Papakura, Auckland 2110, New Zealand",09 296 2096,+64 9 296 2096,https://www.healthpoint.co.nz/pharmacy/pharmacy/counties-care-pharmacy/,3.5,19,OPERATIONAL,https://maps.google.com/?cid=8423631329194656730&g_mp=Cidnb29nbGUubWFwcy5wbGFjZXMudjEuUGxhY2VzLlNlYXJjaFRleHQQAhgEIAA,Monday: 8:30 AM – 8:00 PM; Tuesday: 8:30 AM – 8:00 PM; Wednesday: 8:30 AM – 8:00 PM; Thursday: 8:30 AM – 8:00 PM; Friday: 8:30 AM – 8:00 PM; Saturday: 8:30 AM – 8:00 PM; Sunday: 8:30 AM – 8:00 PM,dental_clinic,Auckland,Papakura,no_prices,2026-03-18
Cosgrove Child & Adolescent Community Dental Clinic,"10 Cosgrave Road, Papakura, Auckland 2110, New Zealand",09 296 6014,+64 9 296 6014,,,,OPERATIONAL,https://maps.google.com/?cid=4223616669546001810&g_mp=Cidnb29nbGUubWFwcy5wbGFjZXMudjEuUGxhY2VzLlNlYXJjaFRleHQQAhgEIAA,,dental_clinic,Auckland,Papakura,no_prices,2026-03-18
Pukekohe Dental,"190 King Street, Pukekohe 2120, New Zealand",09 238 6490,+64 9 238 6490,http://www.pukekohedental.co.nz/,4.8,105,OPERATIONAL,https://maps.google.com/?cid=3525739685731607481&g_mp=Cidnb29nbGUubWFwcy5wbGFjZXMudjEuUGxhY2VzLlNlYXJjaFRleHQQAhgEIAA,Monday: 8:00 AM – 5:00 PM; Tuesday: 8:00 AM – 5:00 PM; Wednesday: 8:00 AM – 5:00 PM; Thursday: 8:00 AM – 5:00 PM; Friday: 8:00 AM – 3:00 PM; Saturday: 9:00 AM – 2:00 PM; Sunday: Closed,dental_clinic,Auckland,Pukekohe,no_prices,2026-03-18
Tooth Care Pukekohe,"166 King Street, Pukekohe 2120, New Zealand",09 238 2343,+64 9 238 2343,https://toothcarepukekohe.co.nz/,4.5,112,OPERATIONAL,https://maps.google.com/?cid=18340853115386602247&g_mp=Cidnb29nbGUubWFwcy5wbGFjZXMudjEuUGxhY2VzLlNlYXJjaFRleHQQAhgEIAA,Monday: 9:00 AM – 6:00 PM; Tuesday: 9:00 AM – 6:00 PM; Wednesday: 9:00 AM – 6:00 PM; Thursday: 9:00 AM – 6:00 PM; Friday: 9:00 AM – 6:00 PM; Saturday: 11:00 AM – 6:00 PM; Sunday: 11:00 AM – 6:00 PM,dental_clinic,Auckland,Pukekohe,no_prices,2026-03-18
Pukekohe Intermediate Dental Clinic,"2 A Edinburgh Street, Pukekohe 2120, New Zealand",09 237 1070,+64 9 237 1070,http://www.ards.co.nz/,5,3,OPERATIONAL,https://maps.google.com/?cid=6150697320375448679&g_mp=Cidnb29nbGUubWFwcy5wbGFjZXMudjEuUGxhY2VzLlNlYXJjaFRleHQQAhgEIAA,Monday: 8:00 AM – 4:30 PM; Tuesday: 8:00 AM – 4:30 PM; Wednesday: 8:00 AM – 4:30 PM; Thursday: 8:00 AM – 4:30 PM; Friday: 8:00 AM – 4:30 PM; Saturday: Closed; Sunday: Closed,dental_clinic,Auckland,Pukekohe,no_prices,2026-03-18
The Franklin Dental Centre,"9 Tobin Street, Pukekohe 2120, New Zealand",09 238 9656,+64 9 238 9656,https://franklindentalcentre.co.nz/,4.5,30,OPERATIONAL,https://maps.google.com/?cid=8012541040677665291&g_mp=Cidnb29nbGUubWFwcy5wbGFjZXMudjEuUGxhY2VzLlNlYXJjaFRleHQQAhgEIAA,Monday: 9:00 AM – 5:00 PM; Tuesday: 9:00 AM – 5:00 PM; Wednesday: 9:00 AM – 5:00 PM; Thursday: 9:00 AM – 5:00 PM; Friday: 9:00 AM – 5:00 PM; Saturday: 9:00 AM – 5:00 PM; Sunday: Closed,dental_clinic,Auckland,Pukekohe,no_prices,2026-03-18
Queen Street Dental,"131 Queen Street, Pukekohe 2120, New Zealand",09 238 8343,+64 9 238 8343,http://www.queenstreetdental.co.nz/,4.6,19,OPERATIONAL,https://maps.google.com/?cid=13218847434171964711&g_mp=Cidnb29nbGUubWFwcy5wbGFjZXMudjEuUGxhY2VzLlNlYXJjaFRleHQQAhgEIAA,Monday: 9:00 AM – 5:00 PM; Tuesday: 9:00 AM – 5:00 PM; Wednesday: 9:00 AM – 5:00 PM; Thursday: 9:00 AM – 5:00 PM; Friday: 9:00 AM – 2:30 PM; Saturday: Open 24 hours; Sunday: Closed,dental_clinic,Auckland,Pukekohe,no_prices,2026-03-18
Luen Dental Centre,"9 Tobin Street, Pukekohe 2120, New Zealand",09 238 7587,+64 9 238 7587,http://luendentalcentre.co.nz/,4.7,9,OPERATIONAL,https://maps.google.com/?cid=11022151709369291186&g_mp=Cidnb29nbGUubWFwcy5wbGFjZXMudjEuUGxhY2VzLlNlYXJjaFRleHQQAhgEIAA,Monday: 8:30 AM – 5:30 PM; Tuesday: 8:30 AM – 5:30 PM; Wednesday: 8:30 AM – 5:30 PM; Thursday: 8:30 AM – 5:30 PM; Friday: 8:30 AM – 5:00 PM; Saturday: Closed; Sunday: Closed,dental_clinic,Auckland,Pukekohe,no_prices,2026-03-18
The Dental Company Pukekohe | Lumino The Dentists,"11 West Street, Pukekohe 2120, New Zealand",09 238 0438,+64 9 238 0438,https://lumino.co.nz/dentists/the-dental-company-pukekohe/?utm_source=google%20my%20business&utm_medium=organic,3.7,32,OPERATIONAL,https://maps.google.com/?cid=3327402661773497042&g_mp=Cidnb29nbGUubWFwcy5wbGFjZXMudjEuUGxhY2VzLlNlYXJjaFRleHQQAhgEIAA,Monday: 9:00 AM – 5:00 PM; Tuesday: 9:00 AM – 5:00 PM; Wednesday: 9:00 AM – 5:00 PM; Thursday: 9:00 AM – 5:00 PM; Friday: 9:00 AM – 12:00 PM; Saturday: Closed; Sunday: Closed,dental_clinic,Auckland,Pukekohe,no_prices,2026-03-18
Mint Dental,"171 Seddon Street, Pukekohe, Pukekohe, Auckland 2120, New Zealand",09 910 0500,+64 9 910 0500,https://mintdental.co.nz/,4.7,58,OPERATIONAL,https://maps.google.com/?cid=3915023361106040798&g_mp=Cidnb29nbGUubWFwcy5wbGFjZXMudjEuUGxhY2VzLlNlYXJjaFRleHQQAhgEIAA,Monday: 8:30 AM – 5:00 PM; Tuesday: 8:30 AM – 5:00 PM; Wednesday: 8:30 AM – 8:00 PM; Thursday: 8:30 AM – 5:00 PM; Friday: 8:30 AM – 5:00 PM; Saturday: 8:00 AM – 2:00 PM; Sunday: Closed,dental_clinic,Auckland,Pukekohe,no_prices,2026-03-18
Lumino Seddon Street Pukekohe | Lumino The Dentists,"4/24-34 Seddon Street, Pukekohe, Auckland 2120, New Zealand",09 238 4619,+64 9 238 4619,https://lumino.co.nz/dentists/lumino-seddon-street/?utm_source=google_business_profile&utm_medium=organic,4.4,35,OPERATIONAL,https://maps.google.com/?cid=16789955901508826036&g_mp=Cidnb29nbGUubWFwcy5wbGFjZXMudjEuUGxhY2VzLlNlYXJjaFRleHQQAhgEIAA,Monday: 8:30 AM – 5:30 PM; Tuesday: 8:00 AM – 5:00 PM; Wednesday: 8:30 AM – 6:00 PM; Thursday: 8:00 AM – 5:30 PM; Friday: 8:00 AM – 4:00 PM; Saturday: Closed; Sunday: Closed,dental_clinic,Auckland,Pukekohe,no_prices,2026-03-18
seddon dental,"13a Hall Street, Pukekohe 2120, New Zealand",09 237 0055,+64 9 237 0055,http://www.seddondental.nz/,5,15,OPERATIONAL,https://maps.google.com/?cid=8884672849255793657&g_mp=Cidnb29nbGUubWFwcy5wbGFjZXMudjEuUGxhY2VzLlNlYXJjaFRleHQQAhgEIAA,Monday: 9:30 AM – 4:00 PM; Tuesday: 9:30 AM – 4:00 PM; Wednesday: 9:30 AM – 4:00 PM; Thursday: Closed; Friday: 9:30 AM – 4:00 PM; Saturday: Closed; Sunday: Closed,dental_clinic,Auckland,Pukekohe,no_prices,2026-03-18
Pukekohe Family Health Care,"10 West Street, Pukekohe 2120, New Zealand",09 237 0280,+64 9 237 0280,https://www.pukekohehealth.co.nz/,2.3,112,OPERATIONAL,https://maps.google.com/?cid=18108017119866291769&g_mp=Cidnb29nbGUubWFwcy5wbGFjZXMudjEuUGxhY2VzLlNlYXJjaFRleHQQAhgEIAA,Monday: 8:00 AM – 5:00 PM; Tuesday: 8:00 AM – 5:00 PM; Wednesday: 8:00 AM – 5:00 PM; Thursday: 8:00 AM – 5:00 PM; Friday: 8:00 AM – 5:00 PM; Saturday: Closed; Sunday: Closed,dental_clinic,Auckland,Pukekohe,no_prices,2026-03-18
Seddon Medical Centre,"13A Hall Street, Pukekohe 2120, New Zealand",09 237 0055,+64 9 237 0055,http://www.healthpoint.co.nz/doctors/gp/seddon-medical/,2.9,110,OPERATIONAL,https://maps.google.com/?cid=6292146824192423442&g_mp=Cidnb29nbGUubWFwcy5wbGFjZXMudjEuUGxhY2VzLlNlYXJjaFRleHQQAhgEIAA,Monday: 8:30 AM – 5:00 PM; Tuesday: 8:30 AM – 5:00 PM; Wednesday: 8:30 AM – 5:00 PM; Thursday: 8:30 AM – 5:00 PM; Friday: 8:30 AM – 5:00 PM; Saturday: Closed; Sunday: Closed,dental_clinic,Auckland,Pukekohe,no_prices,2026-03-18
The Vet Centre Pukekohe,"11 Edinburgh Street, Pukekohe 2120, New Zealand",09 238 6897,+64 9 238 6897,https://www.vetcentre.co.nz/,4.7,319,OPERATIONAL,https://maps.google.com/?cid=11308347971335520920&g_mp=Cidnb29nbGUubWFwcy5wbGFjZXMudjEuUGxhY2VzLlNlYXJjaFRleHQQAhgEIAA,Monday: 7:30 AM – 6:00 PM; Tuesday: 7:30 AM – 6:00 PM; Wednesday: 7:30 AM – 6:00 PM; Thursday: 7:30 AM – 6:00 PM; Friday: 7:30 AM – 6:00 PM; Saturday: 8:30 AM – 2:00 PM; Sunday: Closed,dental_clinic,Auckland,Pukekohe,no_prices,2026-03-18
Pukekohe Hospital,"1-37 Tuakau Road, Pukekohe 2120, New Zealand",09 237 0600,+64 9 237 0600,http://www.healthpoint.co.nz/pukekohe-hospital/,4.6,28,OPERATIONAL,https://maps.google.com/?cid=10622322331820058771&g_mp=Cidnb29nbGUubWFwcy5wbGFjZXMudjEuUGxhY2VzLlNlYXJjaFRleHQQAhgEIAA,Monday: 8:00 AM – 8:00 PM; Tuesday: 8:00 AM – 8:00 PM; Wednesday: 8:00 AM – 8:00 PM; Thursday: 8:00 AM – 8:00 PM; Friday: 8:00 AM – 8:00 PM; Saturday: 8:00 AM – 8:00 PM; Sunday: 8:00 AM – 8:00 PM,dental_clinic,Auckland,Pukekohe,no_prices,2026-03-18
Unichem Pukekohe Pharmacy,"16 West Street, Pukekohe 2110, New Zealand",09 238 7690,+64 9 238 7690,http://unichempukekohe.co.nz/,4.2,82,OPERATIONAL,https://maps.google.com/?cid=12173872074338336906&g_mp=Cidnb29nbGUubWFwcy5wbGFjZXMudjEuUGxhY2VzLlNlYXJjaFRleHQQAhgEIAA,Monday: 8:00 AM – 7:00 PM; Tuesday: 8:00 AM – 7:00 PM; Wednesday: 8:00 AM – 7:00 PM; Thursday: 8:00 AM – 7:00 PM; Friday: 8:00 AM – 7:00 PM; Saturday: 8:00 AM – 3:00 PM; Sunday: 9:00 AM – 2:00 PM,dental_clinic,Auckland,Pukekohe,no_prices,2026-03-18
Chemist Warehouse The Zone,"The Zone 106 to Tenancy 5/124 Manukau Road, Pukekohe 2120, New Zealand",09 941 4919,+64 9 941 4919,https://www.chemistwarehouse.co.nz/,4.1,180,OPERATIONAL,https://maps.google.com/?cid=522538634697592287&g_mp=Cidnb29nbGUubWFwcy5wbGFjZXMudjEuUGxhY2VzLlNlYXJjaFRleHQQAhgEIAA,Monday: 8:30 AM – 8:00 PM; Tuesday: 8:30 AM – 8:00 PM; Wednesday: 8:30 AM – 8:00 PM; Thursday: 8:30 AM – 8:00 PM; Friday: 8:30 AM – 8:00 PM; Saturday: 9:00 AM – 7:00 PM; Sunday: 9:00 AM – 7:00 PM,dental_clinic,Auckland,Pukekohe,no_prices,2026-03-18
Chemist Warehouse Pukekohe Town Centre,"Shop 1 78 to/84 Edinburgh Street, Pukekohe 2120, New Zealand",09 941 4931,+64 9 941 4931,https://www.chemistwarehouse.co.nz/,4.3,48,OPERATIONAL,https://maps.google.com/?cid=8549463968349756892&g_mp=Cidnb29nbGUubWFwcy5wbGFjZXMudjEuUGxhY2VzLlNlYXJjaFRleHQQAhgEIAA,Monday: 8:30 AM – 7:00 PM; Tuesday: 8:30 AM – 7:00 PM; Wednesday: 8:30 AM – 7:00 PM; Thursday: 8:30 AM – 7:00 PM; Friday: 8:30 AM – 7:00 PM; Saturday: 9:00 AM – 6:30 PM; Sunday: 9:00 AM – 6:30 PM,dental_clinic,Auckland,Pukekohe,no_prices,2026-03-18
The Denture Man,"234 King Street, Pukekohe 2120, New Zealand",027 347 3246,+64 27 347 3246,,4.2,5,OPERATIONAL,https://maps.google.com/?cid=10292756287534340885&g_mp=Cidnb29nbGUubWFwcy5wbGFjZXMudjEuUGxhY2VzLlNlYXJjaFRleHQQAhgEIAA,,dental_clinic,Auckland,Pukekohe,no_prices,2026-03-18
Tuakau Dental Centre,"53 George Street, Tuakau 2121, New Zealand",09 237 8150,+64 9 237 8150,https://www.tuakaudentalcentre.co.nz/,4.9,40,OPERATIONAL,https://maps.google.com/?cid=11935693499675574060&g_mp=Cidnb29nbGUubWFwcy5wbGFjZXMudjEuUGxhY2VzLlNlYXJjaFRleHQQAhgEIAA,Monday: 9:00 AM – 5:00 PM; Tuesday: 9:00 AM – 5:00 PM; Wednesday: 9:00 AM – 5:00 PM; Thursday: 9:00 AM – 5:00 PM; Friday: 9:00 AM – 5:00 PM; Saturday: 8:30 AM – 1:00 PM; Sunday: Closed,dental_clinic,Auckland,Pukekohe,no_prices,2026-03-18
Animates Pukekohe,"8 Massey Avenue, Pukekohe 2120, New Zealand",09 239 3283,+64 9 239 3283,https://www.animates.co.nz/,4.4,658,OPERATIONAL,https://maps.google.com/?cid=4722719422881889886&g_mp=Cidnb29nbGUubWFwcy5wbGFjZXMudjEuUGxhY2VzLlNlYXJjaFRleHQQAhgEIAA,Monday: 9:00 AM – 5:30 PM; Tuesday: 9:00 AM – 5:30 PM; Wednesday: 9:00 AM – 5:30 PM; Thursday: 9:00 AM – 5:30 PM; Friday: 9:00 AM – 5:30 PM; Saturday: 9:00 AM – 5:00 PM; Sunday: 9:00 AM – 5:00 PM,dental_clinic,Auckland,Pukekohe,no_prices,2026-03-18
Franklin Vets Pukekohe,"86 Harris Street, Pukekohe 2120, New Zealand",09 238 7486,+64 9 238 7486,https://www.franklinvets.co.nz/about/our-clinics/pukekohe,4.7,705,OPERATIONAL,https://maps.google.com/?cid=3563215484411753185&g_mp=Cidnb29nbGUubWFwcy5wbGFjZXMudjEuUGxhY2VzLlNlYXJjaFRleHQQAhgEIAA,Monday: 7:30 AM – 7:00 PM; Tuesday: 7:30 AM – 7:00 PM; Wednesday: 7:30 AM – 7:00 PM; Thursday: 7:30 AM – 7:00 PM; Friday: 7:30 AM – 7:00 PM; Saturday: 9:00 AM – 6:00 PM; Sunday: 9:00 AM – 5:00 PM,dental_clinic,Auckland,Pukekohe,no_prices,2026-03-18
Appearance Dentistry,"190 King Street, Pukekohe 2120, New Zealand",09 238 2089,+64 9 238 2089,,,,OPERATIONAL,https://maps.google.com/?cid=9656444667845275062&g_mp=Cidnb29nbGUubWFwcy5wbGFjZXMudjEuUGxhY2VzLlNlYXJjaFRleHQQAhgEIAA,,dental_clinic,Auckland,Pukekohe,no_prices,2026-03-18
Modern Dentures Limited,"58A King Street, Pukekohe 2120, New Zealand",09 238 9944,+64 9 238 9944,,5,1,OPERATIONAL,https://maps.google.com/?cid=15107923672441487239&g_mp=Cidnb29nbGUubWFwcy5wbGFjZXMudjEuUGxhY2VzLlNlYXJjaFRleHQQAhgEIAA,,dental_clinic,Auckland,Pukekohe,no_prices,2026-03-18
Bargain Chemist Pukekohe,"16 Wrightson Way, Pukekohe 2120, New Zealand",09 283 8571,+64 9 283 8571,https://www.bargainchemist.co.nz/?utm_source=gmb&utm_medium=organic&utm_campaign=pukekohe,4.4,49,OPERATIONAL,https://maps.google.com/?cid=12941702128018751706&g_mp=Cidnb29nbGUubWFwcy5wbGFjZXMudjEuUGxhY2VzLlNlYXJjaFRleHQQAhgEIAA,Monday: 8:00 AM – 7:00 PM; Tuesday: 8:00 AM – 7:00 PM; Wednesday: 8:00 AM – 7:00 PM; Thursday: 8:00 AM – 7:00 PM; Friday: 8:00 AM – 7:00 PM; Saturday: 8:00 AM – 7:00 PM; Sunday: 8:00 AM – 7:00 PM,dental_clinic,Auckland,Pukekohe,no_prices,2026-03-18
Auckland dentists,"King Street, Pukekohe 2120, New Zealand",09 238 6490,+64 9 238 6490,https://www.aucklanddentistlocalityguide.co.nz/,,,OPERATIONAL,https://maps.google.com/?cid=14960288499873777862&g_mp=Cidnb29nbGUubWFwcy5wbGFjZXMudjEuUGxhY2VzLlNlYXJjaFRleHQQAhgEIAA,,dental_clinic,Auckland,Pukekohe,no_prices,2026-03-18
Lumino Waiuku | Lumino The Dentists,"2/26-30 Constable Road, Auckland, Waiuku 2123, New Zealand",09 235 8412,+64 9 235 8412,https://lumino.co.nz/dentists/lumino-waiuku/?utm_source=google_business_profile&utm_medium=organic,4.2,31,OPERATIONAL,https://maps.google.com/?cid=13147312660549899122&g_mp=Cidnb29nbGUubWFwcy5wbGFjZXMudjEuUGxhY2VzLlNlYXJjaFRleHQQAhgEIAA,Monday: 9:00 AM – 5:00 PM; Tuesday: 9:00 AM – 5:00 PM; Wednesday: 8:00 AM – 5:30 PM; Thursday: 9:00 AM – 5:00 PM; Friday: 9:00 AM – 4:30 PM; Saturday: Closed; Sunday: Closed,dental_clinic,Auckland,Waiuku,no_prices,2026-03-18
Lumino The Dentists | New Lynn,"34 McCrae Way, New Lynn, Auckland 0600, New Zealand",09 361 7158,+64 9 361 7158,https://lumino.co.nz/dentists/new-lynn-dental-practice/?utm_source=google_business_profile&utm_medium=organic,4.7,97,OPERATIONAL,https://maps.google.com/?cid=14853443665432470996&g_mp=Cidnb29nbGUubWFwcy5wbGFjZXMudjEuUGxhY2VzLlNlYXJjaFRleHQQAhgEIAA,Monday: 9:00 AM – 7:00 PM; Tuesday: 8:00 AM – 3:00 PM; Wednesday: 8:00 AM – 4:00 PM; Thursday: 8:00 AM – 4:00 PM; Friday: 8:00 AM – 1:00 PM; Saturday: 8:00 AM – 1:00 PM; Sunday: Closed,dental_clinic,Auckland,New Lynn Auckland,no_prices,2026-03-18
Quality Dental,"3D Delta Avenue, New Lynn, Auckland 0600, New Zealand",09 827 0078,+64 9 827 0078,https://qualitydental.co.nz/,4.9,147,OPERATIONAL,https://maps.google.com/?cid=15414402482939968471&g_mp=Cidnb29nbGUubWFwcy5wbGFjZXMudjEuUGxhY2VzLlNlYXJjaFRleHQQAhgEIAA,Monday: 9:00 AM – 3:30 PM; Tuesday: 9:00 AM – 3:30 PM; Wednesday: 9:00 AM – 3:30 PM; Thursday: 9:00 AM – 3:30 PM; Friday: 9:00 AM – 3:30 PM; Saturday: 9:00 AM – 1:30 PM; Sunday: 9:00 AM – 1:00 PM,dental_clinic,Auckland,New Lynn Auckland,no_prices,2026-03-18
New Lynn Dentists,"Totara Health Centre Level 1/1 McCrae Way, New Lynn, Auckland 0600, New Zealand",09 827 7430,+64 9 827 7430,,4.5,29,OPERATIONAL,https://maps.google.com/?cid=1705129602601464859&g_mp=Cidnb29nbGUubWFwcy5wbGFjZXMudjEuUGxhY2VzLlNlYXJjaFRleHQQAhgEIAA,Monday: 10:00 AM – 6:00 PM; Tuesday: 9:00 AM – 5:00 PM; Wednesday: 9:00 AM – 5:00 PM; Thursday: 9:00 AM – 5:00 PM; Friday: 10:00 AM – 7:00 PM; Saturday: 9:00 AM – 2:00 PM; Sunday: Closed,dental_clinic,Auckland,New Lynn Auckland,no_prices,2026-03-18
Dr Reddy’s Dental - West Auckland Dentists,"3089 Great North Road, New Lynn, Auckland 0600, New Zealand",09 827 9997,+64 9 827 9997,https://brightsmile.nz/,4.7,153,OPERATIONAL,https://maps.google.com/?cid=9909008943897320727&g_mp=Cidnb29nbGUubWFwcy5wbGFjZXMudjEuUGxhY2VzLlNlYXJjaFRleHQQAhgEIAA,Monday: 8:00 AM – 5:00 PM; Tuesday: 9:00 AM – 5:00 PM; Wednesday: 8:00 AM – 7:00 PM; Thursday: 8:00 AM – 6:00 PM; Friday: 8:00 AM – 5:00 PM; Saturday: 9:00 AM – 5:00 PM; Sunday: Closed,dental_clinic,Auckland,New Lynn Auckland,no_prices,2026-03-18
Glen Eden Intermediate Children's Community Dental Clinic,"23 Kaurilands Road, Waitākere, Auckland 0604, New Zealand",09 817 0070,+64 9 817 0070,https://servicefinder.co.nz/profile/Glen-Eden-Intermediate-Children-s-Community-Dental-Clinic-99011,,,OPERATIONAL,https://maps.google.com/?cid=5324165963564756100&g_mp=Cidnb29nbGUubWFwcy5wbGFjZXMudjEuUGxhY2VzLlNlYXJjaFRleHQQAhgEIAA,Monday: 8:00 AM – 4:30 PM; Tuesday: 8:00 AM – 4:30 PM; Wednesday: 8:00 AM – 4:30 PM; Thursday: 8:00 AM – 4:30 PM; Friday: 8:00 AM – 4:30 PM; Saturday: Closed; Sunday: Closed,dental_clinic,Auckland,Glen Eden Auckland,no_prices,2026-03-18
Smile Dental - Kelston,"16 West Coast Road, Glen Eden, Auckland 0602, New Zealand",0800 476 453,+64 800 476 453,https://www.smiledental.co.nz/,4.4,109,OPERATIONAL,https://maps.google.com/?cid=14816676352377593812&g_mp=Cidnb29nbGUubWFwcy5wbGFjZXMudjEuUGxhY2VzLlNlYXJjaFRleHQQAhgEIAA,Monday: 9:00 AM – 5:00 PM; Tuesday: 9:00 AM – 5:00 PM; Wednesday: 9:00 AM – 5:00 PM; Thursday: 9:00 AM – 5:00 PM; Friday: Closed; Saturday: Closed; Sunday: Closed,dental_clinic,Auckland,Glen Eden Auckland,no_prices,2026-03-18
Matheson Dental,"Westview Medical Centre Level 1/5 Glendale Road, Glen Eden, Auckland 0602, New Zealand",09 818 5350,+64 9 818 5350,http://www.mathesonsdentalsurgery.co.nz/,4.7,18,OPERATIONAL,https://maps.google.com/?cid=11268732479488796813&g_mp=Cidnb29nbGUubWFwcy5wbGFjZXMudjEuUGxhY2VzLlNlYXJjaFRleHQQAhgEIAA,Monday: 8:30 AM – 5:00 PM; Tuesday: 8:30 AM – 5:00 PM; Wednesday: 8:30 AM – 5:00 PM; Thursday: 8:30 AM – 5:00 PM; Friday: 8:30 AM – 4:00 PM; Saturday: Closed; Sunday: Closed,dental_clinic,Auckland,Glen Eden Auckland,no_prices,2026-03-18
Kelston Dental Care,"4 Archibald Road, Kelston, Auckland 0602, New Zealand",09 818 5092,+64 9 818 5092,https://www.kelstondentalcare.nz/?utm_source=GMB,4.9,117,OPERATIONAL,https://maps.google.com/?cid=11593092305969568148&g_mp=Cidnb29nbGUubWFwcy5wbGFjZXMudjEuUGxhY2VzLlNlYXJjaFRleHQQAhgEIAA,Monday: 9:00 AM – 5:00 PM; Tuesday: 9:00 AM – 5:00 PM; Wednesday: 9:00 AM – 5:00 PM; Thursday: 9:00 AM – 7:00 PM; Friday: 9:00 AM – 5:00 PM; Saturday: 9:00 AM – 2:00 PM; Sunday: Closed,dental_clinic,Auckland,Glen Eden Auckland,no_prices,2026-03-18
Westview Medical Centre,"5 Glendale Road, Glen Eden, Auckland 0602, New Zealand",09 818 7111,+64 9 818 7111,https://westviewmedical.co.nz/,3.1,94,OPERATIONAL,https://maps.google.com/?cid=1882863215718754358&g_mp=Cidnb29nbGUubWFwcy5wbGFjZXMudjEuUGxhY2VzLlNlYXJjaFRleHQQAhgEIAA,Monday: 8:30 AM – 5:30 PM; Tuesday: 8:30 AM – 5:30 PM; Wednesday: 8:30 AM – 5:30 PM; Thursday: 8:30 AM – 5:30 PM; Friday: 8:30 AM – 5:30 PM; Saturday: Closed; Sunday: Closed,dental_clinic,Auckland,Glen Eden Auckland,no_prices,2026-03-18
Titirangi Dental Centre,"421 Titirangi Road, Titirangi, Auckland 0604, New Zealand",09 817 6057,+64 9 817 6057,http://www.tooth.co.nz/,4.6,98,OPERATIONAL,https://maps.google.com/?cid=12654707850344772311&g_mp=Cidnb29nbGUubWFwcy5wbGFjZXMudjEuUGxhY2VzLlNlYXJjaFRleHQQAhgEIAA,Monday: 8:00 AM – 5:00 PM; Tuesday: 8:00 AM – 6:00 PM; Wednesday: 8:00 AM – 6:00 PM; Thursday: 8:00 AM – 5:00 PM; Friday: 8:00 AM – 2:30 PM; Saturday: Closed; Sunday: Closed,dental_clinic,Auckland,Glen Eden Auckland,no_prices,2026-03-18
Titirangi Village Dental Care,"429 Titirangi Road, Titirangi, Auckland 0604, New Zealand",09 817 8012,+64 9 817 8012,http://www.titirangivillagedental.co.nz/,4.9,54,OPERATIONAL,https://maps.google.com/?cid=2066717469326513614&g_mp=Cidnb29nbGUubWFwcy5wbGFjZXMudjEuUGxhY2VzLlNlYXJjaFRleHQQAhgEIAA,Monday: 8:00 AM – 5:00 PM; Tuesday: 8:00 AM – 5:00 PM; Wednesday: 8:00 AM – 5:00 PM; Thursday: 8:00 AM – 5:00 PM; Friday: 8:00 AM – 5:00 PM; Saturday: Closed; Sunday: Closed,dental_clinic,Auckland,Glen Eden Auckland,no_prices,2026-03-18
Kelston Mall,"16 West Coast Road, Glen Eden, Auckland 0602, New Zealand",09 818 4372,+64 9 818 4372,http://www.kelstonmall.co.nz/,3.9,1419,OPERATIONAL,https://maps.google.com/?cid=2131807310710348155&g_mp=Cidnb29nbGUubWFwcy5wbGFjZXMudjEuUGxhY2VzLlNlYXJjaFRleHQQAhgEIAA,Monday: 7:00 AM – 10:00 PM; Tuesday: 7:00 AM – 10:00 PM; Wednesday: 7:00 AM – 10:00 PM; Thursday: 7:00 AM – 10:00 PM; Friday: 7:00 AM – 10:00 PM; Saturday: 7:00 AM – 10:00 PM; Sunday: 7:00 AM – 10:00 PM,dental_clinic,Auckland,Glen Eden Auckland,no_prices,2026-03-18
CareVets Glen Eden,"69 West Coast Road, Glen Eden, Auckland 0602, New Zealand",09 818 7454,+64 9 818 7454,http://carevets.co.nz/,4.5,305,OPERATIONAL,https://maps.google.com/?cid=6733309358049488133&g_mp=Cidnb29nbGUubWFwcy5wbGFjZXMudjEuUGxhY2VzLlNlYXJjaFRleHQQAhgEIAA,Monday: 8:00 AM – 6:00 PM; Tuesday: 8:00 AM – 6:00 PM; Wednesday: 8:00 AM – 6:00 PM; Thursday: 8:00 AM – 6:00 PM; Friday: 8:00 AM – 6:00 PM; Saturday: 9:00 AM – 4:00 PM; Sunday: Closed,dental_clinic,Auckland,Glen Eden Auckland,no_prices,2026-03-18
School Dental Clinic,"29A Kaurilands Road, Titirangi, Auckland 0604, New Zealand",,,,5,1,OPERATIONAL,https://maps.google.com/?cid=2957499518668107671&g_mp=Cidnb29nbGUubWFwcy5wbGFjZXMudjEuUGxhY2VzLlNlYXJjaFRleHQQAhgEIAA,,dental_clinic,Auckland,Glen Eden Auckland,no_prices,2026-03-18
Titirangi Smiles,"410 Titirangi Road Titirangi Studios, Titirangi, Auckland 0604, New Zealand",09 218 5007,+64 9 218 5007,http://www.titirangismiles.co.nz/,5,75,OPERATIONAL,https://maps.google.com/?cid=2839945164936256848&g_mp=Cidnb29nbGUubWFwcy5wbGFjZXMudjEuUGxhY2VzLlNlYXJjaFRleHQQAhgEIAA,Monday: 7:30 AM – 5:00 PM; Tuesday: 7:30 AM – 5:00 PM; Wednesday: 7:30 AM – 6:00 PM; Thursday: 12:00 – 8:00 PM; Friday: 8:00 AM – 4:00 PM; Saturday: Closed; Sunday: Closed,dental_clinic,Auckland,Glen Eden Auckland,no_prices,2026-03-18
Smile Dental - Henderson,"8/6 Pioneer Street, Henderson, Auckland 0612, New Zealand",0800 476 453,+64 800 476 453,https://www.smiledental.co.nz/,4.4,480,OPERATIONAL,https://maps.google.com/?cid=7526150555509863311&g_mp=Cidnb29nbGUubWFwcy5wbGFjZXMudjEuUGxhY2VzLlNlYXJjaFRleHQQAhgEIAA,Monday: 9:00 AM – 5:00 PM; Tuesday: 9:00 AM – 5:00 PM; Wednesday: 9:00 AM – 5:00 PM; Thursday: 9:00 AM – 5:00 PM; Friday: 9:00 AM – 5:00 PM; Saturday: 9:00 AM – 5:00 PM; Sunday: Closed,dental_clinic,Auckland,Glen Eden Auckland,no_prices,2026-03-18
Glen Eden Pharmacy,"226 West Coast Road, Glen Eden, Auckland 0602, New Zealand",09 818 5242,+64 9 818 5242,,4.3,33,OPERATIONAL,https://maps.google.com/?cid=9441043661929850481&g_mp=Cidnb29nbGUubWFwcy5wbGFjZXMudjEuUGxhY2VzLlNlYXJjaFRleHQQAhgEIAA,Monday: 8:30 AM – 5:30 PM; Tuesday: 8:30 AM – 5:30 PM; Wednesday: 8:30 AM – 5:30 PM; Thursday: 8:30 AM – 5:30 PM; Friday: 8:30 AM – 5:30 PM; Saturday: 9:00 AM – 1:00 PM; Sunday: Closed,dental_clinic,Auckland,Glen Eden Auckland,no_prices,2026-03-18
"Dental Solutions West, Denture Specialists West Auckland","67 Henderson Valley Road, Henderson, Auckland 0612, New Zealand",09 836 6060,+64 9 836 6060,http://www.dentalsolutionswest.com/,5,8,OPERATIONAL,https://maps.google.com/?cid=5615872181211873500&g_mp=Cidnb29nbGUubWFwcy5wbGFjZXMudjEuUGxhY2VzLlNlYXJjaFRleHQQAhgEIAA,Monday: Closed; Tuesday: Closed; Wednesday: 1:30 – 5:00 PM; Thursday: Closed; Friday: 1:30 – 5:00 PM; Saturday: Closed; Sunday: Closed,dental_clinic,Auckland,Glen Eden Auckland,no_prices,2026-03-18
Chemist Warehouse Kelston Mall,"to 20 Kelston Mall Shop 17/16 West Coast Road, Glen Eden, Auckland 0602, New Zealand",09 871 7693,+64 9 871 7693,https://www.chemistwarehouse.co.nz/,3.9,18,OPERATIONAL,https://maps.google.com/?cid=10470416133521841088&g_mp=Cidnb29nbGUubWFwcy5wbGFjZXMudjEuUGxhY2VzLlNlYXJjaFRleHQQAhgEIAA,Monday: 8:00 AM – 8:00 PM; Tuesday: 8:00 AM – 8:00 PM; Wednesday: 8:00 AM – 8:00 PM; Thursday: 8:00 AM – 8:00 PM; Friday: 8:00 AM – 8:00 PM; Saturday: 9:00 AM – 7:00 PM; Sunday: 9:00 AM – 7:00 PM,dental_clinic,Auckland,Glen Eden Auckland,no_prices,2026-03-18
Sleep Dentistry New Zealand,"182 West Coast Road, Glen Eden, Auckland 0602, New Zealand",09 818 8855,+64 9 818 8855,,,,OPERATIONAL,https://maps.google.com/?cid=630224853831141894&g_mp=Cidnb29nbGUubWFwcy5wbGFjZXMudjEuUGxhY2VzLlNlYXJjaFRleHQQAhgEIAA,,dental_clinic,Auckland,Glen Eden Auckland,no_prices,2026-03-18
Henderson Dental Centre,"Level 1/361 Great North Road, Henderson, Auckland 0612, New Zealand",09 837 3663,+64 9 837 3663,,4.9,39,OPERATIONAL,https://maps.google.com/?cid=2574394821695525309&g_mp=Cidnb29nbGUubWFwcy5wbGFjZXMudjEuUGxhY2VzLlNlYXJjaFRleHQQAhgEIAA,Monday: Closed; Tuesday: 10:00 AM – 6:00 PM; Wednesday: Closed; Thursday: 10:00 AM – 6:00 PM; Friday: Closed; Saturday: 10:00 AM – 3:00 PM; Sunday: Closed,dental_clinic,Auckland,Henderson Auckland,no_prices,2026-03-18
Henderson Dental Practice | Lumino The Dentists,"Level 1 Lincoln North Centre, Henderson, Auckland 0612, New Zealand",09 361 7157,+64 9 361 7157,https://lumino.co.nz/dentists/henderson-dental-practice/?utm_source=google_business_profile&utm_medium=organic,4.6,78,OPERATIONAL,https://maps.google.com/?cid=17623594671164017619&g_mp=Cidnb29nbGUubWFwcy5wbGFjZXMudjEuUGxhY2VzLlNlYXJjaFRleHQQAhgEIAA,Monday: 8:00 AM – 8:00 PM; Tuesday: 8:00 AM – 4:00 PM; Wednesday: 8:00 AM – 8:00 PM; Thursday: 8:00 AM – 4:00 PM; Friday: 8:00 AM – 4:00 PM; Saturday: Closed; Sunday: Closed,dental_clinic,Auckland,Henderson Auckland,no_prices,2026-03-18
Lake Panorama Dental,"22 Lake Panorama Drive, Henderson, Auckland 0612, New Zealand",09 218 6000,+64 9 218 6000,http://www.lakepanoramadental.co.nz/,5,125,OPERATIONAL,https://maps.google.com/?cid=7861124355735712323&g_mp=Cidnb29nbGUubWFwcy5wbGFjZXMudjEuUGxhY2VzLlNlYXJjaFRleHQQAhgEIAA,Monday: 9:30 AM – 4:30 PM; Tuesday: 9:30 AM – 4:30 PM; Wednesday: 9:30 AM – 4:30 PM; Thursday: Closed; Friday: 9:30 AM – 4:30 PM; Saturday: 9:00 AM – 1:00 PM; Sunday: Closed,dental_clinic,Auckland,Henderson Auckland,no_prices,2026-03-18
Lincoln Dental (formerly CM Dental),"95 Lincoln Road, Henderson, Auckland 0610, New Zealand",09 835 3026,+64 9 835 3026,http://lincolndental.co.nz/,4.7,245,OPERATIONAL,https://maps.google.com/?cid=12307018874571808906&g_mp=Cidnb29nbGUubWFwcy5wbGFjZXMudjEuUGxhY2VzLlNlYXJjaFRleHQQAhgEIAA,Monday: 9:00 AM – 5:00 PM; Tuesday: 9:00 AM – 5:00 PM; Wednesday: 9:00 AM – 5:00 PM; Thursday: 9:00 AM – 5:00 PM; Friday: 9:00 AM – 5:00 PM; Saturday: Closed; Sunday: Closed,dental_clinic,Auckland,Henderson Auckland,no_prices,2026-03-18
Henderson Intermediate Children's Community Dental Clinic,"50 Fairdene Avenue, Henderson, Auckland 0610, New Zealand",09 838 9751,+64 9 838 9751,https://servicefinder.co.nz/profile/Henderson-Intermediate-Children-s-Community-Dental-Clinic-99020,4.8,5,OPERATIONAL,https://maps.google.com/?cid=3107730413076613310&g_mp=Cidnb29nbGUubWFwcy5wbGFjZXMudjEuUGxhY2VzLlNlYXJjaFRleHQQAhgEIAA,Monday: 8:00 AM – 4:30 PM; Tuesday: 8:00 AM – 4:30 PM; Wednesday: 8:00 AM – 4:30 PM; Thursday: 8:00 AM – 4:30 PM; Friday: 8:00 AM – 4:30 PM; Saturday: Closed; Sunday: Closed,dental_clinic,Auckland,Henderson Auckland,no_prices,2026-03-18
Swanson Dental,"49 Swanson Road, Henderson, Auckland 0610, New Zealand",09 837 0031,+64 9 837 0031,http://www.swansondental.co.nz/,4.7,126,OPERATIONAL,https://maps.google.com/?cid=8944303920963905255&g_mp=Cidnb29nbGUubWFwcy5wbGFjZXMudjEuUGxhY2VzLlNlYXJjaFRleHQQAhgEIAA,Monday: 9:00 AM – 5:00 PM; Tuesday: 9:00 AM – 5:00 PM; Wednesday: 9:00 AM – 5:00 PM; Thursday: 9:00 AM – 5:00 PM; Friday: 9:00 AM – 5:00 PM; Saturday: Closed; Sunday: Closed,dental_clinic,Auckland,Henderson Auckland,no_prices,2026-03-18
First Dental,"4/333 Great North Road, Henderson, Auckland 0612, New Zealand",09 837 2260,+64 9 837 2260,http://www.firstdental.co.nz/,4.3,32,OPERATIONAL,https://maps.google.com/?cid=3111890064557754587&g_mp=Cidnb29nbGUubWFwcy5wbGFjZXMudjEuUGxhY2VzLlNlYXJjaFRleHQQAhgEIAA,Monday: 9:30 AM – 5:30 PM; Tuesday: 9:30 AM – 5:30 PM; Wednesday: 9:30 AM – 5:30 PM; Thursday: 9:30 AM – 5:30 PM; Friday: 9:30 AM – 5:30 PM; Saturday: 9:00 AM – 2:00 PM; Sunday: Closed,dental_clinic,Auckland,Henderson Auckland,no_prices,2026-03-18
Smile Dental - Ranui,"419 Swanson Road, Ranui, Auckland 0612, New Zealand",0800 476 453,+64 800 476 453,https://www.smiledental.co.nz/,4.4,135,OPERATIONAL,https://maps.google.com/?cid=5123757195645359865&g_mp=Cidnb29nbGUubWFwcy5wbGFjZXMudjEuUGxhY2VzLlNlYXJjaFRleHQQAhgEIAA,Monday: 9:15 AM – 6:00 PM; Tuesday: 9:15 AM – 6:00 PM; Wednesday: 9:30 AM – 5:30 PM; Thursday: 9:30 AM – 5:30 PM; Friday: 9:30 AM – 5:30 PM; Saturday: Closed; Sunday: Closed,dental_clinic,Auckland,Henderson Auckland,no_prices,2026-03-18
The Fono Henderson Healthcare Centre,"411 Great North Road, Henderson, Auckland 0612, New Zealand",09 837 1780,+64 9 837 1780,https://thefono.org/,2.9,85,OPERATIONAL,https://maps.google.com/?cid=9897245383322055617&g_mp=Cidnb29nbGUubWFwcy5wbGFjZXMudjEuUGxhY2VzLlNlYXJjaFRleHQQAhgEIAA,Monday: 8:30 AM – 7:00 PM; Tuesday: 8:30 AM – 7:00 PM; Wednesday: 8:30 AM – 7:00 PM; Thursday: 8:30 AM – 7:00 PM; Friday: 8:30 AM – 5:00 PM; Saturday: Closed; Sunday: Closed,dental_clinic,Auckland,Henderson Auckland,no_prices,2026-03-18
Dentist on Lincoln,"109 Lincoln Road, Henderson, Auckland 0610, New Zealand",09 836 5947,+64 9 836 5947,http://dentistonlincoln.co.nz/,4.8,193,OPERATIONAL,https://maps.google.com/?cid=13364151627892662439&g_mp=Cidnb29nbGUubWFwcy5wbGFjZXMudjEuUGxhY2VzLlNlYXJjaFRleHQQAhgEIAA,Monday: 9:00 AM – 5:30 PM; Tuesday: 9:00 AM – 5:30 PM; Wednesday: 9:00 AM – 3:00 PM; Thursday: 9:00 AM – 5:30 PM; Friday: 9:00 AM – 3:00 PM; Saturday: 9:00 AM – 2:00 PM; Sunday: Closed,dental_clinic,Auckland,Henderson Auckland,no_prices,2026-03-18
Affordable Dentist Te Atatu,"269 Te Atatu Road, TeAtatu, Auckland 0610, New Zealand",09 834 9094,+64 9 834 9094,https://www.affordabledentists.co.nz/,5,436,OPERATIONAL,https://maps.google.com/?cid=11534749650832350081&g_mp=Cidnb29nbGUubWFwcy5wbGFjZXMudjEuUGxhY2VzLlNlYXJjaFRleHQQAhgEIAA,Monday: 9:00 AM – 5:00 PM; Tuesday: 9:00 AM – 5:00 PM; Wednesday: 9:00 AM – 5:00 PM; Thursday: 9:00 AM – 6:00 PM; Friday: 9:00 AM – 5:00 PM; Saturday: 9:00 AM – 4:00 PM; Sunday: Closed,dental_clinic,Auckland,Henderson Auckland,no_prices,2026-03-18
Henderson Medical Centre,"2 Montel Avenue, Henderson, Auckland 0612, New Zealand",09 837 1110,+64 9 837 1110,http://www.hendersonmedical.co.nz/,3.6,244,OPERATIONAL,https://maps.google.com/?cid=11645213870006466296&g_mp=Cidnb29nbGUubWFwcy5wbGFjZXMudjEuUGxhY2VzLlNlYXJjaFRleHQQAhgEIAA,Monday: 8:00 AM – 8:00 PM; Tuesday: 8:00 AM – 6:00 PM; Wednesday: 8:00 AM – 8:00 PM; Thursday: 8:00 AM – 6:00 PM; Friday: 8:00 AM – 5:00 PM; Saturday: Closed; Sunday: Closed,dental_clinic,Auckland,Henderson Auckland,no_prices,2026-03-18
Smile Dental - Te Atatu,"202 Edmonton Road, Te Atatū South, Auckland 0610, New Zealand",0800 476 453,+64 800 476 453,https://www.smiledental.co.nz/,4.8,84,OPERATIONAL,https://maps.google.com/?cid=481153737380843233&g_mp=Cidnb29nbGUubWFwcy5wbGFjZXMudjEuUGxhY2VzLlNlYXJjaFRleHQQAhgEIAA,Monday: 9:00 AM – 4:00 PM; Tuesday: 9:00 AM – 6:00 PM; Wednesday: 9:00 AM – 6:00 PM; Thursday: Closed; Friday: Closed; Saturday: Closed; Sunday: Closed,dental_clinic,Auckland,Henderson Auckland,no_prices,2026-03-18
Opal Dental,"518 Te Atatu Road, Te Atatū Peninsula, Auckland 0610, New Zealand",0800 440 807,+64 800 440 807,https://opaldental.co.nz/,4.9,191,OPERATIONAL,https://maps.google.com/?cid=3985136323713741240&g_mp=Cidnb29nbGUubWFwcy5wbGFjZXMudjEuUGxhY2VzLlNlYXJjaFRleHQQAhgEIAA,Monday: 7:15 AM – 8:00 PM; Tuesday: 8:00 AM – 5:00 PM; Wednesday: 7:15 AM – 8:00 PM; Thursday: 7:15 AM – 8:00 PM; Friday: 8:00 AM – 5:30 PM; Saturday: 8:00 AM – 2:00 PM; Sunday: Closed,dental_clinic,Auckland,Henderson Auckland,no_prices,2026-03-18
Te Atatu Dental,"40 Te Atatu Road, Te Atatū Peninsula, Auckland 0610, New Zealand",09 393 9989,+64 9 393 9989,https://teatatudental.co.nz/,5,32,OPERATIONAL,https://maps.google.com/?cid=32012739540562938&g_mp=Cidnb29nbGUubWFwcy5wbGFjZXMudjEuUGxhY2VzLlNlYXJjaFRleHQQAhgEIAA,Monday: 9:00 AM – 5:00 PM; Tuesday: 9:00 AM – 5:00 PM; Wednesday: 11:00 AM – 7:00 PM; Thursday: 9:00 AM – 5:00 PM; Friday: 9:00 AM – 5:00 PM; Saturday: 10:00 AM – 2:00 PM; Sunday: Closed,dental_clinic,Auckland,Henderson Auckland,no_prices,2026-03-18
White Cross - Henderson 24/7,"131 Lincoln Road, Henderson, Auckland 0610, New Zealand",09 836 3336,+64 9 836 3336,https://www.whitecross.co.nz/clinics/henderson-24-7/?utm_source=google&utm_medium=gmb&utm_campaign=gmb_trial,2.1,418,OPERATIONAL,https://maps.google.com/?cid=6405506895392545491&g_mp=Cidnb29nbGUubWFwcy5wbGFjZXMudjEuUGxhY2VzLlNlYXJjaFRleHQQAhgEIAA,Monday: Open 24 hours; Tuesday: Open 24 hours; Wednesday: Open 24 hours; Thursday: Open 24 hours; Friday: Open 24 hours; Saturday: Open 24 hours; Sunday: Open 24 hours,dental_clinic,Auckland,Henderson Auckland,no_prices,2026-03-18
Niho Ma Teeth Whitening & More,"Lincoln Road, Henderson, Auckland 0610, New Zealand",,,http://www.nihoma.co.nz/,5,55,OPERATIONAL,https://maps.google.com/?cid=17283475027343505550&g_mp=Cidnb29nbGUubWFwcy5wbGFjZXMudjEuUGxhY2VzLlNlYXJjaFRleHQQAhgEIAA,Monday: Closed; Tuesday: Closed; Wednesday: Closed; Thursday: Closed; Friday: Closed; Saturday: Closed; Sunday: 9:00 AM – 5:00 PM,dental_clinic,Auckland,Henderson Auckland,no_prices,2026-03-18
Peninsula Dental Care,"unit 4/382 Te Atatu Road, Te Atatū Peninsula, Auckland 0610, New Zealand",09 834 2228,+64 9 834 2228,,4.7,20,OPERATIONAL,https://maps.google.com/?cid=12683659088051274536&g_mp=Cidnb29nbGUubWFwcy5wbGFjZXMudjEuUGxhY2VzLlNlYXJjaFRleHQQAhgEIAA,Monday: 9:00 AM – 5:00 PM; Tuesday: 9:00 AM – 5:00 PM; Wednesday: 9:00 AM – 5:00 PM; Thursday: 9:00 AM – 5:00 PM; Friday: 9:00 AM – 1:00 PM; Saturday: Closed; Sunday: Closed,dental_clinic,Auckland,Henderson Auckland,no_prices,2026-03-18
Maxcare Dental - Massey West,"9/3 Red Hills Road, Massey, Auckland 0614, New Zealand",09 600 2266,+64 9 600 2266,https://maxcaredental.co.nz/,4.8,346,OPERATIONAL,https://maps.google.com/?cid=1109930263126305524&g_mp=Cidnb29nbGUubWFwcy5wbGFjZXMudjEuUGxhY2VzLlNlYXJjaFRleHQQAhgEIAA,Monday: 9:00 AM – 5:00 PM; Tuesday: 9:00 AM – 5:00 PM; Wednesday: 9:00 AM – 5:00 PM; Thursday: 9:00 AM – 5:00 PM; Friday: 9:00 AM – 5:00 PM; Saturday: 9:00 AM – 5:00 PM; Sunday: 10:00 AM – 2:00 PM,dental_clinic,Auckland,Henderson Auckland,no_prices,2026-03-18
Chemist Warehouse Henderson,"5 Vitasovich Avenue, Henderson, Auckland 0612, New Zealand",09 941 4907,+64 9 941 4907,https://www.chemistwarehouse.co.nz/,3.6,311,OPERATIONAL,https://maps.google.com/?cid=7007647507340660051&g_mp=Cidnb29nbGUubWFwcy5wbGFjZXMudjEuUGxhY2VzLlNlYXJjaFRleHQQAhgEIAA,Monday: 8:00 AM – 9:00 PM; Tuesday: 8:00 AM – 9:00 PM; Wednesday: 8:00 AM – 9:00 PM; Thursday: 8:00 AM – 9:00 PM; Friday: 8:00 AM – 9:00 PM; Saturday: 8:00 AM – 9:00 PM; Sunday: 8:00 AM – 9:00 PM,dental_clinic,Auckland,Henderson Auckland,no_prices,2026-03-18
Bright Smile Dental,"361 Great North Road, Henderson, Auckland 0612, New Zealand",,,,4,8,OPERATIONAL,https://maps.google.com/?cid=15646450527027845857&g_mp=Cidnb29nbGUubWFwcy5wbGFjZXMudjEuUGxhY2VzLlNlYXJjaFRleHQQAhgEIAA,,dental_clinic,Auckland,Henderson Auckland,no_prices,2026-03-18
Massey Dental Centre,"388 Don Buck Road, Massey, Auckland 0614, New Zealand",09 833 9235,+64 9 833 9235,http://www.masseydental.co.nz/,4.7,41,OPERATIONAL,https://maps.google.com/?cid=8169903847232240556&g_mp=Cidnb29nbGUubWFwcy5wbGFjZXMudjEuUGxhY2VzLlNlYXJjaFRleHQQAhgEIAA,Monday: 11:00 AM – 6:00 PM; Tuesday: 11:00 AM – 6:00 PM; Wednesday: 9:00 AM – 4:30 PM; Thursday: 9:00 AM – 4:30 PM; Friday: 9:00 AM – 3:00 PM; Saturday: Closed; Sunday: Closed,dental_clinic,Auckland,Massey Auckland,no_prices,2026-03-18
Massey Smiles,"5/575 Don Buck Road, Westgate, Auckland 0614, New Zealand",09 833 8182,+64 9 833 8182,https://www.massey-smiles.co.nz/,4.9,106,OPERATIONAL,https://maps.google.com/?cid=18102432301140855576&g_mp=Cidnb29nbGUubWFwcy5wbGFjZXMudjEuUGxhY2VzLlNlYXJjaFRleHQQAhgEIAA,Monday: 8:00 AM – 5:00 PM; Tuesday: 8:00 AM – 5:00 PM; Wednesday: 8:00 AM – 7:00 PM; Thursday: 8:00 AM – 7:00 PM; Friday: 8:00 AM – 5:00 PM; Saturday: 8:00 AM – 5:00 PM; Sunday: Closed,dental_clinic,Auckland,Massey Auckland,no_prices,2026-03-18
Westgate Dental Centre,"16/6 Maki Street, Massey, North, Auckland 0614, New Zealand",09 832 2998,+64 9 832 2998,https://www.asmile.co.nz/,4.8,29,OPERATIONAL,https://maps.google.com/?cid=2229957097184704862&g_mp=Cidnb29nbGUubWFwcy5wbGFjZXMudjEuUGxhY2VzLlNlYXJjaFRleHQQAhgEIAA,Monday: 9:00 AM – 5:00 PM; Tuesday: 9:00 AM – 5:00 PM; Wednesday: 9:00 AM – 5:00 PM; Thursday: 9:00 AM – 7:00 PM; Friday: 9:00 AM – 5:00 PM; Saturday: 9:00 AM – 5:00 PM; Sunday: Closed,dental_clinic,Auckland,Massey Auckland,no_prices,2026-03-18
West Harbour Dental,"58 Hobsonville Road, West Harbour, Auckland 0618, New Zealand",09 416 9619,+64 9 416 9619,http://www.whdental.co.nz/,4.8,47,OPERATIONAL,https://maps.google.com/?cid=9930451144562796391&g_mp=Cidnb29nbGUubWFwcy5wbGFjZXMudjEuUGxhY2VzLlNlYXJjaFRleHQQAhgEIAA,Monday: 9:00 AM – 5:30 PM; Tuesday: 9:00 AM – 7:00 PM; Wednesday: 9:00 AM – 7:00 PM; Thursday: 9:00 AM – 5:30 PM; Friday: 9:00 AM – 5:30 PM; Saturday: 9:00 AM – 5:30 PM; Sunday: Closed,dental_clinic,Auckland,West Harbour Auckland,no_prices,2026-03-18
Marina Dental Centre,"1/17 Clearwater Cove, West Harbour, Auckland 0618, New Zealand",09 416 5052,+64 9 416 5052,,,,OPERATIONAL,https://maps.google.com/?cid=9707905140902048017&g_mp=Cidnb29nbGUubWFwcy5wbGFjZXMudjEuUGxhY2VzLlNlYXJjaFRleHQQAhgEIAA,Monday: 10:00 AM – 6:00 PM; Tuesday: 10:00 AM – 6:00 PM; Wednesday: 10:00 AM – 6:00 PM; Thursday: 10:00 AM – 6:00 PM; Friday: 10:00 AM – 6:00 PM; Saturday: Closed; Sunday: Closed,dental_clinic,Auckland,West Harbour Auckland,no_prices,2026-03-18
Greenbay Dental,"Golf Road, Titirangi, Auckland 0604, New Zealand",,,,,,OPERATIONAL,https://maps.google.com/?cid=2085670011102847635&g_mp=Cidnb29nbGUubWFwcy5wbGFjZXMudjEuUGxhY2VzLlNlYXJjaFRleHQQAhgEIAA,,dental_clinic,Auckland,Titirangi Auckland,no_prices,2026-03-18
Avondale Dental Centre,"72 Rosebank Road, Avondale, Auckland 1026, New Zealand",09 828 7484,+64 9 828 7484,https://www.avondale-dental-centre.co.nz/?utm_source=local&utm_medium=organic&utm_campaign=GBP_home&utm_term=home,4.4,81,OPERATIONAL,https://maps.google.com/?cid=15678769786191145055&g_mp=Cidnb29nbGUubWFwcy5wbGFjZXMudjEuUGxhY2VzLlNlYXJjaFRleHQQAhgEIAA,Monday: 8:00 AM – 6:00 PM; Tuesday: 8:00 AM – 5:00 PM; Wednesday: 8:00 AM – 5:00 PM; Thursday: 8:00 AM – 6:00 PM; Friday: 8:00 AM – 5:00 PM; Saturday: Closed; Sunday: Closed,dental_clinic,Auckland,Avondale Auckland,no_prices,2026-03-18
Avondale Dental,"1875 Great North Road, Avondale, Auckland 1026, New Zealand",09 828 5786,+64 9 828 5786,https://www.avondaledental.co.nz/,4.7,94,OPERATIONAL,https://maps.google.com/?cid=11521181252217385807&g_mp=Cidnb29nbGUubWFwcy5wbGFjZXMudjEuUGxhY2VzLlNlYXJjaFRleHQQAhgEIAA,Monday: 8:00 AM – 5:00 PM; Tuesday: 8:00 AM – 5:00 PM; Wednesday: 8:00 AM – 6:00 PM; Thursday: 8:00 AM – 5:00 PM; Friday: 8:00 AM – 5:00 PM; Saturday: Closed; Sunday: Closed,dental_clinic,Auckland,Avondale Auckland,no_prices,2026-03-18
Smile Dental - Avondale,"256 Rosebank Road, Avondale, Auckland 1026, New Zealand",0800 476 453,+64 800 476 453,https://www.smiledental.co.nz/,4.9,106,OPERATIONAL,https://maps.google.com/?cid=9851148920947753273&g_mp=Cidnb29nbGUubWFwcy5wbGFjZXMudjEuUGxhY2VzLlNlYXJjaFRleHQQAhgEIAA,Monday: 9:00 AM – 3:30 PM; Tuesday: 9:00 AM – 3:30 PM; Wednesday: 9:00 AM – 5:00 PM; Thursday: 9:00 AM – 3:30 PM; Friday: Closed; Saturday: Closed; Sunday: Closed,dental_clinic,Auckland,Avondale Auckland,no_prices,2026-03-18
Avondale Intermediate Children's Community Dental Clinic,"12 Holly Street, Avondale, Auckland 1026, New Zealand",09 828 8829,+64 9 828 8829,,5,2,OPERATIONAL,https://maps.google.com/?cid=2702782531283885880&g_mp=Cidnb29nbGUubWFwcy5wbGFjZXMudjEuUGxhY2VzLlNlYXJjaFRleHQQAhgEIAA,Monday: 8:00 AM – 4:30 PM; Tuesday: 8:00 AM – 4:30 PM; Wednesday: 8:00 AM – 4:30 PM; Thursday: 8:00 AM – 4:30 PM; Friday: 8:00 AM – 4:30 PM; Saturday: Closed; Sunday: Closed,dental_clinic,Auckland,Avondale Auckland,no_prices,2026-03-18
Dr Sinan Najar,"72 Rosebank Road, Avondale, Auckland 1026, New Zealand",09 828 7484,+64 9 828 7484,https://www.avondale-dental-centre.co.nz/?utm_source=organic&utm_medium=local&utm_campaign=najargmb,4.3,6,OPERATIONAL,https://maps.google.com/?cid=13358059104771595138&g_mp=Cidnb29nbGUubWFwcy5wbGFjZXMudjEuUGxhY2VzLlNlYXJjaFRleHQQAhgEIAA,Monday: 8:00 AM – 6:00 PM; Tuesday: 8:00 AM – 5:00 PM; Wednesday: 8:00 AM – 5:00 PM; Thursday: 8:00 AM – 6:00 PM; Friday: 8:00 AM – 5:00 PM; Saturday: 9:00 AM – 1:00 PM; Sunday: Closed,dental_clinic,Auckland,Avondale Auckland,no_prices,2026-03-18
Dr Victor R Young,"1875 Great North Road, Avondale, Auckland 1026, New Zealand",09 828 5786,+64 9 828 5786,,5,7,OPERATIONAL,https://maps.google.com/?cid=13224717800984666136&g_mp=Cidnb29nbGUubWFwcy5wbGFjZXMudjEuUGxhY2VzLlNlYXJjaFRleHQQAhgEIAA,,dental_clinic,Auckland,Avondale Auckland,no_prices,2026-03-18
HillPark Dental Avondale,"73 Rosebank Road, Avondale, Auckland 1026, New Zealand",0800 268 954,+64 800 268 954,http://www.hillparkdental.co.nz/,4.2,6,OPERATIONAL,https://maps.google.com/?cid=6776244964069336506&g_mp=Cidnb29nbGUubWFwcy5wbGFjZXMudjEuUGxhY2VzLlNlYXJjaFRleHQQAhgEIAA,Monday: 9:00 AM – 5:00 PM; Tuesday: 9:00 AM – 5:00 PM; Wednesday: 9:00 AM – 5:00 PM; Thursday: 9:00 AM – 5:00 PM; Friday: 9:00 AM – 5:00 PM; Saturday: 9:00 AM – 1:00 PM; Sunday: Closed,dental_clinic,Auckland,Avondale Auckland,no_prices,2026-03-18
Dr Tim D Little,"1875 Great North Road, Avondale, Auckland 1026, New Zealand",09 828 5786,+64 9 828 5786,https://www.avondaledental.co.nz/,5,1,OPERATIONAL,https://maps.google.com/?cid=16384588046840976525&g_mp=Cidnb29nbGUubWFwcy5wbGFjZXMudjEuUGxhY2VzLlNlYXJjaFRleHQQAhgEIAA,,dental_clinic,Auckland,Avondale Auckland,no_prices,2026-03-18
Dentic Denture Clinic,"201 Taylor Street, Blockhouse Bay, Auckland 0600, New Zealand",09 948 2202,+64 9 948 2202,http://dentic.co.nz/,5,30,OPERATIONAL,https://maps.google.com/?cid=16268493510674747567&g_mp=Cidnb29nbGUubWFwcy5wbGFjZXMudjEuUGxhY2VzLlNlYXJjaFRleHQQAhgEIAA,Monday: 8:30 AM – 5:00 PM; Tuesday: 8:30 AM – 5:00 PM; Wednesday: 8:30 AM – 5:00 PM; Thursday: 8:30 AM – 5:00 PM; Friday: 8:30 AM – 4:30 PM; Saturday: Closed; Sunday: Closed,dental_clinic,Auckland,Blockhouse Bay Auckland,no_prices,2026-03-18
BHBInt Children's Community Dental Clinic,"12 Castlewood Grove, Blockhouse Bay, Auckland 0600, New Zealand",09 627 0019,+64 9 627 0019,,3.3,8,OPERATIONAL,https://maps.google.com/?cid=11533572008858674161&g_mp=Cidnb29nbGUubWFwcy5wbGFjZXMudjEuUGxhY2VzLlNlYXJjaFRleHQQAhgEIAA,,dental_clinic,Auckland,Blockhouse Bay Auckland,no_prices,2026-03-18
Adent dental,"Unit B/3 Matua Road, Kumeu, Huapai 0810, New Zealand",09 281 5005,+64 9 281 5005,http://www.adent.co.nz/,4.9,47,OPERATIONAL,https://maps.google.com/?cid=11316922993015096027&g_mp=Cidnb29nbGUubWFwcy5wbGFjZXMudjEuUGxhY2VzLlNlYXJjaFRleHQQAhgEIAA,,dental_clinic,Auckland,Huapai Auckland,no_prices,2026-03-18
Helensville Dental Centre,"16 Commercial Road, Helensville 0800, New Zealand",09 420 8983,+64 9 420 8983,https://helensvilledentist.co.nz/,4.8,14,OPERATIONAL,https://maps.google.com/?cid=8477340557723038623&g_mp=Cidnb29nbGUubWFwcy5wbGFjZXMudjEuUGxhY2VzLlNlYXJjaFRleHQQAhgEIAA,Monday: 8:30 AM – 5:00 PM; Tuesday: 8:30 AM – 6:30 PM; Wednesday: 8:30 AM – 5:00 PM; Thursday: 8:30 AM – 5:00 PM; Friday: 8:30 AM – 5:00 PM; Saturday: Closed; Sunday: Closed,dental_clinic,Auckland,Helensville Auckland,no_prices,2026-03-18
Warkworth Dental Practice,"6 Morpeth Street, Warkworth 0910, New Zealand",09 425 8476,+64 9 425 8476,https://warkworthdental.co.nz/,4.6,37,OPERATIONAL,https://maps.google.com/?cid=12829254752933929399&g_mp=Cidnb29nbGUubWFwcy5wbGFjZXMudjEuUGxhY2VzLlNlYXJjaFRleHQQAhgEIAA,Monday: 8:00 AM – 5:00 PM; Tuesday: 8:00 AM – 5:00 PM; Wednesday: 8:00 AM – 5:00 PM; Thursday: 8:00 AM – 5:00 PM; Friday: 8:00 AM – 4:00 PM; Saturday: Closed; Sunday: Closed,dental_clinic,Auckland,Warkworth Auckland,no_prices,2026-03-18
Kowhai Coast Dental | Warkworth Dentist,"Kowhai House Level 3/4 Warkworth Street, Warkworth 0910, New Zealand",09 425 0346,+64 9 425 0346,https://www.kowhaicoastdental.co.nz/,4.9,172,OPERATIONAL,https://maps.google.com/?cid=3646046013905553440&g_mp=Cidnb29nbGUubWFwcy5wbGFjZXMudjEuUGxhY2VzLlNlYXJjaFRleHQQAhgEIAA,Monday: 8:00 AM – 4:45 PM; Tuesday: 8:00 AM – 4:45 PM; Wednesday: 8:00 AM – 4:45 PM; Thursday: 8:00 AM – 4:45 PM; Friday: 8:00 AM – 12:30 PM; Saturday: Closed; Sunday: Closed,dental_clinic,Auckland,Warkworth Auckland,no_prices,2026-03-18
Your Hygienist Warkworth,"62 Queen Street, Warkworth 0910, New Zealand",0210 603 640,+64 210 603 640,https://hygienist.nz/,5,38,OPERATIONAL,https://maps.google.com/?cid=9242425343985347336&g_mp=Cidnb29nbGUubWFwcy5wbGFjZXMudjEuUGxhY2VzLlNlYXJjaFRleHQQAhgEIAA,Monday: Closed; Tuesday: Closed; Wednesday: 9:00 AM – 5:00 PM; Thursday: 9:00 AM – 5:00 PM; Friday: Closed; Saturday: 9:30 AM – 2:00 PM; Sunday: Closed,dental_clinic,Auckland,Warkworth Auckland,no_prices,2026-03-18
Riverside Dental Warkworth,"Unit G/11 Neville Street, Entrance via Warkworth Street, Warkworth 0910, New Zealand",09 422 3214,+64 9 422 3214,https://www.riversidedentalwarkworthseena.co.nz/,4.8,99,OPERATIONAL,https://maps.google.com/?cid=14508979764238998644&g_mp=Cidnb29nbGUubWFwcy5wbGFjZXMudjEuUGxhY2VzLlNlYXJjaFRleHQQAhgEIAA,Monday: 8:30 AM – 5:00 PM; Tuesday: 8:30 AM – 5:00 PM; Wednesday: 8:30 AM – 5:00 PM; Thursday: 8:30 AM – 5:00 PM; Friday: 8:30 AM – 5:00 PM; Saturday: Closed; Sunday: Closed,dental_clinic,Auckland,Warkworth Auckland,no_prices,2026-03-18
"Mahi Dental, Warkworth","1/11 Fairwater Road, Warkworth 0910, New Zealand",09 422 2143,+64 9 422 2143,https://mahidental.co.nz/,5,90,OPERATIONAL,https://maps.google.com/?cid=1579694411560180641&g_mp=Cidnb29nbGUubWFwcy5wbGFjZXMudjEuUGxhY2VzLlNlYXJjaFRleHQQAhgEIAA,Monday: 8:30 AM – 5:00 PM; Tuesday: 8:30 AM – 5:00 PM; Wednesday: 8:30 AM – 5:00 PM; Thursday: 8:30 AM – 5:00 PM; Friday: 8:30 AM – 5:00 PM; Saturday: Closed; Sunday: Closed,dental_clinic,Auckland,Warkworth Auckland,no_prices,2026-03-18
Riverside Dental Warkworth - Dr Seena,"UnitG, 11Neville Street, Warkworth 0910, New Zealand",09 422 3214,+64 9 422 3214,https://www.riversidedentalwarkworthseena.co.nz/,5,5,OPERATIONAL,https://maps.google.com/?cid=13342178845933488338&g_mp=Cidnb29nbGUubWFwcy5wbGFjZXMudjEuUGxhY2VzLlNlYXJjaFRleHQQAhgEIAA,Monday: 8:30 AM – 5:00 PM; Tuesday: 8:30 AM – 5:00 PM; Wednesday: 8:30 AM – 5:00 PM; Thursday: 8:30 AM – 5:00 PM; Friday: 8:30 AM – 5:00 PM; Saturday: Closed; Sunday: Closed,dental_clinic,Auckland,Warkworth Auckland,no_prices,2026-03-18
Wellsford Dental Centre,"163 Rodney Street, Wellsford 0900, New Zealand",09 423 8017,+64 9 423 8017,http://wellsforddental.co.nz/,5,73,OPERATIONAL,https://maps.google.com/?cid=14640551905406908076&g_mp=Cidnb29nbGUubWFwcy5wbGFjZXMudjEuUGxhY2VzLlNlYXJjaFRleHQQAhgEIAA,Monday: 8:30 AM – 5:00 PM; Tuesday: 8:30 AM – 5:00 PM; Wednesday: 9:00 AM – 5:00 PM; Thursday: 8:30 AM – 5:00 PM; Friday: 7:30 AM – 3:30 PM; Saturday: Closed; Sunday: Closed,dental_clinic,Auckland,Wellsford Auckland,no_prices,2026-03-18
Takapuna Dentists,"431 Lake Road, Takapuna, Auckland 0622, New Zealand",09 489 7574,+64 9 489 7574,https://takapunadentists.co.nz/,5,54,OPERATIONAL,https://maps.google.com/?cid=16551271627287138129&g_mp=Cidnb29nbGUubWFwcy5wbGFjZXMudjEuUGxhY2VzLlNlYXJjaFRleHQQAhgEIAA,Monday: 8:00 AM – 5:00 PM; Tuesday: 8:00 AM – 5:00 PM; Wednesday: 8:00 AM – 5:00 PM; Thursday: 8:00 AM – 5:00 PM; Friday: 8:00 AM – 5:00 PM; Saturday: Closed; Sunday: Closed,dental_clinic,Auckland,Takapuna Auckland,no_prices,2026-03-18
The Dental Experts,"38 Barrys Point Road, Takapuna, Auckland 0622, New Zealand",09 486 1605,+64 9 486 1605,http://www.thedentalexperts.co.nz/,5,107,OPERATIONAL,https://maps.google.com/?cid=407065525191275410&g_mp=Cidnb29nbGUubWFwcy5wbGFjZXMudjEuUGxhY2VzLlNlYXJjaFRleHQQAhgEIAA,Monday: 8:00 AM – 6:00 PM; Tuesday: 8:00 AM – 5:00 PM; Wednesday: 8:00 AM – 5:00 PM; Thursday: 8:00 AM – 6:00 PM; Friday: 8:00 AM – 4:00 PM; Saturday: Closed; Sunday: Closed,dental_clinic,Auckland,Takapuna Auckland,no_prices,2026-03-18
Takapuna Como Street | Lumino The Dentists,"19 Como Street, Takapuna, Auckland 0622, New Zealand",09 361 7156,+64 9 361 7156,https://lumino.co.nz/dentists/takapuna-como-street/?utm_source=google_business_profile&utm_medium=organic,4.6,98,OPERATIONAL,https://maps.google.com/?cid=9594458235798946904&g_mp=Cidnb29nbGUubWFwcy5wbGFjZXMudjEuUGxhY2VzLlNlYXJjaFRleHQQAhgEIAA,Monday: 7:30 AM – 7:00 PM; Tuesday: 7:30 AM – 7:00 PM; Wednesday: 8:00 AM – 7:00 PM; Thursday: 7:30 AM – 6:00 PM; Friday: 8:00 AM – 4:00 PM; Saturday: 8:00 AM – 3:00 PM; Sunday: Closed,dental_clinic,Auckland,Takapuna Auckland,no_prices,2026-03-18
Byron Dental - Dentist Takapuna,"2 Byron Avenue, Takapuna, Auckland 0622, New Zealand",09 489 8226,+64 9 489 8226,http://www.byrondental.co.nz/,5,39,OPERATIONAL,https://maps.google.com/?cid=8815561955207652986&g_mp=Cidnb29nbGUubWFwcy5wbGFjZXMudjEuUGxhY2VzLlNlYXJjaFRleHQQAhgEIAA,Monday: 8:00 AM – 5:00 PM; Tuesday: 8:00 AM – 5:00 PM; Wednesday: 8:00 AM – 5:00 PM; Thursday: 8:00 AM – 8:00 PM; Friday: 8:00 AM – 5:00 PM; Saturday: 9:00 AM – 1:00 PM; Sunday: Closed,dental_clinic,Auckland,Takapuna Auckland,no_prices,2026-03-18
White Smile Takapuna | Lumino The Dentists,"15-17 Hurstmere Road, Takapuna, Auckland 0622, New Zealand",09 486 0080,+64 9 486 0080,https://lumino.co.nz/dentists/white-smile-dental-takapuna/?utm_source=google_business_profile&utm_medium=organic,4.6,134,OPERATIONAL,https://maps.google.com/?cid=15300279456099346733&g_mp=Cidnb29nbGUubWFwcy5wbGFjZXMudjEuUGxhY2VzLlNlYXJjaFRleHQQAhgEIAA,Monday: 8:30 AM – 5:00 PM; Tuesday: 8:30 AM – 5:00 PM; Wednesday: 8:30 AM – 5:00 PM; Thursday: 8:30 AM – 5:00 PM; Friday: Closed; Saturday: Closed; Sunday: Closed,dental_clinic,Auckland,Takapuna Auckland,no_prices,2026-03-18
Westlake Dental Specialists,"15 Shea Terrace, Takapuna, Auckland 0622, New Zealand",09 489 2745,+64 9 489 2745,http://www.molar.co.nz/,4.9,46,OPERATIONAL,https://maps.google.com/?cid=15825571848396259245&g_mp=Cidnb29nbGUubWFwcy5wbGFjZXMudjEuUGxhY2VzLlNlYXJjaFRleHQQAhgEIAA,Monday: 7:30 AM – 4:30 PM; Tuesday: 7:30 AM – 4:30 PM; Wednesday: 7:30 AM – 4:30 PM; Thursday: 7:30 AM – 4:30 PM; Friday: 7:30 AM – 4:30 PM; Saturday: Closed; Sunday: Closed,dental_clinic,Auckland,Takapuna Auckland,no_prices,2026-03-18
Auburn Dental Care,"16 Auburn Street, Takapuna, Auckland 0622, New Zealand",09 488 7373,+64 9 488 7373,http://www.dentist.co.nz/dentist-detail/auckland/auburn-dental-care/A11007006,5,3,OPERATIONAL,https://maps.google.com/?cid=1184193975966410598&g_mp=Cidnb29nbGUubWFwcy5wbGFjZXMudjEuUGxhY2VzLlNlYXJjaFRleHQQAhgEIAA,Monday: 8:00 AM – 5:00 PM; Tuesday: 8:00 AM – 5:00 PM; Wednesday: 8:00 AM – 1:00 PM; Thursday: 8:00 AM – 5:00 PM; Friday: 8:00 AM – 4:00 PM; Saturday: Closed; Sunday: Closed,dental_clinic,Auckland,Takapuna Auckland,no_prices,2026-03-18
Mint Dental Hygiene / Nova Edgcombe,"424 Lake Road, Takapuna, Auckland 0622, New Zealand",021 230 6517,+64 21 230 6517,https://mintdentalhygiene.co.nz/,5,231,OPERATIONAL,https://maps.google.com/?cid=1365964917693488179&g_mp=Cidnb29nbGUubWFwcy5wbGFjZXMudjEuUGxhY2VzLlNlYXJjaFRleHQQAhgEIAA,Monday: 7:30 AM – 5:00 PM; Tuesday: 7:30 AM – 5:00 PM; Wednesday: 7:30 AM – 5:00 PM; Thursday: 7:30 AM – 5:00 PM; Friday: 7:30 AM – 4:30 PM; Saturday: Closed; Sunday: Closed,dental_clinic,Auckland,Takapuna Auckland,no_prices,2026-03-18
Noble Dental Specialists Takapuna,"BDO Takapuna Tower, 19 Como Street, Takapuna, Auckland 0622, New Zealand",09 486 6996,+64 9 486 6996,https://www.nobledental.co.nz/?utm_source=Google&utm_medium=Organic&utm_campaign=gbp-takapuna-website-link,4.8,88,OPERATIONAL,https://maps.google.com/?cid=6222854806729412384&g_mp=Cidnb29nbGUubWFwcy5wbGFjZXMudjEuUGxhY2VzLlNlYXJjaFRleHQQAhgEIAA,Monday: 8:00 AM – 5:00 PM; Tuesday: 8:00 AM – 5:00 PM; Wednesday: 8:00 AM – 5:00 PM; Thursday: 8:00 AM – 5:00 PM; Friday: 8:00 AM – 5:00 PM; Saturday: Closed; Sunday: Closed,dental_clinic,Auckland,Takapuna Auckland,no_prices,2026-03-18
Northmed Dental,"12/3 Akoranga Drive, Northcote, Auckland 0627, New Zealand",09 884 8620,+64 9 884 8620,https://northmeddental.co.nz/?utm_source=gbp&utm_medium=organic,4.9,392,OPERATIONAL,https://maps.google.com/?cid=3172996532970704724&g_mp=Cidnb29nbGUubWFwcy5wbGFjZXMudjEuUGxhY2VzLlNlYXJjaFRleHQQAhgEIAA,Monday: 9:00 AM – 6:30 PM; Tuesday: 9:00 AM – 6:30 PM; Wednesday: 9:00 AM – 7:00 PM; Thursday: 9:00 AM – 7:00 PM; Friday: 9:00 AM – 7:00 PM; Saturday: 9:00 AM – 4:00 PM; Sunday: 9:00 AM – 5:00 PM,dental_clinic,Auckland,Takapuna Auckland,no_prices,2026-03-18
Seaside Dental Laboratory & Denture Clinic,"443 Lake Road, Corner Of, Bracken Avenue, Takapuna, Takapuna Beach 0622, New Zealand",09 489 6663,+64 9 489 6663,http://seasidelab.com/,4.6,8,OPERATIONAL,https://maps.google.com/?cid=16675807211666795786&g_mp=Cidnb29nbGUubWFwcy5wbGFjZXMudjEuUGxhY2VzLlNlYXJjaFRleHQQAhgEIAA,Monday: 9:30 AM – 6:00 PM; Tuesday: 9:30 AM – 6:00 PM; Wednesday: 9:30 AM – 6:00 PM; Thursday: 9:30 AM – 6:00 PM; Friday: 9:30 AM – 5:00 PM; Saturday: Closed; Sunday: Closed,dental_clinic,Auckland,Takapuna Auckland,no_prices,2026-03-18
Takapuna Orthodontic Group,"2 Byron Avenue, Takapuna, Auckland 0622, New Zealand",09 486 3461,+64 9 486 3461,http://www.takapunaorthodonticgroup.co.nz/?utm_source=google&utm_medium=GMB,5,43,OPERATIONAL,https://maps.google.com/?cid=14851141727307806738&g_mp=Cidnb29nbGUubWFwcy5wbGFjZXMudjEuUGxhY2VzLlNlYXJjaFRleHQQAhgEIAA,Monday: 8:00 AM – 3:00 PM; Tuesday: 8:00 AM – 5:00 PM; Wednesday: 8:00 AM – 5:00 PM; Thursday: 8:00 AM – 5:00 PM; Friday: 8:00 AM – 5:00 PM; Saturday: Closed; Sunday: Closed,dental_clinic,Auckland,Takapuna Auckland,no_prices,2026-03-18
Shakespeare Orthodontics Takapuna,"39 Taharoto Road, Takapuna, Auckland 0622, New Zealand",09 216 6888,+64 9 216 6888,https://www.shakespeareortho.co.nz/orthodontist-takapuna/,4.9,251,OPERATIONAL,https://maps.google.com/?cid=14052494201564929456&g_mp=Cidnb29nbGUubWFwcy5wbGFjZXMudjEuUGxhY2VzLlNlYXJjaFRleHQQAhgEIAA,Monday: 8:30 AM – 5:00 PM; Tuesday: 8:30 AM – 5:00 PM; Wednesday: 8:30 AM – 5:00 PM; Thursday: 8:30 AM – 5:00 PM; Friday: 8:30 AM – 4:00 PM; Saturday: Closed; Sunday: Closed,dental_clinic,Auckland,Takapuna Auckland,no_prices,2026-03-18
JJY Dental Ltd,"g10/31 Northcroft Street, Takapuna, Auckland 0622, New Zealand",09 486 2875,+64 9 486 2875,,4.1,17,OPERATIONAL,https://maps.google.com/?cid=5494328344223012789&g_mp=Cidnb29nbGUubWFwcy5wbGFjZXMudjEuUGxhY2VzLlNlYXJjaFRleHQQAhgEIAA,Monday: 8:30 AM – 6:00 PM; Tuesday: 8:30 AM – 5:30 PM; Wednesday: 8:30 AM – 5:00 PM; Thursday: 8:30 AM – 6:00 PM; Friday: 8:30 AM – 5:30 PM; Saturday: Closed; Sunday: Closed,dental_clinic,Auckland,Takapuna Auckland,no_prices,2026-03-18
Dentist On Shakespeare,"147 Shakespeare Road, Milford, Auckland 0620, New Zealand",09 486 6055,+64 9 486 6055,https://www.mydentist.co.nz/,4.7,45,OPERATIONAL,https://maps.google.com/?cid=3422707085203703537&g_mp=Cidnb29nbGUubWFwcy5wbGFjZXMudjEuUGxhY2VzLlNlYXJjaFRleHQQAhgEIAA,Monday: 8:30 AM – 7:00 PM; Tuesday: 8:30 AM – 7:00 PM; Wednesday: 9:00 AM – 5:00 PM; Thursday: 8:00 AM – 6:00 PM; Friday: 8:00 AM – 4:00 PM; Saturday: Closed; Sunday: Closed,dental_clinic,Auckland,Takapuna Auckland,no_prices,2026-03-18
Takapuna Health,"1/3 Anzac Street, Takapuna, Auckland 0622, New Zealand",09 486 5482,+64 9 486 5482,http://www.takapunahealth.co.nz/,3.6,48,OPERATIONAL,https://maps.google.com/?cid=4945636353021528502&g_mp=Cidnb29nbGUubWFwcy5wbGFjZXMudjEuUGxhY2VzLlNlYXJjaFRleHQQAhgEIAA,Monday: 8:00 AM – 5:30 PM; Tuesday: 8:00 AM – 5:30 PM; Wednesday: 8:00 AM – 5:30 PM; Thursday: 8:00 AM – 5:30 PM; Friday: 8:00 AM – 5:00 PM; Saturday: Closed; Sunday: Closed,dental_clinic,Auckland,Takapuna Auckland,no_prices,2026-03-18
North Shore Orthodontics,"14 Auburn Street, Takapuna, Auckland 0622, New Zealand",09 488 7488,+64 9 488 7488,http://www.northshoreortho.co.nz/,5,268,OPERATIONAL,https://maps.google.com/?cid=186186843158419809&g_mp=Cidnb29nbGUubWFwcy5wbGFjZXMudjEuUGxhY2VzLlNlYXJjaFRleHQQAhgEIAA,Monday: 8:00 AM – 5:30 PM; Tuesday: 8:00 AM – 5:30 PM; Wednesday: 8:00 AM – 5:30 PM; Thursday: 8:00 AM – 5:30 PM; Friday: Closed; Saturday: Closed; Sunday: Closed,dental_clinic,Auckland,Takapuna Auckland,no_prices,2026-03-18
Laser Clinics New Zealand - Takapuna,"15/17 Hurstmere Road, Takapuna, Auckland 0622, New Zealand",09 887 6994,+64 9 887 6994,https://www.laserclinicsnewzealand.co.nz/skin-care-clinic/takapuna/?utm_content=Laser+Clinics+New+Zealand+-+Takapuna+-+Auckland&utm_campaign=Google+My+Business&utm_medium=organic&utm_source=google&utm_term=plcid_2006429332567023306,4.6,214,OPERATIONAL,https://maps.google.com/?cid=13166032790488222278&g_mp=Cidnb29nbGUubWFwcy5wbGFjZXMudjEuUGxhY2VzLlNlYXJjaFRleHQQAhgEIAA,Monday: 9:00 AM – 6:00 PM; Tuesday: 9:00 AM – 6:00 PM; Wednesday: 9:00 AM – 7:00 PM; Thursday: 9:00 AM – 7:00 PM; Friday: 9:00 AM – 6:00 PM; Saturday: 9:00 AM – 5:00 PM; Sunday: 9:00 AM – 4:00 PM,dental_clinic,Auckland,Takapuna Auckland,no_prices,2026-03-18
Auckland Periodontics and Implants - Takapuna,"39 Taharoto Road, Takapuna, Auckland 0622, New Zealand",09 869 2284,+64 9 869 2284,https://www.perioodontics.co.nz/,,,OPERATIONAL,https://maps.google.com/?cid=5562161405928996021&g_mp=Cidnb29nbGUubWFwcy5wbGFjZXMudjEuUGxhY2VzLlNlYXJjaFRleHQQAhgEIAA,Monday: Closed; Tuesday: 8:00 AM – 4:30 PM; Wednesday: 8:00 AM – 5:00 PM; Thursday: 8:00 AM – 5:00 PM; Friday: Closed; Saturday: Closed; Sunday: Closed,dental_clinic,Auckland,Takapuna Auckland,no_prices,2026-03-18
Lake Road Dentists,"161 Lake Road, Belmont, Auckland 0622, New Zealand",09 446 3361,+64 9 446 3361,,5,22,OPERATIONAL,https://maps.google.com/?cid=9144842717519202021&g_mp=Cidnb29nbGUubWFwcy5wbGFjZXMudjEuUGxhY2VzLlNlYXJjaFRleHQQAhgEIAA,Monday: 8:00 AM – 4:30 PM; Tuesday: 8:00 AM – 6:00 PM; Wednesday: 8:00 AM – 4:30 PM; Thursday: 8:00 AM – 4:30 PM; Friday: 8:00 AM – 2:00 PM; Saturday: Closed; Sunday: Closed,dental_clinic,Auckland,Takapuna Auckland,no_prices,2026-03-18
North Shore Periodontics,"414 Lake Road, Hauraki, Auckland 0622, New Zealand",09 486 6770,+64 9 486 6770,http://www.nsperio.co.nz/about-us/,5,1,OPERATIONAL,https://maps.google.com/?cid=15500619163254474537&g_mp=Cidnb29nbGUubWFwcy5wbGFjZXMudjEuUGxhY2VzLlNlYXJjaFRleHQQAhgEIAA,Monday: 7:30 AM – 5:00 PM; Tuesday: 7:30 AM – 5:00 PM; Wednesday: 7:30 AM – 5:00 PM; Thursday: 7:30 AM – 5:00 PM; Friday: 7:30 AM – 5:00 PM; Saturday: Closed; Sunday: Closed,dental_clinic,Auckland,Takapuna Auckland,no_prices,2026-03-18
Cannabis Clinic (Canna Clinic),"12/14 Como Street, Takapuna, Auckland 0622, New Zealand",09 390 0059,+64 9 390 0059,https://cannabisclinic.co.nz/,4.7,1541,OPERATIONAL,https://maps.google.com/?cid=9549569289890748273&g_mp=Cidnb29nbGUubWFwcy5wbGFjZXMudjEuUGxhY2VzLlNlYXJjaFRleHQQAhgEIAA,Monday: 8:30 AM – 5:00 PM; Tuesday: 8:30 AM – 5:00 PM; Wednesday: 8:30 AM – 5:00 PM; Thursday: 8:30 AM – 5:00 PM; Friday: 8:30 AM – 5:00 PM; Saturday: Closed; Sunday: Closed,dental_clinic,Auckland,Takapuna Auckland,no_prices,2026-03-18
Project Dentistry,"Level 1/124 Hurstmere Road, Takapuna, Auckland 0622, New Zealand",09 666 1393,+64 9 666 1393,http://www.projectdentistry.com/,5,2,OPERATIONAL,https://maps.google.com/?cid=9439050940463811153&g_mp=Cidnb29nbGUubWFwcy5wbGFjZXMudjEuUGxhY2VzLlNlYXJjaFRleHQQAhgEIAA,Monday: 9:00 AM – 6:00 PM; Tuesday: 9:00 AM – 6:00 PM; Wednesday: 9:00 AM – 6:00 PM; Thursday: 9:00 AM – 6:00 PM; Friday: 9:00 AM – 6:00 PM; Saturday: Closed; Sunday: Closed,dental_clinic,Auckland,Takapuna Auckland,no_prices,2026-03-18
Specialist Endodontist,"414 Lake Road, Takapuna, Auckland 0622, New Zealand",,,,5,3,OPERATIONAL,https://maps.google.com/?cid=11723367343483001123&g_mp=Cidnb29nbGUubWFwcy5wbGFjZXMudjEuUGxhY2VzLlNlYXJjaFRleHQQAhgEIAA,Monday: 8:30 AM – 5:00 PM; Tuesday: 8:30 AM – 5:00 PM; Wednesday: 8:30 AM – 5:00 PM; Thursday: 8:30 AM – 5:00 PM; Friday: 8:30 AM – 5:00 PM; Saturday: Closed; Sunday: Closed,dental_clinic,Auckland,Takapuna Auckland,no_prices,2026-03-18
Anzac St Dental Centre,"Anzac Street, Takapuna, Auckland 0622, New Zealand",09 489 6078,+64 9 489 6078,,,,OPERATIONAL,https://maps.google.com/?cid=4058051488260837494&g_mp=Cidnb29nbGUubWFwcy5wbGFjZXMudjEuUGxhY2VzLlNlYXJjaFRleHQQAhgEIAA,,dental_clinic,Auckland,Takapuna Auckland,no_prices,2026-03-18
North Shore Prosthodontics,"Level 1/412 Lake Road, Takapuna, Auckland 0622, New Zealand",09 489 9005,+64 9 489 9005,http://northshoreprosthodontist.com/?utm_source=google&utm_medium=wix_google_business_profile&utm_campaign=9321371455347954301,5,1,OPERATIONAL,https://maps.google.com/?cid=7611877874266780544&g_mp=Cidnb29nbGUubWFwcy5wbGFjZXMudjEuUGxhY2VzLlNlYXJjaFRleHQQAhgEIAA,Monday: 7:30 AM – 4:30 PM; Tuesday: 7:30 AM – 4:30 PM; Wednesday: 7:30 AM – 4:30 PM; Thursday: 7:30 AM – 4:30 PM; Friday: 7:30 AM – 3:00 PM; Saturday: Closed; Sunday: Closed,dental_clinic,Auckland,Takapuna Auckland,no_prices,2026-03-18
Milford Dentists,"170 Kitchener Road, Milford, Auckland 0620, New Zealand",09 489 6575,+64 9 489 6575,https://www.milforddentists.co.nz/,4.8,52,OPERATIONAL,https://maps.google.com/?cid=1235487893618581934&g_mp=Cidnb29nbGUubWFwcy5wbGFjZXMudjEuUGxhY2VzLlNlYXJjaFRleHQQAhgEIAA,Monday: 8:00 AM – 7:00 PM; Tuesday: 8:00 AM – 7:00 PM; Wednesday: 8:00 AM – 5:00 PM; Thursday: 8:00 AM – 5:00 PM; Friday: 8:00 AM – 5:00 PM; Saturday: Closed; Sunday: Closed,dental_clinic,Auckland,Takapuna Auckland,no_prices,2026-03-18
Shorecare Urgent Care Smales Farm,"Smales Farm 74 Taharoto Road, Takapuna, Auckland 0622, New Zealand",09 486 7777,+64 9 486 7777,http://www.shorecare.co.nz/,3.5,728,OPERATIONAL,https://maps.google.com/?cid=7011335837138287696&g_mp=Cidnb29nbGUubWFwcy5wbGFjZXMudjEuUGxhY2VzLlNlYXJjaFRleHQQAhgEIAA,Monday: Open 24 hours; Tuesday: Open 24 hours; Wednesday: Open 24 hours; Thursday: Open 24 hours; Friday: Open 24 hours; Saturday: Open 24 hours; Sunday: Open 24 hours,dental_clinic,Auckland,Takapuna Auckland,no_prices,2026-03-18
NSOMS (Oral & Maxillofacial Surgeons),"08/3 Akoranga Drive, Northcote, Auckland 0627, New Zealand",09 486 7778,+64 9 486 7778,https://www.nsoms.co.nz/,4.7,226,OPERATIONAL,https://maps.google.com/?cid=5569562581829413653&g_mp=Cidnb29nbGUubWFwcy5wbGFjZXMudjEuUGxhY2VzLlNlYXJjaFRleHQQAhgEIAA,Monday: 7:30 AM – 4:30 PM; Tuesday: 7:30 AM – 4:30 PM; Wednesday: 7:30 AM – 4:30 PM; Thursday: 7:30 AM – 4:30 PM; Friday: 7:30 AM – 4:30 PM; Saturday: Closed; Sunday: Closed,dental_clinic,Auckland,Takapuna Auckland,no_prices,2026-03-18
Petstock Takapuna,"3 Barrys Point Road, Takapuna, Auckland 0622, New Zealand",09 485 3003,+64 9 485 3003,https://www.petstock.co.nz/store/petstock-takapuna-8006,4.6,326,OPERATIONAL,https://maps.google.com/?cid=15320536421890010655&g_mp=Cidnb29nbGUubWFwcy5wbGFjZXMudjEuUGxhY2VzLlNlYXJjaFRleHQQAhgEIAA,Monday: 8:30 AM – 6:00 PM; Tuesday: 8:30 AM – 6:00 PM; Wednesday: 8:30 AM – 6:00 PM; Thursday: 8:30 AM – 6:00 PM; Friday: 8:30 AM – 6:00 PM; Saturday: 8:30 AM – 5:00 PM; Sunday: 9:00 AM – 5:00 PM,dental_clinic,Auckland,Takapuna Auckland,no_prices,2026-03-18
Bunyan Dr TR Specialist Orthodontist,"Hurstmere House Level 1/128 Hurstmere Road, Takapuna, Takapuna Beach 0622, New Zealand",09 489 8081,+64 9 489 8081,http://tbortho.co.nz/,5,1,OPERATIONAL,https://maps.google.com/?cid=1622609007039636477&g_mp=Cidnb29nbGUubWFwcy5wbGFjZXMudjEuUGxhY2VzLlNlYXJjaFRleHQQAhgEIAA,Monday: 8:30 AM – 5:00 PM; Tuesday: 8:30 AM – 5:00 PM; Wednesday: 8:30 AM – 5:00 PM; Thursday: 8:30 AM – 5:00 PM; Friday: 8:30 AM – 5:00 PM; Saturday: Closed; Sunday: Closed,dental_clinic,Auckland,Takapuna Auckland,no_prices,2026-03-18
The Tooth Company Orthodontics Smales Farm,"Q4 Building Shop 8a/78-94 Taharoto Road, Takapuna, Auckland 0622, New Zealand",09 969 4993,+64 9 969 4993,https://thetoothcompanyortho.co.nz/,4,4,OPERATIONAL,https://maps.google.com/?cid=6564774868186334617&g_mp=Cidnb29nbGUubWFwcy5wbGFjZXMudjEuUGxhY2VzLlNlYXJjaFRleHQQAhgEIAA,Monday: Closed; Tuesday: 9:00 AM – 5:00 PM; Wednesday: 9:00 AM – 5:00 PM; Thursday: 9:00 AM – 5:00 PM; Friday: Closed; Saturday: Closed; Sunday: Closed,dental_clinic,Auckland,Takapuna Auckland,no_prices,2026-03-18
Patrick Wong Prosthodontics,"BDO Tower Level 3/19 Como Street, Takapuna, Auckland 0622, New Zealand",09 416 0085,+64 9 416 0085,http://www.prostho.co.nz/,5,3,OPERATIONAL,https://maps.google.com/?cid=4208022332608757029&g_mp=Cidnb29nbGUubWFwcy5wbGFjZXMudjEuUGxhY2VzLlNlYXJjaFRleHQQAhgEIAA,Monday: 8:00 AM – 5:00 PM; Tuesday: 8:00 AM – 5:00 PM; Wednesday: 8:00 AM – 5:00 PM; Thursday: 8:00 AM – 5:00 PM; Friday: 8:00 AM – 5:00 PM; Saturday: Closed; Sunday: Closed,dental_clinic,Auckland,Takapuna Auckland,no_prices,2026-03-18
Forrest Hill Community Dental Clinic,"20a Bond Crescent, Forrest Hill, Auckland 0620, New Zealand",09 410 7361,+64 9 410 7361,http://www.letstalkteeth.co.nz/,2.8,9,OPERATIONAL,https://maps.google.com/?cid=10296028120824825883&g_mp=Cidnb29nbGUubWFwcy5wbGFjZXMudjEuUGxhY2VzLlNlYXJjaFRleHQQAhgEIAA,Monday: 8:00 AM – 4:30 PM; Tuesday: 8:00 AM – 4:30 PM; Wednesday: 8:00 AM – 4:30 PM; Thursday: 8:00 AM – 4:30 PM; Friday: 8:00 AM – 4:30 PM; Saturday: Closed; Sunday: Closed,dental_clinic,Auckland,Takapuna Auckland,no_prices,2026-03-18
.Ortho Takapuna,"19 Como Street, Takapuna, Auckland 0622, New Zealand",09 520 0755,+64 9 520 0755,http://ortho.co.nz/,5,1,OPERATIONAL,https://maps.google.com/?cid=9141615188526290476&g_mp=Cidnb29nbGUubWFwcy5wbGFjZXMudjEuUGxhY2VzLlNlYXJjaFRleHQQAhgEIAA,Monday: 8:00 AM – 5:00 PM; Tuesday: 8:00 AM – 5:00 PM; Wednesday: 8:00 AM – 5:00 PM; Thursday: Closed; Friday: 8:00 AM – 5:00 PM; Saturday: Closed; Sunday: Closed,dental_clinic,Auckland,Takapuna Auckland,no_prices,2026-03-18
Doug Waters & Dawn Tan Periodontist,"414 Lake Road, Takapuna, Beach 0622, New Zealand",09 486 6770,+64 9 486 6770,http://www.nsperio.co.nz/,4.5,11,OPERATIONAL,https://maps.google.com/?cid=4535569874758441483&g_mp=Cidnb29nbGUubWFwcy5wbGFjZXMudjEuUGxhY2VzLlNlYXJjaFRleHQQAhgEIAA,Monday: 7:30 AM – 4:00 PM; Tuesday: 7:30 AM – 4:00 PM; Wednesday: 7:30 AM – 4:00 PM; Thursday: 7:30 AM – 5:30 PM; Friday: 7:30 AM – 4:00 PM; Saturday: Closed; Sunday: Closed,dental_clinic,Auckland,Takapuna Auckland,no_prices,2026-03-18
Ocean View Dental,"12 Ocean View Road, Northcote, Auckland 0627, New Zealand",09 419 5555,+64 9 419 5555,http://www.ourdentist.co.nz/,4.7,107,OPERATIONAL,https://maps.google.com/?cid=10706304124005550596&g_mp=Cidnb29nbGUubWFwcy5wbGFjZXMudjEuUGxhY2VzLlNlYXJjaFRleHQQAhgEIAA,Monday: 9:00 AM – 5:00 PM; Tuesday: 9:00 AM – 5:00 PM; Wednesday: 9:00 AM – 5:00 PM; Thursday: 9:00 AM – 5:00 PM; Friday: 9:00 AM – 5:00 PM; Saturday: Closed; Sunday: Closed,dental_clinic,Auckland,Takapuna Auckland,no_prices,2026-03-18
Dental Studio 114,"114 Lake Road, Northcote, Auckland 0627, New Zealand",09 480 6629,+64 9 480 6629,http://www.dentalstudio114.co.nz/,4.7,42,OPERATIONAL,https://maps.google.com/?cid=3636407713351330857&g_mp=Cidnb29nbGUubWFwcy5wbGFjZXMudjEuUGxhY2VzLlNlYXJjaFRleHQQAhgEIAA,Monday: 8:00 AM – 5:00 PM; Tuesday: 8:00 AM – 5:00 PM; Wednesday: 8:00 AM – 5:00 PM; Thursday: 8:00 AM – 5:00 PM; Friday: 8:00 AM – 5:00 PM; Saturday: Closed; Sunday: Closed,dental_clinic,Auckland,Takapuna Auckland,no_prices,2026-03-18
Dr Simon Brown,"Level 1/412 Lake Road, Takapuna, Auckland 0622, New Zealand",09 489 9005,+64 9 489 9005,http://simon-brown-prosthodontist.blogspot.co.uk/p/about-me.html,3.2,9,OPERATIONAL,https://maps.google.com/?cid=4228321662216676554&g_mp=Cidnb29nbGUubWFwcy5wbGFjZXMudjEuUGxhY2VzLlNlYXJjaFRleHQQAhgEIAA,Monday: 7:30 AM – 4:30 PM; Tuesday: 7:30 AM – 4:30 AM; Wednesday: 7:30 AM – 4:30 PM; Thursday: 7:30 AM – 4:30 PM; Friday: 7:30 AM – 3:00 PM; Saturday: Closed; Sunday: Closed,dental_clinic,Auckland,Takapuna Auckland,no_prices,2026-03-18
My Dental Implants,"12/3 Akoranga Drive, Northcote, Auckland 0627, New Zealand",09 884 0954,+64 9 884 0954,https://mydentalimplants.co.nz/,5,12,OPERATIONAL,https://maps.google.com/?cid=13770983867702614718&g_mp=Cidnb29nbGUubWFwcy5wbGFjZXMudjEuUGxhY2VzLlNlYXJjaFRleHQQAhgEIAA,Monday: 9:00 AM – 6:00 PM; Tuesday: 9:00 AM – 6:00 PM; Wednesday: 9:00 AM – 6:00 PM; Thursday: 9:00 AM – 6:00 PM; Friday: 9:00 AM – 6:00 PM; Saturday: 9:00 AM – 6:00 PM; Sunday: 9:00 AM – 5:00 PM,dental_clinic,Auckland,Takapuna Auckland,no_prices,2026-03-18
Miracle Denture Clinic,"79 Shakespeare Road, Milford, Auckland 0620, New Zealand",09 489 6667,+64 9 489 6667,,5,11,OPERATIONAL,https://maps.google.com/?cid=4052436453779998504&g_mp=Cidnb29nbGUubWFwcy5wbGFjZXMudjEuUGxhY2VzLlNlYXJjaFRleHQQAhgEIAA,Monday: 8:30 AM – 5:30 PM; Tuesday: 8:30 AM – 5:30 PM; Wednesday: 8:30 AM – 5:30 PM; Thursday: 8:30 AM – 5:30 PM; Friday: 8:30 AM – 5:30 PM; Saturday: Closed; Sunday: Closed,dental_clinic,Auckland,Takapuna Auckland,no_prices,2026-03-18
Shorecare,"78-94 Taharoto Road, Takapuna, Auckland 0622, New Zealand",09 410 9971,+64 9 410 9971,,1.7,6,OPERATIONAL,https://maps.google.com/?cid=17001611966467639444&g_mp=Cidnb29nbGUubWFwcy5wbGFjZXMudjEuUGxhY2VzLlNlYXJjaFRleHQQAhgEIAA,,dental_clinic,Auckland,Takapuna Auckland,no_prices,2026-03-18
Tony Bunyan and Dan Kennedy Orthodontics,"Hurstmere House Level 1/128 Hurstmere Road, Takapuna, Auckland 0622, New Zealand",09 489 8081,+64 9 489 8081,http://tbortho.co.nz/,5,2,OPERATIONAL,https://maps.google.com/?cid=8616539829524076408&g_mp=Cidnb29nbGUubWFwcy5wbGFjZXMudjEuUGxhY2VzLlNlYXJjaFRleHQQAhgEIAA,Monday: 8:30 AM – 5:00 PM; Tuesday: 8:30 AM – 5:00 PM; Wednesday: 8:30 AM – 5:00 PM; Thursday: 8:30 AM – 5:00 PM; Friday: 8:30 AM – 5:00 PM; Saturday: Closed; Sunday: Closed,dental_clinic,Auckland,Takapuna Auckland,no_prices,2026-03-18
Bunyan and Kennedy Orthodontists,"Hurstmere, House Level 1/128 Hurstmere Road, Takapuna, Auckland 0622, New Zealand",09 486 8081,+64 9 486 8081,http://www.orthonz.co.nz/,4,4,OPERATIONAL,https://maps.google.com/?cid=806544111470877036&g_mp=Cidnb29nbGUubWFwcy5wbGFjZXMudjEuUGxhY2VzLlNlYXJjaFRleHQQAhgEIAA,,dental_clinic,Auckland,Takapuna Auckland,no_prices,2026-03-18
Takapuna Pharmacy,"463 Lake Road, Takapuna, Auckland 0622, New Zealand",09 489 9271,+64 9 489 9271,http://www.takapunapharmacyndl.co.nz/,4,30,OPERATIONAL,https://maps.google.com/?cid=7854944431551460391&g_mp=Cidnb29nbGUubWFwcy5wbGFjZXMudjEuUGxhY2VzLlNlYXJjaFRleHQQAhgEIAA,Monday: 9:00 AM – 5:30 PM; Tuesday: 9:00 AM – 5:30 PM; Wednesday: 9:00 AM – 5:30 PM; Thursday: 9:00 AM – 5:30 PM; Friday: 9:00 AM – 5:30 PM; Saturday: Closed; Sunday: Closed,dental_clinic,Auckland,Takapuna Auckland,no_prices,2026-03-18
Shankar Pasupati Dentist,"16 Auburn Street, Takapuna, Auckland 0622, New Zealand",09 488 7373,+64 9 488 7373,,,,OPERATIONAL,https://maps.google.com/?cid=4939734527553592145&g_mp=Cidnb29nbGUubWFwcy5wbGFjZXMudjEuUGxhY2VzLlNlYXJjaFRleHQQAhgEIAA,,dental_clinic,Auckland,Takapuna Auckland,no_prices,2026-03-18
Devonport Dental,"8 Victoria Road, Devonport, Auckland 0624, New Zealand",09 445 0097,+64 9 445 0097,https://www.devonportdentist.co.nz/,4.9,57,OPERATIONAL,https://maps.google.com/?cid=2551056639399432258&g_mp=Cidnb29nbGUubWFwcy5wbGFjZXMudjEuUGxhY2VzLlNlYXJjaFRleHQQAhgEIAA,Monday: 8:00 AM – 8:00 PM; Tuesday: 8:00 AM – 8:00 PM; Wednesday: 8:00 AM – 8:00 PM; Thursday: 8:00 AM – 6:00 PM; Friday: 8:00 AM – 6:00 PM; Saturday: 10:00 AM – 3:00 PM; Sunday: Closed,dental_clinic,Auckland,Devonport Auckland,no_prices,2026-03-18
Focus Dental,"7a Victoria Road, Devonport, Auckland 0624, New Zealand",09 445 3588,+64 9 445 3588,http://www.focusdental.co.nz/,5,6,OPERATIONAL,https://maps.google.com/?cid=1018891013359536281&g_mp=Cidnb29nbGUubWFwcy5wbGFjZXMudjEuUGxhY2VzLlNlYXJjaFRleHQQAhgEIAA,Monday: 8:00 AM – 4:00 PM; Tuesday: 8:00 AM – 4:00 PM; Wednesday: Closed; Thursday: 8:00 AM – 4:00 PM; Friday: 8:00 AM – 4:00 PM; Saturday: Closed; Sunday: Closed,dental_clinic,Auckland,Devonport Auckland,no_prices,2026-03-18
Tam Dental Group - Cosmetic + General Dentistry,"2A Fleet Street, Devonport, Auckland 0624, New Zealand",09 445 4574,+64 9 445 4574,https://www.clarencetam.co.nz/,4.7,13,OPERATIONAL,https://maps.google.com/?cid=2055603887748894348&g_mp=Cidnb29nbGUubWFwcy5wbGFjZXMudjEuUGxhY2VzLlNlYXJjaFRleHQQAhgEIAA,Monday: 8:00 AM – 4:30 PM; Tuesday: Closed; Wednesday: 8:00 AM – 4:30 PM; Thursday: 8:00 AM – 4:30 PM; Friday: Closed; Saturday: 8:30 AM – 5:00 PM; Sunday: Closed,dental_clinic,Auckland,Devonport Auckland,no_prices,2026-03-18
Devonport Health Centre,"20 Victoria Road, Devonport, Auckland 0624, New Zealand",09 972 2699,+64 9 972 2699,https://devonporthealth.co.nz/,3.6,49,OPERATIONAL,https://maps.google.com/?cid=9456016270117909618&g_mp=Cidnb29nbGUubWFwcy5wbGFjZXMudjEuUGxhY2VzLlNlYXJjaFRleHQQAhgEIAA,Monday: 8:00 AM – 5:00 PM; Tuesday: 8:00 AM – 5:00 PM; Wednesday: 8:00 AM – 5:00 PM; Thursday: 8:00 AM – 5:00 PM; Friday: 8:00 AM – 5:00 PM; Saturday: Closed; Sunday: Closed,dental_clinic,Auckland,Devonport Auckland,no_prices,2026-03-18
Devonport Dental Care,"3 Barker St, Devonport TAS 7310, Australia",(03) 6424 5486,+61 3 6424 5486,http://devonportdental.com.au/,5,175,OPERATIONAL,https://maps.google.com/?cid=13629078732320448370&g_mp=Cidnb29nbGUubWFwcy5wbGFjZXMudjEuUGxhY2VzLlNlYXJjaFRleHQQAhgEIAA,Monday: 8:00 AM – 5:00 PM; Tuesday: 8:30 AM – 5:00 PM; Wednesday: 8:30 AM – 5:00 PM; Thursday: 8:30 AM – 5:00 PM; Friday: 8:30 AM – 5:00 PM; Saturday: Closed; Sunday: Closed,dental_clinic,Auckland,Devonport Auckland,no_prices,2026-03-18
Lee Geoff BDS,"7 Victoria Road, Devonport, Auckland 0624, New Zealand",09 445 3588,+64 9 445 3588,,,,OPERATIONAL,https://maps.google.com/?cid=4888363194502122396&g_mp=Cidnb29nbGUubWFwcy5wbGFjZXMudjEuUGxhY2VzLlNlYXJjaFRleHQQAhgEIAA,Monday: 8:00 AM – 3:00 PM; Tuesday: 8:00 AM – 3:00 PM; Wednesday: 8:00 AM – 3:00 PM; Thursday: 8:00 AM – 3:00 PM; Friday: 8:00 AM – 3:00 PM; Saturday: Closed; Sunday: Closed,dental_clinic,Auckland,Devonport Auckland,no_prices,2026-03-18
Devonport Health Centre Pharmacy,"20 Victoria Road, Devonport, Auckland 0624, New Zealand",09 262 6542,+64 9 262 6542,https://www.healthpoint.co.nz/pharmacy/pharmacy/devonport-health-centre-pharmacy/,5,20,OPERATIONAL,https://maps.google.com/?cid=2149438339172235146&g_mp=Cidnb29nbGUubWFwcy5wbGFjZXMudjEuUGxhY2VzLlNlYXJjaFRleHQQAhgEIAA,Monday: 8:30 AM – 5:30 PM; Tuesday: 8:30 AM – 5:30 PM; Wednesday: 8:30 AM – 5:30 PM; Thursday: 8:30 AM – 5:30 PM; Friday: 8:30 AM – 5:30 PM; Saturday: 9:00 AM – 12:00 PM; Sunday: Closed,dental_clinic,Auckland,Devonport Auckland,no_prices,2026-03-18
Belmont Dental Studio,"9 Williamson Avenue, Belmont, Auckland 0622, New Zealand",09 445 6347,+64 9 445 6347,https://apac.dentalhub.online/soe/new/Belmont%20Dental%20Studio?pid=NZBEM01,4.7,15,OPERATIONAL,https://maps.google.com/?cid=10576378193938039119&g_mp=Cidnb29nbGUubWFwcy5wbGFjZXMudjEuUGxhY2VzLlNlYXJjaFRleHQQAhgEIAA,Monday: 9:00 AM – 6:00 PM; Tuesday: 8:00 AM – 5:00 PM; Wednesday: 9:00 AM – 6:00 PM; Thursday: 8:00 AM – 5:00 PM; Friday: 8:00 AM – 5:00 PM; Saturday: Closed; Sunday: Closed,dental_clinic,Auckland,Devonport Auckland,no_prices,2026-03-18
Devonport7 Day & Helen Scott Pharmacy,"31a Bartley Terrace, Devonport, Auckland 0624, New Zealand",09 445 4000,+64 9 445 4000,http://www.devonport7daypharmacy.co.nz/,4.3,46,OPERATIONAL,https://maps.google.com/?cid=16486142405389159746&g_mp=Cidnb29nbGUubWFwcy5wbGFjZXMudjEuUGxhY2VzLlNlYXJjaFRleHQQAhgEIAA,Monday: 9:00 AM – 7:00 PM; Tuesday: 9:00 AM – 7:00 PM; Wednesday: 9:00 AM – 7:00 PM; Thursday: 9:00 AM – 6:30 PM; Friday: 9:00 AM – 7:00 PM; Saturday: 9:00 AM – 6:00 PM; Sunday: 9:00 AM – 6:00 PM,dental_clinic,Auckland,Devonport Auckland,no_prices,2026-03-18
Devonport Naval Dental Clinic,"Stanley Point, Auckland 0624, New Zealand",,,,,,OPERATIONAL,https://maps.google.com/?cid=10118313885405016160&g_mp=Cidnb29nbGUubWFwcy5wbGFjZXMudjEuUGxhY2VzLlNlYXJjaFRleHQQAhgEIAA,,dental_clinic,Auckland,Devonport Auckland,no_prices,2026-03-18
Shore Vets,"1 Ewen Alison Avenue, Devonport, Auckland 0624, New Zealand",09 445 3206,+64 9 445 3206,http://www.shorevets.co.nz/,4.8,100,OPERATIONAL,https://maps.google.com/?cid=7586607308760513138&g_mp=Cidnb29nbGUubWFwcy5wbGFjZXMudjEuUGxhY2VzLlNlYXJjaFRleHQQAhgEIAA,Monday: 8:00 AM – 6:00 PM; Tuesday: 8:00 AM – 6:00 PM; Wednesday: 8:00 AM – 6:00 PM; Thursday: 8:00 AM – 6:00 PM; Friday: 8:00 AM – 6:00 PM; Saturday: 9:00 AM – 12:00 PM; Sunday: Closed,dental_clinic,Auckland,Devonport Auckland,no_prices,2026-03-18
New World Supermarket Devonport,"35 Bartley Terrace, Devonport, Auckland 0624, New Zealand",09 445 1217,+64 9 445 1217,http://www.newworld.co.nz/,4.2,921,OPERATIONAL,https://maps.google.com/?cid=10749987447737922310&g_mp=Cidnb29nbGUubWFwcy5wbGFjZXMudjEuUGxhY2VzLlNlYXJjaFRleHQQAhgEIAA,Monday: 7:00 AM – 10:00 PM; Tuesday: 7:00 AM – 10:00 PM; Wednesday: 7:00 AM – 10:00 PM; Thursday: 7:00 AM – 10:00 PM; Friday: 7:00 AM – 10:00 PM; Saturday: 7:00 AM – 10:00 PM; Sunday: 7:00 AM – 10:00 PM,dental_clinic,Auckland,Devonport Auckland,no_prices,2026-03-18
Devonport 1st Pharmacy,"33 Victoria Road, Devonport, Auckland 0624, New Zealand",09 445 0061,+64 9 445 0061,https://www.d1p.co.nz/,3.7,40,OPERATIONAL,https://maps.google.com/?cid=15572486299876105878&g_mp=Cidnb29nbGUubWFwcy5wbGFjZXMudjEuUGxhY2VzLlNlYXJjaFRleHQQAhgEIAA,Monday: 8:30 AM – 6:00 PM; Tuesday: 8:30 AM – 6:00 PM; Wednesday: 8:30 AM – 6:00 PM; Thursday: 8:30 AM – 6:00 PM; Friday: 8:30 AM – 6:00 PM; Saturday: 9:00 AM – 5:00 PM; Sunday: 10:00 AM – 4:00 PM,dental_clinic,Auckland,Devonport Auckland,no_prices,2026-03-18
Kelly John,"2 Fleet Street, Devonport, Auckland 0624, New Zealand",09 445 4574,+64 9 445 4574,,4,5,OPERATIONAL,https://maps.google.com/?cid=14812331386572904288&g_mp=Cidnb29nbGUubWFwcy5wbGFjZXMudjEuUGxhY2VzLlNlYXJjaFRleHQQAhgEIAA,,dental_clinic,Auckland,Devonport Auckland,no_prices,2026-03-18
The Cosmetic Clinic Milford,"Milford Shopping Centre Shop M-154D/24 Milford Road, Milford, Auckland 0620, New Zealand",09 600 3810,+64 9 600 3810,https://www.thecosmeticclinic.co.nz/?utm_source=google&utm_medium=organic&utm_campaign=gmb&utm_term=website+link,4.6,51,OPERATIONAL,https://maps.google.com/?cid=11472073946743643422&g_mp=Cidnb29nbGUubWFwcy5wbGFjZXMudjEuUGxhY2VzLlNlYXJjaFRleHQQAhgEIAA,Monday: 9:00 AM – 5:30 PM; Tuesday: 9:00 AM – 5:30 PM; Wednesday: 9:00 AM – 5:30 PM; Thursday: 9:00 AM – 7:00 PM; Friday: 9:00 AM – 5:30 PM; Saturday: 9:00 AM – 5:30 PM; Sunday: 10:00 AM – 5:00 PM,dental_clinic,Auckland,Milford Auckland,no_prices,2026-03-18
Simon Hill Dental,"2nd Floor/2 Dodson Avenue, Milford, Auckland 0620, New Zealand",09 489 8354,+64 9 489 8354,,,,OPERATIONAL,https://maps.google.com/?cid=13283147089922457312&g_mp=Cidnb29nbGUubWFwcy5wbGFjZXMudjEuUGxhY2VzLlNlYXJjaFRleHQQAhgEIAA,Monday: 8:30 AM – 8:00 PM; Tuesday: 9:00 AM – 7:00 PM; Wednesday: 8:30 AM – 8:00 PM; Thursday: 8:30 AM – 7:00 PM; Friday: 8:30 AM – 7:00 PM; Saturday: 9:00 AM – 2:00 PM; Sunday: Closed,dental_clinic,Auckland,Milford Auckland,no_prices,2026-03-18
Animates Vetcare Clinic Milford,"31 Shakespeare Road, Milford, Auckland 0620, New Zealand",09 489 6263,+64 9 489 6263,https://animatesvetcare.co.nz/clinics/animates-vetcare-milford,4.5,159,OPERATIONAL,https://maps.google.com/?cid=14988833600194380585&g_mp=Cidnb29nbGUubWFwcy5wbGFjZXMudjEuUGxhY2VzLlNlYXJjaFRleHQQAhgEIAA,Monday: 8:00 AM – 6:00 PM; Tuesday: 8:00 AM – 6:00 PM; Wednesday: 8:00 AM – 6:00 PM; Thursday: 8:00 AM – 6:00 PM; Friday: 8:00 AM – 5:30 PM; Saturday: Closed; Sunday: Closed,dental_clinic,Auckland,Milford Auckland,no_prices,2026-03-18
Chemist Warehouse Milford,"Milford Shopping Centre Shop 115/24 Milford Road, Milford, Auckland 0620, New Zealand",09 941 4923,+64 9 941 4923,https://www.chemistwarehouse.co.nz/,4,122,OPERATIONAL,https://maps.google.com/?cid=2082326280715878344&g_mp=Cidnb29nbGUubWFwcy5wbGFjZXMudjEuUGxhY2VzLlNlYXJjaFRleHQQAhgEIAA,Monday: 8:30 AM – 7:30 PM; Tuesday: 8:30 AM – 7:30 PM; Wednesday: 8:30 AM – 7:30 PM; Thursday: 8:30 AM – 7:30 PM; Friday: 8:30 AM – 7:30 PM; Saturday: 9:00 AM – 7:00 PM; Sunday: 9:00 AM – 7:00 PM,dental_clinic,Auckland,Milford Auckland,no_prices,2026-03-18
Shoreline Dental Surgery,"212 Kitchener Road, Milford, Auckland 0620, New Zealand",09 489 6626,+64 9 489 6626,,,,OPERATIONAL,https://maps.google.com/?cid=2539511117630892023&g_mp=Cidnb29nbGUubWFwcy5wbGFjZXMudjEuUGxhY2VzLlNlYXJjaFRleHQQAhgEIAA,,dental_clinic,Auckland,Milford Auckland,no_prices,2026-03-18
Bays Dental,"4/252 Forrest Hill Road, Forrest Hill, Auckland 0620, New Zealand",09 410 0042,+64 9 410 0042,http://www.baysdental.co.nz/,4.8,143,OPERATIONAL,https://maps.google.com/?cid=12873772205853383777&g_mp=Cidnb29nbGUubWFwcy5wbGFjZXMudjEuUGxhY2VzLlNlYXJjaFRleHQQAhgEIAA,Monday: 8:00 AM – 5:30 PM; Tuesday: 9:00 AM – 5:30 PM; Wednesday: 9:00 AM – 5:00 PM; Thursday: 9:00 AM – 7:00 PM; Friday: 8:00 AM – 4:00 PM; Saturday: Closed; Sunday: Closed,dental_clinic,Auckland,Forrest Hill Auckland,no_prices,2026-03-18
Sunnynook Dentist,"117 Sunnynook Road, Forrest Hill, Auckland 0620, New Zealand",09 449 2006,+64 9 449 2006,https://www.sunnynookdentist.co.nz/,4.9,192,OPERATIONAL,https://maps.google.com/?cid=10032575563457912713&g_mp=Cidnb29nbGUubWFwcy5wbGFjZXMudjEuUGxhY2VzLlNlYXJjaFRleHQQAhgEIAA,Monday: 9:00 AM – 5:00 PM; Tuesday: 9:00 AM – 5:00 PM; Wednesday: 9:00 AM – 5:00 PM; Thursday: 9:00 AM – 5:00 PM; Friday: 9:00 AM – 5:00 PM; Saturday: 9:00 AM – 3:00 PM; Sunday: Closed,dental_clinic,Auckland,Forrest Hill Auckland,no_prices,2026-03-18
Smile Dental - Glenfield,"Shop 356, Glenfield Mall, Corner Glenfield Road and, Downing Street, Glenfield, Auckland 0629, New Zealand",0800 476 453,+64 800 476 453,https://www.smiledental.co.nz/,4.4,32,OPERATIONAL,https://maps.google.com/?cid=13395151083637857711&g_mp=Cidnb29nbGUubWFwcy5wbGFjZXMudjEuUGxhY2VzLlNlYXJjaFRleHQQAhgEIAA,Monday: 9:00 AM – 6:00 PM; Tuesday: 9:00 AM – 6:00 PM; Wednesday: 9:00 AM – 6:00 PM; Thursday: 9:00 AM – 7:00 PM; Friday: 9:00 AM – 7:00 PM; Saturday: 9:00 AM – 6:00 PM; Sunday: 10:00 AM – 5:30 PM,dental_clinic,Auckland,Glenfield Auckland,no_prices,2026-03-18
Glenfield Family Dental,"109 Bentley Avenue, Glenfield, Auckland 0629, New Zealand",09 444 0415,+64 9 444 0415,https://dentistglenfield.co.nz/,3.8,16,OPERATIONAL,https://maps.google.com/?cid=2869513073678619520&g_mp=Cidnb29nbGUubWFwcy5wbGFjZXMudjEuUGxhY2VzLlNlYXJjaFRleHQQAhgEIAA,Monday: 9:30 AM – 4:30 PM; Tuesday: 9:30 AM – 4:30 PM; Wednesday: Closed; Thursday: 9:30 AM – 4:30 PM; Friday: 9:30 AM – 4:30 PM; Saturday: Closed; Sunday: Closed,dental_clinic,Auckland,Glenfield Auckland,no_prices,2026-03-18
Dent1st,"438 Glenfield Road, Glenfield, Auckland 0629, New Zealand",09 440 9379,+64 9 440 9379,http://www.dent1st.co.nz/,4.1,71,OPERATIONAL,https://maps.google.com/?cid=14724316537373985361&g_mp=Cidnb29nbGUubWFwcy5wbGFjZXMudjEuUGxhY2VzLlNlYXJjaFRleHQQAhgEIAA,Monday: 8:30 AM – 5:00 PM; Tuesday: 8:30 AM – 5:00 PM; Wednesday: 8:30 AM – 5:00 PM; Thursday: 8:30 AM – 5:00 PM; Friday: 8:30 AM – 5:00 PM; Saturday: 8:30 AM – 5:00 PM; Sunday: 8:30 AM – 4:30 PM,dental_clinic,Auckland,Glenfield Auckland,no_prices,2026-03-18
Glenfield Intermediate Children's Community Dental Clinic,"144 Chivalry Road, Glenfield, Auckland 0629, New Zealand",09 444 6160,+64 9 444 6160,,3.3,10,OPERATIONAL,https://maps.google.com/?cid=16676448209192847924&g_mp=Cidnb29nbGUubWFwcy5wbGFjZXMudjEuUGxhY2VzLlNlYXJjaFRleHQQAhgEIAA,,dental_clinic,Auckland,Glenfield Auckland,no_prices,2026-03-18
Lumino Glenfield | Lumino The Dentists,"418 Glenfield Road, Glenfield, Auckland 0629, New Zealand",09 444 8779,+64 9 444 8779,https://lumino.co.nz/dentists/glenfield-dental-north-shore/?utm_source=google_business_profile&utm_medium=organic,4,28,OPERATIONAL,https://maps.google.com/?cid=14982519389196119856&g_mp=Cidnb29nbGUubWFwcy5wbGFjZXMudjEuUGxhY2VzLlNlYXJjaFRleHQQAhgEIAA,Monday: 8:30 AM – 5:00 PM; Tuesday: 8:30 AM – 5:00 PM; Wednesday: 8:30 AM – 5:00 PM; Thursday: 8:30 AM – 5:00 PM; Friday: 8:30 AM – 5:00 PM; Saturday: Closed; Sunday: Closed,dental_clinic,Auckland,Glenfield Auckland,no_prices,2026-03-18
Wairau Park Dental Centre | Lumino The Dentists,"1 Totaravale Drive, Wairau Valley, Glenfield 0627, New Zealand",09 444 0522,+64 9 444 0522,https://lumino.co.nz/dentists/wairau-park-dental-centre/?utm_source=google_business_profile&utm_medium=organic,4.1,47,OPERATIONAL,https://maps.google.com/?cid=10206643972637009519&g_mp=Cidnb29nbGUubWFwcy5wbGFjZXMudjEuUGxhY2VzLlNlYXJjaFRleHQQAhgEIAA,Monday: 8:00 AM – 5:00 PM; Tuesday: 8:00 AM – 5:00 PM; Wednesday: 8:00 AM – 5:00 PM; Thursday: 8:00 AM – 5:00 PM; Friday: Closed; Saturday: Closed; Sunday: Closed,dental_clinic,Auckland,Glenfield Auckland,no_prices,2026-03-18
Petermanuson dental surgery Ltd,"109 Bentley Avenue, Glenfield, Auckland 0629, New Zealand",09 444 0415,+64 9 444 0415,http://www.dentistglenfield.co.nz/,4.5,21,OPERATIONAL,https://maps.google.com/?cid=17239977716794796040&g_mp=Cidnb29nbGUubWFwcy5wbGFjZXMudjEuUGxhY2VzLlNlYXJjaFRleHQQAhgEIAA,Monday: 9:30 AM – 5:00 PM; Tuesday: 9:30 AM – 5:00 PM; Wednesday: Closed; Thursday: 9:30 AM – 5:00 PM; Friday: 9:30 AM – 5:00 PM; Saturday: Closed; Sunday: Closed,dental_clinic,Auckland,Glenfield Auckland,no_prices,2026-03-18
Kim's Dental Surgery,"1st floor/20A Link Drive, Glenfield, Auckland 0627, New Zealand",09 443 3539,+64 9 443 3539,,4.2,15,OPERATIONAL,https://maps.google.com/?cid=3129243752088588770&g_mp=Cidnb29nbGUubWFwcy5wbGFjZXMudjEuUGxhY2VzLlNlYXJjaFRleHQQAhgEIAA,Monday: 9:00 AM – 6:00 PM; Tuesday: 9:00 AM – 6:00 PM; Wednesday: 9:00 AM – 6:00 PM; Thursday: 9:00 AM – 6:00 PM; Friday: 9:00 AM – 6:00 PM; Saturday: 9:00 AM – 2:00 PM; Sunday: Closed,dental_clinic,Auckland,Glenfield Auckland,no_prices,2026-03-18
Northcote Dental Centre,"26 Kawana Street, Northcote, Auckland 0627, New Zealand",09 480 5931,+64 9 480 5931,https://www.northcotedental.co.nz/,4.6,104,OPERATIONAL,https://maps.google.com/?cid=10988177013077194584&g_mp=Cidnb29nbGUubWFwcy5wbGFjZXMudjEuUGxhY2VzLlNlYXJjaFRleHQQAhgEIAA,Monday: 9:00 AM – 6:00 PM; Tuesday: 9:00 AM – 5:00 PM; Wednesday: 9:00 AM – 5:00 PM; Thursday: 9:00 AM – 5:00 PM; Friday: 9:00 AM – 4:30 PM; Saturday: 9:00 AM – 1:00 PM; Sunday: Closed,dental_clinic,Auckland,Northcote Auckland,no_prices,2026-03-18
Northcote Family Dentist,"46 Lake Road, Northcote, Auckland 0627, New Zealand",027 900 0004,+64 27 900 0004,https://northcotedentist.co.nz/,5,16,OPERATIONAL,https://maps.google.com/?cid=5604678490105888747&g_mp=Cidnb29nbGUubWFwcy5wbGFjZXMudjEuUGxhY2VzLlNlYXJjaFRleHQQAhgEIAA,Monday: 10:00 AM – 5:00 PM; Tuesday: 10:00 AM – 5:00 PM; Wednesday: 10:00 AM – 5:00 PM; Thursday: 10:00 AM – 5:00 PM; Friday: 10:00 AM – 5:00 PM; Saturday: Closed; Sunday: Closed,dental_clinic,Auckland,Northcote Auckland,no_prices,2026-03-18
Hinemoa Street Dental,"80D Hinemoa Street, Birkenhead, Auckland 0626, New Zealand",0800 160 161,+64 800 160 161,https://affordabledentists.co.nz/,4.9,675,OPERATIONAL,https://maps.google.com/?cid=14487785209035007793&g_mp=Cidnb29nbGUubWFwcy5wbGFjZXMudjEuUGxhY2VzLlNlYXJjaFRleHQQAhgEIAA,Monday: 8:00 AM – 5:00 PM; Tuesday: 8:00 AM – 5:00 PM; Wednesday: 8:00 AM – 7:00 PM; Thursday: 8:00 AM – 7:00 PM; Friday: 8:00 AM – 4:00 PM; Saturday: 9:00 AM – 4:00 PM; Sunday: Closed,dental_clinic,Auckland,Northcote Auckland,no_prices,2026-03-18
Floss Dental Birkenhead,"103 Onewa Road, Northcote, Auckland 0627, New Zealand",09 419 9120,+64 9 419 9120,http://www.flossdental.co.nz/,4.8,40,OPERATIONAL,https://maps.google.com/?cid=6337915165437257988&g_mp=Cidnb29nbGUubWFwcy5wbGFjZXMudjEuUGxhY2VzLlNlYXJjaFRleHQQAhgEIAA,Monday: 8:00 AM – 5:00 PM; Tuesday: 8:00 AM – 7:00 PM; Wednesday: 8:00 AM – 7:00 PM; Thursday: 8:00 AM – 6:00 PM; Friday: 8:00 AM – 5:00 PM; Saturday: 8:00 AM – 3:30 PM; Sunday: Closed,dental_clinic,Auckland,Northcote Auckland,no_prices,2026-03-18
Birkenhead Family Dental,"103a Onewa Road, Northcote, Auckland 0627, New Zealand",09 419 9120,+64 9 419 9120,http://www.flossdental.co.nz/,5,14,OPERATIONAL,https://maps.google.com/?cid=8490919656935941914&g_mp=Cidnb29nbGUubWFwcy5wbGFjZXMudjEuUGxhY2VzLlNlYXJjaFRleHQQAhgEIAA,Monday: 8:00 AM – 5:00 PM; Tuesday: 8:00 AM – 8:00 PM; Wednesday: 8:00 AM – 8:00 PM; Thursday: 8:00 AM – 7:00 PM; Friday: 8:00 AM – 5:00 PM; Saturday: 9:00 AM – 3:00 PM; Sunday: Closed,dental_clinic,Auckland,Northcote Auckland,no_prices,2026-03-18
Birkenhead Avenue Dental Centre,"51 Birkenhead Avenue, Birkenhead, Auckland 0626, New Zealand",09 480 7361,+64 9 480 7361,http://www.birkenheadavenuedentalcentre.com/,3.3,20,OPERATIONAL,https://maps.google.com/?cid=1595161939144554474&g_mp=Cidnb29nbGUubWFwcy5wbGFjZXMudjEuUGxhY2VzLlNlYXJjaFRleHQQAhgEIAA,Monday: Closed; Tuesday: 9:00 AM – 4:00 PM; Wednesday: 9:00 AM – 4:00 PM; Thursday: 9:00 AM – 4:00 PM; Friday: 9:00 AM – 4:00 PM; Saturday: 9:00 AM – 2:00 PM; Sunday: Closed,dental_clinic,Auckland,Birkenhead Auckland,no_prices,2026-03-18
Mokoia Road Dental Centre,"50a Mokoia Road, Birkenhead, Auckland 0626, New Zealand",09 480 9818,+64 9 480 9818,https://mokoiaroaddental.co.nz/,4.9,104,OPERATIONAL,https://maps.google.com/?cid=3789721614726724017&g_mp=Cidnb29nbGUubWFwcy5wbGFjZXMudjEuUGxhY2VzLlNlYXJjaFRleHQQAhgEIAA,Monday: 8:30 AM – 5:30 PM; Tuesday: 8:30 AM – 7:00 PM; Wednesday: 8:30 AM – 5:30 PM; Thursday: 8:30 AM – 7:00 PM; Friday: 8:30 AM – 5:30 PM; Saturday: 8:30 AM – 1:00 PM; Sunday: Closed,dental_clinic,Auckland,Birkenhead Auckland,no_prices,2026-03-18
Dentists on Birkenhead,"65 Birkenhead Avenue, Birkenhead, Auckland 0626, New Zealand",09 419 0556,+64 9 419 0556,http://dentistsonbirkenhead.co.nz/,4.6,42,OPERATIONAL,https://maps.google.com/?cid=10131614802774280932&g_mp=Cidnb29nbGUubWFwcy5wbGFjZXMudjEuUGxhY2VzLlNlYXJjaFRleHQQAhgEIAA,Monday: 9:00 AM – 5:00 PM; Tuesday: 9:00 AM – 5:00 PM; Wednesday: 9:00 AM – 5:00 PM; Thursday: 9:00 AM – 5:00 PM; Friday: 9:00 AM – 4:30 PM; Saturday: Closed; Sunday: Closed,dental_clinic,Auckland,Birkenhead Auckland,no_prices,2026-03-18
Birkenhead School Dental Clinic,"81 Mokoia Road, Birkenhead, Auckland 0626, New Zealand",09 418 0043,+64 9 418 0043,,4.4,8,OPERATIONAL,https://maps.google.com/?cid=12755239859903272269&g_mp=Cidnb29nbGUubWFwcy5wbGFjZXMudjEuUGxhY2VzLlNlYXJjaFRleHQQAhgEIAA,Monday: 8:00 AM – 4:30 PM; Tuesday: 8:00 AM – 4:30 PM; Wednesday: 8:00 AM – 4:30 PM; Thursday: 8:00 AM – 4:30 PM; Friday: 8:00 AM – 4:30 PM; Saturday: Closed; Sunday: Closed,dental_clinic,Auckland,Birkenhead Auckland,no_prices,2026-03-18
Viva Dental Birkenhead | Lumino The Dentists,"182 Hinemoa Street, Birkenhead, Auckland 0626, New Zealand",09 480 7265,+64 9 480 7265,https://lumino.co.nz/dentists/viva-dental-birkenhead/?utm_source=google_business_profile&utm_medium=organic,4.3,46,OPERATIONAL,https://maps.google.com/?cid=14626757661946338902&g_mp=Cidnb29nbGUubWFwcy5wbGFjZXMudjEuUGxhY2VzLlNlYXJjaFRleHQQAhgEIAA,Monday: 9:00 AM – 5:00 PM; Tuesday: 9:00 AM – 5:00 PM; Wednesday: 9:00 AM – 5:00 PM; Thursday: 9:00 AM – 8:00 PM; Friday: 9:00 AM – 5:00 PM; Saturday: 9:00 AM – 3:00 PM; Sunday: Closed,dental_clinic,Auckland,Birkenhead Auckland,no_prices,2026-03-18
North Shore Dental,"761 Beach Road, Browns Bay, Auckland 0630, New Zealand",09 478 7442,+64 9 478 7442,http://www.northshoredental.co.nz/,4.9,761,OPERATIONAL,https://maps.google.com/?cid=2154203007972482640&g_mp=Cidnb29nbGUubWFwcy5wbGFjZXMudjEuUGxhY2VzLlNlYXJjaFRleHQQAhgEIAA,Monday: 8:00 AM – 6:00 PM; Tuesday: 8:00 AM – 5:00 PM; Wednesday: 8:00 AM – 5:00 PM; Thursday: 8:00 AM – 5:00 PM; Friday: 8:00 AM – 5:00 PM; Saturday: Closed; Sunday: Closed,dental_clinic,Auckland,Beach Haven Auckland,no_prices,2026-03-18
Whangaparaoa Dental Centre,"719 Whangaparaoa Road, Manly, Whangaparāoa 0930, New Zealand",09 424 5294,+64 9 424 5294,http://www.whangaparaoadental.co.nz/,4.3,12,OPERATIONAL,https://maps.google.com/?cid=7564532580241807854&g_mp=Cidnb29nbGUubWFwcy5wbGFjZXMudjEuUGxhY2VzLlNlYXJjaFRleHQQAhgEIAA,Monday: 8:30 AM – 5:00 PM; Tuesday: 8:30 AM – 5:00 PM; Wednesday: 8:30 AM – 5:00 PM; Thursday: 8:30 AM – 5:00 PM; Friday: 8:30 AM – 5:00 PM; Saturday: 9:30 AM – 1:00 PM; Sunday: Closed,dental_clinic,Auckland,Beach Haven Auckland,no_prices,2026-03-18
Hibiscus Care Dental,"674 Whangaparaoa Road, Stanmore Bay, Auckland 0932, New Zealand",09 424 3005,+64 9 424 3005,http://hibiscuscaredental.co.nz/,4.9,51,OPERATIONAL,https://maps.google.com/?cid=9865236543873325780&g_mp=Cidnb29nbGUubWFwcy5wbGFjZXMudjEuUGxhY2VzLlNlYXJjaFRleHQQAhgEIAA,Monday: 9:00 AM – 5:00 PM; Tuesday: 9:00 AM – 5:00 PM; Wednesday: 9:00 AM – 5:00 PM; Thursday: 9:00 AM – 5:00 PM; Friday: 9:00 AM – 5:00 PM; Saturday: Closed; Sunday: Closed,dental_clinic,Auckland,Beach Haven Auckland,no_prices,2026-03-18
Unichem Rangatira Pharmacy,"340 Rangatira Road, Beach Haven, Auckland 0626, New Zealand",09 483 6022,+64 9 483 6022,https://www.rangatirapharmacy.co.nz/,4.7,23,OPERATIONAL,https://maps.google.com/?cid=15885731894928236617&g_mp=Cidnb29nbGUubWFwcy5wbGFjZXMudjEuUGxhY2VzLlNlYXJjaFRleHQQAhgEIAA,Monday: 9:00 AM – 5:30 PM; Tuesday: 9:00 AM – 5:30 PM; Wednesday: 9:00 AM – 5:30 PM; Thursday: 9:00 AM – 5:30 PM; Friday: 9:00 AM – 6:00 PM; Saturday: 9:00 AM – 12:00 PM; Sunday: Closed,dental_clinic,Auckland,Beach Haven Auckland,no_prices,2026-03-18
Sunset Dental Care,"326 Sunset Road, Windsor Park, Auckland 0632, New Zealand",09 478 2112,+64 9 478 2112,https://sunsetdentalcare.co.nz/,5,75,OPERATIONAL,https://maps.google.com/?cid=14761267274768387362&g_mp=Cidnb29nbGUubWFwcy5wbGFjZXMudjEuUGxhY2VzLlNlYXJjaFRleHQQAhgEIAA,Monday: 8:00 AM – 5:00 PM; Tuesday: 8:00 AM – 5:00 PM; Wednesday: 8:00 AM – 7:00 PM; Thursday: 8:00 AM – 7:00 PM; Friday: 8:00 AM – 5:00 PM; Saturday: Closed; Sunday: Closed,dental_clinic,Auckland,Beach Haven Auckland,no_prices,2026-03-18
Greville Dental,"18 Hauraki Crescent, Pinehill, Auckland 0632, New Zealand",09 478 7830,+64 9 478 7830,https://www.grevilledental.co.nz/,4.7,99,OPERATIONAL,https://maps.google.com/?cid=12197961471085151193&g_mp=Cidnb29nbGUubWFwcy5wbGFjZXMudjEuUGxhY2VzLlNlYXJjaFRleHQQAhgEIAA,Monday: 8:00 AM – 7:00 PM; Tuesday: 8:00 AM – 7:00 PM; Wednesday: 8:00 AM – 7:00 PM; Thursday: 8:00 AM – 7:00 PM; Friday: 8:00 AM – 5:00 PM; Saturday: Closed; Sunday: Closed,dental_clinic,Auckland,Beach Haven Auckland,no_prices,2026-03-18
Birkdale Pharmacy,"164 Birkdale Road, Birkdale, Auckland 0626, New Zealand",09 483 6379,+64 9 483 6379,https://www.healthpoint.co.nz/pharmacy/pharmacy/birkdale-pharmacy-1998-ltd/,4.6,42,OPERATIONAL,https://maps.google.com/?cid=14760858259079086546&g_mp=Cidnb29nbGUubWFwcy5wbGFjZXMudjEuUGxhY2VzLlNlYXJjaFRleHQQAhgEIAA,Monday: 9:00 AM – 5:30 PM; Tuesday: 9:00 AM – 5:30 PM; Wednesday: 9:00 AM – 5:30 PM; Thursday: 9:00 AM – 5:30 PM; Friday: 9:00 AM – 5:30 PM; Saturday: 9:00 AM – 12:00 PM; Sunday: Closed,dental_clinic,Auckland,Birkdale Auckland,no_prices,2026-03-18
The Tooth Doctor,"Lower Ground - Northcare Accident and Medical 5 Home Place, Rosedale, Auckland 0632, New Zealand",09 873 3751,+64 9 873 3751,http://www.thetoothdoctor.co.nz/,5,199,OPERATIONAL,https://maps.google.com/?cid=7149264740723809899&g_mp=Cidnb29nbGUubWFwcy5wbGFjZXMudjEuUGxhY2VzLlNlYXJjaFRleHQQAhgEIAA,Monday: 8:00 AM – 4:00 PM; Tuesday: 7:30 AM – 4:00 PM; Wednesday: 8:00 AM – 6:00 PM; Thursday: 8:00 AM – 6:00 PM; Friday: 8:00 AM – 4:00 PM; Saturday: Closed; Sunday: Closed,dental_clinic,Auckland,Birkdale Auckland,no_prices,2026-03-18
Coast Dental,"160 Carlisle Road, Northcross, Auckland 0632, New Zealand",09 479 3160,+64 9 479 3160,http://www.affordabledentists.co.nz/,4.9,513,OPERATIONAL,https://maps.google.com/?cid=8726812774604238061&g_mp=Cidnb29nbGUubWFwcy5wbGFjZXMudjEuUGxhY2VzLlNlYXJjaFRleHQQAhgEIAA,Monday: 9:00 AM – 5:00 PM; Tuesday: 9:00 AM – 6:00 PM; Wednesday: 9:00 AM – 6:00 PM; Thursday: 9:00 AM – 5:00 PM; Friday: 8:00 AM – 5:00 PM; Saturday: 9:00 AM – 4:00 PM; Sunday: Closed,dental_clinic,Auckland,Torbay Auckland,no_prices,2026-03-18
Torbay Medical Centre,"1042 Beach Road, Torbay, Auckland 0630, New Zealand",09 477 9000,+64 9 477 9000,http://www.torbaymedical.co.nz/,3.1,74,OPERATIONAL,https://maps.google.com/?cid=12451549587803571306&g_mp=Cidnb29nbGUubWFwcy5wbGFjZXMudjEuUGxhY2VzLlNlYXJjaFRleHQQAhgEIAA,Monday: 8:00 AM – 5:00 PM; Tuesday: 8:00 AM – 5:00 PM; Wednesday: 8:00 AM – 5:00 PM; Thursday: 8:00 AM – 5:00 PM; Friday: 8:00 AM – 5:00 PM; Saturday: Closed; Sunday: Closed,dental_clinic,Auckland,Torbay Auckland,no_prices,2026-03-18
Unichem Torbay Pharmacy,"1040 Beach Road, Torbay, Auckland 0630, New Zealand",09 473 9629,+64 9 473 9629,http://www.torbaypharmacy.co.nz/,4.3,47,OPERATIONAL,https://maps.google.com/?cid=8059880260584740941&g_mp=Cidnb29nbGUubWFwcy5wbGFjZXMudjEuUGxhY2VzLlNlYXJjaFRleHQQAhgEIAA,Monday: 8:30 AM – 6:00 PM; Tuesday: 8:30 AM – 6:00 PM; Wednesday: 8:30 AM – 6:00 PM; Thursday: 8:30 AM – 6:00 PM; Friday: 8:30 AM – 6:00 PM; Saturday: 9:30 AM – 4:00 PM; Sunday: Closed,dental_clinic,Auckland,Torbay Auckland,no_prices,2026-03-18
Northcross Intermediate dental clinic,"10 Sartors Avenue, Northcross, Auckland 0630, New Zealand",09 479 4236,+64 9 479 4236,,5,6,OPERATIONAL,https://maps.google.com/?cid=13711255512923522490&g_mp=Cidnb29nbGUubWFwcy5wbGFjZXMudjEuUGxhY2VzLlNlYXJjaFRleHQQAhgEIAA,Monday: 8:00 AM – 4:30 PM; Tuesday: 8:00 AM – 4:30 PM; Wednesday: 8:00 AM – 4:30 PM; Thursday: 8:00 AM – 4:30 PM; Friday: 8:00 AM – 4:30 PM; Saturday: Closed; Sunday: Closed,dental_clinic,Auckland,Torbay Auckland,no_prices,2026-03-18
Torbay Community Doctor,"987 Beach Road, Torbay, Auckland 0630, New Zealand",09 473 9594,+64 9 473 9594,http://www.healthpoint.co.nz/doctors/gp/torbay-community-doctors/,4,4,OPERATIONAL,https://maps.google.com/?cid=14521272906956960994&g_mp=Cidnb29nbGUubWFwcy5wbGFjZXMudjEuUGxhY2VzLlNlYXJjaFRleHQQAhgEIAA,Monday: 8:00 AM – 5:30 PM; Tuesday: 8:00 AM – 5:30 PM; Wednesday: 8:00 AM – 5:30 PM; Thursday: 8:00 AM – 5:30 PM; Friday: Closed; Saturday: Closed; Sunday: Closed,dental_clinic,Auckland,Torbay Auckland,no_prices,2026-03-18
The Denture Centre,"45 Clyde Road, Browns Bay, Auckland 0630, New Zealand",09 479 2220,+64 9 479 2220,,5,5,OPERATIONAL,https://maps.google.com/?cid=1741612251934566658&g_mp=Cidnb29nbGUubWFwcy5wbGFjZXMudjEuUGxhY2VzLlNlYXJjaFRleHQQAhgEIAA,Monday: 9:00 AM – 5:30 PM; Tuesday: 9:00 AM – 5:30 PM; Wednesday: 9:00 AM – 5:30 PM; Thursday: 9:00 AM – 5:30 PM; Friday: 9:00 AM – 5:30 PM; Saturday: Closed; Sunday: Closed,dental_clinic,Auckland,Torbay Auckland,no_prices,2026-03-18
Lumino Long Bay | Lumino The Dentists,"G02/57 Glenvar Ridge Road, Long Bay, Auckland 0630, New Zealand",09 473 1400,+64 9 473 1400,https://lumino.co.nz/dentists/lumino-long-bay/?utm_source=google_business_profile&utm_medium=organic,4.1,33,OPERATIONAL,https://maps.google.com/?cid=18171563664698376991&g_mp=Cidnb29nbGUubWFwcy5wbGFjZXMudjEuUGxhY2VzLlNlYXJjaFRleHQQAhgEIAA,Monday: 8:00 AM – 5:00 PM; Tuesday: 8:00 AM – 5:00 PM; Wednesday: 8:00 AM – 5:00 PM; Thursday: 8:00 AM – 5:00 PM; Friday: 8:00 AM – 5:00 PM; Saturday: Closed; Sunday: Closed,dental_clinic,Auckland,Torbay Auckland,no_prices,2026-03-18
Dental clinic,"Long Bay Beach, Long Bay, Auckland 0792, New Zealand",,,,5,1,OPERATIONAL,https://maps.google.com/?cid=13399462785416854986&g_mp=Cidnb29nbGUubWFwcy5wbGFjZXMudjEuUGxhY2VzLlNlYXJjaFRleHQQAhgEIAA,,dental_clinic,Auckland,Torbay Auckland,no_prices,2026-03-18
Four Square Torbay,"1058 Beach Road, Torbay, Auckland 0630, New Zealand",09 473 6197,+64 9 473 6197,https://www.foursquare.co.nz/upper-north-island/auckland/torbay?utm_source=google&utm_medium=organic&utm_campaign=Google+My+Business&utm_term=plcid_16152865229445364917&utm_content=Four+Square+Torbay+-+Auckland,4.2,359,OPERATIONAL,https://maps.google.com/?cid=2861284012272757930&g_mp=Cidnb29nbGUubWFwcy5wbGFjZXMudjEuUGxhY2VzLlNlYXJjaFRleHQQAhgEIAA,Monday: 7:00 AM – 9:00 PM; Tuesday: 7:00 AM – 9:00 PM; Wednesday: 7:00 AM – 9:00 PM; Thursday: 7:00 AM – 9:00 PM; Friday: 7:00 AM – 9:00 PM; Saturday: 7:00 AM – 9:00 PM; Sunday: 7:00 AM – 9:00 PM,dental_clinic,Auckland,Torbay Auckland,no_prices,2026-03-18
Elite Dental Care,"Unit 1/84 Don McKinnon Drive, Albany, Auckland 0632, New Zealand",09 217 0045,+64 9 217 0045,http://www.elitedentalcare.co.nz/,4.9,342,OPERATIONAL,https://maps.google.com/?cid=13211036165173774160&g_mp=Cidnb29nbGUubWFwcy5wbGFjZXMudjEuUGxhY2VzLlNlYXJjaFRleHQQAhgEIAA,Monday: 8:30 AM – 4:30 PM; Tuesday: 8:30 AM – 4:30 PM; Wednesday: 8:30 AM – 4:30 PM; Thursday: 8:30 AM – 4:30 PM; Friday: 8:30 AM – 4:30 PM; Saturday: Closed; Sunday: Closed,dental_clinic,Auckland,Albany Auckland,no_prices,2026-03-18
Albany Dental Surgery,"13/231 Dairy Flat Highway, Albany, Auckland 0632, New Zealand",09 415 9377,+64 9 415 9377,http://www.albanydentalsurgery.co.nz/,4.6,12,OPERATIONAL,https://maps.google.com/?cid=1057800145297319200&g_mp=Cidnb29nbGUubWFwcy5wbGFjZXMudjEuUGxhY2VzLlNlYXJjaFRleHQQAhgEIAA,Monday: 8:30 AM – 6:00 PM; Tuesday: 8:30 AM – 5:00 PM; Wednesday: 8:30 AM – 6:00 PM; Thursday: 8:30 AM – 5:00 PM; Friday: 9:00 AM – 2:00 PM; Saturday: 9:00 AM – 2:00 PM; Sunday: Closed,dental_clinic,Auckland,Albany Auckland,no_prices,2026-03-18
JJ Dental Care,"NZ, 8A/331 Rosedale Road, Albany, Auckland 0632, New Zealand",09 418 4189,+64 9 418 4189,https://www.jjdentalcare.co.nz/,5,128,OPERATIONAL,https://maps.google.com/?cid=12936768565263173241&g_mp=Cidnb29nbGUubWFwcy5wbGFjZXMudjEuUGxhY2VzLlNlYXJjaFRleHQQAhgEIAA,Monday: 9:00 AM – 6:00 PM; Tuesday: 9:00 AM – 6:00 PM; Wednesday: 9:00 AM – 6:00 PM; Thursday: 9:00 AM – 7:00 PM; Friday: 9:00 AM – 6:00 PM; Saturday: 10:00 AM – 3:00 PM; Sunday: Closed,dental_clinic,Auckland,Albany Auckland,no_prices,2026-03-18
Albany Dental,"Unit L/4 Antares Place, Albany, Auckland 0632, New Zealand",09 443 7007,+64 9 443 7007,http://www.albanydental.co.nz/,4.9,47,OPERATIONAL,https://maps.google.com/?cid=4444961458284051184&g_mp=Cidnb29nbGUubWFwcy5wbGFjZXMudjEuUGxhY2VzLlNlYXJjaFRleHQQAhgEIAA,Monday: 8:00 AM – 7:00 PM; Tuesday: 8:00 AM – 7:00 PM; Wednesday: 7:30 AM – 3:30 PM; Thursday: 9:00 AM – 6:30 PM; Friday: 9:00 AM – 3:00 PM; Saturday: Closed; Sunday: Closed,dental_clinic,Auckland,Albany Auckland,no_prices,2026-03-18
Albany Central Dental,"3/287 Oteha Valley Road, Albany, Auckland 0632, New Zealand",09 415 9090,+64 9 415 9090,http://www.albanycentraldental.co.nz/,4.3,22,OPERATIONAL,https://maps.google.com/?cid=9703801254528081219&g_mp=Cidnb29nbGUubWFwcy5wbGFjZXMudjEuUGxhY2VzLlNlYXJjaFRleHQQAhgEIAA,Monday: 8:30 AM – 5:30 PM; Tuesday: 8:30 AM – 5:30 PM; Wednesday: 8:30 AM – 5:30 PM; Thursday: 8:30 AM – 5:30 PM; Friday: 8:30 AM – 5:30 PM; Saturday: Closed; Sunday: Closed,dental_clinic,Auckland,Albany Auckland,no_prices,2026-03-18
Albany Village Dental,"C3/210 Dairy Flat Highway, Albany, Auckland 0632, New Zealand",09 448 2289,+64 9 448 2289,http://albanyvillagedental.co.nz/,4.8,67,OPERATIONAL,https://maps.google.com/?cid=5811049122836808394&g_mp=Cidnb29nbGUubWFwcy5wbGFjZXMudjEuUGxhY2VzLlNlYXJjaFRleHQQAhgEIAA,Monday: 9:00 AM – 6:00 PM; Tuesday: 9:00 AM – 5:00 PM; Wednesday: 9:00 AM – 6:00 PM; Thursday: 9:00 AM – 6:00 PM; Friday: 9:00 AM – 6:00 PM; Saturday: 9:00 AM – 3:00 PM; Sunday: Closed,dental_clinic,Auckland,Albany Auckland,no_prices,2026-03-18
Rosedale Dental,"372 Rosedale Road, Rosedale, Auckland 0632, New Zealand",09 414 2934,+64 9 414 2934,http://albanydentist.co.nz/,4.8,101,OPERATIONAL,https://maps.google.com/?cid=15036279688194745558&g_mp=Cidnb29nbGUubWFwcy5wbGFjZXMudjEuUGxhY2VzLlNlYXJjaFRleHQQAhgEIAA,Monday: 9:00 AM – 5:00 PM; Tuesday: 9:00 AM – 6:30 PM; Wednesday: 9:00 AM – 5:00 PM; Thursday: 8:00 AM – 5:00 PM; Friday: 9:00 AM – 4:00 PM; Saturday: Closed; Sunday: Closed,dental_clinic,Auckland,Albany Auckland,no_prices,2026-03-18
DBS Dental Studio,"55 Corinthian Drive, Albany, Auckland 0632, New Zealand",09 869 6478,+64 9 869 6478,https://www.dbsdentalstudio.co.nz/,5,87,OPERATIONAL,https://maps.google.com/?cid=4008424237226060651&g_mp=Cidnb29nbGUubWFwcy5wbGFjZXMudjEuUGxhY2VzLlNlYXJjaFRleHQQAhgEIAA,Monday: 9:00 AM – 5:00 PM; Tuesday: 9:00 AM – 5:00 PM; Wednesday: 9:00 AM – 5:00 PM; Thursday: 9:00 AM – 5:00 PM; Friday: 9:00 AM – 5:00 PM; Saturday: Closed; Sunday: Closed,dental_clinic,Auckland,Albany Auckland,no_prices,2026-03-18
Albany Mega Centre Dental,"75 Corinthian Drive, Albany, North Shore 0632, New Zealand",09 415 0828,+64 9 415 0828,http://albanydentist.co.nz/,4.9,65,OPERATIONAL,https://maps.google.com/?cid=5569261972356111222&g_mp=Cidnb29nbGUubWFwcy5wbGFjZXMudjEuUGxhY2VzLlNlYXJjaFRleHQQAhgEIAA,Monday: 9:00 AM – 4:00 PM; Tuesday: 9:00 AM – 4:00 PM; Wednesday: 10:00 AM – 2:00 PM; Thursday: 9:00 AM – 6:00 PM; Friday: 8:00 AM – 1:00 PM; Saturday: Closed; Sunday: Closed,dental_clinic,Auckland,Albany Auckland,no_prices,2026-03-18
Smile Dental - Albany,"119 Apollo Drive, Albany, Auckland 0632, New Zealand",0800 476 453,+64 800 476 453,https://www.smiledental.co.nz/,4.5,378,OPERATIONAL,https://maps.google.com/?cid=17405670498299281782&g_mp=Cidnb29nbGUubWFwcy5wbGFjZXMudjEuUGxhY2VzLlNlYXJjaFRleHQQAhgEIAA,Monday: 9:00 AM – 5:00 PM; Tuesday: 9:00 AM – 6:00 PM; Wednesday: 9:00 AM – 6:00 PM; Thursday: 9:00 AM – 6:00 PM; Friday: 10:00 AM – 6:00 PM; Saturday: 10:00 AM – 6:00 PM; Sunday: 10:00 AM – 6:00 PM,dental_clinic,Auckland,Albany Auckland,no_prices,2026-03-18
Lumino Dental on the Shore | Lumino The Dentists,"86a Bush Road, Albany, Auckland 0632, New Zealand",09 414 7733,+64 9 414 7733,https://lumino.co.nz/dentists/lumino-dental-on-the-shore/?utm_source=google_business_profile&utm_medium=organic,4.9,19,OPERATIONAL,https://maps.google.com/?cid=7626358142804514092&g_mp=Cidnb29nbGUubWFwcy5wbGFjZXMudjEuUGxhY2VzLlNlYXJjaFRleHQQAhgEIAA,Monday: 8:00 AM – 5:00 PM; Tuesday: 8:00 AM – 5:00 PM; Wednesday: 8:00 AM – 5:00 PM; Thursday: 8:00 AM – 6:00 PM; Friday: 8:00 AM – 3:00 PM; Saturday: Closed; Sunday: Closed,dental_clinic,Auckland,Albany Auckland,no_prices,2026-03-18
Albany children’s community dental clinic,"19 Oakway Drive, Schnapper Rock, Auckland 0632, New Zealand",09 415 2059,+64 9 415 2059,,3.6,10,OPERATIONAL,https://maps.google.com/?cid=4643095966613784989&g_mp=Cidnb29nbGUubWFwcy5wbGFjZXMudjEuUGxhY2VzLlNlYXJjaFRleHQQAhgEIAA,,dental_clinic,Auckland,Albany Auckland,no_prices,2026-03-18
PerioCARE,"Unit J/100 Bush Road, Albany, Auckland 0632, New Zealand",09 414 7722,+64 9 414 7722,https://lumino.co.nz/dentists/periocare/?utm_source=google_business_profile&utm_medium=organic,4.8,40,OPERATIONAL,https://maps.google.com/?cid=2476731348790739464&g_mp=Cidnb29nbGUubWFwcy5wbGFjZXMudjEuUGxhY2VzLlNlYXJjaFRleHQQAhgEIAA,Monday: Closed; Tuesday: 8:00 AM – 5:30 PM; Wednesday: 8:00 AM – 8:30 PM; Thursday: 8:00 AM – 5:30 PM; Friday: 8:00 AM – 4:30 PM; Saturday: Closed; Sunday: Closed,dental_clinic,Auckland,Albany Auckland,no_prices,2026-03-18
SmartDentist,"41A Kittiwake Drive, Schnapper Rock, Auckland 0632, New Zealand",09 888 2201,+64 9 888 2201,https://www.smartdentist.co.nz/,5,35,OPERATIONAL,https://maps.google.com/?cid=4098642107594626381&g_mp=Cidnb29nbGUubWFwcy5wbGFjZXMudjEuUGxhY2VzLlNlYXJjaFRleHQQAhgEIAA,Monday: Closed; Tuesday: 7:00 AM – 5:00 PM; Wednesday: 7:00 AM – 5:00 PM; Thursday: 7:00 AM – 7:00 PM; Friday: Closed; Saturday: 7:00 AM – 12:00 PM; Sunday: Closed,dental_clinic,Auckland,Albany Auckland,no_prices,2026-03-18
DentureTech Albany,"unit 5a/331 Rosedale Road, Albany, Auckland 0632, New Zealand",0800 822 500,+64 800 822 500,https://www.denturetech.co.nz/locations/our-clinics/albany-clinic/?utm_source=Albany&utm_medium=googleplaces,4.9,169,OPERATIONAL,https://maps.google.com/?cid=11259817194919909434&g_mp=Cidnb29nbGUubWFwcy5wbGFjZXMudjEuUGxhY2VzLlNlYXJjaFRleHQQAhgEIAA,Monday: 8:00 AM – 4:00 PM; Tuesday: 8:00 AM – 4:00 PM; Wednesday: 8:00 AM – 4:00 PM; Thursday: 8:00 AM – 4:00 PM; Friday: 8:00 AM – 12:00 PM; Saturday: Closed; Sunday: Closed,dental_clinic,Auckland,Albany Auckland,no_prices,2026-03-18
Bachmann Orthodontics,"51 Corinthian Drive, Albany, Auckland 0632, New Zealand",09 448 1128,+64 9 448 1128,http://bachmannorthodontics.co.nz/,4.8,33,OPERATIONAL,https://maps.google.com/?cid=16554470471424527616&g_mp=Cidnb29nbGUubWFwcy5wbGFjZXMudjEuUGxhY2VzLlNlYXJjaFRleHQQAhgEIAA,Monday: 7:45 AM – 5:30 PM; Tuesday: 7:45 AM – 5:30 PM; Wednesday: 7:45 AM – 5:30 PM; Thursday: 7:45 AM – 5:30 PM; Friday: Closed; Saturday: Closed; Sunday: Closed,dental_clinic,Auckland,Albany Auckland,no_prices,2026-03-18
ARDS,"19 Oakway Drive, Schnapper Rock, Auckland 0632, New Zealand",09 415 2059,+64 9 415 2059,http://www.ards.co.nz/,,,OPERATIONAL,https://maps.google.com/?cid=4733833485531353163&g_mp=Cidnb29nbGUubWFwcy5wbGFjZXMudjEuUGxhY2VzLlNlYXJjaFRleHQQAhgEIAA,Monday: 8:00 AM – 4:30 PM; Tuesday: 8:00 AM – 4:30 PM; Wednesday: 8:00 AM – 4:30 PM; Thursday: 8:00 AM – 4:30 PM; Friday: 8:00 AM – 4:30 PM; Saturday: Closed; Sunday: Closed,dental_clinic,Auckland,Albany Auckland,no_prices,2026-03-18
MoonStone Dental Care,"Unit K/101 Apollo Drive, Rosedale, Auckland 0632, New Zealand",09 475 6535,+64 9 475 6535,http://www.moonstonedentalcare.co.nz/,4.8,63,OPERATIONAL,https://maps.google.com/?cid=369494948807966282&g_mp=Cidnb29nbGUubWFwcy5wbGFjZXMudjEuUGxhY2VzLlNlYXJjaFRleHQQAhgEIAA,Monday: 8:30 AM – 5:00 PM; Tuesday: 8:30 AM – 5:00 PM; Wednesday: 8:30 AM – 5:00 PM; Thursday: 8:30 AM – 5:00 PM; Friday: 8:30 AM – 5:00 PM; Saturday: 9:30 AM – 2:00 PM; Sunday: Closed,dental_clinic,Auckland,Rosedale Auckland,no_prices,2026-03-18
W M Dental,"40A Constellation Drive, Rosedale, Auckland 0632, New Zealand",09 478 5233,+64 9 478 5233,http://www.wmdental.co.nz/,4.9,72,OPERATIONAL,https://maps.google.com/?cid=16641445977886145940&g_mp=Cidnb29nbGUubWFwcy5wbGFjZXMudjEuUGxhY2VzLlNlYXJjaFRleHQQAhgEIAA,Monday: 8:00 AM – 5:00 PM; Tuesday: 8:00 AM – 7:30 PM; Wednesday: 8:00 AM – 5:00 PM; Thursday: 8:00 AM – 7:30 PM; Friday: 8:00 AM – 4:00 PM; Saturday: Closed; Sunday: Closed,dental_clinic,Auckland,Rosedale Auckland,no_prices,2026-03-18
Star Dental,"44, Unit B/46 Constellation Drive, Rosedale, Auckland 0632, New Zealand",09 478 9466,+64 9 478 9466,https://stardental.co.nz/,4.9,128,OPERATIONAL,https://maps.google.com/?cid=12325543642211111315&g_mp=Cidnb29nbGUubWFwcy5wbGFjZXMudjEuUGxhY2VzLlNlYXJjaFRleHQQAhgEIAA,Monday: Closed; Tuesday: 9:00 AM – 5:30 PM; Wednesday: 9:00 AM – 5:30 PM; Thursday: 9:00 AM – 5:30 PM; Friday: 9:00 AM – 5:30 PM; Saturday: 9:00 AM – 5:30 PM; Sunday: Closed,dental_clinic,Auckland,Rosedale Auckland,no_prices,2026-03-18
Lumino Rosedale | Lumino The Dentists,"59 Apollo Drive, Rosedale, Auckland 0632, New Zealand",09 476 9059,+64 9 476 9059,https://lumino.co.nz/dentists/lumino-rosedale/?utm_source=google_business_profile&utm_medium=organic,4.8,24,OPERATIONAL,https://maps.google.com/?cid=18282774896601991925&g_mp=Cidnb29nbGUubWFwcy5wbGFjZXMudjEuUGxhY2VzLlNlYXJjaFRleHQQAhgEIAA,Monday: 8:30 AM – 5:00 PM; Tuesday: 8:30 AM – 5:00 PM; Wednesday: 8:30 AM – 5:00 PM; Thursday: 8:30 AM – 5:00 PM; Friday: 8:30 AM – 5:00 PM; Saturday: Closed; Sunday: Closed,dental_clinic,Auckland,Rosedale Auckland,no_prices,2026-03-18
Serenity Dental Group,"43 Apollo Drive, Rosedale, Auckland 0632, New Zealand",09 479 3580,+64 9 479 3580,http://www.serenitydental.co.nz/,4.4,16,OPERATIONAL,https://maps.google.com/?cid=14111475774965092093&g_mp=Cidnb29nbGUubWFwcy5wbGFjZXMudjEuUGxhY2VzLlNlYXJjaFRleHQQAhgEIAA,Monday: 9:30 AM – 4:30 PM; Tuesday: 9:30 AM – 4:30 PM; Wednesday: 9:30 AM – 4:30 PM; Thursday: 9:30 AM – 4:30 PM; Friday: 9:30 AM – 4:30 PM; Saturday: Closed; Sunday: Closed,dental_clinic,Auckland,Rosedale Auckland,no_prices,2026-03-18
Confidentures Denture Clinic - Rosedale,"101F Apollo Drive, Rosedale, Auckland 0632, New Zealand",0800 669 000,+64 800 669 000,https://confidentures.co.nz/locations/rosedale/,4.8,30,OPERATIONAL,https://maps.google.com/?cid=8213001454677165775&g_mp=Cidnb29nbGUubWFwcy5wbGFjZXMudjEuUGxhY2VzLlNlYXJjaFRleHQQAhgEIAA,Monday: 9:00 AM – 5:00 PM; Tuesday: 9:00 AM – 7:00 PM; Wednesday: 9:00 AM – 5:00 PM; Thursday: 9:00 AM – 5:00 PM; Friday: 9:00 AM – 5:00 PM; Saturday: Closed; Sunday: Closed,dental_clinic,Auckland,Rosedale Auckland,no_prices,2026-03-18
Northmed Dental,"512 East Coast Road, Windsor Park, Auckland 0630, New Zealand",09 886 4565,+64 9 886 4565,https://northmeddental.co.nz/services/?utm_source=GMB&utm_medium=Website&utm_campaign=Bays,4.9,79,OPERATIONAL,https://maps.google.com/?cid=14244746224555227163&g_mp=Cidnb29nbGUubWFwcy5wbGFjZXMudjEuUGxhY2VzLlNlYXJjaFRleHQQAhgEIAA,Monday: 9:00 AM – 5:00 PM; Tuesday: 9:00 AM – 5:00 PM; Wednesday: 9:00 AM – 5:00 PM; Thursday: 9:00 AM – 5:00 PM; Friday: 9:00 AM – 5:00 PM; Saturday: 9:00 AM – 5:00 PM; Sunday: Closed,dental_clinic,Auckland,Rosedale Auckland,no_prices,2026-03-18
Smile Dental,"Rosedale Road, Albany, Auckland 0632, New Zealand",09 477 3795,+64 9 477 3795,https://www.smiledental.co.nz/,3,4,OPERATIONAL,https://maps.google.com/?cid=16218142170585033306&g_mp=Cidnb29nbGUubWFwcy5wbGFjZXMudjEuUGxhY2VzLlNlYXJjaFRleHQQAhgEIAA,,dental_clinic,Auckland,Rosedale Auckland,no_prices,2026-03-18
All Health Medical,"15d Paul Matthews Road, Rosedale, Auckland 0632, New Zealand",09 393 6312,+64 9 393 6312,https://allhealthmedical.co.nz/,5,1,OPERATIONAL,https://maps.google.com/?cid=6056717306219433436&g_mp=Cidnb29nbGUubWFwcy5wbGFjZXMudjEuUGxhY2VzLlNlYXJjaFRleHQQAhgEIAA,Monday: 9:00 AM – 5:00 PM; Tuesday: 9:00 AM – 5:00 PM; Wednesday: 9:00 AM – 5:00 PM; Thursday: 9:00 AM – 5:00 PM; Friday: 9:00 AM – 5:00 PM; Saturday: Closed; Sunday: Closed,dental_clinic,Auckland,Unsworth Heights Auckland,no_prices,2026-03-18
OralCare+ Online Dental Supply Store,"243/249 Bush Road, Rosedale, Auckland 0632, New Zealand",,,http://www.oralcareplus.co.nz/,5,1,OPERATIONAL,https://maps.google.com/?cid=1543138385077589700&g_mp=Cidnb29nbGUubWFwcy5wbGFjZXMudjEuUGxhY2VzLlNlYXJjaFRleHQQAhgEIAA,Monday: 8:00 AM – 4:30 PM; Tuesday: 8:00 AM – 4:30 PM; Wednesday: 8:00 AM – 4:30 PM; Thursday: 8:00 AM – 4:30 PM; Friday: 8:00 AM – 4:30 PM; Saturday: Closed; Sunday: Closed,dental_clinic,Auckland,Unsworth Heights Auckland,no_prices,2026-03-18
Henry Schein New Zealand,"243/249 Bush Road, Rosedale, Auckland 0632, New Zealand",09 414 0040,+64 9 414 0040,http://www.henryschein.co.nz/,5,3,OPERATIONAL,https://maps.google.com/?cid=16177571671604018214&g_mp=Cidnb29nbGUubWFwcy5wbGFjZXMudjEuUGxhY2VzLlNlYXJjaFRleHQQAhgEIAA,Monday: 8:00 AM – 5:00 PM; Tuesday: 8:00 AM – 5:00 PM; Wednesday: 8:00 AM – 5:00 PM; Thursday: 8:00 AM – 5:00 PM; Friday: 8:00 AM – 5:00 PM; Saturday: Closed; Sunday: Closed,dental_clinic,Auckland,Unsworth Heights Auckland,no_prices,2026-03-18
Tend Constellation Drive Urgent Care Medical Centre,"5 Home Place, Rosedale, Auckland 0632, New Zealand",09 479 7770,+64 9 479 7770,https://www.tend.nz/locations/tend-constellation-drive?utm_source=google&utm_medium=organic&utm_campaign=gbp,4.3,952,OPERATIONAL,https://maps.google.com/?cid=7776921267867978912&g_mp=Cidnb29nbGUubWFwcy5wbGFjZXMudjEuUGxhY2VzLlNlYXJjaFRleHQQAhgEIAA,Monday: 8:00 AM – 6:30 PM; Tuesday: 8:00 AM – 6:30 PM; Wednesday: 8:00 AM – 6:30 PM; Thursday: 8:00 AM – 6:30 PM; Friday: 8:00 AM – 6:30 PM; Saturday: 8:00 AM – 6:30 PM; Sunday: 8:00 AM – 6:30 PM,dental_clinic,Auckland,Unsworth Heights Auckland,no_prices,2026-03-18
Oralart Dental Ceramics,"c/40 Constellation Drive, Rosedale, Auckland 0632, New Zealand",09 478 3373,+64 9 478 3373,http://www.oralart.co.nz/,4.2,10,OPERATIONAL,https://maps.google.com/?cid=4976680514000363752&g_mp=Cidnb29nbGUubWFwcy5wbGFjZXMudjEuUGxhY2VzLlNlYXJjaFRleHQQAhgEIAA,Monday: 8:00 AM – 5:00 PM; Tuesday: 8:00 AM – 5:00 PM; Wednesday: 8:00 AM – 5:00 PM; Thursday: 8:00 AM – 5:00 PM; Friday: 8:00 AM – 5:00 PM; Saturday: Closed; Sunday: Closed,dental_clinic,Auckland,Unsworth Heights Auckland,no_prices,2026-03-18
Ivoclar Vivadent Ltd,"12 Omega Street, Rosedale, Auckland 0632, New Zealand",0508 486 252,+64 508 486 252,https://www.ivoclar.com/en_nz,5,2,OPERATIONAL,https://maps.google.com/?cid=9694575802297197490&g_mp=Cidnb29nbGUubWFwcy5wbGFjZXMudjEuUGxhY2VzLlNlYXJjaFRleHQQAhgEIAA,Monday: 8:30 AM – 5:00 PM; Tuesday: 8:30 AM – 5:00 PM; Wednesday: 8:30 AM – 5:00 PM; Thursday: 8:30 AM – 5:00 PM; Friday: 8:30 AM – 5:00 PM; Saturday: Closed; Sunday: Closed,dental_clinic,Auckland,Unsworth Heights Auckland,no_prices,2026-03-18
Dr. Lakshay Kumar,"117 Sunnynook Road, Forrest Hill, Auckland 0620, New Zealand",09 449 2006,+64 9 449 2006,http://www.sunnynookdentist.co.nz/,5,9,OPERATIONAL,https://maps.google.com/?cid=3903461029240149590&g_mp=Cidnb29nbGUubWFwcy5wbGFjZXMudjEuUGxhY2VzLlNlYXJjaFRleHQQAhgEIAA,,dental_clinic,Auckland,Unsworth Heights Auckland,no_prices,2026-03-18
Dental Personnel,"12b/65 Paul Matthews Road, Rosedale, Auckland 0632, New Zealand",09 415 2550,+64 9 415 2550,http://www.dentalpersonnel.co.nz/,4.4,7,OPERATIONAL,https://maps.google.com/?cid=18224096317643258221&g_mp=Cidnb29nbGUubWFwcy5wbGFjZXMudjEuUGxhY2VzLlNlYXJjaFRleHQQAhgEIAA,Monday: 5:00 AM – 11:00 PM; Tuesday: 5:00 AM – 11:00 PM; Wednesday: 5:00 AM – 11:00 PM; Thursday: 5:00 AM – 11:00 PM; Friday: 5:00 AM – 11:00 PM; Saturday: 6:00 AM – 11:00 PM; Sunday: 6:00 AM – 11:00 PM,dental_clinic,Auckland,Unsworth Heights Auckland,no_prices,2026-03-18
Smile Store,"36 Arrenway Drive, Rosedale, Auckland 0632, New Zealand",0800 800 085,+64 800 800 085,http://www.smilestore.co.nz/,4.9,27,OPERATIONAL,https://maps.google.com/?cid=5916849664033120765&g_mp=Cidnb29nbGUubWFwcy5wbGFjZXMudjEuUGxhY2VzLlNlYXJjaFRleHQQAhgEIAA,Monday: 9:00 AM – 5:00 PM; Tuesday: 9:00 AM – 5:00 PM; Wednesday: 9:00 AM – 5:00 PM; Thursday: 9:00 AM – 5:00 PM; Friday: 9:00 AM – 5:00 PM; Saturday: Closed; Sunday: Closed,dental_clinic,Auckland,Unsworth Heights Auckland,no_prices,2026-03-18
Integrative Dental & Natural Health Centre,"9, Building # 3 - Unit #9/100 Bush Road, Rosedale, Auckland 0632, New Zealand",09 440 9585,+64 9 440 9585,http://www.dr-jacques-imbeau.com/,5,3,OPERATIONAL,https://maps.google.com/?cid=10845945553901991230&g_mp=Cidnb29nbGUubWFwcy5wbGFjZXMudjEuUGxhY2VzLlNlYXJjaFRleHQQAhgEIAA,,dental_clinic,Auckland,Unsworth Heights Auckland,no_prices,2026-03-18
Osstem Implant New Zealand,"Unit 10/6 Omega Street, Rosedale, Auckland 0632, New Zealand",09 600 1500,+64 9 600 1500,http://www.osstem.co.nz/,5,6,OPERATIONAL,https://maps.google.com/?cid=14589060269202950184&g_mp=Cidnb29nbGUubWFwcy5wbGFjZXMudjEuUGxhY2VzLlNlYXJjaFRleHQQAhgEIAA,Monday: 9:00 AM – 6:00 PM; Tuesday: 9:00 AM – 6:00 PM; Wednesday: 9:00 AM – 6:00 PM; Thursday: 9:00 AM – 6:00 PM; Friday: 9:00 AM – 6:00 PM; Saturday: Closed; Sunday: Closed,dental_clinic,Auckland,Unsworth Heights Auckland,no_prices,2026-03-18
Oraltec - A Division of Pharmaco (NZ) Ltd,"16 Parkway Drive, Mairangi Bay, Auckland 0632, New Zealand",09 478 2229,+64 9 478 2229,http://www.oraltec.co.nz/,5,2,OPERATIONAL,https://maps.google.com/?cid=9781968373569414113&g_mp=Cidnb29nbGUubWFwcy5wbGFjZXMudjEuUGxhY2VzLlNlYXJjaFRleHQQAhgEIAA,Monday: 8:30 AM – 5:00 PM; Tuesday: 8:30 AM – 5:00 PM; Wednesday: 8:30 AM – 5:00 PM; Thursday: 8:30 AM – 5:00 PM; Friday: 8:30 AM – 5:00 PM; Saturday: Closed; Sunday: Closed,dental_clinic,Auckland,Unsworth Heights Auckland,no_prices,2026-03-18
Teeth Movers & More Limited,"Unit O/239 Rosedale Road, Rosedale, Auckland 0632, New Zealand",09 869 5059,+64 9 869 5059,https://teethmovers.co.nz/,5,7,OPERATIONAL,https://maps.google.com/?cid=14440195732439591234&g_mp=Cidnb29nbGUubWFwcy5wbGFjZXMudjEuUGxhY2VzLlNlYXJjaFRleHQQAhgEIAA,Monday: 10:30 AM – 5:00 PM; Tuesday: 10:30 AM – 5:00 PM; Wednesday: 10:30 AM – 5:00 PM; Thursday: 10:30 AM – 5:00 PM; Friday: 10:30 AM – 5:00 PM; Saturday: Closed; Sunday: Closed,dental_clinic,Auckland,Unsworth Heights Auckland,no_prices,2026-03-18
NewAlign (HQ),"3B Piermark Drive, Rosedale, Auckland 0632, New Zealand",0800 639 254,+64 800 639 254,http://www.newalign.co.nz/,5,1,OPERATIONAL,https://maps.google.com/?cid=3983690139077074161&g_mp=Cidnb29nbGUubWFwcy5wbGFjZXMudjEuUGxhY2VzLlNlYXJjaFRleHQQAhgEIAA,Monday: 9:00 AM – 5:00 PM; Tuesday: 9:00 AM – 5:00 PM; Wednesday: 9:00 AM – 5:00 PM; Thursday: 9:00 AM – 5:00 PM; Friday: 9:00 AM – 5:00 PM; Saturday: Closed; Sunday: Closed,dental_clinic,Auckland,Unsworth Heights Auckland,no_prices,2026-03-18
Tooth Maker,"3E Tait Place, Rosedale, Auckland 0632, New Zealand",021 216 9801,+64 21 216 9801,,5,1,OPERATIONAL,https://maps.google.com/?cid=5705334054046797934&g_mp=Cidnb29nbGUubWFwcy5wbGFjZXMudjEuUGxhY2VzLlNlYXJjaFRleHQQAhgEIAA,Monday: 9:00 AM – 5:00 PM; Tuesday: 9:00 AM – 5:00 PM; Wednesday: 9:00 AM – 5:00 PM; Thursday: 9:00 AM – 5:00 PM; Friday: 9:00 AM – 5:00 PM; Saturday: Closed; Sunday: Closed,dental_clinic,Auckland,Unsworth Heights Auckland,no_prices,2026-03-18
Aluro Healthcare NZ,"36 Arrenway Drive, Mairangi Bay, Auckland 0632, New Zealand",09 477 0285,+64 9 477 0285,https://www.aluro.co.nz/,5,6,OPERATIONAL,https://maps.google.com/?cid=1971419407047170749&g_mp=Cidnb29nbGUubWFwcy5wbGFjZXMudjEuUGxhY2VzLlNlYXJjaFRleHQQAhgEIAA,Monday: 8:00 AM – 5:00 PM; Tuesday: 8:00 AM – 5:00 PM; Wednesday: 8:00 AM – 5:00 PM; Thursday: 8:00 AM – 5:00 PM; Friday: 8:00 AM – 5:00 PM; Saturday: Closed; Sunday: Closed,dental_clinic,Auckland,Unsworth Heights Auckland,no_prices,2026-03-18
Greenhithe Dental Boutique,"6/8 Greenhithe Road, Greenhithe, Auckland 0632, New Zealand",09 413 5109,+64 9 413 5109,http://greenhithedental.co.nz/,4.9,398,OPERATIONAL,https://maps.google.com/?cid=13662993801744254461&g_mp=Cidnb29nbGUubWFwcy5wbGFjZXMudjEuUGxhY2VzLlNlYXJjaFRleHQQAhgEIAA,Monday: 9:00 AM – 7:00 PM; Tuesday: 7:00 AM – 3:00 PM; Wednesday: 7:00 AM – 5:00 PM; Thursday: 8:00 AM – 7:00 PM; Friday: 7:00 AM – 4:00 PM; Saturday: 8:00 AM – 3:00 PM; Sunday: Closed,dental_clinic,Auckland,Unsworth Heights Auckland,no_prices,2026-03-18
Orewa Dental Centre,"26A Tamariki Avenue, Orewa 0931, New Zealand",09 426 4866,+64 9 426 4866,http://www.orewadc.co.nz/,4.7,13,OPERATIONAL,https://maps.google.com/?cid=9275009925711945329&g_mp=Cidnb29nbGUubWFwcy5wbGFjZXMudjEuUGxhY2VzLlNlYXJjaFRleHQQAhgEIAA,Monday: 8:00 AM – 5:00 PM; Tuesday: 8:00 AM – 5:00 PM; Wednesday: 8:00 AM – 5:00 PM; Thursday: 8:00 AM – 5:00 PM; Friday: 8:00 AM – 4:00 PM; Saturday: Closed; Sunday: Closed,dental_clinic,Auckland,Orewa Auckland,no_prices,2026-03-18
Smile Studio Orewa | Lumino The Dentists,"Tamariki Plaza Unit B/18 Tamariki Avenue, Orewa 0931, New Zealand",09 426 2251,+64 9 426 2251,https://lumino.co.nz/dentists/smile-studio-orewa/?utm_source=google_business_profile&utm_medium=organic,4.8,41,OPERATIONAL,https://maps.google.com/?cid=12559954286593850143&g_mp=Cidnb29nbGUubWFwcy5wbGFjZXMudjEuUGxhY2VzLlNlYXJjaFRleHQQAhgEIAA,Monday: 8:30 AM – 7:00 PM; Tuesday: 8:00 AM – 5:00 PM; Wednesday: 8:30 AM – 5:00 PM; Thursday: 8:30 AM – 7:00 PM; Friday: 8:30 AM – 5:00 PM; Saturday: Closed; Sunday: Closed,dental_clinic,Auckland,Orewa Auckland,no_prices,2026-03-18
The Denture Place Orewa,"Moana Avenue, Orewa 0931, New Zealand",09 424 3222,+64 9 424 3222,http://www.thedentureplace.co.nz/,5,4,OPERATIONAL,https://maps.google.com/?cid=14253072585733620105&g_mp=Cidnb29nbGUubWFwcy5wbGFjZXMudjEuUGxhY2VzLlNlYXJjaFRleHQQAhgEIAA,Monday: 9:00 AM – 5:00 PM; Tuesday: 9:00 AM – 5:00 PM; Wednesday: 9:00 AM – 5:00 PM; Thursday: 9:00 AM – 5:00 PM; Friday: 9:00 AM – 5:00 PM; Saturday: Closed; Sunday: Closed,dental_clinic,Auckland,Orewa Auckland,no_prices,2026-03-18
Orewa Medical Centre,"Orewa Medical Plaza 8D Tamariki Avenue, Stanmore Bay, Orewa 0931, New Zealand",09 426 5437,+64 9 426 5437,https://orewamedicalcentre.co.nz/,3.4,67,OPERATIONAL,https://maps.google.com/?cid=7808502469165513340&g_mp=Cidnb29nbGUubWFwcy5wbGFjZXMudjEuUGxhY2VzLlNlYXJjaFRleHQQAhgEIAA,Monday: 8:10 AM – 5:00 PM; Tuesday: 8:10 AM – 5:00 PM; Wednesday: 8:10 AM – 5:00 PM; Thursday: 8:10 AM – 5:00 PM; Friday: 8:10 AM – 5:00 PM; Saturday: Closed; Sunday: Closed,dental_clinic,Auckland,Orewa Auckland,no_prices,2026-03-18
Hauraki Smiles Dental Laboratory Ltd.,"39a Florence Avenue, Orewa 0931, New Zealand",09 428 3120,+64 9 428 3120,http://www.haurakismiles.co.nz/,5,2,OPERATIONAL,https://maps.google.com/?cid=8931452501762011895&g_mp=Cidnb29nbGUubWFwcy5wbGFjZXMudjEuUGxhY2VzLlNlYXJjaFRleHQQAhgEIAA,Monday: Open 24 hours; Tuesday: Open 24 hours; Wednesday: Open 24 hours; Thursday: Open 24 hours; Friday: Open 24 hours; Saturday: Open 24 hours; Sunday: Open 24 hours,dental_clinic,Auckland,Orewa Auckland,no_prices,2026-03-18
Orewa Beach Veterinary Clinic,"39 Florence Avenue, Orewa 0931, New Zealand",09 426 9950,+64 9 426 9950,https://www.orewabeachvetclinic.co.nz/?utm_source=google&utm_medium=organic&utm_campaign=gmb,4.8,209,OPERATIONAL,https://maps.google.com/?cid=9635373332059876523&g_mp=Cidnb29nbGUubWFwcy5wbGFjZXMudjEuUGxhY2VzLlNlYXJjaFRleHQQAhgEIAA,Monday: 8:00 AM – 6:00 PM; Tuesday: 8:00 AM – 6:00 PM; Wednesday: 8:00 AM – 6:00 PM; Thursday: 8:00 AM – 6:00 PM; Friday: 8:00 AM – 5:00 PM; Saturday: 9:00 AM – 12:30 PM; Sunday: Closed,dental_clinic,Auckland,Orewa Auckland,no_prices,2026-03-18
Millwater Dental,"Unit 21 Millwater Central, 175 Millwater Parkway, Silverdale 0992, New Zealand",09 972 1518,+64 9 972 1518,http://www.millwaterdental.co.nz/,4.7,22,OPERATIONAL,https://maps.google.com/?cid=8443402049495646295&g_mp=Cidnb29nbGUubWFwcy5wbGFjZXMudjEuUGxhY2VzLlNlYXJjaFRleHQQAhgEIAA,Monday: 8:00 AM – 6:00 PM; Tuesday: 8:00 AM – 6:00 PM; Wednesday: 8:00 AM – 6:00 PM; Thursday: 8:00 AM – 6:00 PM; Friday: 8:00 AM – 5:00 PM; Saturday: Closed; Sunday: Closed,dental_clinic,Auckland,Orewa Auckland,no_prices,2026-03-18
Life Pharmacy Orewa,"8 Tamariki Avenue, Orewa 0931, New Zealand",09 426 4087,+64 9 426 4087,https://lifepharmacyorewa.co.nz/?utm_source=Orewa&utm_medium=googleplaces,4.2,232,OPERATIONAL,https://maps.google.com/?cid=13870567398181957742&g_mp=Cidnb29nbGUubWFwcy5wbGFjZXMudjEuUGxhY2VzLlNlYXJjaFRleHQQAhgEIAA,Monday: 8:30 AM – 6:00 PM; Tuesday: 8:30 AM – 6:00 PM; Wednesday: 8:30 AM – 6:00 PM; Thursday: 8:30 AM – 6:00 PM; Friday: 8:30 AM – 6:00 PM; Saturday: 9:00 AM – 5:00 PM; Sunday: 10:00 AM – 4:00 PM,dental_clinic,Auckland,Orewa Auckland,no_prices,2026-03-18
New World,"11 Moana Avenue, Orewa 0931, New Zealand",09 427 0117,+64 9 427 0117,http://www.newworld.co.nz/,4.2,1141,OPERATIONAL,https://maps.google.com/?cid=8216162246219869736&g_mp=Cidnb29nbGUubWFwcy5wbGFjZXMudjEuUGxhY2VzLlNlYXJjaFRleHQQAhgEIAA,Monday: 7:00 AM – 9:00 PM; Tuesday: 7:00 AM – 9:00 PM; Wednesday: 7:00 AM – 9:00 PM; Thursday: 7:00 AM – 9:00 PM; Friday: 7:00 AM – 9:00 PM; Saturday: 7:00 AM – 9:00 PM; Sunday: 7:00 AM – 9:00 PM,dental_clinic,Auckland,Orewa Auckland,no_prices,2026-03-18
Unichem Hickeys Pharmacy,"16 Moana Avenue, Orewa 0931, New Zealand",09 426 5659,+64 9 426 5659,https://hickeyspharmacy.co.nz/,3.5,42,OPERATIONAL,https://maps.google.com/?cid=15118104898326013374&g_mp=Cidnb29nbGUubWFwcy5wbGFjZXMudjEuUGxhY2VzLlNlYXJjaFRleHQQAhgEIAA,Monday: 8:30 AM – 5:30 PM; Tuesday: 8:30 AM – 5:30 PM; Wednesday: 8:30 AM – 5:30 PM; Thursday: 8:30 AM – 5:30 PM; Friday: 8:30 AM – 5:30 PM; Saturday: 9:00 AM – 4:00 PM; Sunday: 9:30 AM – 3:00 PM,dental_clinic,Auckland,Orewa Auckland,no_prices,2026-03-18
silverdale childrens dental clinic,"170 Millwater Parkway, Stanmore Bay, Silverdale 0992, New Zealand",09 426 8470,+64 9 426 8470,,3.6,12,OPERATIONAL,https://maps.google.com/?cid=11178614669398990604&g_mp=Cidnb29nbGUubWFwcy5wbGFjZXMudjEuUGxhY2VzLlNlYXJjaFRleHQQAhgEIAA,Monday: 8:00 AM – 4:30 PM; Tuesday: 8:00 AM – 4:30 PM; Wednesday: 8:00 AM – 4:30 PM; Thursday: 8:00 AM – 4:30 PM; Friday: 8:00 AM – 4:30 PM; Saturday: Closed; Sunday: Closed,dental_clinic,Auckland,Orewa Auckland,no_prices,2026-03-18
Susan Carpenter Orthodontist,"16 Florence Avenue, Orewa 0931, New Zealand",09 426 8872,+64 9 426 8872,http://www.orewaorthodontist.co.nz/,3.2,6,OPERATIONAL,https://maps.google.com/?cid=3782112143178771089&g_mp=Cidnb29nbGUubWFwcy5wbGFjZXMudjEuUGxhY2VzLlNlYXJjaFRleHQQAhgEIAA,Monday: 8:15 AM – 5:30 PM; Tuesday: 8:15 AM – 5:30 PM; Wednesday: 8:15 AM – 5:30 PM; Thursday: 8:15 AM – 3:00 PM; Friday: Closed; Saturday: Closed; Sunday: Closed,dental_clinic,Auckland,Orewa Auckland,no_prices,2026-03-18
The Dental Bach,"B13/584 Whangaparaoa Road, New World retail complex, Stanmore Bay, Whangaparāoa 0932, New Zealand",09 424 1111,+64 9 424 1111,http://thedentalbach.co.nz/,4.7,89,OPERATIONAL,https://maps.google.com/?cid=11919397088785891840&g_mp=Cidnb29nbGUubWFwcy5wbGFjZXMudjEuUGxhY2VzLlNlYXJjaFRleHQQAhgEIAA,Monday: 8:30 AM – 7:00 PM; Tuesday: 8:30 AM – 5:30 PM; Wednesday: 8:30 AM – 7:00 PM; Thursday: 8:30 AM – 5:30 PM; Friday: 8:30 AM – 5:30 PM; Saturday: 10:00 AM – 2:00 PM; Sunday: Closed,dental_clinic,Auckland,Orewa Auckland,no_prices,2026-03-18
Lumino Implant Centre,"18 Tamariki Avenue, Orewa 0931, New Zealand",09 426 2251,+64 9 426 2251,,,,OPERATIONAL,https://maps.google.com/?cid=2186098903502043136&g_mp=Cidnb29nbGUubWFwcy5wbGFjZXMudjEuUGxhY2VzLlNlYXJjaFRleHQQAhgEIAA,,dental_clinic,Auckland,Orewa Auckland,no_prices,2026-03-18
"The Dental Suite, Silverdale","6/44 Silverdale Street, Silverdale 0932, New Zealand",09 426 5262,+64 9 426 5262,http://www.dentalsuite.co.nz/,4.8,62,OPERATIONAL,https://maps.google.com/?cid=5134189865835113411&g_mp=Cidnb29nbGUubWFwcy5wbGFjZXMudjEuUGxhY2VzLlNlYXJjaFRleHQQAhgEIAA,Monday: 8:30 AM – 5:30 PM; Tuesday: 8:30 AM – 5:30 PM; Wednesday: 8:30 AM – 5:30 PM; Thursday: 8:30 AM – 5:30 PM; Friday: 8:30 AM – 5:30 PM; Saturday: 8:30 AM – 3:30 PM; Sunday: Closed,dental_clinic,Auckland,Silverdale Auckland,no_prices,2026-03-18
Prestige Dental,"3/3 Brian Smith Drive, Silverdale 0932, New Zealand",09 553 6490,+64 9 553 6490,https://prestigedental.co.nz/,4.8,31,OPERATIONAL,https://maps.google.com/?cid=7095990922307442508&g_mp=Cidnb29nbGUubWFwcy5wbGFjZXMudjEuUGxhY2VzLlNlYXJjaFRleHQQAhgEIAA,Monday: 8:30 AM – 5:00 PM; Tuesday: 8:30 AM – 5:00 PM; Wednesday: 8:30 AM – 5:00 PM; Thursday: 8:30 AM – 5:00 PM; Friday: 8:30 AM – 5:00 PM; Saturday: Closed; Sunday: Closed,dental_clinic,Auckland,Silverdale Auckland,no_prices,2026-03-18
Dazzle family dental,"Shop 3/1 Alberto Lane, Silverdale 0932, New Zealand",09 421 1140,+64 9 421 1140,http://www.dazzlefamilydental.co.nz/,4.9,59,OPERATIONAL,https://maps.google.com/?cid=18250635044474495920&g_mp=Cidnb29nbGUubWFwcy5wbGFjZXMudjEuUGxhY2VzLlNlYXJjaFRleHQQAhgEIAA,Monday: 8:30 AM – 5:00 PM; Tuesday: 8:30 AM – 5:00 PM; Wednesday: 8:30 AM – 5:00 PM; Thursday: 8:30 AM – 5:00 PM; Friday: 8:30 AM – 5:00 PM; Saturday: 9:30 AM – 3:30 PM; Sunday: Closed,dental_clinic,Auckland,Silverdale Auckland,no_prices,2026-03-18
Silverdale Medical,"7 Polarity Rise, Silverdale 0932, New Zealand",09 427 9997,+64 9 427 9997,http://www.silverdalemedical.co.nz/,2.8,252,OPERATIONAL,https://maps.google.com/?cid=7325905713488797402&g_mp=Cidnb29nbGUubWFwcy5wbGFjZXMudjEuUGxhY2VzLlNlYXJjaFRleHQQAhgEIAA,Monday: 8:00 AM – 8:00 PM; Tuesday: 8:00 AM – 8:00 PM; Wednesday: 8:00 AM – 8:00 PM; Thursday: 8:00 AM – 8:00 PM; Friday: 8:00 AM – 8:00 PM; Saturday: 8:00 AM – 8:00 PM; Sunday: 8:00 AM – 8:00 PM,dental_clinic,Auckland,Silverdale Auckland,no_prices,2026-03-18
Stanmore Bay Dental Studio,"7/651 Whangaparaoa Road, Stanmore Bay, Whangaparāoa 0930, New Zealand",09 424 0651,+64 9 424 0651,https://www.dentalstudio.nz/,5,345,OPERATIONAL,https://maps.google.com/?cid=15063923476595044286&g_mp=Cidnb29nbGUubWFwcy5wbGFjZXMudjEuUGxhY2VzLlNlYXJjaFRleHQQAhgEIAA,Monday: 8:30 AM – 5:30 PM; Tuesday: 8:30 AM – 5:30 PM; Wednesday: 8:30 AM – 5:30 PM; Thursday: 8:30 AM – 5:30 PM; Friday: 8:30 AM – 5:30 PM; Saturday: Closed; Sunday: Closed,dental_clinic,Auckland,Gulf Harbour Auckland,no_prices,2026-03-18
Telos Dental Technology,"855 Whangaparaoa Road, Manly, Whangaparāoa 0930, New Zealand",,,https://www.telosdentaltechnology.com/,5,1,OPERATIONAL,https://maps.google.com/?cid=14602722709946274243&g_mp=Cidnb29nbGUubWFwcy5wbGFjZXMudjEuUGxhY2VzLlNlYXJjaFRleHQQAhgEIAA,Monday: 9:00 AM – 4:00 PM; Tuesday: 9:00 AM – 4:00 PM; Wednesday: 9:00 AM – 4:00 PM; Thursday: 9:00 AM – 4:00 PM; Friday: 9:00 AM – 4:00 PM; Saturday: Closed; Sunday: Closed,dental_clinic,Auckland,Manly Auckland,no_prices,2026-03-18
Stanmore Bay Denture Service,"unit g/592 Whangaparaoa Road, Stanmore Bay, Whangaparāoa 0932, New Zealand",09 424 7004,+64 9 424 7004,http://www.stanmorebaydentures.co.nz/,4.8,5,OPERATIONAL,https://maps.google.com/?cid=18215960560426468943&g_mp=Cidnb29nbGUubWFwcy5wbGFjZXMudjEuUGxhY2VzLlNlYXJjaFRleHQQAhgEIAA,Monday: 9:00 AM – 5:00 PM; Tuesday: 9:00 AM – 5:00 PM; Wednesday: 9:00 AM – 5:00 PM; Thursday: 9:00 AM – 5:00 PM; Friday: 9:00 AM – 1:00 PM; Saturday: Closed; Sunday: Closed,dental_clinic,Auckland,Stanmore Bay Auckland,no_prices,2026-03-18
The Hygienists & Co,"62 Queen Street, Warkworth 0910, New Zealand",,,,5,81,OPERATIONAL,https://maps.google.com/?cid=14114000988088549179&g_mp=Cidnb29nbGUubWFwcy5wbGFjZXMudjEuUGxhY2VzLlNlYXJjaFRleHQQAhgEIAA,Monday: 10:00 AM – 2:00 PM; Tuesday: 10:00 AM – 2:00 PM; Wednesday: 10:00 AM – 4:30 PM; Thursday: 10:00 AM – 4:30 PM; Friday: 9:00 AM – 2:00 PM; Saturday: 10:00 AM – 2:00 PM; Sunday: Closed,dental_clinic,Auckland,Algies Bay Auckland,no_prices,2026-03-18
Headspace Clinic - Dental hygiene & Aesthetics,"62 Queen Street, Warkworth 0910, New Zealand",09 955 7137,+64 9 955 7137,https://booking.au.hsone.app/soe/new?pid=NZWIS01#/perspectives/1,5,33,OPERATIONAL,https://maps.google.com/?cid=15775972813443902623&g_mp=Cidnb29nbGUubWFwcy5wbGFjZXMudjEuUGxhY2VzLlNlYXJjaFRleHQQAhgEIAA,Monday: 10:00 AM – 3:00 PM; Tuesday: 10:00 AM – 3:00 PM; Wednesday: Closed; Thursday: Closed; Friday: 9:00 AM – 4:00 PM; Saturday: Closed; Sunday: Closed,dental_clinic,Auckland,Algies Bay Auckland,no_prices,2026-03-18
New Zealand Dental Association,"195 Main Highway, Ellerslie South, Auckland 1051, New Zealand",09 579 8001,+64 9 579 8001,http://www.nzda.org.nz/,4.2,25,OPERATIONAL,https://maps.google.com/?cid=16105605769554888991&g_mp=Cidnb29nbGUubWFwcy5wbGFjZXMudjEuUGxhY2VzLlNlYXJjaFRleHQQAhgEIAA,Monday: 8:00 AM – 5:00 PM; Tuesday: 8:00 AM – 5:00 PM; Wednesday: 8:00 AM – 5:00 PM; Thursday: 8:00 AM – 5:00 PM; Friday: 8:00 AM – 5:00 PM; Saturday: Closed; Sunday: Closed,dental_clinic,Auckland,Leigh Auckland,no_prices,2026-03-18
Implants & Cosmetics Institute,"205 Great South Road, Greenlane, Auckland 1051, New Zealand",09 520 1521,+64 9 520 1521,http://www.gld.co.nz/,,,OPERATIONAL,https://maps.google.com/?cid=15881701376538209716&g_mp=Cidnb29nbGUubWFwcy5wbGFjZXMudjEuUGxhY2VzLlNlYXJjaFRleHQQAhgEIAA,,dental_clinic,Auckland,Leigh Auckland,no_prices,2026-03-18
Waiheke Dental Centre,"2 Putiki Road, Ostend, Waiheke Island 1081, New Zealand",09 372 7422,+64 9 372 7422,https://waihekedental.co.nz/,4.9,12,OPERATIONAL,https://maps.google.com/?cid=10217059029770050117&g_mp=Cidnb29nbGUubWFwcy5wbGFjZXMudjEuUGxhY2VzLlNlYXJjaFRleHQQAhgEIAA,Monday: 9:15 AM – 5:00 PM; Tuesday: 8:30 AM – 7:30 PM; Wednesday: 9:00 AM – 5:00 PM; Thursday: 8:00 AM – 7:30 PM; Friday: 8:00 AM – 2:00 PM; Saturday: Closed; Sunday: Closed,dental_clinic,Auckland,Waiheke Island Auckland,no_prices,2026-03-18
Oneroa Dental Surgery,"Pendragon Mall 9/118 Ocean View Road, Oneroa, Waiheke Island 1081, New Zealand",09 372 6849,+64 9 372 6849,https://www.oneroadental.co.nz/,4.9,17,OPERATIONAL,https://maps.google.com/?cid=15666259171765466286&g_mp=Cidnb29nbGUubWFwcy5wbGFjZXMudjEuUGxhY2VzLlNlYXJjaFRleHQQAhgEIAA,Monday: 8:00 AM – 6:00 PM; Tuesday: 8:00 AM – 6:00 PM; Wednesday: 8:00 AM – 6:00 PM; Thursday: 8:00 AM – 6:00 PM; Friday: 8:00 AM – 4:00 PM; Saturday: Closed; Sunday: Closed,dental_clinic,Auckland,Waiheke Island Auckland,no_prices,2026-03-18
Te Huruhi School Dental Clinic,"7 Donald Bruce Road, Surfdale, Waiheke Island 1081, New Zealand",,,,,,OPERATIONAL,https://maps.google.com/?cid=14207383742979241217&g_mp=Cidnb29nbGUubWFwcy5wbGFjZXMudjEuUGxhY2VzLlNlYXJjaFRleHQQAhgEIAA,,dental_clinic,Auckland,Waiheke Island Auckland,no_prices,2026-03-18
Clinical Smiles Waiheke Island,"2 Putiki Road, Ostend, Waiheke Island 1081, New Zealand",0210 282 3674,+64 210 282 3674,https://www.clinicalsmiles.co.nz/,,,OPERATIONAL,https://maps.google.com/?cid=10072323181967801725&g_mp=Cidnb29nbGUubWFwcy5wbGFjZXMudjEuUGxhY2VzLlNlYXJjaFRleHQQAhgEIAA,Monday: Closed; Tuesday: Closed; Wednesday: 8:30 AM – 3:00 PM; Thursday: Closed; Friday: Closed; Saturday: Closed; Sunday: Closed,dental_clinic,Auckland,Waiheke Island Auckland,no_prices,2026-03-18
Fraser Dental,"1 Wiseley Road, Hobsonville, Auckland 0618, New Zealand",09 416 5050,+64 9 416 5050,http://www.fraserdental.co.nz/,4.8,99,OPERATIONAL,https://maps.google.com/?cid=1290344240630637099&g_mp=Cidnb29nbGUubWFwcy5wbGFjZXMudjEuUGxhY2VzLlNlYXJjaFRleHQQAhgEIAA,Monday: 8:00 AM – 5:00 PM; Tuesday: 8:00 AM – 5:00 PM; Wednesday: 8:00 AM – 5:00 PM; Thursday: 8:00 AM – 5:00 PM; Friday: 8:00 AM – 5:00 PM; Saturday: Closed; Sunday: Closed,dental_clinic,Auckland,Great Barrier Island Auckland,no_prices,2026-03-18
Go Great Barrier Island,"Great Barrier Island 172 Gray Road, Auckland 0961, New Zealand",022 354 8869,+64 22 354 8869,http://www.greatbarrierislandtourism.co.nz/,4.7,20,OPERATIONAL,https://maps.google.com/?cid=13651067625703266044&g_mp=Cidnb29nbGUubWFwcy5wbGFjZXMudjEuUGxhY2VzLlNlYXJjaFRleHQQAhgEIAA,Monday: Open 24 hours; Tuesday: Open 24 hours; Wednesday: Open 24 hours; Thursday: Open 24 hours; Friday: Open 24 hours; Saturday: Open 24 hours; Sunday: Open 24 hours,dental_clinic,Auckland,Great Barrier Island Auckland,no_prices,2026-03-18
GBI Campground,"40 Schooner Bay Road, Great Barrier Island, Auckland 0991, New Zealand",021 298 8905,+64 21 298 8905,,5,4,OPERATIONAL,https://maps.google.com/?cid=16643109243910680577&g_mp=Cidnb29nbGUubWFwcy5wbGFjZXMudjEuUGxhY2VzLlNlYXJjaFRleHQQAhgEIAA,Monday: Open 24 hours; Tuesday: Open 24 hours; Wednesday: Open 24 hours; Thursday: Open 24 hours; Friday: Open 24 hours; Saturday: Open 24 hours; Sunday: Open 24 hours,dental_clinic,Auckland,Great Barrier Island Auckland,no_prices,2026-03-18
Hobsonville Point Dental,"2b/160 Hobsonville Point Road, Hobsonville Point, Auckland 0616, New Zealand",09 320 0504,+64 9 320 0504,https://www.hobsonvillepointdental.co.nz/,5,105,OPERATIONAL,https://maps.google.com/?cid=4091670077253785763&g_mp=Cidnb29nbGUubWFwcy5wbGFjZXMudjEuUGxhY2VzLlNlYXJjaFRleHQQAhgEIAA,Monday: 8:00 AM – 5:00 PM; Tuesday: 8:00 AM – 7:00 PM; Wednesday: 8:00 AM – 5:00 PM; Thursday: 8:00 AM – 5:00 PM; Friday: 8:00 AM – 3:30 PM; Saturday: Closed; Sunday: Closed,dental_clinic,Auckland,Great Barrier Island Auckland,no_prices,2026-03-18
Great Barrier Island,"Great Barrier Island, Auckland 0991, New Zealand",,,,4.9,150,,https://maps.google.com/?cid=1081127115368973440&g_mp=Cidnb29nbGUubWFwcy5wbGFjZXMudjEuUGxhY2VzLlNlYXJjaFRleHQQAhgEIAA,,dental_clinic,Auckland,Great Barrier Island Auckland,no_prices,2026-03-18
Hobsonville Dental Centre,"124 Hobsonville Road, Hobsonville, Auckland 0618, New Zealand",09 416 7683,+64 9 416 7683,,4.2,21,OPERATIONAL,https://maps.google.com/?cid=2002368923882916340&g_mp=Cidnb29nbGUubWFwcy5wbGFjZXMudjEuUGxhY2VzLlNlYXJjaFRleHQQAhgEIAA,Monday: 9:00 AM – 5:00 PM; Tuesday: 9:00 AM – 5:00 PM; Wednesday: 9:00 AM – 5:00 PM; Thursday: 9:00 AM – 5:00 PM; Friday: 9:00 AM – 5:00 PM; Saturday: Closed; Sunday: Closed,dental_clinic,Auckland,Great Barrier Island Auckland,no_prices,2026-03-18
DentCare Dental Lab New Zealand Ltd,"297A Church Street, Onehunga, Auckland 1061, New Zealand",027 257 1646,+64 27 257 1646,http://www.dentcaredental.co.nz/,5,21,OPERATIONAL,https://maps.google.com/?cid=15619088191759478706&g_mp=Cidnb29nbGUubWFwcy5wbGFjZXMudjEuUGxhY2VzLlNlYXJjaFRleHQQAhgEIAA,Monday: 9:00 AM – 6:00 PM; Tuesday: 9:00 AM – 6:00 PM; Wednesday: 9:01 AM – 6:00 PM; Thursday: 9:00 AM – 6:00 PM; Friday: 9:00 AM – 6:00 PM; Saturday: 9:00 AM – 12:00 PM; Sunday: Closed,dental_clinic,Auckland,Great Barrier Island Auckland,no_prices,2026-03-18
