name,address,phone_national,phone_international,website,rating,total_ratings,business_status,google_maps_url,opening_hours,category,region,town
Brightwater School Dental Clinic,"106 Ellis Street, Brightwater 7022, New Zealand",03 541 8333,+64 3 541 8333,,,,CLOSED_PERMANENTLY,https://maps.google.com/?cid=15052638000933087374&g_mp=Cidnb29nbGUubWFwcy5wbGFjZXMudjEuUGxhY2VzLlNlYXJjaFRleHQQAhgEIAA,,dental_clinic,Nelson/Tasman,Brightwater
Mapua Dental Service,"101-A Aranui Road, Māpua 7005, New Zealand",03 548 6564,+64 3 548 6564,,5,2,OPERATIONAL,https://maps.google.com/?cid=10972726854839927435&g_mp=Cidnb29nbGUubWFwcy5wbGFjZXMudjEuUGxhY2VzLlNlYXJjaFRleHQQAhgEIAA,Monday: Closed; Tuesday: Closed; Wednesday: Closed; Thursday: 8:30 AM – 5:00 PM; Friday: 8:30 AM – 5:00 PM; Saturday: Closed; Sunday: Closed,dental_clinic,Nelson/Tasman,Māpua
Mapua School Dental Clinic,"4 Stafford Drive, Māpua 7005, New Zealand",03 540 2601,+64 3 540 2601,,,,OPERATIONAL,https://maps.google.com/?cid=15896283092965292254&g_mp=Cidnb29nbGUubWFwcy5wbGFjZXMudjEuUGxhY2VzLlNlYXJjaFRleHQQAhgEIAA,,dental_clinic,Nelson/Tasman,Māpua
One Dental - Mapua,"66 Aranui Road, Best Island, Māpua 7005, New Zealand",03 540 3440,+64 3 540 3440,http://www.onedental.co.nz/,5,13,OPERATIONAL,https://maps.google.com/?cid=17265427583643169763&g_mp=Cidnb29nbGUubWFwcy5wbGFjZXMudjEuUGxhY2VzLlNlYXJjaFRleHQQAhgEIAA,Monday: 8:30 AM – 5:00 PM; Tuesday: 8:30 AM – 5:00 PM; Wednesday: 8:30 AM – 5:00 PM; Thursday: 8:30 AM – 5:00 PM; Friday: 8:30 AM – 5:00 PM; Saturday: Closed; Sunday: Closed,dental_clinic,Nelson/Tasman,Māpua
Emmaus Dental | Motueka,"20 Greenwood Street, Motueka 7120, New Zealand",03 528 0303,+64 3 528 0303,http://www.emmaus.dental/,4.6,10,OPERATIONAL,https://maps.google.com/?cid=12353055678118090449&g_mp=Cidnb29nbGUubWFwcy5wbGFjZXMudjEuUGxhY2VzLlNlYXJjaFRleHQQAhgEIAA,Monday: 8:30 AM – 5:00 PM; Tuesday: 8:30 AM – 5:00 PM; Wednesday: 8:30 AM – 5:00 PM; Thursday: 8:30 AM – 5:00 PM; Friday: 8:30 AM – 5:00 PM; Saturday: Closed; Sunday: Closed,dental_clinic,Nelson/Tasman,Motueka
Steph Wills Dental Motueka,"106 High Street, Motueka 7120, New Zealand",03 528 0032,+64 3 528 0032,https://www.stephwillsdental.co.nz/,4,16,OPERATIONAL,https://maps.google.com/?cid=17289652665837014653&g_mp=Cidnb29nbGUubWFwcy5wbGFjZXMudjEuUGxhY2VzLlNlYXJjaFRleHQQAhgEIAA,Monday: 8:00 AM – 5:00 PM; Tuesday: 8:00 AM – 5:00 PM; Wednesday: 8:00 AM – 5:00 PM; Thursday: 8:00 AM – 5:00 PM; Friday: 8:00 AM – 5:00 PM; Saturday: Closed; Sunday: Closed,dental_clinic,Nelson/Tasman,Motueka
Access Dental NZ Ltd | Nelson Dental Surgery,"122 Kawai Street, Nelson South, Nelson 7010, New Zealand",03 548 3971,+64 3 548 3971,http://www.accessdental.co.nz/,4.9,353,OPERATIONAL,https://maps.google.com/?cid=12031847740550290665&g_mp=Cidnb29nbGUubWFwcy5wbGFjZXMudjEuUGxhY2VzLlNlYXJjaFRleHQQAhgEIAA,Monday: 8:30 AM – 5:00 PM; Tuesday: 8:30 AM – 6:00 PM; Wednesday: 8:30 AM – 5:00 PM; Thursday: 8:30 AM – 5:00 PM; Friday: 8:30 AM – 3:00 PM; Saturday: Closed; Sunday: Closed,dental_clinic,Nelson/Tasman,Nelson
Advanced Dental,"70 Collingwood Street, Nelson 7010, New Zealand",03 548 4675,+64 3 548 4675,https://www.advanceddental.co.nz/,4.7,21,OPERATIONAL,https://maps.google.com/?cid=18188072451340246668&g_mp=Cidnb29nbGUubWFwcy5wbGFjZXMudjEuUGxhY2VzLlNlYXJjaFRleHQQAhgEIAA,Monday: 8:00 AM – 5:00 PM; Tuesday: 8:00 AM – 5:00 PM; Wednesday: 8:00 AM – 5:00 PM; Thursday: 8:00 AM – 5:00 PM; Friday: 8:00 AM – 5:00 PM; Saturday: Closed; Sunday: Closed,dental_clinic,Nelson/Tasman,Nelson
AM Dental Ltd.,"193 Milton Street, The Wood, Nelson 7010, New Zealand",03 548 4345,+64 3 548 4345,http://fellworthhouse.co.nz/,4.6,60,OPERATIONAL,https://maps.google.com/?cid=7475851385290157047&g_mp=Cidnb29nbGUubWFwcy5wbGFjZXMudjEuUGxhY2VzLlNlYXJjaFRleHQQAhgEIAA,Monday: 9:00 AM – 6:00 PM; Tuesday: 9:00 AM – 6:00 PM; Wednesday: 9:00 AM – 6:00 PM; Thursday: 9:00 AM – 6:00 PM; Friday: 9:00 AM – 6:00 PM; Saturday: 9:00 AM – 6:00 PM; Sunday: 9:00 AM – 6:00 PM,dental_clinic,Nelson/Tasman,Nelson
Community Oral Health,"225 Nayland Road, Stoke, Nelson 7011, New Zealand",03 539 5321,+64 3 539 5321,,,,OPERATIONAL,https://maps.google.com/?cid=6105728142500354805&g_mp=Cidnb29nbGUubWFwcy5wbGFjZXMudjEuUGxhY2VzLlNlYXJjaFRleHQQAhgEIAA,Monday: 8:00 AM – 5:00 PM; Tuesday: 8:00 AM – 5:00 PM; Wednesday: 8:00 AM – 5:00 PM; Thursday: 8:00 AM – 5:00 PM; Friday: 8:00 AM – 5:00 PM; Saturday: Closed; Sunday: Closed,dental_clinic,Nelson/Tasman,Nelson
Community Oral Health Services,"32 Franklyn Street, Nelson South, Nelson 7010, New Zealand",03 539 5324,+64 3 539 5324,,5,3,OPERATIONAL,https://maps.google.com/?cid=14367006894282388003&g_mp=Cidnb29nbGUubWFwcy5wbGFjZXMudjEuUGxhY2VzLlNlYXJjaFRleHQQAhgEIAA,,dental_clinic,Nelson/Tasman,Nelson
Dental Aesthetics Limited,"132 Collingwood Street, Nelson 7010, New Zealand",03 545 8440,+64 3 545 8440,https://www.dentalaesthetics.co.nz/our-team/,,,OPERATIONAL,https://maps.google.com/?cid=15958413251492972337&g_mp=Cidnb29nbGUubWFwcy5wbGFjZXMudjEuUGxhY2VzLlNlYXJjaFRleHQQAhgEIAA,Monday: 9:00 AM – 5:00 PM; Tuesday: 9:00 AM – 5:00 PM; Wednesday: 9:00 AM – 5:00 PM; Thursday: 9:00 AM – 5:00 PM; Friday: 9:00 AM – 5:00 PM; Saturday: Closed; Sunday: Closed,dental_clinic,Nelson/Tasman,Nelson
Dental Care Nelson,"193 Rutherford Street, Nelson 7010, New Zealand",03 548 8840,+64 3 548 8840,,5,11,OPERATIONAL,https://maps.google.com/?cid=9748447492665031376&g_mp=Cidnb29nbGUubWFwcy5wbGFjZXMudjEuUGxhY2VzLlNlYXJjaFRleHQQAhgEIAA,Monday: 8:30 AM – 5:00 PM; Tuesday: 8:30 AM – 5:00 PM; Wednesday: 8:30 AM – 5:00 PM; Thursday: 8:30 AM – 5:00 PM; Friday: 8:30 AM – 5:00 PM; Saturday: Closed; Sunday: Closed,dental_clinic,Nelson/Tasman,Nelson
Fellworth House - AM Dental,"193 Milton Street, The Wood, Nelson 7010, New Zealand",03 548 4345,+64 3 548 4345,http://fellworthhouse.co.nz/,4.8,8,OPERATIONAL,https://maps.google.com/?cid=9477092764883868942&g_mp=Cidnb29nbGUubWFwcy5wbGFjZXMudjEuUGxhY2VzLlNlYXJjaFRleHQQAhgEIAA,Monday: 9:00 AM – 6:00 PM; Tuesday: 9:00 AM – 6:00 PM; Wednesday: 9:00 AM – 6:00 PM; Thursday: 9:00 AM – 6:00 PM; Friday: 9:00 AM – 6:00 PM; Saturday: 9:00 AM – 6:00 PM; Sunday: 9:00 AM – 6:00 PM,dental_clinic,Nelson/Tasman,Nelson
Fresh Dental,"5 Bail Street, Stoke, Nelson 7011, New Zealand",03 547 6799,+64 3 547 6799,http://freshdental.co.nz/?utm_source=gmb&utm_medium=organic,4.6,18,OPERATIONAL,https://maps.google.com/?cid=12947379589021829280&g_mp=Cidnb29nbGUubWFwcy5wbGFjZXMudjEuUGxhY2VzLlNlYXJjaFRleHQQAhgEIAA,Monday: 8:00 AM – 5:00 PM; Tuesday: 8:00 AM – 5:00 PM; Wednesday: 8:00 AM – 5:00 PM; Thursday: 8:00 AM – 5:00 PM; Friday: 8:00 AM – 5:00 PM; Saturday: Closed; Sunday: Closed,dental_clinic,Nelson/Tasman,Nelson
Gentle Dental Nelson Ltd,"32 Bridge Street, Nelson 7010, New Zealand",03 548 4601,+64 3 548 4601,http://www.gentledentalnelson.co.nz/,4.5,68,OPERATIONAL,https://maps.google.com/?cid=8163638863510554812&g_mp=Cidnb29nbGUubWFwcy5wbGFjZXMudjEuUGxhY2VzLlNlYXJjaFRleHQQAhgEIAA,Monday: 8:30 AM – 5:00 PM; Tuesday: 8:30 AM – 5:00 PM; Wednesday: 8:30 AM – 5:00 PM; Thursday: 8:30 AM – 5:00 PM; Friday: 8:30 AM – 5:00 PM; Saturday: Closed; Sunday: Closed,dental_clinic,Nelson/Tasman,Nelson
Lumino Nelson | Lumino The Dentists,"72 Collingwood Street, Nelson 7010, New Zealand",03 548 3693,+64 3 548 3693,https://lumino.co.nz/dentists/lumino-nelson/?utm_source=google_business_profile&utm_medium=organic,4.6,24,OPERATIONAL,https://maps.google.com/?cid=15937685763708156646&g_mp=Cidnb29nbGUubWFwcy5wbGFjZXMudjEuUGxhY2VzLlNlYXJjaFRleHQQAhgEIAA,Monday: 8:30 AM – 5:00 PM; Tuesday: 8:30 AM – 5:00 PM; Wednesday: 8:30 AM – 5:00 PM; Thursday: 8:30 AM – 5:00 PM; Friday: 9:00 AM – 4:00 PM; Saturday: Closed; Sunday: Closed,dental_clinic,Nelson/Tasman,Nelson
Munro Dental,"37 Bridge Street, Nelson 7010, New Zealand",03 548 0000,+64 3 548 0000,http://www.munrodental.co.nz/,4.9,21,OPERATIONAL,https://maps.google.com/?cid=10931002427547438696&g_mp=Cidnb29nbGUubWFwcy5wbGFjZXMudjEuUGxhY2VzLlNlYXJjaFRleHQQAhgEIAA,Monday: 8:30 AM – 5:00 PM; Tuesday: 8:30 AM – 5:00 PM; Wednesday: 8:30 AM – 5:00 PM; Thursday: 8:30 AM – 5:00 PM; Friday: 8:30 AM – 5:00 PM; Saturday: Closed; Sunday: Closed,dental_clinic,Nelson/Tasman,Nelson
Nelson Dental Centre,"41A Halifax Street, Nelson 7010, New Zealand",03 548 4445,+64 3 548 4445,http://www.nelsondental.co.nz/,4,51,OPERATIONAL,https://maps.google.com/?cid=13490932175098274384&g_mp=Cidnb29nbGUubWFwcy5wbGFjZXMudjEuUGxhY2VzLlNlYXJjaFRleHQQAhgEIAA,Monday: 8:00 AM – 5:00 PM; Tuesday: 8:00 AM – 5:00 PM; Wednesday: 8:00 AM – 5:00 PM; Thursday: 8:00 AM – 5:00 PM; Friday: 8:00 AM – 4:30 PM; Saturday: Closed; Sunday: Closed,dental_clinic,Nelson/Tasman,Nelson
Nelson Denture Clinic,"52 Waimea Road, Nelson South, Nelson 7010, New Zealand",03 548 1478,+64 3 548 1478,https://www.nelsondentureclinic.co.nz/,5,98,OPERATIONAL,https://maps.google.com/?cid=12794026151871037534&g_mp=Cidnb29nbGUubWFwcy5wbGFjZXMudjEuUGxhY2VzLlNlYXJjaFRleHQQAhgEIAA,Monday: Closed; Tuesday: 8:30 AM – 5:00 PM; Wednesday: 8:30 AM – 5:00 PM; Thursday: 8:30 AM – 5:00 PM; Friday: Closed; Saturday: Closed; Sunday: Closed,dental_clinic,Nelson/Tasman,Nelson
Nelson Endodontic Centre,"27 Waimea Road, Nelson South, Nelson 7010, New Zealand",03 546 6981,+64 3 546 6981,https://www.waimeadental.co.nz/,5,1,OPERATIONAL,https://maps.google.com/?cid=12270882757466585769&g_mp=Cidnb29nbGUubWFwcy5wbGFjZXMudjEuUGxhY2VzLlNlYXJjaFRleHQQAhgEIAA,Monday: 9:00 AM – 4:30 PM; Tuesday: 8:30 AM – 4:30 PM; Wednesday: 8:30 AM – 4:30 PM; Thursday: 8:30 AM – 4:30 PM; Friday: Closed; Saturday: Closed; Sunday: Closed,dental_clinic,Nelson/Tasman,Nelson
Nelson Hospital Dental Department,"Nelson South, Nelson 7010, New Zealand",03 546 1973,+64 3 546 1973,https://www.nmdhb.govt.nz/health-services/community-and-outpatient-services/hospital-oral-health-service/,5,2,OPERATIONAL,https://maps.google.com/?cid=15552361795197117027&g_mp=Cidnb29nbGUubWFwcy5wbGFjZXMudjEuUGxhY2VzLlNlYXJjaFRleHQQAhgEIAA,Monday: 8:00 AM – 4:30 PM; Tuesday: 8:00 AM – 4:30 PM; Wednesday: 8:00 AM – 4:30 PM; Thursday: 8:00 AM – 4:30 PM; Friday: 8:00 AM – 4:30 PM; Saturday: Closed; Sunday: Closed,dental_clinic,Nelson/Tasman,Nelson
Nelson Oral Surgery,"37 Manuka Street, Nelson 7010, New Zealand",03 548 0838,+64 3 548 0838,http://www.nelsonoralsurgery.co.nz/,4.6,9,OPERATIONAL,https://maps.google.com/?cid=2371570905375252637&g_mp=Cidnb29nbGUubWFwcy5wbGFjZXMudjEuUGxhY2VzLlNlYXJjaFRleHQQAhgEIAA,,dental_clinic,Nelson/Tasman,Nelson
Nelson Orthodontics,"27 Waimea Road, Nelson South, Nelson 7010, New Zealand",03 546 6981,+64 3 546 6981,http://www.nelsonortho.nz/,4.7,27,OPERATIONAL,https://maps.google.com/?cid=12050764537829679575&g_mp=Cidnb29nbGUubWFwcy5wbGFjZXMudjEuUGxhY2VzLlNlYXJjaFRleHQQAhgEIAA,Monday: 8:30 AM – 5:00 PM; Tuesday: 8:30 AM – 5:00 PM; Wednesday: 8:30 AM – 5:00 PM; Thursday: 8:30 AM – 5:00 PM; Friday: 8:30 AM – 5:00 PM; Saturday: Closed; Sunday: Closed,dental_clinic,Nelson/Tasman,Nelson
One Dental Nelson - Stoke,"575 Main Road Stoke, Stoke, Nelson 7011, New Zealand",03 547 7725,+64 3 547 7725,http://www.onedental.co.nz/,4.7,98,OPERATIONAL,https://maps.google.com/?cid=17282486875112458144&g_mp=Cidnb29nbGUubWFwcy5wbGFjZXMudjEuUGxhY2VzLlNlYXJjaFRleHQQAhgEIAA,Monday: 8:00 AM – 5:00 PM; Tuesday: 8:00 AM – 5:00 PM; Wednesday: 8:00 AM – 5:00 PM; Thursday: 8:00 AM – 5:00 PM; Friday: 8:00 AM – 4:00 PM; Saturday: Closed; Sunday: Closed,dental_clinic,Nelson/Tasman,Nelson
Quin Dental,"14 New Street, Nelson 7010, New Zealand",03 928 0121,+64 3 928 0121,http://quindental.nz/,5,11,OPERATIONAL,https://maps.google.com/?cid=2436790981098848898&g_mp=Cidnb29nbGUubWFwcy5wbGFjZXMudjEuUGxhY2VzLlNlYXJjaFRleHQQAhgEIAA,Monday: 8:00 AM – 5:00 PM; Tuesday: 8:00 AM – 5:00 PM; Wednesday: 8:00 AM – 5:00 PM; Thursday: 8:00 AM – 5:00 PM; Friday: 8:00 AM – 5:00 PM; Saturday: Closed; Sunday: Closed,dental_clinic,Nelson/Tasman,Nelson
Tahunanui Dental Centre,"85 Tahunanui Drive, Tāhunanui, Nelson 7011, New Zealand",03 548 6564,+64 3 548 6564,https://www.tahunanuidental.co.nz/,4.5,11,OPERATIONAL,https://maps.google.com/?cid=4045980183485001255&g_mp=Cidnb29nbGUubWFwcy5wbGFjZXMudjEuUGxhY2VzLlNlYXJjaFRleHQQAhgEIAA,Monday: 8:30 AM – 5:00 PM; Tuesday: 8:30 AM – 5:00 PM; Wednesday: 8:30 AM – 5:00 PM; Thursday: 8:30 AM – 5:00 PM; Friday: 8:30 AM – 5:00 PM; Saturday: Closed; Sunday: Closed,dental_clinic,Nelson/Tasman,Nelson
Tasman Dental Centre,"Lower Queen Street Health, 355 Queen Street, Richmond, Nelson 7020, New Zealand",03 544 6776,+64 3 544 6776,http://www.tasmandental.co.nz/,4.3,6,OPERATIONAL,https://maps.google.com/?cid=633070357022476379&g_mp=Cidnb29nbGUubWFwcy5wbGFjZXMudjEuUGxhY2VzLlNlYXJjaFRleHQQAhgEIAA,Monday: 8:30 AM – 5:00 PM; Tuesday: 8:30 AM – 5:00 PM; Wednesday: 8:30 AM – 5:00 PM; Thursday: 8:30 AM – 5:00 PM; Friday: 8:30 AM – 5:00 PM; Saturday: Closed; Sunday: Closed,dental_clinic,Nelson/Tasman,Nelson
Bays Dentures,"41 Washbourn Drive, Richmond 7020, New Zealand",03 546 4455,+64 3 546 4455,http://www.baysdentures.co.nz/,5,13,OPERATIONAL,https://maps.google.com/?cid=5781242728318002180&g_mp=Cidnb29nbGUubWFwcy5wbGFjZXMudjEuUGxhY2VzLlNlYXJjaFRleHQQAhgEIAA,Monday: 9:00 AM – 5:00 PM; Tuesday: 9:00 AM – 5:00 PM; Wednesday: 9:00 AM – 5:00 PM; Thursday: 9:00 AM – 5:00 PM; Friday: 9:00 AM – 5:00 PM; Saturday: Closed; Sunday: Closed,dental_clinic,Nelson/Tasman,Richmond
Dental Care Richmond,"12 Salisbury Road, Richmond 7020, New Zealand",03 543 9230,+64 3 543 9230,,5,15,OPERATIONAL,https://maps.google.com/?cid=14603568804232482152&g_mp=Cidnb29nbGUubWFwcy5wbGFjZXMudjEuUGxhY2VzLlNlYXJjaFRleHQQAhgEIAA,Monday: 8:00 AM – 5:00 PM; Tuesday: 8:00 AM – 5:00 PM; Wednesday: 8:00 AM – 5:00 PM; Thursday: 8:00 AM – 5:00 PM; Friday: 8:00 AM – 5:00 PM; Saturday: Closed; Sunday: Closed,dental_clinic,Nelson/Tasman,Richmond
Emmaus Dental | Richmond,"205 Queen Street, Richmond 7020, New Zealand",03 544 8178,+64 3 544 8178,http://www.emmaus.dental/,4.6,32,OPERATIONAL,https://maps.google.com/?cid=8253819650547513004&g_mp=Cidnb29nbGUubWFwcy5wbGFjZXMudjEuUGxhY2VzLlNlYXJjaFRleHQQAhgEIAA,Monday: 8:30 AM – 5:00 PM; Tuesday: 8:30 AM – 5:00 PM; Wednesday: 8:30 AM – 5:00 PM; Thursday: 8:30 AM – 5:00 PM; Friday: 8:30 AM – 5:00 PM; Saturday: Closed; Sunday: Closed,dental_clinic,Nelson/Tasman,Richmond
My Smile NZ,"195 Queen Street, Richmond 7020, New Zealand",022 307 7975,+64 22 307 7975,https://www.fresha.com/book-now/skinpro-the-brows-lash-space-my-smile-nz-oukim79v/all-offer?pId=678771,,,OPERATIONAL,https://maps.google.com/?cid=15801453262779698965&g_mp=Cidnb29nbGUubWFwcy5wbGFjZXMudjEuUGxhY2VzLlNlYXJjaFRleHQQAhgEIAA,Monday: 8:00 AM – 8:00 PM; Tuesday: 8:00 AM – 8:00 PM; Wednesday: 8:00 AM – 8:00 PM; Thursday: 8:00 AM – 8:00 PM; Friday: 8:00 AM – 8:00 PM; Saturday: 8:00 AM – 8:00 PM; Sunday: Closed,dental_clinic,Nelson/Tasman,Richmond
Nelson Orthodontics,"57 Salisbury Road, Richmond 7020, New Zealand",03 546 6981,+64 3 546 6981,https://www.nelsonortho.nz/,4.8,6,OPERATIONAL,https://maps.google.com/?cid=9212841869091410354&g_mp=Cidnb29nbGUubWFwcy5wbGFjZXMudjEuUGxhY2VzLlNlYXJjaFRleHQQAhgEIAA,Monday: 8:30 AM – 5:00 PM; Tuesday: 8:30 AM – 5:00 PM; Wednesday: 8:30 AM – 5:00 PM; Thursday: 8:30 AM – 5:00 PM; Friday: 8:30 AM – 4:00 PM; Saturday: Closed; Sunday: Closed,dental_clinic,Nelson/Tasman,Richmond
Steph Wills Dental Surgery,"4 Salisbury Road, Richmond 7020, New Zealand",03 544 5985,+64 3 544 5985,http://www.stephwillsdental.co.nz/,5,5,OPERATIONAL,https://maps.google.com/?cid=6809120845137908543&g_mp=Cidnb29nbGUubWFwcy5wbGFjZXMudjEuUGxhY2VzLlNlYXJjaFRleHQQAhgEIAA,Monday: 8:00 AM – 5:00 PM; Tuesday: 8:00 AM – 5:00 PM; Wednesday: 8:00 AM – 5:00 PM; Thursday: 8:00 AM – 5:00 PM; Friday: 8:00 AM – 5:00 PM; Saturday: Closed; Sunday: Closed,dental_clinic,Nelson/Tasman,Richmond
Waimea Dental,"57 Salisbury Road, Richmond 7020, New Zealand",03 544 1902,+64 3 544 1902,https://www.waimeadental.co.nz/,,,OPERATIONAL,https://maps.google.com/?cid=12822901491619327592&g_mp=Cidnb29nbGUubWFwcy5wbGFjZXMudjEuUGxhY2VzLlNlYXJjaFRleHQQAhgEIAA,Monday: 8:30 AM – 5:00 PM; Tuesday: 8:30 AM – 5:00 PM; Wednesday: 8:30 AM – 5:00 PM; Thursday: 8:30 AM – 5:00 PM; Friday: 8:30 AM – 4:00 PM; Saturday: Closed; Sunday: Closed,dental_clinic,Nelson/Tasman,Richmond
Golden Bay Dental Centre,"120 Commercial Street, Tākaka 7110, New Zealand",03 525 8340,+64 3 525 8340,,3,14,OPERATIONAL,https://maps.google.com/?cid=4632336690344848414&g_mp=Cidnb29nbGUubWFwcy5wbGFjZXMudjEuUGxhY2VzLlNlYXJjaFRleHQQAhgEIAA,"Monday: Closed; Tuesday: 8:30 AM – 1:00 PM, 1:30 – 4:30 PM; Wednesday: 8:30 AM – 1:00 PM, 1:30 – 4:30 PM; Thursday: 8:30 AM – 1:00 PM, 1:30 – 4:30 PM; Friday: Closed; Saturday: Closed; Sunday: Closed",dental_clinic,Nelson/Tasman,Tākaka
A G Spence Dental Surgery,"150 Middle Renwick Road, Springlands, Blenheim 7201, New Zealand",03 578 9009,+64 3 578 9009,,,,OPERATIONAL,https://maps.google.com/?cid=8006038186071273840&g_mp=Cidnb29nbGUubWFwcy5wbGFjZXMudjEuUGxhY2VzLlNlYXJjaFRleHQQAhgEIAA,,dental_clinic,Marlborough,Blenheim
Beattie Rose And Gilchist,"16 Francis Street, Blenheim Central, Blenheim 7201, New Zealand",03 578 5135,+64 3 578 5135,,4.3,14,OPERATIONAL,https://maps.google.com/?cid=11827012849372804788&g_mp=Cidnb29nbGUubWFwcy5wbGFjZXMudjEuUGxhY2VzLlNlYXJjaFRleHQQAhgEIAA,Monday: 8:00 AM – 5:30 PM; Tuesday: 8:00 AM – 5:30 PM; Wednesday: 8:00 AM – 5:30 PM; Thursday: 8:00 AM – 5:30 PM; Friday: 8:00 AM – 5:30 PM; Saturday: Closed; Sunday: Closed,needs_verification,Marlborough,Blenheim
Blenheim Dental Care,"150 Middle Renwick Road, Springlands, Blenheim 7201, New Zealand",03 578 9009,+64 3 578 9009,http://blenheimdentalcare.co.nz/,4.3,11,OPERATIONAL,https://maps.google.com/?cid=372593275305567037&g_mp=Cidnb29nbGUubWFwcy5wbGFjZXMudjEuUGxhY2VzLlNlYXJjaFRleHQQAhgEIAA,Monday: 8:30 AM – 5:00 PM; Tuesday: 8:30 AM – 5:00 PM; Wednesday: 8:30 AM – 5:00 PM; Thursday: 8:30 AM – 5:00 PM; Friday: 8:30 AM – 5:00 PM; Saturday: Closed; Sunday: Closed,dental_clinic,Marlborough,Blenheim
Blenheim Denture Studio,"71 Alfred Street, Blenheim Central, Blenheim 7201, New Zealand",03 578 4344,+64 3 578 4344,,,,OPERATIONAL,https://maps.google.com/?cid=10505914600259379239&g_mp=Cidnb29nbGUubWFwcy5wbGFjZXMudjEuUGxhY2VzLlNlYXJjaFRleHQQAhgEIAA,Monday: 9:00 AM – 4:30 PM; Tuesday: 9:00 AM – 4:30 PM; Wednesday: 9:00 AM – 4:30 PM; Thursday: 9:00 AM – 4:30 PM; Friday: Closed; Saturday: Closed; Sunday: Closed,dental_clinic,Marlborough,Blenheim
Community Oral Health Service,"56 Nelson Street, Springlands, Blenheim 7201, New Zealand",0800 833 849,+64 800 833 849,,3.7,3,OPERATIONAL,https://maps.google.com/?cid=7914923685116362872&g_mp=Cidnb29nbGUubWFwcy5wbGFjZXMudjEuUGxhY2VzLlNlYXJjaFRleHQQAhgEIAA,Monday: 8:00 AM – 5:00 PM; Tuesday: 8:00 AM – 5:00 PM; Wednesday: 8:00 AM – 5:00 PM; Thursday: 8:00 AM – 5:00 PM; Friday: 8:00 AM – 5:00 PM; Saturday: Closed; Sunday: Closed,dental_clinic,Marlborough,Blenheim
Durrheim & Associates,"4 Richardson Avenue, Burleigh, Blenheim 7201, New Zealand",03 578 5843,+64 3 578 5843,https://www.durrheimandassociates.co.nz/,4.2,30,OPERATIONAL,https://maps.google.com/?cid=5284504109232542758&g_mp=Cidnb29nbGUubWFwcy5wbGFjZXMudjEuUGxhY2VzLlNlYXJjaFRleHQQAhgEIAA,Monday: 8:30 AM – 5:00 PM; Tuesday: 8:30 AM – 5:00 PM; Wednesday: 8:30 AM – 5:00 PM; Thursday: 8:30 AM – 5:00 PM; Friday: 8:30 AM – 2:00 PM; Saturday: Closed; Sunday: Closed,needs_verification,Marlborough,Blenheim
Gilchrist Dental,"16 Francis Street, Blenheim Central, Blenheim 7201, New Zealand",,,,,,OPERATIONAL,https://maps.google.com/?cid=12620321982863799015&g_mp=Cidnb29nbGUubWFwcy5wbGFjZXMudjEuUGxhY2VzLlNlYXJjaFRleHQQAhgEIAA,,dental_clinic,Marlborough,Blenheim
Leonard & Koorey,"150 Middle Renwick Road, Springlands, Blenheim 7201, New Zealand",03 578 9009,+64 3 578 9009,,,,OPERATIONAL,https://maps.google.com/?cid=14983561058410391459&g_mp=Cidnb29nbGUubWFwcy5wbGFjZXMudjEuUGxhY2VzLlNlYXJjaFRleHQQAhgEIAA,,needs_verification,Marlborough,Blenheim
Olliver Orthodontics Marlborough,"4 Richardson Avenue, Burleigh, Blenheim 7201, New Zealand",03 577 7100,+64 3 577 7100,http://www.olliverortho.co.nz/,5,20,OPERATIONAL,https://maps.google.com/?cid=1499318643795856808&g_mp=Cidnb29nbGUubWFwcy5wbGFjZXMudjEuUGxhY2VzLlNlYXJjaFRleHQQAhgEIAA,Monday: 8:00 AM – 5:00 PM; Tuesday: 8:00 AM – 5:00 PM; Wednesday: 8:00 AM – 5:00 PM; Thursday: 8:00 AM – 1:00 PM; Friday: Closed; Saturday: Closed; Sunday: Closed,dental_clinic,Marlborough,Blenheim
Redwood Denture Services,"98 Howick Road, Redwoodtown, Blenheim 7201, New Zealand",020 4052 5002,+64 20 4052 5002,,5,5,OPERATIONAL,https://maps.google.com/?cid=6128493395019629252&g_mp=Cidnb29nbGUubWFwcy5wbGFjZXMudjEuUGxhY2VzLlNlYXJjaFRleHQQAhgEIAA,Monday: 9:00 AM – 5:00 PM; Tuesday: 9:00 AM – 5:00 PM; Wednesday: 9:00 AM – 5:00 PM; Thursday: 9:00 AM – 5:00 PM; Friday: 9:00 AM – 5:00 PM; Saturday: 9:00 AM – 1:00 PM; Sunday: Closed,dental_clinic,Marlborough,Blenheim
Seymour Dental Centre,"62 Seymour Street, Blenheim Central, Blenheim 7201, New Zealand",03 578 4203,+64 3 578 4203,https://seymourdental.nz/,4,26,OPERATIONAL,https://maps.google.com/?cid=10788048146626662204&g_mp=Cidnb29nbGUubWFwcy5wbGFjZXMudjEuUGxhY2VzLlNlYXJjaFRleHQQAhgEIAA,Monday: 8:30 AM – 5:00 PM; Tuesday: 8:30 AM – 5:00 PM; Wednesday: 8:30 AM – 5:00 PM; Thursday: 8:30 AM – 5:00 PM; Friday: 8:30 AM – 4:00 PM; Saturday: Closed; Sunday: Closed,dental_clinic,Marlborough,Blenheim
Seymour Smiles Blenheim | Lumino The Dentists,"67 Seymour Street, Blenheim Central, Blenheim 7201, New Zealand",03 578 7726,+64 3 578 7726,https://lumino.co.nz/dentists/seymour-smiles-blenheim/?utm_source=google_business_profile&utm_medium=organic,4.5,28,OPERATIONAL,https://maps.google.com/?cid=8242339905839657736&g_mp=Cidnb29nbGUubWFwcy5wbGFjZXMudjEuUGxhY2VzLlNlYXJjaFRleHQQAhgEIAA,Monday: 8:15 AM – 5:00 PM; Tuesday: 8:15 AM – 5:00 PM; Wednesday: 8:15 AM – 5:00 PM; Thursday: 8:15 AM – 5:00 PM; Friday: 8:15 AM – 5:00 PM; Saturday: Closed; Sunday: Closed,dental_clinic,Marlborough,Blenheim
Smilewise Ltd,"71 Alfred Street, Blenheim Central, Blenheim 7201, New Zealand",03 578 4344,+64 3 578 4344,,5,2,OPERATIONAL,https://maps.google.com/?cid=13204637140298002150&g_mp=Cidnb29nbGUubWFwcy5wbGFjZXMudjEuUGxhY2VzLlNlYXJjaFRleHQQAhgEIAA,Monday: 9:00 AM – 4:30 PM; Tuesday: 9:00 AM – 4:30 PM; Wednesday: 9:00 AM – 4:30 PM; Thursday: 9:00 AM – 4:30 PM; Friday: 9:00 AM – 2:30 PM; Saturday: Closed; Sunday: Closed,dental_clinic,Marlborough,Blenheim
Wairau Hospital,"30 Hospital Road, Witherlea, Blenheim 7201, New Zealand",03 520 9999,+64 3 520 9999,https://www.nmdhb.govt.nz/hospitals-and-community-services/hospitals/wairau-hospital/,3.6,78,OPERATIONAL,https://maps.google.com/?cid=1081127275368922448&g_mp=Cidnb29nbGUubWFwcy5wbGFjZXMudjEuUGxhY2VzLlNlYXJjaFRleHQQAhgEIAA,Monday: Open 24 hours; Tuesday: Open 24 hours; Wednesday: Open 24 hours; Thursday: Open 24 hours; Friday: Open 24 hours; Saturday: Open 24 hours; Sunday: Open 24 hours,needs_verification,Marlborough,Blenheim
Franz Josef Clinic,"59 Cron Street, Franz Josef / Waiau 7886, New Zealand",0800 282 926,+64 800 282 926,,5,2,OPERATIONAL,https://maps.google.com/?cid=16292824149086163656&g_mp=Cidnb29nbGUubWFwcy5wbGFjZXMudjEuUGxhY2VzLlNlYXJjaFRleHQQAhgEIAA,,needs_verification,West Coast,Franz Josef / Waiau
COAST SMILES DENTAL & DENTAL SPA,"28 Johnston Street, Greymouth 7805, New Zealand",03 399 3768,+64 3 399 3768,http://www.coastsmilesdentalspa.nz/,4.8,438,OPERATIONAL,https://maps.google.com/?cid=6082379828443194135&g_mp=Cidnb29nbGUubWFwcy5wbGFjZXMudjEuUGxhY2VzLlNlYXJjaFRleHQQAhgEIAA,Monday: 8:30 AM – 5:00 PM; Tuesday: 8:30 AM – 5:00 PM; Wednesday: 8:30 AM – 5:00 PM; Thursday: 8:30 AM – 5:00 PM; Friday: 8:30 AM – 5:00 PM; Saturday: 9:00 AM – 1:00 PM; Sunday: Closed,dental_clinic,West Coast,Greymouth
Dr Guy Margetts,"38 Albert Street, Greymouth 7805, New Zealand",03 768 6242,+64 3 768 6242,,5,1,OPERATIONAL,https://maps.google.com/?cid=4959825917213480747&g_mp=Cidnb29nbGUubWFwcy5wbGFjZXMudjEuUGxhY2VzLlNlYXJjaFRleHQQAhgEIAA,"Monday: 9:00 AM – 1:00 PM, 2:00 – 5:00 PM; Tuesday: 9:00 AM – 1:00 PM, 2:00 – 5:00 PM; Wednesday: 9:00 AM – 1:00 PM, 2:00 – 5:00 PM; Thursday: 9:00 AM – 1:00 PM, 2:00 – 5:00 PM; Friday: 9:00 AM – 1:00 PM, 2:00 – 4:00 PM; Saturday: Closed; Sunday: Closed",needs_verification,West Coast,Greymouth
Duchenne Dental Services,"38 Albert Street, Greymouth 7805, New Zealand",03 768 6243,+64 3 768 6243,http://www.duchenne.co.nz/,5,1,OPERATIONAL,https://maps.google.com/?cid=17001473565416416626&g_mp=Cidnb29nbGUubWFwcy5wbGFjZXMudjEuUGxhY2VzLlNlYXJjaFRleHQQAhgEIAA,Monday: 8:30 AM – 5:00 PM; Tuesday: 8:30 AM – 5:00 PM; Wednesday: 8:30 AM – 5:00 PM; Thursday: 8:30 AM – 5:00 PM; Friday: 8:30 AM – 5:00 PM; Saturday: Closed; Sunday: Closed,dental_clinic,West Coast,Greymouth
Garry Rae Dental Greymouth | Lumino The Dentists,"140 MacKay Street, Greymouth 7805, New Zealand",03 768 6717,+64 3 768 6717,https://lumino.co.nz/dentists/garry-rae-dental-greymouth/?utm_source=google_business_profile&utm_medium=organic,4.5,21,OPERATIONAL,https://maps.google.com/?cid=15764414591835748325&g_mp=Cidnb29nbGUubWFwcy5wbGFjZXMudjEuUGxhY2VzLlNlYXJjaFRleHQQAhgEIAA,Monday: 8:30 AM – 4:30 PM; Tuesday: 8:30 AM – 4:30 PM; Wednesday: 8:30 AM – 4:30 PM; Thursday: 8:30 AM – 4:30 PM; Friday: 8:30 AM – 4:30 PM; Saturday: Closed; Sunday: Closed,dental_clinic,West Coast,Greymouth
Greymouth Family Dental Centre | Lumino The Dentists,"40 Tainui Street, Greymouth 7805, New Zealand",03 768 6243,+64 3 768 6243,https://lumino.co.nz/dentists/family-dental-centre-greymouth/?utm_source=google_business_profile&utm_medium=organic,4.7,13,OPERATIONAL,https://maps.google.com/?cid=12335065779227543131&g_mp=Cidnb29nbGUubWFwcy5wbGFjZXMudjEuUGxhY2VzLlNlYXJjaFRleHQQAhgEIAA,"Monday: 8:00 AM – 1:00 PM, 2:00 – 5:00 PM; Tuesday: 8:00 AM – 1:00 PM, 2:00 – 5:00 PM; Wednesday: 8:00 AM – 1:00 PM, 2:00 – 5:00 PM; Thursday: 8:00 AM – 1:00 PM, 2:00 – 5:00 PM; Friday: 8:00 AM – 1:00 PM, 2:00 – 5:00 PM; Saturday: Closed; Sunday: Closed",dental_clinic,West Coast,Greymouth
Hoki Dental,"18 Revell Street, Hokitika 7810, New Zealand",03 222 5030,+64 3 222 5030,http://www.hokidental.co.nz/,4.7,26,OPERATIONAL,https://maps.google.com/?cid=8231699531250143515&g_mp=Cidnb29nbGUubWFwcy5wbGFjZXMudjEuUGxhY2VzLlNlYXJjaFRleHQQAhgEIAA,Monday: 9:00 AM – 4:30 PM; Tuesday: 9:00 AM – 4:30 PM; Wednesday: 9:00 AM – 4:30 PM; Thursday: 9:00 AM – 4:30 PM; Friday: 9:00 AM – 4:30 PM; Saturday: Closed; Sunday: Closed,dental_clinic,West Coast,Hokitika
Westport Dental Clinic,"6 Bentham Street, Westport 7825, New Zealand",03 789 8901,+64 3 789 8901,https://kawatirihealth.co.nz/dental/,3.4,8,OPERATIONAL,https://maps.google.com/?cid=10848707967410968238&g_mp=Cidnb29nbGUubWFwcy5wbGFjZXMudjEuUGxhY2VzLlNlYXJjaFRleHQQAhgEIAA,Monday: 9:00 AM – 5:00 PM; Tuesday: 9:00 AM – 5:00 PM; Wednesday: 9:00 AM – 5:00 PM; Thursday: 9:00 AM – 5:00 PM; Friday: 9:00 AM – 5:00 PM; Saturday: Closed; Sunday: Closed,dental_clinic,West Coast,Westport
Amberley Medical Centre,"6 Hilton Drive, Amberley 7410, New Zealand",03 314 8504,+64 3 314 8504,https://www.amberleymc.co.nz/,3.3,42,OPERATIONAL,https://maps.google.com/?cid=1881826557108029875,Monday: 8:00 AM – 6:00 PM; Tuesday: 8:00 AM – 6:00 PM; Wednesday: 8:00 AM – 6:00 PM; Thursday: 8:00 AM – 6:00 PM; Friday: 8:00 AM – 6:00 PM; Saturday: 9:30 AM – 12:30 PM; Sunday: Closed,needs_verification,Canterbury,Amberley
Ashburton Community Dental Clinic,"38 Elizabeth Street, Allenton, Ashburton 7700, New Zealand",0800 846 983,+64 800 846 983,,5,2,OPERATIONAL,https://maps.google.com/?cid=1941371373876630769&g_mp=Cidnb29nbGUubWFwcy5wbGFjZXMudjEuUGxhY2VzLlNlYXJjaFRleHQQAhgEIAA,,dental_clinic,Canterbury,Ashburton
Ashburton Dental Centre,"72 Cass Street, Ashburton 7700, New Zealand",03 308 1953,+64 3 308 1953,http://www.dentist.co.nz/dentist-detail/ashburton/ashburton-dental-centre/A11008547,3.1,24,OPERATIONAL,https://maps.google.com/?cid=1481480189115826011&g_mp=Cidnb29nbGUubWFwcy5wbGFjZXMudjEuUGxhY2VzLlNlYXJjaFRleHQQAhgEIAA,Monday: 8:00 AM – 5:00 PM; Tuesday: 8:00 AM – 5:00 PM; Wednesday: 8:00 AM – 5:00 PM; Thursday: 8:00 AM – 5:00 PM; Friday: 8:00 AM – 5:00 PM; Saturday: Closed; Sunday: Closed,dental_clinic,Canterbury,Ashburton
Burnett Street Dental,"85 Burnett Street, Ashburton 7700, New Zealand",03 308 5248,+64 3 308 5248,https://www.burnettstreetdental.co.nz/,4,3,OPERATIONAL,https://maps.google.com/?cid=12545418619140988475&g_mp=Cidnb29nbGUubWFwcy5wbGFjZXMudjEuUGxhY2VzLlNlYXJjaFRleHQQAhgEIAA,Monday: 9:00 AM – 5:00 PM; Tuesday: 9:00 AM – 5:00 PM; Wednesday: 9:00 AM – 5:00 PM; Thursday: 9:00 AM – 5:00 PM; Friday: 9:30 AM – 4:30 PM; Saturday: Closed; Sunday: Closed,dental_clinic,Canterbury,Ashburton
Dentistry on Parkside,"80 Park Street, Ashburton 7700, New Zealand",03 308 7472,+64 3 308 7472,http://www.dentistryonparkside.co.nz/,4.5,41,OPERATIONAL,https://maps.google.com/?cid=10427894720074998367&g_mp=Cidnb29nbGUubWFwcy5wbGFjZXMudjEuUGxhY2VzLlNlYXJjaFRleHQQAhgEIAA,Monday: 8:00 AM – 7:00 PM; Tuesday: 8:00 AM – 5:00 PM; Wednesday: 8:00 AM – 5:00 PM; Thursday: 8:00 AM – 5:00 PM; Friday: 8:00 AM – 5:00 PM; Saturday: Closed; Sunday: Closed,dental_clinic,Canterbury,Ashburton
G&E Dental Ashburton,"131 Walnut Avenue, Allenton, Ashburton 7700, New Zealand",03 347 4703,+64 3 347 4703,http://www.gedental.nz/,4.2,26,OPERATIONAL,https://maps.google.com/?cid=8701278664746480754&g_mp=Cidnb29nbGUubWFwcy5wbGFjZXMudjEuUGxhY2VzLlNlYXJjaFRleHQQAhgEIAA,Monday: 9:00 AM – 5:00 PM; Tuesday: 9:00 AM – 5:00 PM; Wednesday: 9:00 AM – 5:00 PM; Thursday: 9:00 AM – 5:00 PM; Friday: 9:00 AM – 5:00 PM; Saturday: Closed; Sunday: Closed,dental_clinic,Canterbury,Ashburton
Broadfield Dental Centre,"184 Selwyn Road, RD8, BROADFIELD 7678, New Zealand",03 978 5522,+64 3 978 5522,http://broadfielddentalcentre.co.nz/,4.3,10,OPERATIONAL,https://maps.google.com/?cid=13683137657666895615&g_mp=Cidnb29nbGUubWFwcy5wbGFjZXMudjEuUGxhY2VzLlNlYXJjaFRleHQQAhgEIAA,Monday: 8:00 AM – 5:00 PM; Tuesday: 8:00 AM – 5:00 PM; Wednesday: 8:00 AM – 5:00 PM; Thursday: 8:00 AM – 5:00 PM; Friday: 8:00 AM – 1:00 PM; Saturday: Closed; Sunday: Closed,dental_clinic,Canterbury,Broadfield
Avonhead Dental,"62 Grahams Road, Avonhead, Christchurch 8041, New Zealand",03 358 4169,+64 3 358 4169,https://avonheaddental.co.nz/,4.8,30,OPERATIONAL,https://maps.google.com/?cid=7555953818535578858&g_mp=Cidnb29nbGUubWFwcy5wbGFjZXMudjEuUGxhY2VzLlNlYXJjaFRleHQQAhgEIAA,Monday: 8:00 AM – 6:30 PM; Tuesday: 8:00 AM – 5:00 PM; Wednesday: 8:00 AM – 5:00 PM; Thursday: 8:00 AM – 7:30 PM; Friday: 8:00 AM – 5:00 PM; Saturday: Closed; Sunday: Closed,dental_clinic,Canterbury,Christchurch
Barrington Dental Centre,"14/18 Athelstan Street, Spreydon, Christchurch 8024, New Zealand",03 332 9791,+64 3 332 9791,http://www.barringtondental.co.nz/,4.6,12,OPERATIONAL,https://maps.google.com/?cid=7127120744402923562&g_mp=Cidnb29nbGUubWFwcy5wbGFjZXMudjEuUGxhY2VzLlNlYXJjaFRleHQQAhgEIAA,Monday: 8:00 AM – 5:00 PM; Tuesday: 8:00 AM – 5:00 PM; Wednesday: 8:00 AM – 5:00 PM; Thursday: 8:00 AM – 5:00 PM; Friday: 8:00 AM – 5:00 PM; Saturday: Closed; Sunday: Closed,dental_clinic,Canterbury,Christchurch
Beale & Cullen - Dentist,"393 Papanui Road, Strowan, Christchurch 8052, New Zealand",03 354 5450,+64 3 354 5450,https://www.bealeandcullen.co.nz/,4.8,43,OPERATIONAL,https://maps.google.com/?cid=14994107772193617330&g_mp=Cidnb29nbGUubWFwcy5wbGFjZXMudjEuUGxhY2VzLlNlYXJjaFRleHQQAhgEIAA,Monday: 8:00 AM – 5:00 PM; Tuesday: 8:00 AM – 5:00 PM; Wednesday: 8:00 AM – 5:00 PM; Thursday: 8:00 AM – 5:00 PM; Friday: 8:00 AM – 1:00 PM; Saturday: Closed; Sunday: Closed,dental_clinic,Canterbury,Christchurch
Bealey Dental,"163 Bealey Avenue, Christchurch Central City, Christchurch 8013, New Zealand",03 366 2912,+64 3 366 2912,http://www.bealeydental.co.nz/,4.6,62,OPERATIONAL,https://maps.google.com/?cid=3023666240600375148&g_mp=Cidnb29nbGUubWFwcy5wbGFjZXMudjEuUGxhY2VzLlNlYXJjaFRleHQQAhgEIAA,Monday: 9:00 AM – 5:00 PM; Tuesday: 9:00 AM – 9:00 PM; Wednesday: 9:00 AM – 9:00 PM; Thursday: 9:00 AM – 5:00 PM; Friday: 9:00 AM – 8:00 PM; Saturday: 9:00 AM – 1:00 PM; Sunday: Closed,dental_clinic,Canterbury,Christchurch
Bush Dental,"400 Greers Road, Bishopdale, Christchurch 8053, New Zealand",03 352 6233,+64 3 352 6233,https://christchurchdentists.nz/,4.6,118,OPERATIONAL,https://maps.google.com/?cid=3109651253138723499&g_mp=Cidnb29nbGUubWFwcy5wbGFjZXMudjEuUGxhY2VzLlNlYXJjaFRleHQQAhgEIAA,Monday: 8:30 AM – 5:00 PM; Tuesday: 8:30 AM – 5:00 PM; Wednesday: 8:30 AM – 5:00 PM; Thursday: 8:30 AM – 5:00 PM; Friday: 8:30 AM – 5:00 PM; Saturday: Closed; Sunday: Closed,dental_clinic,Canterbury,Christchurch
Carlton Dental Care,"24 Papanui Road, Merivale, Christchurch 8014, New Zealand",03 355 8020,+64 3 355 8020,https://www.carltondental.co.nz/,4.8,106,OPERATIONAL,https://maps.google.com/?cid=3720299496411998715&g_mp=Cidnb29nbGUubWFwcy5wbGFjZXMudjEuUGxhY2VzLlNlYXJjaFRleHQQAhgEIAA,Monday: 8:00 AM – 5:00 PM; Tuesday: 8:00 AM – 5:00 PM; Wednesday: 8:00 AM – 6:00 PM; Thursday: 8:00 AM – 5:00 PM; Friday: 8:00 AM – 4:30 PM; Saturday: Closed; Sunday: Closed,dental_clinic,Canterbury,Christchurch
Cathedral Dental Centre,"Level 1/793 Colombo Street, Christchurch Central City, Christchurch 8013, New Zealand",03 379 8065,+64 3 379 8065,http://www.cathedraldental.co.nz/,4.6,9,OPERATIONAL,https://maps.google.com/?cid=411798700341089302&g_mp=Cidnb29nbGUubWFwcy5wbGFjZXMudjEuUGxhY2VzLlNlYXJjaFRleHQQAhgEIAA,Monday: 8:00 AM – 5:00 PM; Tuesday: 8:00 AM – 5:00 PM; Wednesday: 8:00 AM – 5:00 PM; Thursday: 8:00 AM – 5:00 PM; Friday: 8:00 AM – 5:00 PM; Saturday: Closed; Sunday: Closed,dental_clinic,Canterbury,Christchurch
Christchurch Boutique Dental,"105 Wainui Street, Riccarton, Christchurch 8041, New Zealand",03 925 9929,+64 3 925 9929,https://boutiquedental.co.nz/,5,282,OPERATIONAL,https://maps.google.com/?cid=15278436680873128174&g_mp=Cidnb29nbGUubWFwcy5wbGFjZXMudjEuUGxhY2VzLlNlYXJjaFRleHQQAhgEIAA,Monday: 9:00 AM – 5:00 PM; Tuesday: 9:00 AM – 5:00 PM; Wednesday: 9:00 AM – 5:00 PM; Thursday: 9:00 AM – 5:00 PM; Friday: 9:00 AM – 5:00 PM; Saturday: 9:00 AM – 5:00 PM; Sunday: Closed,dental_clinic,Canterbury,Christchurch
Christchurch Hospital Dental Department,"2 Oxford Terrace, Christchurch Central City, Christchurch 8011, New Zealand",03 364 0250,+64 3 364 0250,http://www.cdhb.health.nz/Hospitals-Services/Specialist-Care/Hospital-Dental-Service/Pages/default.aspx,3.3,24,OPERATIONAL,https://maps.google.com/?cid=6030725227685577860&g_mp=Cidnb29nbGUubWFwcy5wbGFjZXMudjEuUGxhY2VzLlNlYXJjaFRleHQQAhgEIAA,Monday: 8:00 AM – 5:00 PM; Tuesday: 8:00 AM – 5:00 PM; Wednesday: 8:00 AM – 5:00 PM; Thursday: 8:00 AM – 5:00 PM; Friday: 8:00 AM – 5:00 PM; Saturday: Closed; Sunday: Closed,dental_clinic,Canterbury,Christchurch
Chung Dental Clinic,"248 Main North Road, Redwood, Christchurch 8051, New Zealand",03 352 8237,+64 3 352 8237,,5,5,OPERATIONAL,https://maps.google.com/?cid=6054126533911001958&g_mp=Cidnb29nbGUubWFwcy5wbGFjZXMudjEuUGxhY2VzLlNlYXJjaFRleHQQAhgEIAA,Monday: 9:30 AM – 1:00 PM; Tuesday: 9:30 AM – 6:00 PM; Wednesday: Closed; Thursday: 9:00 AM – 6:00 PM; Friday: 9:30 AM – 1:00 PM; Saturday: 9:30 AM – 1:00 PM; Sunday: Closed,dental_clinic,Canterbury,Christchurch
Church Corner Dental Surgery,"2 Yaldhurst Road, Upper Riccarton, Christchurch 8041, New Zealand",03 348 5750,+64 3 348 5750,https://churchcornerdental.co.nz/,4.8,132,OPERATIONAL,https://maps.google.com/?cid=2686225639682406709&g_mp=Cidnb29nbGUubWFwcy5wbGFjZXMudjEuUGxhY2VzLlNlYXJjaFRleHQQAhgEIAA,Monday: 8:30 AM – 5:00 PM; Tuesday: 8:00 AM – 5:00 PM; Wednesday: 8:00 AM – 5:00 PM; Thursday: 8:30 AM – 5:00 PM; Friday: 8:30 AM – 2:00 PM; Saturday: Closed; Sunday: Closed,dental_clinic,Canterbury,Christchurch
Colombo Street Dental,"201 Colombo Street, Sydenham, Christchurch 8023, New Zealand",03 337 4596,+64 3 337 4596,https://colombostreetdental.co.nz/,4.5,177,OPERATIONAL,https://maps.google.com/?cid=7365021975520855603&g_mp=Cidnb29nbGUubWFwcy5wbGFjZXMudjEuUGxhY2VzLlNlYXJjaFRleHQQAhgEIAA,"Monday: 8:00 AM – 1:00 PM, 2:00 – 7:00 PM; Tuesday: 8:00 AM – 1:00 PM, 2:00 – 6:00 PM; Wednesday: 8:00 AM – 1:00 PM, 2:00 – 5:00 PM; Thursday: 8:00 AM – 1:00 PM, 2:00 – 6:00 PM; Friday: 8:00 AM – 1:00 PM, 2:00 – 6:00 PM; Saturday: 9:00 AM – 2:00 PM; Sunday: Closed",dental_clinic,Canterbury,Christchurch
"Cosmetic Denture Clinic - Denture Expert in Complete, Partial and Immediate Dentures","914 Colombo Street, Christchurch Central City, Christchurch 8013, New Zealand",03 365 2859,+64 3 365 2859,http://www.cosmeticdentureclinic.co.nz/,5,41,OPERATIONAL,https://maps.google.com/?cid=5194812658434734698&g_mp=Cidnb29nbGUubWFwcy5wbGFjZXMudjEuUGxhY2VzLlNlYXJjaFRleHQQAhgEIAA,Monday: 9:00 AM – 6:00 PM; Tuesday: 9:00 AM – 6:00 PM; Wednesday: 9:00 AM – 6:00 PM; Thursday: 9:00 AM – 6:00 PM; Friday: 9:00 AM – 6:00 PM; Saturday: 9:00 AM – 6:00 PM; Sunday: Closed,dental_clinic,Canterbury,Christchurch
Dana Dental Ltd,"3 Pilgrim Place, Sydenham, Christchurch 8011, New Zealand",03 379 6591,+64 3 379 6591,https://danadental.co.nz/,5,7,OPERATIONAL,https://maps.google.com/?cid=17990440078667181743&g_mp=Cidnb29nbGUubWFwcy5wbGFjZXMudjEuUGxhY2VzLlNlYXJjaFRleHQQAhgEIAA,Monday: 8:00 AM – 5:00 PM; Tuesday: 8:00 AM – 5:00 PM; Wednesday: 8:00 AM – 5:00 PM; Thursday: 8:00 AM – 5:00 PM; Friday: 8:00 AM – 5:00 PM; Saturday: Closed; Sunday: Closed,dental_clinic,Canterbury,Christchurch
Dental Care on Barrington,"295 Barrington Street, Spreydon, Christchurch 8244, New Zealand",03 337 3766,+64 3 337 3766,https://www.dentalhealth.co.nz/,4.4,46,OPERATIONAL,https://maps.google.com/?cid=8050431668542761941&g_mp=Cidnb29nbGUubWFwcy5wbGFjZXMudjEuUGxhY2VzLlNlYXJjaFRleHQQAhgEIAA,Monday: 8:30 AM – 5:30 PM; Tuesday: 8:30 AM – 5:30 PM; Wednesday: 9:00 AM – 6:00 PM; Thursday: 9:00 AM – 6:00 PM; Friday: 8:30 AM – 5:30 PM; Saturday: Closed; Sunday: Closed,dental_clinic,Canterbury,Christchurch
Dental on Kilmore,"128 Kilmore Street, Christchurch Central City, Christchurch 8013, New Zealand",03 379 6766,+64 3 379 6766,https://www.dentalonkilmore.co.nz/?utm_source=Google&utm_medium=Organic&utm_campaign=GBP&utm_term=Website,5,20,OPERATIONAL,https://maps.google.com/?cid=17525940286090312970&g_mp=Cidnb29nbGUubWFwcy5wbGFjZXMudjEuUGxhY2VzLlNlYXJjaFRleHQQAhgEIAA,Monday: 8:00 AM – 5:00 PM; Tuesday: 8:00 AM – 5:00 PM; Wednesday: 8:00 AM – 5:00 PM; Thursday: 8:00 AM – 5:00 PM; Friday: 8:00 AM – 3:00 PM; Saturday: Closed; Sunday: Closed,dental_clinic,Canterbury,Christchurch
Duxton Dental,"22 Bartlett Street, Riccarton, Christchurch 8011, New Zealand",03 348 5488,+64 3 348 5488,https://www.duxtondental.co.nz/?utm_source=google&utm_medium=organic&utm_campaign=Google%20My%20Business%20Page,5,80,OPERATIONAL,https://maps.google.com/?cid=10859017429342895503&g_mp=Cidnb29nbGUubWFwcy5wbGFjZXMudjEuUGxhY2VzLlNlYXJjaFRleHQQAhgEIAA,Monday: 8:00 AM – 5:00 PM; Tuesday: 8:00 AM – 5:00 PM; Wednesday: 8:00 AM – 6:00 PM; Thursday: 8:00 AM – 5:00 PM; Friday: 8:00 AM – 5:00 PM; Saturday: Closed; Sunday: Closed,dental_clinic,Canterbury,Christchurch
Elmwood Dental Centre,"6 Wairakei Road, Strowan, Christchurch 8052, New Zealand",03 355 2348,+64 3 355 2348,http://www.elmwooddental.co.nz/,4.8,26,OPERATIONAL,https://maps.google.com/?cid=11923448490739061744&g_mp=Cidnb29nbGUubWFwcy5wbGFjZXMudjEuUGxhY2VzLlNlYXJjaFRleHQQAhgEIAA,Monday: 8:00 AM – 5:00 PM; Tuesday: 8:00 AM – 5:00 PM; Wednesday: 8:00 AM – 5:00 PM; Thursday: 8:00 AM – 5:00 PM; Friday: 8:00 AM – 6:00 PM; Saturday: Closed; Sunday: Closed,dental_clinic,Canterbury,Christchurch
Essential Dental,"91 Riccarton Road, Riccarton, Christchurch 8011, New Zealand",03 242 0688,+64 3 242 0688,https://www.essentialdental.nz/,4.8,77,OPERATIONAL,https://maps.google.com/?cid=14929443245415780357&g_mp=Cidnb29nbGUubWFwcy5wbGFjZXMudjEuUGxhY2VzLlNlYXJjaFRleHQQAhgEIAA,Monday: 8:00 AM – 7:00 PM; Tuesday: 8:00 AM – 7:00 PM; Wednesday: 8:00 AM – 7:00 PM; Thursday: 8:00 AM – 7:00 PM; Friday: 8:00 AM – 5:00 PM; Saturday: 8:00 AM – 5:00 PM; Sunday: Closed,dental_clinic,Canterbury,Christchurch
Fendalton Dental,"99a Glandovey Road, Strowan, Christchurch 8052, New Zealand",03 351 1188,+64 3 351 1188,https://www.fendaltondental.co.nz/,4.8,134,OPERATIONAL,https://maps.google.com/?cid=17510081624537949118&g_mp=Cidnb29nbGUubWFwcy5wbGFjZXMudjEuUGxhY2VzLlNlYXJjaFRleHQQAhgEIAA,Monday: 8:30 AM – 5:00 PM; Tuesday: 8:30 AM – 5:00 PM; Wednesday: 8:30 AM – 5:00 PM; Thursday: 8:30 AM – 5:00 PM; Friday: 8:30 AM – 4:00 PM; Saturday: Closed; Sunday: Closed,dental_clinic,Canterbury,Christchurch
Ferry Road Dental Centre,"276 Ferry Road, Phillipstown, Christchurch 8011, New Zealand",03 381 1504,+64 3 381 1504,http://www.ferryrddental.co.nz/,3.9,26,OPERATIONAL,https://maps.google.com/?cid=7002357470002477646&g_mp=Cidnb29nbGUubWFwcy5wbGFjZXMudjEuUGxhY2VzLlNlYXJjaFRleHQQAhgEIAA,Monday: 8:30 AM – 5:15 PM; Tuesday: 8:30 AM – 5:15 PM; Wednesday: 8:30 AM – 5:15 PM; Thursday: 8:30 AM – 5:15 PM; Friday: 8:30 AM – 5:15 PM; Saturday: Closed; Sunday: Closed,dental_clinic,Canterbury,Christchurch
G&E Dental,"369 Main South Road, Hornby, Christchurch 8042, New Zealand",03 347 4703,+64 3 347 4703,http://www.gedental.nz/,4.6,480,OPERATIONAL,https://maps.google.com/?cid=11139384443069252674&g_mp=Cidnb29nbGUubWFwcy5wbGFjZXMudjEuUGxhY2VzLlNlYXJjaFRleHQQAhgEIAA,Monday: 9:00 AM – 7:00 PM; Tuesday: 9:00 AM – 7:00 PM; Wednesday: 9:00 AM – 7:00 PM; Thursday: 9:00 AM – 7:00 PM; Friday: 9:00 AM – 7:00 PM; Saturday: 9:00 AM – 5:00 PM; Sunday: Closed,dental_clinic,Canterbury,Christchurch
Garden City Dental,"237 Bealey Avenue, Christchurch Central City, Christchurch 8013, New Zealand",03 379 6222,+64 3 379 6222,http://www.gardencitydental.co.nz/,4,231,OPERATIONAL,https://maps.google.com/?cid=18307314576042658912&g_mp=Cidnb29nbGUubWFwcy5wbGFjZXMudjEuUGxhY2VzLlNlYXJjaFRleHQQAhgEIAA,Monday: 7:00 AM – 9:00 PM; Tuesday: 7:00 AM – 9:00 PM; Wednesday: 7:00 AM – 9:00 PM; Thursday: 7:00 AM – 9:00 PM; Friday: 8:00 AM – 9:00 PM; Saturday: 8:30 AM – 5:00 PM; Sunday: 8:30 AM – 5:00 PM,dental_clinic,Canterbury,Christchurch
Golden Grin Teeth Whitening Christchurch Chch,"226 Kilmore Street, Christchurch Central City, Christchurch 8011, New Zealand",03 261 6175,+64 3 261 6175,http://goldengrinteeth.co.nz/?utm_source=google&utm_medium=banner&utm_campaign=GoldenGrin_gmb_1,5,15,OPERATIONAL,https://maps.google.com/?cid=3902934779504041591&g_mp=Cidnb29nbGUubWFwcy5wbGFjZXMudjEuUGxhY2VzLlNlYXJjaFRleHQQAhgEIAA,Monday: 7:00 AM – 10:00 PM; Tuesday: 7:00 AM – 10:00 PM; Wednesday: 7:00 AM – 10:00 PM; Thursday: 7:00 AM – 10:00 PM; Friday: 7:00 AM – 10:00 PM; Saturday: 7:00 AM – 10:00 PM; Sunday: 7:00 AM – 10:00 PM,teeth_whitening,Canterbury,Christchurch
Harris Dental Christchurch | Lumino The Dentists,"62 Bealey Avenue, Christchurch Central City, Christchurch 8013, New Zealand",03 366 9982,+64 3 366 9982,https://lumino.co.nz/dentists/harris-dental-christchurch/?utm_source=google_business_profile&utm_medium=organic,4.6,31,OPERATIONAL,https://maps.google.com/?cid=11709674167018011831&g_mp=Cidnb29nbGUubWFwcy5wbGFjZXMudjEuUGxhY2VzLlNlYXJjaFRleHQQAhgEIAA,Monday: 8:00 AM – 6:00 PM; Tuesday: 8:00 AM – 5:00 PM; Wednesday: 8:00 AM – 5:00 PM; Thursday: 8:00 AM – 6:00 PM; Friday: 8:00 AM – 3:00 PM; Saturday: Closed; Sunday: Closed,dental_clinic,Canterbury,Christchurch
Hillmorton Community Dental Clinic,"80-82 Sylvan Street, Middleton, Christchurch 8024, New Zealand",0800 846 983,+64 800 846 983,https://www.cdhb.health.nz/health-services/community-dental-service/,4.3,9,OPERATIONAL,https://maps.google.com/?cid=15948757592237844552&g_mp=Cidnb29nbGUubWFwcy5wbGFjZXMudjEuUGxhY2VzLlNlYXJjaFRleHQQAhgEIAA,Monday: 8:00 AM – 4:30 PM; Tuesday: 8:00 AM – 4:30 PM; Wednesday: 8:00 AM – 4:30 PM; Thursday: 8:00 AM – 4:30 PM; Friday: 8:00 AM – 4:30 PM; Saturday: Closed; Sunday: Closed,dental_clinic,Canterbury,Christchurch
Hornby Community Dental Clinic,"2 Hei Hei Road, Hornby, Christchurch 8042, New Zealand",0800 846 983,+64 800 846 983,,5,5,OPERATIONAL,https://maps.google.com/?cid=10726337143810911105&g_mp=Cidnb29nbGUubWFwcy5wbGFjZXMudjEuUGxhY2VzLlNlYXJjaFRleHQQAhgEIAA,,dental_clinic,Canterbury,Christchurch
Ilam Dental Centre,"110 Memorial Avenue, Burnside, Christchurch 8053, New Zealand",03 348 1602,+64 3 348 1602,http://www.ilamdental.co.nz/,4.7,63,OPERATIONAL,https://maps.google.com/?cid=3459757675075017875&g_mp=Cidnb29nbGUubWFwcy5wbGFjZXMudjEuUGxhY2VzLlNlYXJjaFRleHQQAhgEIAA,Monday: 8:30 AM – 5:00 PM; Tuesday: 8:30 AM – 6:00 PM; Wednesday: 8:30 AM – 5:00 PM; Thursday: 8:30 AM – 6:00 PM; Friday: 8:30 AM – 5:00 PM; Saturday: Closed; Sunday: Closed,dental_clinic,Canterbury,Christchurch
Just Teeth,"4/49 Sir William Pickering Drive, Burnside, Christchurch 8053, New Zealand",03 357 2020,+64 3 357 2020,http://www.just-teeth.co.nz/,4.6,32,OPERATIONAL,https://maps.google.com/?cid=1601798930162761687&g_mp=Cidnb29nbGUubWFwcy5wbGFjZXMudjEuUGxhY2VzLlNlYXJjaFRleHQQAhgEIAA,Monday: 9:00 AM – 5:30 PM; Tuesday: 9:00 AM – 5:30 PM; Wednesday: 9:00 AM – 5:30 PM; Thursday: 9:00 AM – 5:30 PM; Friday: 9:00 AM – 5:30 PM; Saturday: Closed; Sunday: Closed,dental_clinic,Canterbury,Christchurch
Linwood Ave Dental,"201A Linwood Avenue, Linwood, Christchurch 8011, New Zealand",03 389 6023,+64 3 389 6023,,4.3,40,OPERATIONAL,https://maps.google.com/?cid=5496929252571252806&g_mp=Cidnb29nbGUubWFwcy5wbGFjZXMudjEuUGxhY2VzLlNlYXJjaFRleHQQAhgEIAA,Monday: 8:30 AM – 5:00 PM; Tuesday: 8:30 AM – 5:00 PM; Wednesday: 8:30 AM – 5:00 PM; Thursday: 8:30 AM – 5:00 PM; Friday: 8:30 AM – 5:00 PM; Saturday: Closed; Sunday: Closed,dental_clinic,Canterbury,Christchurch
Linwood Dental Centre,"211 Linwood Avenue, Linwood, Christchurch 8011, New Zealand",03 389 9730,+64 3 389 9730,https://linwooddentalcentre.co.nz/,3.8,12,OPERATIONAL,https://maps.google.com/?cid=18039055598809260780&g_mp=Cidnb29nbGUubWFwcy5wbGFjZXMudjEuUGxhY2VzLlNlYXJjaFRleHQQAhgEIAA,Monday: 8:30 AM – 5:00 PM; Tuesday: 8:30 AM – 5:00 PM; Wednesday: 8:30 AM – 5:00 PM; Thursday: 8:30 AM – 5:00 PM; Friday: 8:30 AM – 4:00 PM; Saturday: Closed; Sunday: Closed,dental_clinic,Canterbury,Christchurch
Lumino On Cambridge Christchurch | Lumino The Dentists,"75 Cambridge Terrace, Christchurch Central City, Christchurch 8013, New Zealand",03 366 1948,+64 3 366 1948,https://lumino.co.nz/dentists/lumino-on-cambridge-christchurch/?utm_source=google_business_profile&utm_medium=organic,4.9,54,OPERATIONAL,https://maps.google.com/?cid=3708937451854349674&g_mp=Cidnb29nbGUubWFwcy5wbGFjZXMudjEuUGxhY2VzLlNlYXJjaFRleHQQAhgEIAA,Monday: 8:00 AM – 5:00 PM; Tuesday: 8:00 AM – 5:00 PM; Wednesday: 8:00 AM – 5:00 PM; Thursday: 8:00 AM – 5:00 PM; Friday: 8:00 AM – 4:30 PM; Saturday: Closed; Sunday: Closed,dental_clinic,Canterbury,Christchurch
Lumino St Albans | Lumino The Dentists,"144 Cranford Street, St Albans, Christchurch 8014, New Zealand",03 355 9380,+64 3 355 9380,https://lumino.co.nz/dentists/lumino-st-albans/?utm_source=google_business_profile&utm_medium=organic,3.9,52,OPERATIONAL,https://maps.google.com/?cid=13089750789095057628&g_mp=Cidnb29nbGUubWFwcy5wbGFjZXMudjEuUGxhY2VzLlNlYXJjaFRleHQQAhgEIAA,Monday: 8:00 AM – 5:30 PM; Tuesday: 7:30 AM – 4:30 PM; Wednesday: 8:00 AM – 5:00 PM; Thursday: 7:30 AM – 5:00 PM; Friday: 7:30 AM – 4:30 PM; Saturday: 8:00 AM – 3:00 PM; Sunday: Closed,dental_clinic,Canterbury,Christchurch
Lumino The Dentist - Christchurch City CBD,"71 Gloucester Street, Christchurch Central City, Christchurch 8013, New Zealand",03 550 1428,+64 3 550 1428,https://lumino.co.nz/dentists/christchurch-city-cbd/?utm_source=google_business_profile&utm_medium=organic,4.5,54,OPERATIONAL,https://maps.google.com/?cid=15233995146640230742&g_mp=Cidnb29nbGUubWFwcy5wbGFjZXMudjEuUGxhY2VzLlNlYXJjaFRleHQQAhgEIAA,Monday: 8:00 AM – 5:00 PM; Tuesday: 8:00 AM – 6:00 PM; Wednesday: 8:00 AM – 6:00 PM; Thursday: 8:30 AM – 5:00 PM; Friday: 8:00 AM – 4:00 PM; Saturday: Closed; Sunday: Closed,dental_clinic,Canterbury,Christchurch
Maidstone Dental,"78 Maidstone Road, Ilam, Christchurch 8041, New Zealand",03 357 0446,+64 3 357 0446,https://maidstonedental.co.nz/,4.9,86,OPERATIONAL,https://maps.google.com/?cid=8711245351245243854&g_mp=Cidnb29nbGUubWFwcy5wbGFjZXMudjEuUGxhY2VzLlNlYXJjaFRleHQQAhgEIAA,Monday: 9:00 AM – 5:00 PM; Tuesday: 9:00 AM – 5:00 PM; Wednesday: 9:00 AM – 5:00 PM; Thursday: 9:00 AM – 5:00 PM; Friday: 9:00 AM – 5:00 PM; Saturday: Closed; Sunday: Closed,dental_clinic,Canterbury,Christchurch
Merivale Dental Group Christchurch,"184 Papanui Road, Merivale, Christchurch 8014, New Zealand",03 355 3888,+64 3 355 3888,https://merivaledental.co.nz/,5,55,OPERATIONAL,https://maps.google.com/?cid=3358149620022809149&g_mp=Cidnb29nbGUubWFwcy5wbGFjZXMudjEuUGxhY2VzLlNlYXJjaFRleHQQAhgEIAA,Monday: 8:00 AM – 5:00 PM; Tuesday: 8:00 AM – 2:30 PM; Wednesday: 8:00 AM – 5:00 PM; Thursday: 8:00 AM – 6:30 PM; Friday: 8:00 AM – 5:00 PM; Saturday: Closed; Sunday: Closed,dental_clinic,Canterbury,Christchurch
North Avon Dental Christchurch | Lumino The Dentists,"2 North Avon Road, Richmond, Christchurch 8013, New Zealand",03 365 6767,+64 3 365 6767,https://lumino.co.nz/dentists/north-avon-dental-christchurch/?utm_source=google_business_profile&utm_medium=organic,4.1,35,OPERATIONAL,https://maps.google.com/?cid=644823218405117912&g_mp=Cidnb29nbGUubWFwcy5wbGFjZXMudjEuUGxhY2VzLlNlYXJjaFRleHQQAhgEIAA,Monday: 8:30 AM – 5:00 PM; Tuesday: 8:30 AM – 7:00 PM; Wednesday: 8:30 AM – 5:00 PM; Thursday: 8:30 AM – 5:30 PM; Friday: 8:00 AM – 4:00 PM; Saturday: Closed; Sunday: Closed,dental_clinic,Canterbury,Christchurch
Northwest Dental,"296 Wairakei Road, Bryndwr, Christchurch 8053, New Zealand",03 359 8300,+64 3 359 8300,https://nwdental.co.nz/,5,69,OPERATIONAL,https://maps.google.com/?cid=17776724147532464964&g_mp=Cidnb29nbGUubWFwcy5wbGFjZXMudjEuUGxhY2VzLlNlYXJjaFRleHQQAhgEIAA,Monday: 8:00 AM – 5:00 PM; Tuesday: 8:00 AM – 5:00 PM; Wednesday: 8:00 AM – 5:00 PM; Thursday: 8:00 AM – 5:00 PM; Friday: 8:00 AM – 4:30 PM; Saturday: Closed; Sunday: Closed,dental_clinic,Canterbury,Christchurch
Palms Dental centre,"25 Marshland Road, Shirley, Christchurch 8061, New Zealand",03 385 1466,+64 3 385 1466,http://www.palmsdentist.co.nz/,3.8,82,OPERATIONAL,https://maps.google.com/?cid=9264455013509658407&g_mp=Cidnb29nbGUubWFwcy5wbGFjZXMudjEuUGxhY2VzLlNlYXJjaFRleHQQAhgEIAA,Monday: 8:30 AM – 8:00 PM; Tuesday: 8:30 AM – 8:00 PM; Wednesday: 8:30 AM – 7:00 PM; Thursday: 8:30 AM – 8:00 PM; Friday: 8:30 AM – 5:45 PM; Saturday: 9:00 AM – 5:00 PM; Sunday: Closed,dental_clinic,Canterbury,Christchurch
Papanui Dental Centre- Open Wide,"457 Papanui Road, Papanui, Christchurch 8053, New Zealand",03 352 6019,+64 3 352 6019,http://papanuidental.co.nz/,4.1,27,OPERATIONAL,https://maps.google.com/?cid=6416579424955668120&g_mp=Cidnb29nbGUubWFwcy5wbGFjZXMudjEuUGxhY2VzLlNlYXJjaFRleHQQAhgEIAA,Monday: 8:00 AM – 8:00 PM; Tuesday: 8:00 AM – 5:00 PM; Wednesday: 8:00 AM – 5:00 PM; Thursday: 8:00 AM – 5:00 PM; Friday: 8:00 AM – 5:00 PM; Saturday: Closed; Sunday: Closed,dental_clinic,Canterbury,Christchurch
Pathway Dental,"1/110 Riccarton Road, Riccarton, Christchurch 8011, New Zealand",03 366 8866,+64 3 366 8866,https://www.pathwaydentists.co.nz/,4.9,275,OPERATIONAL,https://maps.google.com/?cid=6660264857974970299&g_mp=Cidnb29nbGUubWFwcy5wbGFjZXMudjEuUGxhY2VzLlNlYXJjaFRleHQQAhgEIAA,Monday: 9:00 AM – 7:00 PM; Tuesday: 9:00 AM – 7:00 PM; Wednesday: 9:00 AM – 7:00 PM; Thursday: 9:00 AM – 7:00 PM; Friday: 9:00 AM – 7:00 PM; Saturday: 9:00 AM – 5:00 PM; Sunday: 9:00 AM – 5:00 PM,dental_clinic,Canterbury,Christchurch
QE2 Dental,"78 Rookwood Avenue, North New Brighton, Christchurch 8083, New Zealand",03 388 0881,+64 3 388 0881,https://qe2dental.co.nz/,4.3,48,OPERATIONAL,https://maps.google.com/?cid=509040173218930824&g_mp=Cidnb29nbGUubWFwcy5wbGFjZXMudjEuUGxhY2VzLlNlYXJjaFRleHQQAhgEIAA,Monday: 9:00 AM – 5:00 PM; Tuesday: 9:00 AM – 5:00 PM; Wednesday: 9:00 AM – 7:00 PM; Thursday: 9:00 AM – 5:00 PM; Friday: 9:00 AM – 4:00 PM; Saturday: Closed; Sunday: Closed,dental_clinic,Canterbury,Christchurch
Redcliffs Dental,"178 Main Road, Redcliffs, Christchurch 8081, New Zealand",03 384 5038,+64 3 384 5038,https://www.redcliffsdental.co.nz/,5,11,OPERATIONAL,https://maps.google.com/?cid=4210952667942822975&g_mp=Cidnb29nbGUubWFwcy5wbGFjZXMudjEuUGxhY2VzLlNlYXJjaFRleHQQAhgEIAA,Monday: 8:00 AM – 4:30 PM; Tuesday: 8:00 AM – 3:00 PM; Wednesday: 8:00 AM – 4:30 PM; Thursday: 8:00 AM – 4:00 PM; Friday: 8:00 AM – 3:00 PM; Saturday: Closed; Sunday: Closed,dental_clinic,Canterbury,Christchurch
Riccarton Dental Studio (Previously Stafford Dental Centre - Sockburn),"37 Main South Road, Sockburn, Christchurch 8042, New Zealand",03 366 1555,+64 3 366 1555,https://riccartondentalstudio.co.nz/,5,556,OPERATIONAL,https://maps.google.com/?cid=2327793586611262823&g_mp=Cidnb29nbGUubWFwcy5wbGFjZXMudjEuUGxhY2VzLlNlYXJjaFRleHQQAhgEIAA,Monday: 8:30 AM – 9:00 PM; Tuesday: 8:30 AM – 9:00 PM; Wednesday: 8:30 AM – 9:00 PM; Thursday: 8:30 AM – 5:00 PM; Friday: 8:30 AM – 9:00 PM; Saturday: 9:00 AM – 5:00 PM; Sunday: 9:00 AM – 5:00 PM,dental_clinic,Canterbury,Christchurch
Richmond Village Dental,"45 North Avon Road, Richmond, Christchurch 8013, New Zealand",03 389 5923,+64 3 389 5923,https://richmondvillage.dental/,4.8,78,OPERATIONAL,https://maps.google.com/?cid=9142724364060526600&g_mp=Cidnb29nbGUubWFwcy5wbGFjZXMudjEuUGxhY2VzLlNlYXJjaFRleHQQAhgEIAA,Monday: 8:30 AM – 6:00 PM; Tuesday: 8:30 AM – 5:00 PM; Wednesday: 8:30 AM – 6:00 PM; Thursday: 8:30 AM – 6:00 PM; Friday: 8:30 AM – 4:00 PM; Saturday: Closed; Sunday: Closed,dental_clinic,Canterbury,Christchurch
Riverside Dental Christchurch City,"69 Cambridge Terrace, City Centre, Christchurch 8013, New Zealand",03 366 1614,+64 3 366 1614,http://riversidedental.co.nz/,4.9,52,OPERATIONAL,https://maps.google.com/?cid=13470795469477124748&g_mp=Cidnb29nbGUubWFwcy5wbGFjZXMudjEuUGxhY2VzLlNlYXJjaFRleHQQAhgEIAA,Monday: 8:00 AM – 5:00 PM; Tuesday: 8:00 AM – 5:00 PM; Wednesday: 8:00 AM – 4:30 PM; Thursday: 8:30 AM – 5:00 PM; Friday: 8:00 AM – 4:30 PM; Saturday: Closed; Sunday: Closed,dental_clinic,Canterbury,Christchurch
Shirley Dental Christchurch | Lumino The Dentists,"13 Marshland Road, Shirley, Christchurch 8061, New Zealand",03 385 2310,+64 3 385 2310,https://lumino.co.nz/dentists/shirley-dental-practice/?utm_source=google_business_profile&utm_medium=organic,4.2,30,OPERATIONAL,https://maps.google.com/?cid=16599999484635670654&g_mp=Cidnb29nbGUubWFwcy5wbGFjZXMudjEuUGxhY2VzLlNlYXJjaFRleHQQAhgEIAA,Monday: 8:00 AM – 5:00 PM; Tuesday: 8:00 AM – 5:00 PM; Wednesday: 8:00 AM – 5:00 PM; Thursday: 8:00 AM – 6:00 PM; Friday: 8:00 AM – 4:00 PM; Saturday: Closed; Sunday: Closed,dental_clinic,Canterbury,Christchurch
Smile Concepts,"104 Colombo Street, Sydenham, Christchurch 8023, New Zealand",03 332 6399,+64 3 332 6399,http://www.smileconcepts.co.nz/,4.9,184,OPERATIONAL,https://maps.google.com/?cid=1382244786071358925&g_mp=Cidnb29nbGUubWFwcy5wbGFjZXMudjEuUGxhY2VzLlNlYXJjaFRleHQQAhgEIAA,Monday: 8:30 AM – 5:00 PM; Tuesday: 8:30 AM – 5:00 PM; Wednesday: 8:30 AM – 6:30 PM; Thursday: 8:30 AM – 5:00 PM; Friday: 8:30 AM – 4:00 PM; Saturday: Closed; Sunday: Closed,dental_clinic,Canterbury,Christchurch
Smilesville Dental,"Riccarton, 131 Riccarton Road, Riccarton, Christchurch 8041, New Zealand",03 341 6800,+64 3 341 6800,https://www.smilesville.co.nz/,4.7,194,OPERATIONAL,https://maps.google.com/?cid=3117829297415785079&g_mp=Cidnb29nbGUubWFwcy5wbGFjZXMudjEuUGxhY2VzLlNlYXJjaFRleHQQAhgEIAA,Monday: 8:30 AM – 5:30 PM; Tuesday: 8:30 AM – 5:30 PM; Wednesday: 8:30 AM – 5:30 PM; Thursday: 8:30 AM – 5:30 PM; Friday: 8:30 AM – 5:30 PM; Saturday: Closed; Sunday: Closed,dental_clinic,Canterbury,Christchurch
Studio Dental,"369 Papanui Road, Strowan, Christchurch 8052, New Zealand",03 366 3399,+64 3 366 3399,https://www.studiodental.nz/,5,197,OPERATIONAL,https://maps.google.com/?cid=16146123421837401325&g_mp=Cidnb29nbGUubWFwcy5wbGFjZXMudjEuUGxhY2VzLlNlYXJjaFRleHQQAhgEIAA,Monday: 8:30 AM – 5:00 PM; Tuesday: 8:30 AM – 6:00 PM; Wednesday: 8:30 AM – 5:00 PM; Thursday: 8:30 AM – 6:00 PM; Friday: 8:30 AM – 5:00 PM; Saturday: Closed; Sunday: Closed,dental_clinic,Canterbury,Christchurch
Sydenham Dental Centre,"58 Wordsworth Street, Sydenham, Christchurch 8023, New Zealand",03 366 7429,+64 3 366 7429,https://www.sydenhamdentalcentre.co.nz/,4.1,183,OPERATIONAL,https://maps.google.com/?cid=4244079002428834183&g_mp=Cidnb29nbGUubWFwcy5wbGFjZXMudjEuUGxhY2VzLlNlYXJjaFRleHQQAhgEIAA,Monday: 8:30 AM – 5:00 PM; Tuesday: 8:30 AM – 5:00 PM; Wednesday: 8:30 AM – 7:30 PM; Thursday: 8:30 AM – 5:00 PM; Friday: 8:30 AM – 5:00 PM; Saturday: Closed; Sunday: Closed,dental_clinic,Canterbury,Christchurch
Team Dental Bealey,"212 Bealey Avenue, Christchurch Central City, Christchurch 8013, New Zealand",03 595 0738,+64 3 595 0738,https://www.team-dental.co.nz/christchurch/bealey-avenue?utm_campaign=bealey&utm_medium=gbp&utm_source=google,4.8,102,OPERATIONAL,https://maps.google.com/?cid=9312900694082185217&g_mp=Cidnb29nbGUubWFwcy5wbGFjZXMudjEuUGxhY2VzLlNlYXJjaFRleHQQAhgEIAA,Monday: 9:00 AM – 5:00 PM; Tuesday: 9:00 AM – 7:00 PM; Wednesday: 9:00 AM – 5:00 PM; Thursday: 9:00 AM – 5:00 PM; Friday: 9:00 AM – 5:00 PM; Saturday: Closed; Sunday: Closed,dental_clinic,Canterbury,Christchurch
Team Dental Papanui,"146 Harewood Road, Papanui, Christchurch 8053, New Zealand",03 354 3416,+64 3 354 3416,https://www.team-dental.co.nz/christchurch/papanui/?utm_campaign=papanui&utm_medium=gbp&utm_source=google,4.6,51,OPERATIONAL,https://maps.google.com/?cid=8873170887430602997&g_mp=Cidnb29nbGUubWFwcy5wbGFjZXMudjEuUGxhY2VzLlNlYXJjaFRleHQQAhgEIAA,Monday: 8:30 AM – 5:00 PM; Tuesday: 8:30 AM – 8:00 PM; Wednesday: 8:30 AM – 5:00 PM; Thursday: 8:30 AM – 5:00 PM; Friday: 8:30 AM – 5:00 PM; Saturday: Closed; Sunday: Closed,dental_clinic,Canterbury,Christchurch
Team Dental Riccarton,"178 Riccarton Road, Riccarton, Christchurch 8041, New Zealand",03 341 1122,+64 3 341 1122,https://www.team-dental.co.nz/christchurch/riccarton/?utm_campaign=riccarton&utm_medium=gbp&utm_source=google,4.7,434,OPERATIONAL,https://maps.google.com/?cid=16547292212636178697&g_mp=Cidnb29nbGUubWFwcy5wbGFjZXMudjEuUGxhY2VzLlNlYXJjaFRleHQQAhgEIAA,Monday: 9:00 AM – 8:00 PM; Tuesday: 9:00 AM – 5:00 PM; Wednesday: 9:00 AM – 5:00 PM; Thursday: 9:00 AM – 8:00 PM; Friday: 9:00 AM – 5:00 PM; Saturday: 9:00 AM – 2:00 PM; Sunday: Closed,dental_clinic,Canterbury,Christchurch
The Teeth Whitening Lab - Christchurch Former Dental Therapist,"86A Halton Street, Strowan, Christchurch 8052, New Zealand",0274 103 355,+64 274 103 355,http://theteethwhiteninglabchch.co.nz/,5,4,OPERATIONAL,https://maps.google.com/?cid=9923641811339773949&g_mp=Cidnb29nbGUubWFwcy5wbGFjZXMudjEuUGxhY2VzLlNlYXJjaFRleHQQAhgEIAA,Monday: 9:00 AM – 5:00 PM; Tuesday: 9:00 AM – 5:00 PM; Wednesday: 9:00 AM – 5:00 PM; Thursday: 9:00 AM – 5:00 PM; Friday: 9:00 AM – 5:00 PM; Saturday: 9:00 AM – 2:00 PM; Sunday: 9:00 AM – 5:00 PM,teeth_whitening,Canterbury,Christchurch
Waltham Dental Centre,"81 Waltham Road, Sydenham, Canterbury 8023, New Zealand",03 379 5146,+64 3 379 5146,http://www.walthamdental.co.nz/,4.5,36,OPERATIONAL,https://maps.google.com/?cid=2258066028163434909&g_mp=Cidnb29nbGUubWFwcy5wbGFjZXMudjEuUGxhY2VzLlNlYXJjaFRleHQQAhgEIAA,Monday: 8:30 AM – 5:00 PM; Tuesday: 8:30 AM – 5:00 PM; Wednesday: 8:30 AM – 5:00 PM; Thursday: 8:30 AM – 5:00 PM; Friday: 9:00 AM – 5:00 PM; Saturday: Closed; Sunday: Closed,dental_clinic,Canterbury,Christchurch
Warrington Dental,"153 Innes Road, St Albans, Christchurch 8052, New Zealand",03 355 8081,+64 3 355 8081,,4.5,40,OPERATIONAL,https://maps.google.com/?cid=509285012815245340&g_mp=Cidnb29nbGUubWFwcy5wbGFjZXMudjEuUGxhY2VzLlNlYXJjaFRleHQQAhgEIAA,Monday: 9:00 AM – 7:00 PM; Tuesday: 9:00 AM – 7:00 PM; Wednesday: 9:00 AM – 7:00 PM; Thursday: 9:00 AM – 7:00 PM; Friday: 9:00 AM – 7:00 PM; Saturday: Closed; Sunday: Closed,dental_clinic,Canterbury,Christchurch
Windsor Dental Centre,"142 Marshland Road, Shirley, Christchurch 8061, New Zealand",03 385 3778,+64 3 385 3778,http://www.windsordentalcentre.co.nz/,4.6,42,OPERATIONAL,https://maps.google.com/?cid=14587737609549959965&g_mp=Cidnb29nbGUubWFwcy5wbGFjZXMudjEuUGxhY2VzLlNlYXJjaFRleHQQAhgEIAA,Monday: 8:30 AM – 7:00 PM; Tuesday: 8:30 AM – 7:00 PM; Wednesday: 8:30 AM – 7:00 PM; Thursday: 8:30 AM – 7:00 PM; Friday: 8:30 AM – 5:30 PM; Saturday: Closed; Sunday: Closed,dental_clinic,Canterbury,Christchurch
Wisdom Dental,"140 Idris Road, Strowan, Christchurch 8052, New Zealand",03 242 0362,+64 3 242 0362,https://www.wisdomdental.co.nz/,5,29,OPERATIONAL,https://maps.google.com/?cid=10320472296032574140&g_mp=Cidnb29nbGUubWFwcy5wbGFjZXMudjEuUGxhY2VzLlNlYXJjaFRleHQQAhgEIAA,Monday: 8:00 AM – 5:00 PM; Tuesday: 8:00 AM – 5:00 PM; Wednesday: 8:00 AM – 5:00 PM; Thursday: 8:00 AM – 5:00 PM; Friday: 8:00 AM – 3:00 PM; Saturday: Closed; Sunday: Closed,dental_clinic,Canterbury,Christchurch
Yaldhurst Dental,"7 Filly Place, Yaldhurst, Christchurch 8042, New Zealand",03 925 8127,+64 3 925 8127,http://www.yaldhurstdental.co.nz/,5,58,OPERATIONAL,https://maps.google.com/?cid=17215604610172298447&g_mp=Cidnb29nbGUubWFwcy5wbGFjZXMudjEuUGxhY2VzLlNlYXJjaFRleHQQAhgEIAA,Monday: 9:00 AM – 7:00 PM; Tuesday: 9:00 AM – 5:00 PM; Wednesday: 9:00 AM – 5:00 PM; Thursday: 10:00 AM – 7:00 PM; Friday: 9:00 AM – 4:00 PM; Saturday: Closed; Sunday: Closed,dental_clinic,Canterbury,Christchurch
Darfield Dental Centre | Lumino The Dentists,"42 South Terrace, Darfield 7510, New Zealand",03 318 8392,+64 3 318 8392,https://lumino.co.nz/dentists/darfield-dental-canterbury/?utm_source=google_business_profile&utm_medium=organic,4.2,11,OPERATIONAL,https://maps.google.com/?cid=9594941092142740187&g_mp=Cidnb29nbGUubWFwcy5wbGFjZXMudjEuUGxhY2VzLlNlYXJjaFRleHQQAhgEIAA,Monday: 8:30 AM – 4:30 PM; Tuesday: 8:30 AM – 4:30 PM; Wednesday: 8:30 AM – 4:30 PM; Thursday: 8:30 AM – 4:30 PM; Friday: 8:30 AM – 2:00 PM; Saturday: Closed; Sunday: Closed,dental_clinic,Canterbury,Darfield
Four Peaks Dental,"190 Talbot Street, Geraldine 7930, New Zealand",03 281 3537,+64 3 281 3537,http://fourpeaksdental.co.nz/,5,124,OPERATIONAL,https://maps.google.com/?cid=3856114513203415462&g_mp=Cidnb29nbGUubWFwcy5wbGFjZXMudjEuUGxhY2VzLlNlYXJjaFRleHQQAhgEIAA,Monday: 8:30 AM – 5:30 PM; Tuesday: 8:30 AM – 5:30 PM; Wednesday: 8:30 AM – 5:30 PM; Thursday: 8:30 AM – 5:30 PM; Friday: 8:30 AM – 5:30 PM; Saturday: Closed; Sunday: Closed,dental_clinic,Canterbury,Geraldine
Hanmer Springs Health Centre,"Springs 7334, 59 Jacks Pass Road, Hanmer Springs 7334, New Zealand",03 315 7503,+64 3 315 7503,http://www.hanmermc.co.nz/,4.9,13,OPERATIONAL,https://maps.google.com/?cid=6640020710989150818,Monday: 8:30 AM – 5:00 PM; Tuesday: 8:30 AM – 5:00 PM; Wednesday: 8:30 AM – 5:00 PM; Thursday: 8:30 AM – 5:00 PM; Friday: 8:30 AM – 5:00 PM; Saturday: Closed; Sunday: Closed,needs_verification,Canterbury,Hanmer Springs
ConfiDental Laboratory and Clinic,"14 Evans Place, Kaiapoi 7630, New Zealand",03 327 8704,+64 3 327 8704,https://confidental.nz/,4.2,6,OPERATIONAL,https://maps.google.com/?cid=3619540689592657767&g_mp=Cidnb29nbGUubWFwcy5wbGFjZXMudjEuUGxhY2VzLlNlYXJjaFRleHQQAhgEIAA,Monday: 9:00 AM – 5:00 PM; Tuesday: 9:00 AM – 5:00 PM; Wednesday: 9:00 AM – 5:00 PM; Thursday: 9:00 AM – 5:00 PM; Friday: 9:00 AM – 5:00 PM; Saturday: Closed; Sunday: Closed,dental_clinic,Canterbury,Kaiapoi
Dental Care Kaiapoi,"42 Charles Street, Kaiapoi 7630, New Zealand",03 327 9477,+64 3 327 9477,https://www.dentalcarekaiapoi.co.nz/,4.9,28,OPERATIONAL,https://maps.google.com/?cid=7075200414403338376&g_mp=Cidnb29nbGUubWFwcy5wbGFjZXMudjEuUGxhY2VzLlNlYXJjaFRleHQQAhgEIAA,Monday: 9:00 AM – 5:00 PM; Tuesday: 9:00 AM – 5:00 PM; Wednesday: 9:00 AM – 5:00 PM; Thursday: 9:00 AM – 5:00 PM; Friday: 9:00 AM – 4:30 PM; Saturday: Closed; Sunday: Closed,dental_clinic,Canterbury,Kaiapoi
Kaiapoi Community Dental Clinic,"65 Raven Quay, Kaiapoi 7630, New Zealand",,,,5,2,OPERATIONAL,https://maps.google.com/?cid=1428666472559706690&g_mp=Cidnb29nbGUubWFwcy5wbGFjZXMudjEuUGxhY2VzLlNlYXJjaFRleHQQAhgEIAA,,dental_clinic,Canterbury,Kaiapoi
North Canterbury Dental Care,"164 Williams Street, Kaiapoi 7630, New Zealand",03 327 8943,+64 3 327 8943,http://www.northcanterburydental.co.nz/,4.6,20,OPERATIONAL,https://maps.google.com/?cid=15522086631455504988&g_mp=Cidnb29nbGUubWFwcy5wbGFjZXMudjEuUGxhY2VzLlNlYXJjaFRleHQQAhgEIAA,Monday: 8:30 AM – 5:00 PM; Tuesday: 8:30 AM – 5:00 PM; Wednesday: 8:30 AM – 5:00 PM; Thursday: 8:30 AM – 5:00 PM; Friday: 8:30 AM – 5:00 PM; Saturday: Closed; Sunday: Closed,dental_clinic,Canterbury,Kaiapoi
PAG Silverstream Dental,"4/42 Silverstream Boulevard, Silverstream, Kaiapoi 7690, New Zealand",03 925 8003,+64 3 925 8003,http://www.pagdental.com/,4.7,19,OPERATIONAL,https://maps.google.com/?cid=9288528982407556988&g_mp=Cidnb29nbGUubWFwcy5wbGFjZXMudjEuUGxhY2VzLlNlYXJjaFRleHQQAhgEIAA,Monday: 8:30 AM – 5:30 PM; Tuesday: 8:30 AM – 5:30 PM; Wednesday: 8:30 AM – 5:30 PM; Thursday: 8:30 AM – 5:30 PM; Friday: 8:30 AM – 5:30 PM; Saturday: Closed; Sunday: Closed,dental_clinic,Canterbury,Kaiapoi
Kaikoura Dental Centre,"6 West End, Kaikōura 7300, New Zealand",03 319 5629,+64 3 319 5629,http://www.dentist.co.nz/dentist-detail/kaikoura/kaikoura-dental-centre/A11007216,4.7,7,OPERATIONAL,https://maps.google.com/?cid=7017873781239194411&g_mp=Cidnb29nbGUubWFwcy5wbGFjZXMudjEuUGxhY2VzLlNlYXJjaFRleHQQAhgEIAA,Monday: Closed; Tuesday: Closed; Wednesday: 9:00 AM – 5:00 PM; Thursday: 9:00 AM – 5:00 PM; Friday: 9:00 AM – 5:00 PM; Saturday: Closed; Sunday: Closed,dental_clinic,Canterbury,Kaikōura
Lincoln Dental Canterbury | Lumino The Dentists,"55 Gerald Street, Lincoln 7608, New Zealand",03 325 2696,+64 3 325 2696,https://lumino.co.nz/dentists/lincoln-dental-canterbury/?utm_source=google_business_profile&utm_medium=organic,4.7,40,OPERATIONAL,https://maps.google.com/?cid=6432918126270493450&g_mp=Cidnb29nbGUubWFwcy5wbGFjZXMudjEuUGxhY2VzLlNlYXJjaFRleHQQAhgEIAA,Monday: 8:30 AM – 5:00 PM; Tuesday: 8:30 AM – 5:00 PM; Wednesday: 8:30 AM – 5:00 PM; Thursday: 8:30 AM – 5:00 PM; Friday: 8:30 AM – 4:00 PM; Saturday: Closed; Sunday: Closed,dental_clinic,Canterbury,Lincoln
Methven Medical Centre,"4 Methven Chertsey Road, Methven 7730, New Zealand",03 302 8105,+64 3 302 8105,,4.1,9,OPERATIONAL,https://maps.google.com/?cid=8179252208680832059,Monday: 8:30 AM – 5:00 PM; Tuesday: 8:30 AM – 5:00 PM; Wednesday: 8:30 AM – 5:00 PM; Thursday: 8:30 AM – 5:00 PM; Friday: 8:30 AM – 5:00 PM; Saturday: Closed; Sunday: Closed,needs_verification,Canterbury,Methven
Oxford Dental,"634 Bay Road, Oxford 7430, New Zealand",021 273 6963,+64 21 273 6963,https://oxforddental.co.nz/,5,5,OPERATIONAL,https://maps.google.com/?cid=5878298750586604570&g_mp=Cidnb29nbGUubWFwcy5wbGFjZXMudjEuUGxhY2VzLlNlYXJjaFRleHQQAhgEIAA,Monday: Closed; Tuesday: 10:00 AM – 4:00 PM; Wednesday: 9:00 AM – 4:00 PM; Thursday: 9:00 AM – 4:00 PM; Friday: Closed; Saturday: Closed; Sunday: Closed,dental_clinic,Canterbury,Oxford
Antoun | Nichols Orthodontics,"Unit 9/26 Central Avenue, Prebbleton 7604, New Zealand",03 322 1511,+64 3 322 1511,http://www.jaortho.co.nz/,5,32,OPERATIONAL,https://maps.google.com/?cid=12670258985681127249&g_mp=Cidnb29nbGUubWFwcy5wbGFjZXMudjEuUGxhY2VzLlNlYXJjaFRleHQQAhgEIAA,Monday: Closed; Tuesday: Closed; Wednesday: 8:00 AM – 5:00 PM; Thursday: 8:00 AM – 5:00 PM; Friday: 8:00 AM – 5:00 PM; Saturday: Closed; Sunday: Closed,dental_clinic,Canterbury,Prebbleton
Village Denture Studio,"Unit 6/26 Central Avenue, Selwyn, Prebbleton 7604, New Zealand",021 225 8855,+64 21 225 8855,https://vdstudio.co.nz/,5,2,OPERATIONAL,https://maps.google.com/?cid=14137511278734631876&g_mp=Cidnb29nbGUubWFwcy5wbGFjZXMudjEuUGxhY2VzLlNlYXJjaFRleHQQAhgEIAA,Monday: 8:30 AM – 5:30 PM; Tuesday: 8:30 AM – 5:30 PM; Wednesday: 8:30 AM – 5:30 PM; Thursday: 8:30 AM – 5:30 PM; Friday: 8:30 AM – 5:30 PM; Saturday: Closed; Sunday: Closed,dental_clinic,Canterbury,Prebbleton
Fox Dental Care,"132 Kippenberger Avenue, Rangiora 7400, New Zealand",03 313 5145,+64 3 313 5145,http://www.foxdentalcare.co.nz/,4.7,49,OPERATIONAL,https://maps.google.com/?cid=8727778738155241450&g_mp=Cidnb29nbGUubWFwcy5wbGFjZXMudjEuUGxhY2VzLlNlYXJjaFRleHQQAhgEIAA,Monday: 8:30 AM – 5:00 PM; Tuesday: 8:30 AM – 5:00 PM; Wednesday: 8:30 AM – 5:00 PM; Thursday: 8:30 AM – 5:00 PM; Friday: 8:30 AM – 4:00 PM; Saturday: Closed; Sunday: Closed,dental_clinic,Canterbury,Rangiora
Good Street Dental,"19 Good Street, Rangiora 7400, New Zealand",03 313 7404,+64 3 313 7404,http://www.goodstreetdental.co.nz/,4.7,31,OPERATIONAL,https://maps.google.com/?cid=11043126759423812693&g_mp=Cidnb29nbGUubWFwcy5wbGFjZXMudjEuUGxhY2VzLlNlYXJjaFRleHQQAhgEIAA,Monday: 8:30 AM – 5:00 PM; Tuesday: 8:30 AM – 5:00 PM; Wednesday: 8:30 AM – 5:00 PM; Thursday: 8:30 AM – 5:00 PM; Friday: 8:30 AM – 5:00 PM; Saturday: Closed; Sunday: Closed,dental_clinic,Canterbury,Rangiora
Rangiora Community Dental Clinic,"156/140 Ashley Street, Rangiora 7400, New Zealand",,,,,,OPERATIONAL,https://maps.google.com/?cid=12837696648114081863&g_mp=Cidnb29nbGUubWFwcy5wbGFjZXMudjEuUGxhY2VzLlNlYXJjaFRleHQQAhgEIAA,,dental_clinic,Canterbury,Rangiora
Rangiora Dental Centre,"25 Percival Street, Rangiora 7400, New Zealand",03 313 8569,+64 3 313 8569,http://www.rangioradental.co.nz/,3.8,19,OPERATIONAL,https://maps.google.com/?cid=14641921659114773514&g_mp=Cidnb29nbGUubWFwcy5wbGFjZXMudjEuUGxhY2VzLlNlYXJjaFRleHQQAhgEIAA,Monday: 8:15 AM – 5:00 PM; Tuesday: 8:15 AM – 5:00 PM; Wednesday: 8:15 AM – 5:00 PM; Thursday: 8:15 AM – 5:00 PM; Friday: 8:30 AM – 3:00 PM; Saturday: Closed; Sunday: Closed,dental_clinic,Canterbury,Rangiora
Rangiora Dentist | Lumino The Dentists,"210 High Street, Rangiora 7400, New Zealand",03 313 3001,+64 3 313 3001,https://lumino.co.nz/dentists/rangiora-dentist/?utm_source=google_business_profile&utm_medium=organic,3.8,33,OPERATIONAL,https://maps.google.com/?cid=3428257993895768059&g_mp=Cidnb29nbGUubWFwcy5wbGFjZXMudjEuUGxhY2VzLlNlYXJjaFRleHQQAhgEIAA,Monday: 8:00 AM – 5:00 PM; Tuesday: 8:00 AM – 5:00 PM; Wednesday: 8:00 AM – 5:00 PM; Thursday: 8:00 AM – 5:00 PM; Friday: 8:00 AM – 4:00 PM; Saturday: Closed; Sunday: Closed,dental_clinic,Canterbury,Rangiora
Rangiora Denture Clinic,"7 Ashley Street, Waimakariri, Rangiora 7400, New Zealand",03 313 9192,+64 3 313 9192,http://www.rangioradentureclinic.com/,5,13,OPERATIONAL,https://maps.google.com/?cid=1264658477908512789&g_mp=Cidnb29nbGUubWFwcy5wbGFjZXMudjEuUGxhY2VzLlNlYXJjaFRleHQQAhgEIAA,Monday: 8:30 AM – 5:00 PM; Tuesday: 8:30 AM – 5:00 PM; Wednesday: 8:30 AM – 5:00 PM; Thursday: 8:30 AM – 5:00 PM; Friday: 8:30 AM – 5:00 PM; Saturday: Closed; Sunday: Closed,dental_clinic,Canterbury,Rangiora
Sweet Tooth Dental,"52 Charles Street, Rangiora 7400, New Zealand",03 662 5025,+64 3 662 5025,https://www.sweettoothdental.nz/,4.7,30,OPERATIONAL,https://maps.google.com/?cid=4412136479722794951&g_mp=Cidnb29nbGUubWFwcy5wbGFjZXMudjEuUGxhY2VzLlNlYXJjaFRleHQQAhgEIAA,Monday: 8:00 AM – 6:00 PM; Tuesday: 8:00 AM – 6:00 PM; Wednesday: 8:00 AM – 6:00 PM; Thursday: 8:00 AM – 6:00 PM; Friday: 8:00 AM – 6:00 PM; Saturday: Closed; Sunday: Closed,dental_clinic,Canterbury,Rangiora
G&E Dental Rolleston,"66 Rolleston Drive, Rolleston 7614, New Zealand",03 347 4703,+64 3 347 4703,http://www.gedental.co.nz/locations/ge-dental-rolleston-general-and-emergency-dentists-in-rolleston/,4.1,49,OPERATIONAL,https://maps.google.com/?cid=14025628881131688170&g_mp=Cidnb29nbGUubWFwcy5wbGFjZXMudjEuUGxhY2VzLlNlYXJjaFRleHQQAhgEIAA,Monday: 9:00 AM – 5:00 PM; Tuesday: 9:00 AM – 5:00 PM; Wednesday: 9:00 AM – 5:00 PM; Thursday: 9:00 AM – 5:00 PM; Friday: 9:00 AM – 5:00 PM; Saturday: Closed; Sunday: Closed,dental_clinic,Canterbury,Rolleston
Rolleston Community Dental,"2/3 Norman Kirk Drive, Rolleston 7614, New Zealand",0800 846 983,+64 800 846 983,https://info.health.nz/locations/canterbury/community-dental-service-canterbury,3.3,3,OPERATIONAL,https://maps.google.com/?cid=13318096777292708985&g_mp=Cidnb29nbGUubWFwcy5wbGFjZXMudjEuUGxhY2VzLlNlYXJjaFRleHQQAhgEIAA,Monday: 8:15 AM – 4:30 PM; Tuesday: 8:15 AM – 4:30 PM; Wednesday: 8:15 AM – 4:30 PM; Thursday: 8:15 AM – 4:30 PM; Friday: 8:15 AM – 4:30 PM; Saturday: Closed; Sunday: Closed,dental_clinic,Canterbury,Rolleston
Rolleston Dental Centre,"36 Tennyson Street, Rolleston 7614, New Zealand",03 347 4440,+64 3 347 4440,http://www.rollestondentist.co.nz/,4,57,OPERATIONAL,https://maps.google.com/?cid=11722858237207737760&g_mp=Cidnb29nbGUubWFwcy5wbGFjZXMudjEuUGxhY2VzLlNlYXJjaFRleHQQAhgEIAA,Monday: 9:00 AM – 6:00 PM; Tuesday: 9:00 AM – 5:00 PM; Wednesday: 9:00 AM – 8:00 PM; Thursday: 9:00 AM – 8:00 PM; Friday: 9:00 AM – 6:00 PM; Saturday: 9:00 AM – 12:30 PM; Sunday: Closed,dental_clinic,Canterbury,Rolleston
Selwyn Dental - Restorative and Implant Centre,"3/55 Faringdon Boulevard, Rolleston 7615, New Zealand",03 260 0322,+64 3 260 0322,https://www.selwyndental.co.nz/,4.3,10,OPERATIONAL,https://maps.google.com/?cid=8476917885632077298&g_mp=Cidnb29nbGUubWFwcy5wbGFjZXMudjEuUGxhY2VzLlNlYXJjaFRleHQQAhgEIAA,Monday: 9:00 AM – 4:00 PM; Tuesday: Closed; Wednesday: 9:00 AM – 4:00 PM; Thursday: Closed; Friday: 9:00 AM – 4:00 PM; Saturday: Closed; Sunday: Closed,dental_clinic,Canterbury,Rolleston
Brunswick Dental Chambers,"17 Brunswick Street, Seaview, Timaru 7910, New Zealand",03 688 6463,+64 3 688 6463,,4.9,11,OPERATIONAL,https://maps.google.com/?cid=8742180607007968619&g_mp=Cidnb29nbGUubWFwcy5wbGFjZXMudjEuUGxhY2VzLlNlYXJjaFRleHQQAhgEIAA,Monday: 9:00 AM – 5:00 PM; Tuesday: 9:00 AM – 5:00 PM; Wednesday: 9:00 AM – 5:00 PM; Thursday: 9:00 AM – 5:00 PM; Friday: 9:00 AM – 4:00 PM; Saturday: Closed; Sunday: Closed,dental_clinic,Canterbury,Timaru
Life Dental previously known as Timaru Dental Laboratory,"4 Woollcombe Street, Timaru Central, Timaru 7910, New Zealand",03 688 3504,+64 3 688 3504,https://lifedental.co.nz/,5,68,OPERATIONAL,https://maps.google.com/?cid=4562221701981387381&g_mp=Cidnb29nbGUubWFwcy5wbGFjZXMudjEuUGxhY2VzLlNlYXJjaFRleHQQAhgEIAA,Monday: 9:00 AM – 5:00 PM; Tuesday: 9:00 AM – 5:00 PM; Wednesday: 9:00 AM – 5:00 PM; Thursday: 9:00 AM – 5:00 PM; Friday: 9:00 AM – 3:00 PM; Saturday: Closed; Sunday: Closed,dental_clinic,Canterbury,Timaru
Pages Dental Surgery,"Seaview, Timaru 7910, New Zealand",03 688 6463,+64 3 688 6463,,5,5,OPERATIONAL,https://maps.google.com/?cid=5320742854526447058&g_mp=Cidnb29nbGUubWFwcy5wbGFjZXMudjEuUGxhY2VzLlNlYXJjaFRleHQQAhgEIAA,,dental_clinic,Canterbury,Timaru
Silver Birches Dental Centre,"5 Elizabeth Place, Timaru Central, Timaru 7910, New Zealand",03 688 9463,+64 3 688 9463,https://silverbirchesdental.co.nz/,4.4,18,OPERATIONAL,https://maps.google.com/?cid=9263435673655177717&g_mp=Cidnb29nbGUubWFwcy5wbGFjZXMudjEuUGxhY2VzLlNlYXJjaFRleHQQAhgEIAA,Monday: 8:30 AM – 5:00 PM; Tuesday: 8:30 AM – 5:00 PM; Wednesday: 8:30 AM – 5:00 PM; Thursday: 8:30 AM – 5:00 PM; Friday: 8:30 AM – 4:00 PM; Saturday: Closed; Sunday: Closed,dental_clinic,Canterbury,Timaru
South Canterbury Denture Care - Timaru,"41 Church Street, Timaru Central, Timaru 7910, New Zealand",03 688 6182,+64 3 688 6182,https://www.timaru-southcanterburydenture.co.nz/,5,40,OPERATIONAL,https://maps.google.com/?cid=17812646708312317942&g_mp=Cidnb29nbGUubWFwcy5wbGFjZXMudjEuUGxhY2VzLlNlYXJjaFRleHQQAhgEIAA,Monday: 9:00 AM – 5:00 PM; Tuesday: 9:00 AM – 5:00 PM; Wednesday: 9:00 AM – 5:00 PM; Thursday: 9:00 AM – 5:00 PM; Friday: 9:00 AM – 5:00 PM; Saturday: Closed; Sunday: Closed,dental_clinic,Canterbury,Timaru
Stafford Dental Centre - Timaru,"14 Elizabeth Street, Timaru Central, Timaru 7910, New Zealand",03 688 0033,+64 3 688 0033,https://stafforddental.co.nz/,4.9,307,OPERATIONAL,https://maps.google.com/?cid=8294493250356197732&g_mp=Cidnb29nbGUubWFwcy5wbGFjZXMudjEuUGxhY2VzLlNlYXJjaFRleHQQAhgEIAA,Monday: 8:30 AM – 5:00 PM; Tuesday: 8:30 AM – 5:00 PM; Wednesday: 8:30 AM – 5:00 PM; Thursday: 8:30 AM – 5:00 PM; Friday: 8:30 AM – 5:00 PM; Saturday: Closed; Sunday: Closed,dental_clinic,Canterbury,Timaru
Timaru Community Dental Clinic,"level 1/18 Woollcombe Street, Timaru Central, Timaru 7910, New Zealand",0800 846 983,+64 800 846 983,https://www.cdhb.health.nz/health-services/community-dental-service/,5,1,OPERATIONAL,https://maps.google.com/?cid=4460475590751277680&g_mp=Cidnb29nbGUubWFwcy5wbGFjZXMudjEuUGxhY2VzLlNlYXJjaFRleHQQAhgEIAA,,dental_clinic,Canterbury,Timaru
Timaru Dental Care,"Level 1/45 Heaton Street, Parkside, Timaru 7910, New Zealand",03 684 3451,+64 3 684 3451,http://www.timarudentalcare.co.nz/,4.2,25,OPERATIONAL,https://maps.google.com/?cid=13203169501369693648&g_mp=Cidnb29nbGUubWFwcy5wbGFjZXMudjEuUGxhY2VzLlNlYXJjaFRleHQQAhgEIAA,Monday: 8:30 AM – 5:00 PM; Tuesday: 8:30 AM – 5:00 PM; Wednesday: 8:30 AM – 5:00 PM; Thursday: 8:30 AM – 5:00 PM; Friday: 8:30 AM – 5:00 PM; Saturday: Closed; Sunday: Closed,dental_clinic,Canterbury,Timaru
Mackenzie Health Centre,"3A Benmore Place, Twizel 7901, New Zealand",03 976 0503,+64 3 976 0503,http://kurowmedicalcentre.org.nz/,4.8,24,OPERATIONAL,https://maps.google.com/?cid=12770163769467081850,Monday: 8:30 AM – 5:00 PM; Tuesday: 8:30 AM – 5:00 PM; Wednesday: 8:30 AM – 5:00 PM; Thursday: 8:30 AM – 5:00 PM; Friday: 8:30 AM – 5:00 PM; Saturday: 9:00 AM – 12:00 PM; Sunday: Closed,needs_verification,Canterbury,Twizel
Twizel Medical Centre,"15 MacKenzie Drive, Twizel 7901, New Zealand",03 435 0777,+64 3 435 0777,http://www.twizelmed.co.nz/,3.3,30,OPERATIONAL,https://maps.google.com/?cid=8267556648825701875,Monday: 8:30 AM – 5:00 PM; Tuesday: 8:30 AM – 5:00 PM; Wednesday: 8:30 AM – 5:00 PM; Thursday: 8:30 AM – 5:00 PM; Friday: 8:30 AM – 5:00 PM; Saturday: Closed; Sunday: Closed,needs_verification,Canterbury,Twizel
Central Dental,"17 Brandon Street, Alexandra 9320, New Zealand",03 448 8159,+64 3 448 8159,http://www.centraldental.co.nz/,4.8,16,OPERATIONAL,https://maps.google.com/?cid=5050488306240036219&g_mp=Cidnb29nbGUubWFwcy5wbGFjZXMudjEuUGxhY2VzLlNlYXJjaFRleHQQAhgEIAA,Monday: 8:30 AM – 5:00 PM; Tuesday: 8:30 AM – 5:00 PM; Wednesday: 8:30 AM – 5:00 PM; Thursday: 8:30 AM – 5:00 PM; Friday: 8:30 AM – 5:00 PM; Saturday: Closed; Sunday: Closed,dental_clinic,Otago,Alexandra
Community Oral Health Service,"5 Ventry Street, Alexandra 9320, New Zealand",03 448 5915,+64 3 448 5915,,,,OPERATIONAL,https://maps.google.com/?cid=5575111206287637758&g_mp=Cidnb29nbGUubWFwcy5wbGFjZXMudjEuUGxhY2VzLlNlYXJjaFRleHQQAhgEIAA,,dental_clinic,Otago,Alexandra
Duncan Anderson Dental Surgeons,"116 Centennial Avenue, Alexandra 9320, New Zealand",03 440 2119,+64 3 440 2119,http://duncanandersondental.co.nz/,4.7,14,OPERATIONAL,https://maps.google.com/?cid=12509513595176161457&g_mp=Cidnb29nbGUubWFwcy5wbGFjZXMudjEuUGxhY2VzLlNlYXJjaFRleHQQAhgEIAA,,dental_clinic,Otago,Alexandra
Tarbert Street Dental Surgery,"56 Tarbert Street, Alexandra 9320, New Zealand",03 448 8899,+64 3 448 8899,http://www.tarbertstdental.nz/,5,2,OPERATIONAL,https://maps.google.com/?cid=17523380288222333742&g_mp=Cidnb29nbGUubWFwcy5wbGFjZXMudjEuUGxhY2VzLlNlYXJjaFRleHQQAhgEIAA,Monday: 8:00 AM – 5:00 PM; Tuesday: 8:00 AM – 5:00 PM; Wednesday: 8:00 AM – 5:00 PM; Thursday: 8:00 AM – 5:00 PM; Friday: 8:00 AM – 5:00 PM; Saturday: Closed; Sunday: Closed,dental_clinic,Otago,Alexandra
Four Square Arrowtown,"32 Adamson Drive, Arrowtown 9302, New Zealand",03 442 1671,+64 3 442 1671,https://www.foursquare.co.nz/south-island/otago/arrowtown?utm_source=google&utm_medium=organic&utm_campaign=Google+My+Business&utm_term=plcid_14296880060199046372&utm_content=Four+Square+Arrowtown,4.5,202,OPERATIONAL,https://maps.google.com/?cid=15573902379366426735&g_mp=Cidnb29nbGUubWFwcy5wbGFjZXMudjEuUGxhY2VzLlNlYXJjaFRleHQQAhgEIAA,Monday: 7:00 AM – 8:00 PM; Tuesday: 7:00 AM – 8:00 PM; Wednesday: 7:00 AM – 8:00 PM; Thursday: 7:00 AM – 8:00 PM; Friday: 7:00 AM – 8:00 PM; Saturday: 7:00 AM – 8:00 PM; Sunday: 7:00 AM – 8:00 PM,needs_verification,Otago,Arrowtown
Remarkable Vets,"1079 Malaghans Road, Arrowtown 9371, New Zealand",03 442 1411,+64 3 442 1411,https://www.remarkablevets.co.nz/contact-us,4.7,51,OPERATIONAL,https://maps.google.com/?cid=4429773811603360093&g_mp=Cidnb29nbGUubWFwcy5wbGFjZXMudjEuUGxhY2VzLlNlYXJjaFRleHQQAhgEIAA,Monday: 8:30 AM – 5:30 PM; Tuesday: 8:30 AM – 5:30 PM; Wednesday: 8:30 AM – 5:30 PM; Thursday: 8:30 AM – 5:30 PM; Friday: 8:30 AM – 5:30 PM; Saturday: Closed; Sunday: Closed,needs_verification,Otago,Arrowtown
Unichem Arrowtown Pharmacy,"20 Buckingham Street, Arrowtown 9302, New Zealand",03 442 0975,+64 3 442 0975,http://www.arrowtownpharmacy.co.nz/,4.9,20,OPERATIONAL,https://maps.google.com/?cid=9892537969002155432&g_mp=Cidnb29nbGUubWFwcy5wbGFjZXMudjEuUGxhY2VzLlNlYXJjaFRleHQQAhgEIAA,Monday: 8:30 AM – 6:00 PM; Tuesday: 8:30 AM – 6:00 PM; Wednesday: 8:30 AM – 6:00 PM; Thursday: 8:30 AM – 6:00 PM; Friday: 8:30 AM – 6:00 PM; Saturday: 8:30 AM – 6:00 PM; Sunday: 8:30 AM – 6:00 PM,needs_verification,Otago,Arrowtown
Clutha Dental (Formerly Graham York Dental),"131 Clyde Street, Balclutha 9230, New Zealand",03 418 1294,+64 3 418 1294,https://cluthadental.co.nz/,3.7,12,OPERATIONAL,https://maps.google.com/?cid=10239880587332292113&g_mp=Cidnb29nbGUubWFwcy5wbGFjZXMudjEuUGxhY2VzLlNlYXJjaFRleHQQAhgEIAA,Monday: 8:30 AM – 5:00 PM; Tuesday: 8:30 AM – 5:00 PM; Wednesday: 8:30 AM – 5:00 PM; Thursday: 8:30 AM – 5:00 PM; Friday: 8:30 AM – 5:00 PM; Saturday: Closed; Sunday: Closed,dental_clinic,Otago,Balclutha
Community Oral Health Clinic,"45 Frances Street, Balclutha 9230, New Zealand",03 418 3366,+64 3 418 3366,,5,1,OPERATIONAL,https://maps.google.com/?cid=2391941909813267334&g_mp=Cidnb29nbGUubWFwcy5wbGFjZXMudjEuUGxhY2VzLlNlYXJjaFRleHQQAhgEIAA,,dental_clinic,Otago,Balclutha
John Street Dental Centre,"8 John Street, Balclutha 9230, New Zealand",03 418 1374,+64 3 418 1374,http://www.johnstreetdental.co.nz/,4.5,23,OPERATIONAL,https://maps.google.com/?cid=16658608832209560947&g_mp=Cidnb29nbGUubWFwcy5wbGFjZXMudjEuUGxhY2VzLlNlYXJjaFRleHQQAhgEIAA,Monday: 8:30 AM – 5:00 PM; Tuesday: 8:30 AM – 5:00 PM; Wednesday: 8:30 AM – 5:00 PM; Thursday: 8:30 AM – 5:00 PM; Friday: 8:30 AM – 3:00 PM; Saturday: Closed; Sunday: Closed,dental_clinic,Otago,Balclutha
Central Dental,"102b Barry Avenue, Cromwell 9310, New Zealand",03 448 8159,+64 3 448 8159,http://centraldental.co.nz/,4.9,60,OPERATIONAL,https://maps.google.com/?cid=14693688929311221035&g_mp=Cidnb29nbGUubWFwcy5wbGFjZXMudjEuUGxhY2VzLlNlYXJjaFRleHQQAhgEIAA,Monday: 8:30 AM – 5:00 PM; Tuesday: 8:30 AM – 5:00 PM; Wednesday: 8:30 AM – 5:00 PM; Thursday: 8:30 AM – 5:00 PM; Friday: 8:30 AM – 5:00 PM; Saturday: Closed; Sunday: Closed,dental_clinic,Otago,Cromwell
Central Dental - Cromwell,"102B Barry Avenue, Cromwell 9320, New Zealand",03 448 8159,+64 3 448 8159,,5,1,OPERATIONAL,https://maps.google.com/?cid=6969575679656071585&g_mp=Cidnb29nbGUubWFwcy5wbGFjZXMudjEuUGxhY2VzLlNlYXJjaFRleHQQAhgEIAA,Monday: 8:30 AM – 5:00 PM; Tuesday: 8:30 AM – 5:00 PM; Wednesday: 8:30 AM – 5:00 PM; Thursday: 8:30 AM – 5:00 PM; Friday: 8:30 AM – 5:00 PM; Saturday: Closed; Sunday: Closed,dental_clinic,Otago,Cromwell
Cromwell Dental Centre,"33 The Mall, Cromwell 9310, New Zealand",03 445 1177,+64 3 445 1177,http://www.cromwelldental.co.nz/,4.9,35,OPERATIONAL,https://maps.google.com/?cid=11344884941416425388&g_mp=Cidnb29nbGUubWFwcy5wbGFjZXMudjEuUGxhY2VzLlNlYXJjaFRleHQQAhgEIAA,Monday: 8:30 AM – 5:00 PM; Tuesday: 8:30 AM – 5:00 PM; Wednesday: 8:30 AM – 5:00 PM; Thursday: 8:30 AM – 5:00 PM; Friday: 8:30 AM – 5:00 PM; Saturday: Closed; Sunday: Closed,dental_clinic,Otago,Cromwell
A1 smile clinic,"123 Balmacewen Road, Wakari, Dunedin 9010, New Zealand",0800 176 453,+64 800 176 453,https://www.a1smile.co.nz/,5,6,OPERATIONAL,https://maps.google.com/?cid=16676415918765063267&g_mp=Cidnb29nbGUubWFwcy5wbGFjZXMudjEuUGxhY2VzLlNlYXJjaFRleHQQAhgEIAA,Monday: 9:00 AM – 5:00 PM; Tuesday: 9:00 AM – 5:00 PM; Wednesday: 9:00 AM – 5:00 PM; Thursday: 9:00 AM – 5:00 PM; Friday: 9:00 AM – 5:00 PM; Saturday: Closed; Sunday: Closed,dental_clinic,Otago,Dunedin
Bell Hill Dental,"109 Princes Street, Central Dunedin, Dunedin 9016, New Zealand",03 477 8387,+64 3 477 8387,https://www.bellhilldental.co.nz/?utm_source=local&utm_medium=organic&utm_campaign=gmb&utm_term=home,4.9,74,OPERATIONAL,https://maps.google.com/?cid=5277433504675763758&g_mp=Cidnb29nbGUubWFwcy5wbGFjZXMudjEuUGxhY2VzLlNlYXJjaFRleHQQAhgEIAA,Monday: 8:30 AM – 5:00 PM; Tuesday: 8:30 AM – 5:00 PM; Wednesday: 8:30 AM – 8:00 PM; Thursday: 8:30 AM – 5:00 PM; Friday: 8:30 AM – 5:00 PM; Saturday: Closed; Sunday: Closed,dental_clinic,Otago,Dunedin
CAP Dental,"Burns House Level 3/10 George Street, Central Dunedin, Dunedin 9016, New Zealand",03 477 0900,+64 3 477 0900,https://www.capdental.co.nz/?utm_source=google&utm_medium=wix_google_business_profile&utm_campaign=15700600575008376554,5,3,OPERATIONAL,https://maps.google.com/?cid=2125123745284916680&g_mp=Cidnb29nbGUubWFwcy5wbGFjZXMudjEuUGxhY2VzLlNlYXJjaFRleHQQAhgEIAA,Monday: 9:00 AM – 5:00 PM; Tuesday: 9:00 AM – 5:00 PM; Wednesday: 9:00 AM – 5:00 PM; Thursday: 9:00 AM – 1:00 PM; Friday: 9:00 AM – 1:00 PM; Saturday: Closed; Sunday: Closed,dental_clinic,Otago,Dunedin
Chew Dental,"2 Jenkins Street, Green Island, Dunedin 9018, New Zealand",03 425 0006,+64 3 425 0006,https://www.chewdental.co.nz/,4.8,101,OPERATIONAL,https://maps.google.com/?cid=12551668901605523033&g_mp=Cidnb29nbGUubWFwcy5wbGFjZXMudjEuUGxhY2VzLlNlYXJjaFRleHQQAhgEIAA,Monday: 8:30 AM – 7:00 PM; Tuesday: 8:30 AM – 7:00 PM; Wednesday: 8:30 AM – 7:00 PM; Thursday: 8:30 AM – 5:00 PM; Friday: 8:30 AM – 4:00 PM; Saturday: 8:30 AM – 1:00 PM; Sunday: Closed,dental_clinic,Otago,Dunedin
Community Law Otago,"Dunedin Dental Building Floor 1/169 Princes Street, Central Dunedin, Dunedin 9016, New Zealand",03 474 1922,+64 3 474 1922,https://communitylawotago.com/,4.5,62,OPERATIONAL,https://maps.google.com/?cid=12951653999091876949&g_mp=Cidnb29nbGUubWFwcy5wbGFjZXMudjEuUGxhY2VzLlNlYXJjaFRleHQQAhgEIAA,Monday: 10:00 – 11:30 AM; Tuesday: 10:00 – 11:30 AM; Wednesday: 10:00 – 11:30 AM; Thursday: 10:00 – 11:30 AM; Friday: Closed; Saturday: Closed; Sunday: Closed,needs_verification,Otago,Dunedin
David Campbell Dental Surgery,"10 George Street, Central Dunedin, Dunedin 9016, New Zealand",03 477 9360,+64 3 477 9360,,,,OPERATIONAL,https://maps.google.com/?cid=17993333857701288606&g_mp=Cidnb29nbGUubWFwcy5wbGFjZXMudjEuUGxhY2VzLlNlYXJjaFRleHQQAhgEIAA,,dental_clinic,Otago,Dunedin
Dental Care Dunedin,"504 George Street, Dunedin North, Dunedin 9016, New Zealand",03 477 8751,+64 3 477 8751,https://dunedindentalcare.nz/,5,26,OPERATIONAL,https://maps.google.com/?cid=5884053572004212434&g_mp=Cidnb29nbGUubWFwcy5wbGFjZXMudjEuUGxhY2VzLlNlYXJjaFRleHQQAhgEIAA,Monday: 9:00 AM – 5:00 PM; Tuesday: 9:00 AM – 5:00 PM; Wednesday: 9:00 AM – 5:00 PM; Thursday: 9:00 AM – 5:00 PM; Friday: 9:00 AM – 1:00 PM; Saturday: Closed; Sunday: Closed,dental_clinic,Otago,Dunedin
Dentistry on Highgate (Smith Dental Ltd t/a Dentistry on Highgate),"289B Highgate, Roslyn, Dunedin 9010, New Zealand",03 474 0029,+64 3 474 0029,https://www.dunedindentists.nz/,4.4,7,OPERATIONAL,https://maps.google.com/?cid=18261763617544474889&g_mp=Cidnb29nbGUubWFwcy5wbGFjZXMudjEuUGxhY2VzLlNlYXJjaFRleHQQAhgEIAA,Monday: 9:00 AM – 5:00 PM; Tuesday: 9:00 AM – 5:00 PM; Wednesday: 9:00 AM – 5:00 PM; Thursday: 9:00 AM – 5:00 PM; Friday: 9:00 AM – 5:00 PM; Saturday: Closed; Sunday: Closed,dental_clinic,Otago,Dunedin
Dentistry On Musselburgh,"84 Musselburgh Rise Left, Musselburgh, Dunedin 9013, New Zealand",03 455 0621,+64 3 455 0621,https://www.dentistdunedin.co.nz/make-an-appointment/,4.4,10,OPERATIONAL,https://maps.google.com/?cid=4948104744127989791&g_mp=Cidnb29nbGUubWFwcy5wbGFjZXMudjEuUGxhY2VzLlNlYXJjaFRleHQQAhgEIAA,Monday: 8:00 AM – 5:00 PM; Tuesday: 8:00 AM – 5:00 PM; Wednesday: 8:00 AM – 5:00 PM; Thursday: 8:00 AM – 5:00 PM; Friday: 8:00 AM – 5:00 PM; Saturday: 9:00 AM – 5:00 PM; Sunday: Closed,dental_clinic,Otago,Dunedin
Dunbar Wilson Dental,"55 Crawford Street, Dunedin 9016, New Zealand",03 477 9765,+64 3 477 9765,http://dunbarwilson.co.nz/,4.8,17,OPERATIONAL,https://maps.google.com/?cid=17746400324209057229&g_mp=Cidnb29nbGUubWFwcy5wbGFjZXMudjEuUGxhY2VzLlNlYXJjaFRleHQQAhgEIAA,Monday: 8:30 AM – 5:00 PM; Tuesday: 8:30 AM – 5:00 PM; Wednesday: 8:30 AM – 5:00 PM; Thursday: 8:30 AM – 5:00 PM; Friday: 8:30 AM – 4:00 PM; Saturday: Closed; Sunday: Closed,dental_clinic,Otago,Dunedin
Duncroft Radiology,"John Wickliffe House, Level 7/265 Princes Street, Central Dunedin, Dunedin 9016, New Zealand",03 477 1447,+64 3 477 1447,,5,1,OPERATIONAL,https://maps.google.com/?cid=15334987142132018069&g_mp=Cidnb29nbGUubWFwcy5wbGFjZXMudjEuUGxhY2VzLlNlYXJjaFRleHQQAhgEIAA,Monday: 8:00 AM – 5:00 PM; Tuesday: 8:00 AM – 5:00 PM; Wednesday: 8:00 AM – 5:00 PM; Thursday: 8:00 AM – 5:00 PM; Friday: 8:00 AM – 5:00 PM; Saturday: Closed; Sunday: Closed,needs_verification,Otago,Dunedin
Dunedin Dental,"Dunedin Dental Building 1/169 Princes Street, Central City, Dunedin 9016, New Zealand",03 477 4829,+64 3 477 4829,http://www.dunedindental.co.nz/,4.9,86,OPERATIONAL,https://maps.google.com/?cid=7793601166292115151&g_mp=Cidnb29nbGUubWFwcy5wbGFjZXMudjEuUGxhY2VzLlNlYXJjaFRleHQQAhgEIAA,Monday: 8:30 AM – 5:30 PM; Tuesday: 8:30 AM – 5:30 PM; Wednesday: 8:30 AM – 8:00 PM; Thursday: 8:30 AM – 8:00 PM; Friday: 8:30 AM – 5:30 PM; Saturday: Closed; Sunday: Closed,dental_clinic,Otago,Dunedin
Dunedin Hospital,"201 Great King Street, Central Dunedin, Dunedin 9016, New Zealand",03 474 0999,+64 3 474 0999,https://www.southernhealth.nz/services/dunedin-hospital,3.6,233,OPERATIONAL,https://maps.google.com/?cid=15768077867731236123&g_mp=Cidnb29nbGUubWFwcy5wbGFjZXMudjEuUGxhY2VzLlNlYXJjaFRleHQQAhgEIAA,Monday: Open 24 hours; Tuesday: Open 24 hours; Wednesday: Open 24 hours; Thursday: Open 24 hours; Friday: Open 24 hours; Saturday: Open 24 hours; Sunday: Open 24 hours,needs_verification,Otago,Dunedin
Dunedin Orthodontics,"Burns House Level 4/10 George Street, Central Dunedin, Dunedin 9016, New Zealand",03 477 6655,+64 3 477 6655,http://www.dunedinortho.co.nz/,4.9,80,OPERATIONAL,https://maps.google.com/?cid=13749799383749974795&g_mp=Cidnb29nbGUubWFwcy5wbGFjZXMudjEuUGxhY2VzLlNlYXJjaFRleHQQAhgEIAA,Monday: 8:00 AM – 4:00 PM; Tuesday: 8:30 AM – 1:00 PM; Wednesday: 8:30 AM – 4:00 PM; Thursday: Closed; Friday: 8:30 AM – 1:00 PM; Saturday: Closed; Sunday: Closed,dental_clinic,Otago,Dunedin
Dunedin South Community Oral Health Clinic,"225 Macandrew Road, South Dunedin, Dunedin 9012, New Zealand",0800 672 543,+64 800 672 543,https://www.southernhealth.nz/services/dunedin-south-community-oral-health-clinic,4.2,6,OPERATIONAL,https://maps.google.com/?cid=16683903948390164492&g_mp=Cidnb29nbGUubWFwcy5wbGFjZXMudjEuUGxhY2VzLlNlYXJjaFRleHQQAhgEIAA,Monday: 8:00 AM – 4:30 PM; Tuesday: 8:00 AM – 4:30 PM; Wednesday: 8:00 AM – 4:30 PM; Thursday: 8:00 AM – 4:30 PM; Friday: 8:00 AM – 4:30 PM; Saturday: Closed; Sunday: Closed,dental_clinic,Otago,Dunedin
Dunedin Urgent Doctors & Accident Centre,"18 Filleul Street, Central Dunedin, Dunedin 9016, New Zealand",03 479 2900,+64 3 479 2900,http://www.dunedinurgentdoctors.co.nz/,3.1,149,OPERATIONAL,https://maps.google.com/?cid=15075404216865568451&g_mp=Cidnb29nbGUubWFwcy5wbGFjZXMudjEuUGxhY2VzLlNlYXJjaFRleHQQAhgEIAA,Monday: 8:00 AM – 10:00 PM; Tuesday: 8:00 AM – 10:00 PM; Wednesday: 8:00 AM – 10:00 PM; Thursday: 8:00 AM – 10:00 PM; Friday: 8:00 AM – 10:00 PM; Saturday: 8:00 AM – 10:00 PM; Sunday: 8:00 AM – 10:00 PM,needs_verification,Otago,Dunedin
Faculty of Dentistry,"310 Great King Street North, Dunedin North, Dunedin 9016, New Zealand",03 479 8889,+64 3 479 8889,http://www.otago.ac.nz/dentistry,3.6,46,OPERATIONAL,https://maps.google.com/?cid=4357133845065247946&g_mp=Cidnb29nbGUubWFwcy5wbGFjZXMudjEuUGxhY2VzLlNlYXJjaFRleHQQAhgEIAA,Monday: 8:30 AM – 5:00 PM; Tuesday: 8:30 AM – 5:00 PM; Wednesday: 8:30 AM – 5:00 PM; Thursday: 8:30 AM – 5:00 PM; Friday: 8:30 AM – 5:00 PM; Saturday: Closed; Sunday: Closed,dental_clinic,Otago,Dunedin
Fiona Firth Orthodontics (Unison Dental Specialists),"Level 9/8 Water Street, Central Dunedin, Dunedin 9016, New Zealand",021 223 3414,+64 21 223 3414,https://www.firthortho.co.nz/,5,2,OPERATIONAL,https://maps.google.com/?cid=10099918668125368588&g_mp=Cidnb29nbGUubWFwcy5wbGFjZXMudjEuUGxhY2VzLlNlYXJjaFRleHQQAhgEIAA,Monday: Closed; Tuesday: 8:00 AM – 5:00 PM; Wednesday: 8:00 AM – 2:00 PM; Thursday: 8:00 AM – 5:00 PM; Friday: 8:00 AM – 5:00 PM; Saturday: Closed; Sunday: Closed,dental_clinic,Otago,Dunedin
Gardens Dental Dunedin,"26 Bank Street, North East Valley, Dunedin 9010, New Zealand",03 470 1391,+64 3 470 1391,https://gardensdental.nz/,5,3,OPERATIONAL,https://maps.google.com/?cid=10874384477524009593&g_mp=Cidnb29nbGUubWFwcy5wbGFjZXMudjEuUGxhY2VzLlNlYXJjaFRleHQQAhgEIAA,Monday: 9:00 AM – 5:00 PM; Tuesday: 9:00 AM – 5:00 PM; Wednesday: 9:00 AM – 5:00 PM; Thursday: 9:00 AM – 5:00 PM; Friday: 9:00 AM – 5:00 PM; Saturday: Closed; Sunday: Closed,dental_clinic,Otago,Dunedin
Gardens Medical Centre,"26 Bank Street, North East Valley, Dunedin 9010, New Zealand",03 473 0144,+64 3 473 0144,https://gardenshealth.co.nz/,3.9,14,OPERATIONAL,https://maps.google.com/?cid=4600565785039098444&g_mp=Cidnb29nbGUubWFwcy5wbGFjZXMudjEuUGxhY2VzLlNlYXJjaFRleHQQAhgEIAA,Monday: 8:30 AM – 5:00 PM; Tuesday: 8:30 AM – 5:00 PM; Wednesday: 8:30 AM – 5:00 PM; Thursday: 8:30 AM – 5:00 PM; Friday: 8:30 AM – 5:00 PM; Saturday: Closed; Sunday: Closed,needs_verification,Otago,Dunedin
Gentle Dental,"10 George Street, Central Dunedin, Dunedin 9016, New Zealand",03 477 6071,+64 3 477 6071,http://www.gentdent.co.nz/,4.7,16,OPERATIONAL,https://maps.google.com/?cid=14609751413709223979&g_mp=Cidnb29nbGUubWFwcy5wbGFjZXMudjEuUGxhY2VzLlNlYXJjaFRleHQQAhgEIAA,Monday: 9:00 AM – 5:00 PM; Tuesday: 9:00 AM – 5:00 PM; Wednesday: 9:00 AM – 5:00 PM; Thursday: 8:15 AM – 4:15 PM; Friday: 8:15 AM – 4:15 PM; Saturday: Closed; Sunday: Closed,dental_clinic,Otago,Dunedin
Gentle Hygiene and Therapy,"Burns House Level 5/10 George Street, Central Dunedin, Dunedin 9016, New Zealand",03 477 6071,+64 3 477 6071,https://www.gentdent.co.nz/hygiene-therapy/,5,5,OPERATIONAL,https://maps.google.com/?cid=12027226239796147259&g_mp=Cidnb29nbGUubWFwcy5wbGFjZXMudjEuUGxhY2VzLlNlYXJjaFRleHQQAhgEIAA,Monday: 8:30 AM – 5:00 PM; Tuesday: 9:00 AM – 6:00 PM; Wednesday: 9:00 AM – 7:00 PM; Thursday: 8:15 AM – 4:15 PM; Friday: 8:15 AM – 4:15 PM; Saturday: 9:00 AM – 1:00 PM; Sunday: Closed,needs_verification,Otago,Dunedin
Green Island Dental Centre,"187 Main South Road, Green Island, Dunedin 9018, New Zealand",03 488 3129,+64 3 488 3129,http://greenislanddentist.co.nz/,4.4,10,OPERATIONAL,https://maps.google.com/?cid=3318153535925658829&g_mp=Cidnb29nbGUubWFwcy5wbGFjZXMudjEuUGxhY2VzLlNlYXJjaFRleHQQAhgEIAA,Monday: 8:30 AM – 5:00 PM; Tuesday: 8:30 AM – 5:00 PM; Wednesday: 8:30 AM – 5:00 PM; Thursday: 8:30 AM – 5:00 PM; Friday: 8:30 AM – 5:00 PM; Saturday: Closed; Sunday: Closed,dental_clinic,Otago,Dunedin
Green Island Wellness Centre,"2 Jenkins Street, Green Island, Dunedin 9018, New Zealand",03 425 0006,+64 3 425 0006,http://www.chewdental.co.nz/,4.8,22,OPERATIONAL,https://maps.google.com/?cid=576341866791394590&g_mp=Cidnb29nbGUubWFwcy5wbGFjZXMudjEuUGxhY2VzLlNlYXJjaFRleHQQAhgEIAA,Monday: 9:00 AM – 5:00 PM; Tuesday: 9:00 AM – 5:00 PM; Wednesday: 9:00 AM – 5:00 PM; Thursday: 9:00 AM – 5:00 PM; Friday: 9:00 AM – 5:00 PM; Saturday: 9:00 AM – 12:30 PM; Sunday: Closed,needs_verification,Otago,Dunedin
Harley Dentist,"Ward Street, Central Dunedin, Dunedin 9016, New Zealand",,,,,,OPERATIONAL,https://maps.google.com/?cid=3770133361158342579&g_mp=Cidnb29nbGUubWFwcy5wbGFjZXMudjEuUGxhY2VzLlNlYXJjaFRleHQQAhgEIAA,,dental_clinic,Otago,Dunedin
Hauman Endodontics,"291E Highgate, Roslyn, Dunedin 9010, New Zealand",03 777 3270,+64 3 777 3270,http://endodontics.co.nz/,4.9,12,OPERATIONAL,https://maps.google.com/?cid=4044057658627882250&g_mp=Cidnb29nbGUubWFwcy5wbGFjZXMudjEuUGxhY2VzLlNlYXJjaFRleHQQAhgEIAA,,needs_verification,Otago,Dunedin
John Heenan Dental Care,"106 George Street, Central Dunedin, Dunedin 9016, New Zealand",03 477 1783,+64 3 477 1783,,5,2,OPERATIONAL,https://maps.google.com/?cid=9847695412581878282&g_mp=Cidnb29nbGUubWFwcy5wbGFjZXMudjEuUGxhY2VzLlNlYXJjaFRleHQQAhgEIAA,,dental_clinic,Otago,Dunedin
Kaikorai Dental Surgery,"19 Nairn Street, Kaikorai, Dunedin 9010, New Zealand",03 466 7043,+64 3 466 7043,https://www.dentist.co.nz/dentist-detail/dunedin/kaikorai-dental-centre/A11007263,3.9,10,OPERATIONAL,https://maps.google.com/?cid=4252811028409260391&g_mp=Cidnb29nbGUubWFwcy5wbGFjZXMudjEuUGxhY2VzLlNlYXJjaFRleHQQAhgEIAA,,dental_clinic,Otago,Dunedin
Kerr V M,"Burns House, Level 3, 10 George Street, Central Dunedin, Dunedin 9016, New Zealand",03 477 0900,+64 3 477 0900,,3,2,OPERATIONAL,https://maps.google.com/?cid=13807631626693730430&g_mp=Cidnb29nbGUubWFwcy5wbGFjZXMudjEuUGxhY2VzLlNlYXJjaFRleHQQAhgEIAA,Monday: 9:00 AM – 5:00 PM; Tuesday: 9:00 AM – 5:00 PM; Wednesday: 9:00 AM – 5:00 PM; Thursday: 9:00 AM – 5:00 PM; Friday: 9:00 AM – 5:00 PM; Saturday: Closed; Sunday: Closed,needs_verification,Otago,Dunedin
Knight Dental Specialists,"Trevian House | Lower Ground Floor/60 Tennyson Street, Central Dunedin, Dunedin 9016, New Zealand",03 777 3990,+64 3 777 3990,http://www.knightdental.co.nz/,4.8,19,OPERATIONAL,https://maps.google.com/?cid=2574024117141237694&g_mp=Cidnb29nbGUubWFwcy5wbGFjZXMudjEuUGxhY2VzLlNlYXJjaFRleHQQAhgEIAA,Monday: 9:00 AM – 5:00 PM; Tuesday: 9:00 AM – 5:00 PM; Wednesday: 9:00 AM – 5:00 PM; Thursday: 9:00 AM – 5:00 PM; Friday: 9:00 AM – 5:00 PM; Saturday: Closed; Sunday: Closed,dental_clinic,Otago,Dunedin
Knox Dental Centre | Lumino The Dentists,"483 George Street, Dunedin North, Dunedin 9016, New Zealand",03 477 1179,+64 3 477 1179,https://lumino.co.nz/dentists/knox-dental-dunedin/?utm_source=google%20my%20business&utm_medium=organic,4.7,36,OPERATIONAL,https://maps.google.com/?cid=6965575439471203202&g_mp=Cidnb29nbGUubWFwcy5wbGFjZXMudjEuUGxhY2VzLlNlYXJjaFRleHQQAhgEIAA,Monday: 7:00 AM – 8:00 PM; Tuesday: 7:00 AM – 8:00 PM; Wednesday: 7:00 AM – 8:00 PM; Thursday: 7:00 AM – 8:00 PM; Friday: 7:00 AM – 4:00 PM; Saturday: Closed; Sunday: Closed,dental_clinic,Otago,Dunedin
LANZ.Dental,"248 Cumberland Street, Central Dunedin, Dunedin 9016, New Zealand",021 229 7070,+64 21 229 7070,http://www.lanz.dental/,,,OPERATIONAL,https://maps.google.com/?cid=6131003846147057933&g_mp=Cidnb29nbGUubWFwcy5wbGFjZXMudjEuUGxhY2VzLlNlYXJjaFRleHQQAhgEIAA,Monday: 8:30 AM – 5:00 PM; Tuesday: 8:30 AM – 5:00 PM; Wednesday: 8:30 AM – 5:00 PM; Thursday: 8:30 AM – 5:00 PM; Friday: 8:30 AM – 5:00 PM; Saturday: Closed; Sunday: Closed,dental_clinic,Otago,Dunedin
London Street Specialists,"Vero House 34 London Street, Central Dunedin, Dunedin 9016, New Zealand",03 477 3123,+64 3 477 3123,https://londonst.co.nz/,4.1,13,OPERATIONAL,https://maps.google.com/?cid=4186135094953242646&g_mp=Cidnb29nbGUubWFwcy5wbGFjZXMudjEuUGxhY2VzLlNlYXJjaFRleHQQAhgEIAA,Monday: 8:30 AM – 5:00 PM; Tuesday: 8:30 AM – 5:00 PM; Wednesday: 8:30 AM – 5:00 PM; Thursday: 8:30 AM – 5:00 PM; Friday: 8:30 AM – 5:00 PM; Saturday: Closed; Sunday: Closed,needs_verification,Otago,Dunedin
McClea & Green Dental,"Burns House 7/10 George Street, Central Dunedin, Dunedin 9016, New Zealand",03 477 1783,+64 3 477 1783,https://www.mccleagreendental.nz/,5,5,OPERATIONAL,https://maps.google.com/?cid=12705461155025547945&g_mp=Cidnb29nbGUubWFwcy5wbGFjZXMudjEuUGxhY2VzLlNlYXJjaFRleHQQAhgEIAA,Monday: 9:00 AM – 5:00 PM; Tuesday: 9:00 AM – 5:00 PM; Wednesday: 9:00 AM – 5:00 PM; Thursday: 9:00 AM – 5:00 PM; Friday: 9:00 AM – 5:00 PM; Saturday: Closed; Sunday: Closed,dental_clinic,Otago,Dunedin
Mornington Dental,"27 Mailer Street, Mornington, Dunedin 9011, New Zealand",03 453 4000,+64 3 453 4000,http://www.morningtondentist.co.nz/,4.6,14,OPERATIONAL,https://maps.google.com/?cid=15428379119544210756&g_mp=Cidnb29nbGUubWFwcy5wbGFjZXMudjEuUGxhY2VzLlNlYXJjaFRleHQQAhgEIAA,Monday: 8:00 AM – 5:00 PM; Tuesday: 8:00 AM – 5:00 PM; Wednesday: 8:00 AM – 5:00 PM; Thursday: 8:00 AM – 5:00 PM; Friday: 8:00 AM – 5:00 PM; Saturday: Closed; Sunday: Closed,dental_clinic,Otago,Dunedin
Origin Oral Surgeons,"Level 1/123 Vogel Street, Central Dunedin, Dunedin 9016, New Zealand",03 471 8881,+64 3 471 8881,http://originsurgeons.nz/,5,73,OPERATIONAL,https://maps.google.com/?cid=15141242071381186594&g_mp=Cidnb29nbGUubWFwcy5wbGFjZXMudjEuUGxhY2VzLlNlYXJjaFRleHQQAhgEIAA,Monday: Closed; Tuesday: 8:30 AM – 4:30 PM; Wednesday: 8:30 AM – 4:30 PM; Thursday: 8:30 AM – 4:30 PM; Friday: 8:30 AM – 4:30 PM; Saturday: Closed; Sunday: Closed,dental_clinic,Otago,Dunedin
Otago Dental Services,"83 Crawford Street, Central Dunedin, Dunedin 9016, New Zealand",03 477 0106,+64 3 477 0106,http://www.otagodentalservice.co.nz/,4,6,OPERATIONAL,https://maps.google.com/?cid=1755153036980483012&g_mp=Cidnb29nbGUubWFwcy5wbGFjZXMudjEuUGxhY2VzLlNlYXJjaFRleHQQAhgEIAA,Monday: 8:00 AM – 5:00 PM; Tuesday: 8:00 AM – 5:00 PM; Wednesday: 8:00 AM – 5:00 PM; Thursday: 8:00 AM – 5:00 PM; Friday: 8:00 AM – 5:00 PM; Saturday: Closed; Sunday: Closed,dental_clinic,Otago,Dunedin
Otago Oral Surgery & Implant Centre,"Smile Co. Dental Building 373 Princes Street, Central Dunedin, Dunedin 9016, New Zealand",03 972 7835,+64 3 972 7835,https://otagooralsurgery.nz/,5,26,OPERATIONAL,https://maps.google.com/?cid=17577388272447015704&g_mp=Cidnb29nbGUubWFwcy5wbGFjZXMudjEuUGxhY2VzLlNlYXJjaFRleHQQAhgEIAA,Monday: 8:30 AM – 4:30 PM; Tuesday: Closed; Wednesday: 8:30 AM – 4:30 PM; Thursday: Closed; Friday: 8:30 AM – 4:30 PM; Saturday: Closed; Sunday: Closed,dental_clinic,Otago,Dunedin
Otago Orthodontics,"86 Stuart Street, Central Dunedin, Dunedin 9058, New Zealand",03 477 6372,+64 3 477 6372,http://www.otago-orthodontics.co.nz/,5,103,OPERATIONAL,https://maps.google.com/?cid=572874627234992113&g_mp=Cidnb29nbGUubWFwcy5wbGFjZXMudjEuUGxhY2VzLlNlYXJjaFRleHQQAhgEIAA,Monday: 8:15 AM – 5:00 PM; Tuesday: 8:15 AM – 5:00 PM; Wednesday: 8:15 AM – 5:00 PM; Thursday: 8:15 AM – 5:00 PM; Friday: 8:15 AM – 5:00 PM; Saturday: Closed; Sunday: Closed,dental_clinic,Otago,Dunedin
Paterson Orthodontics,"55 Crawford Street, Central Dunedin, Dunedin 9016, New Zealand",021 244 9212,+64 21 244 9212,http://www.patersonortho.co.nz/,5,18,OPERATIONAL,https://maps.google.com/?cid=7806058284374063880&g_mp=Cidnb29nbGUubWFwcy5wbGFjZXMudjEuUGxhY2VzLlNlYXJjaFRleHQQAhgEIAA,Monday: 9:00 AM – 2:00 PM; Tuesday: 9:00 AM – 5:00 PM; Wednesday: 9:00 AM – 5:00 PM; Thursday: 8:30 AM – 5:00 PM; Friday: 8:30 AM – 5:00 PM; Saturday: Closed; Sunday: Closed,dental_clinic,Otago,Dunedin
Perry Adank Dental Surgery,"504 George Street, Dunedin North, Dunedin 9016, New Zealand",03 477 7553,+64 3 477 7553,http://www.dunedindentalcare.nz/,5,2,OPERATIONAL,https://maps.google.com/?cid=347042944776291646&g_mp=Cidnb29nbGUubWFwcy5wbGFjZXMudjEuUGxhY2VzLlNlYXJjaFRleHQQAhgEIAA,Monday: 9:00 AM – 5:00 PM; Tuesday: 9:00 AM – 5:00 PM; Wednesday: 9:00 AM – 5:00 PM; Thursday: 9:00 AM – 5:00 PM; Friday: 9:00 AM – 1:00 PM; Saturday: Closed; Sunday: Closed,dental_clinic,Otago,Dunedin
Peter Ashton Dental Surgery,"504 George Street, Dunedin North, Dunedin 9016, New Zealand",03 477 4440,+64 3 477 4440,http://www.dunedindentalcare.nz/,,,OPERATIONAL,https://maps.google.com/?cid=16912883044878480973&g_mp=Cidnb29nbGUubWFwcy5wbGFjZXMudjEuUGxhY2VzLlNlYXJjaFRleHQQAhgEIAA,Monday: 9:00 AM – 5:00 PM; Tuesday: 9:00 AM – 5:00 PM; Wednesday: 9:00 AM – 5:00 PM; Thursday: 9:00 AM – 5:00 PM; Friday: 9:00 AM – 1:00 PM; Saturday: Closed; Sunday: Closed,dental_clinic,Otago,Dunedin
Pitt Street Dental Dunedin | Lumino The Dentists,"10 Pitt Street, Dunedin North, Dunedin 9016, New Zealand",03 477 0039,+64 3 477 0039,https://lumino.co.nz/dentists/pitt-street-dental-dunedin/?utm_source=google_business_profile&utm_medium=organic,4.3,38,OPERATIONAL,https://maps.google.com/?cid=3442354039727591080&g_mp=Cidnb29nbGUubWFwcy5wbGFjZXMudjEuUGxhY2VzLlNlYXJjaFRleHQQAhgEIAA,Monday: 8:00 AM – 5:00 PM; Tuesday: 8:00 AM – 7:00 PM; Wednesday: 8:00 AM – 7:00 PM; Thursday: 8:00 AM – 8:00 PM; Friday: 8:00 AM – 5:00 PM; Saturday: 9:00 AM – 5:00 PM; Sunday: Closed,dental_clinic,Otago,Dunedin
Project Dental,"152 Hillside Road, South Dunedin, Dunedin 9012, New Zealand",03 455 3770,+64 3 455 3770,http://www.projectdental.co.nz/,3.8,26,OPERATIONAL,https://maps.google.com/?cid=11311306988309745754&g_mp=Cidnb29nbGUubWFwcy5wbGFjZXMudjEuUGxhY2VzLlNlYXJjaFRleHQQAhgEIAA,Monday: 8:00 AM – 5:00 PM; Tuesday: 8:00 AM – 5:00 PM; Wednesday: 8:00 AM – 5:00 PM; Thursday: 8:00 AM – 5:00 PM; Friday: 8:00 AM – 4:00 PM; Saturday: Closed; Sunday: Closed,dental_clinic,Otago,Dunedin
Revitalise Dental Ltd,"Consultancy House 3rd floor/7 Bond Street, Central Dunedin, Dunedin 9016, New Zealand",03 425 0135,+64 3 425 0135,http://www.revitalisedental.co.nz/,5,3,OPERATIONAL,https://maps.google.com/?cid=731633498038927084&g_mp=Cidnb29nbGUubWFwcy5wbGFjZXMudjEuUGxhY2VzLlNlYXJjaFRleHQQAhgEIAA,Monday: 8:00 AM – 5:00 PM; Tuesday: 8:00 AM – 5:00 PM; Wednesday: 8:00 AM – 5:00 PM; Thursday: 8:00 AM – 5:00 PM; Friday: 8:00 AM – 5:00 PM; Saturday: Closed; Sunday: Closed,dental_clinic,Otago,Dunedin
Smart Dental Care,"161 High Street, Central Dunedin, Dunedin 9016, New Zealand",03 453 5223,+64 3 453 5223,http://smartdental.co.nz/,4.8,26,OPERATIONAL,https://maps.google.com/?cid=7402459009418357120&g_mp=Cidnb29nbGUubWFwcy5wbGFjZXMudjEuUGxhY2VzLlNlYXJjaFRleHQQAhgEIAA,Monday: 8:30 AM – 5:30 PM; Tuesday: 8:30 AM – 5:30 PM; Wednesday: 8:30 AM – 8:00 PM; Thursday: 8:30 AM – 8:00 PM; Friday: 8:30 AM – 5:30 PM; Saturday: 9:00 AM – 1:00 PM; Sunday: Closed,dental_clinic,Otago,Dunedin
Smile Co Dental,"373 Princes Street, Dunedin 9016, New Zealand",03 477 7993,+64 3 477 7993,https://www.smilecodental.nz/,4.8,31,OPERATIONAL,https://maps.google.com/?cid=7036295212244867717&g_mp=Cidnb29nbGUubWFwcy5wbGFjZXMudjEuUGxhY2VzLlNlYXJjaFRleHQQAhgEIAA,Monday: 8:30 AM – 5:00 PM; Tuesday: 8:30 AM – 5:00 PM; Wednesday: 8:30 AM – 5:00 PM; Thursday: 8:30 AM – 5:00 PM; Friday: 8:30 AM – 5:00 PM; Saturday: Closed; Sunday: Closed,dental_clinic,Otago,Dunedin
South Dunedin Dental Laboratory,"1 King Edward Street, Kensington, Dunedin 9012, New Zealand",03 456 4066,+64 3 456 4066,http://www.dentlab.co.nz/,5,18,OPERATIONAL,https://maps.google.com/?cid=2240571771381969640&g_mp=Cidnb29nbGUubWFwcy5wbGFjZXMudjEuUGxhY2VzLlNlYXJjaFRleHQQAhgEIAA,Monday: 8:30 AM – 5:00 PM; Tuesday: 8:30 AM – 5:00 PM; Wednesday: 8:30 AM – 5:00 PM; Thursday: 8:30 AM – 5:00 PM; Friday: 8:30 AM – 5:00 PM; Saturday: Closed; Sunday: Closed,dental_clinic,Otago,Dunedin
Synergy Dental,"8 Water Street Level 7 John Wickliffe House, 265 Princes Street, Central Dunedin, Dunedin 9016, New Zealand",03 477 1447,+64 3 477 1447,https://www.synergydental.co.nz/,4.7,93,OPERATIONAL,https://maps.google.com/?cid=3925472061899076606&g_mp=Cidnb29nbGUubWFwcy5wbGFjZXMudjEuUGxhY2VzLlNlYXJjaFRleHQQAhgEIAA,Monday: 7:30 AM – 8:00 PM; Tuesday: 7:30 AM – 8:00 PM; Wednesday: 7:30 AM – 8:00 PM; Thursday: 7:30 AM – 8:00 PM; Friday: 8:30 AM – 4:30 PM; Saturday: 8:30 AM – 4:30 PM; Sunday: Closed,dental_clinic,Otago,Dunedin
Te Kaika Wellbeing Hub,"25 College Street, Caversham, Dunedin 9012, New Zealand",03 471 9960,+64 3 471 9960,http://tekaika.nz/,3,68,OPERATIONAL,https://maps.google.com/?cid=12717203116195650503&g_mp=Cidnb29nbGUubWFwcy5wbGFjZXMudjEuUGxhY2VzLlNlYXJjaFRleHQQAhgEIAA,Monday: 9:00 AM – 5:00 PM; Tuesday: 9:00 AM – 5:00 PM; Wednesday: 9:00 AM – 5:00 PM; Thursday: 9:00 AM – 5:00 PM; Friday: 9:00 AM – 5:00 PM; Saturday: Closed; Sunday: Closed,needs_verification,Otago,Dunedin
The Dental Walrus,"27I Albany Street, Dunedin North, Dunedin 9016, New Zealand",03 470 1156,+64 3 470 1156,,4.8,32,OPERATIONAL,https://maps.google.com/?cid=3950792439156217941&g_mp=Cidnb29nbGUubWFwcy5wbGFjZXMudjEuUGxhY2VzLlNlYXJjaFRleHQQAhgEIAA,,dental_clinic,Otago,Dunedin
Tony Ryder Dental Rooms,"504 George Street, Dunedin North, Dunedin 9016, New Zealand",03 477 8751,+64 3 477 8751,http://www.dunedindentalcare.nz/ryderdental,5,4,OPERATIONAL,https://maps.google.com/?cid=2366294769912942694&g_mp=Cidnb29nbGUubWFwcy5wbGFjZXMudjEuUGxhY2VzLlNlYXJjaFRleHQQAhgEIAA,Monday: 9:00 AM – 5:00 PM; Tuesday: 9:00 AM – 5:00 PM; Wednesday: 9:00 AM – 5:00 PM; Thursday: 9:00 AM – 5:00 PM; Friday: 9:00 AM – 1:00 PM; Saturday: Closed; Sunday: Closed,dental_clinic,Otago,Dunedin
Victoria Liu Dental,"7 York Place, Dunedin North, Dunedin 9016, New Zealand",03 477 4440,+64 3 477 4440,http://www.vldental.co.nz/,2.9,8,OPERATIONAL,https://maps.google.com/?cid=18325826298510960265&g_mp=Cidnb29nbGUubWFwcy5wbGFjZXMudjEuUGxhY2VzLlNlYXJjaFRleHQQAhgEIAA,Monday: 9:00 AM – 5:00 PM; Tuesday: 9:00 AM – 5:00 PM; Wednesday: 9:00 AM – 5:00 PM; Thursday: 9:00 AM – 5:00 PM; Friday: 9:00 AM – 1:00 PM; Saturday: Closed; Sunday: Closed,dental_clinic,Otago,Dunedin
York Place Dental,"504 George Street, Dunedin North, Dunedin 9016, New Zealand",03 474 0557,+64 3 474 0557,https://dunedindentalcare.nz/yorkdental/,5,2,OPERATIONAL,https://maps.google.com/?cid=17114331551976613263&g_mp=Cidnb29nbGUubWFwcy5wbGFjZXMudjEuUGxhY2VzLlNlYXJjaFRleHQQAhgEIAA,Monday: 9:00 AM – 5:00 PM; Tuesday: 9:00 AM – 5:00 PM; Wednesday: 9:00 AM – 5:00 PM; Thursday: 9:00 AM – 5:00 PM; Friday: 9:00 AM – 1:00 PM; Saturday: Closed; Sunday: Closed,dental_clinic,Otago,Dunedin
Tuapeka Community Health,"43 Whitehaven Street, Lawrence 9532, New Zealand",03 485 9050,+64 3 485 9050,https://www.healthpoint.co.nz/gps-accident-urgent-medical-care/gp/tuapeka-community-health-1/,5,3,OPERATIONAL,https://maps.google.com/?cid=4909954200931744330&g_mp=Cidnb29nbGUubWFwcy5wbGFjZXMudjEuUGxhY2VzLlNlYXJjaFRleHQQAhgEIAA,"Monday: 8:30 AM – 5:30 PM; Tuesday: 8:30 AM – 5:30 PM; Wednesday: 8:30 AM – 5:30 PM; Thursday: 8:30 AM – 1:00 PM, 3:00 – 7:30 PM; Friday: 8:30 AM – 5:30 PM; Saturday: Closed; Sunday: Closed",needs_verification,Otago,Lawrence
Milton Health Centre - Lumino The Dentists,"7 Eden Street, Milton 9220, New Zealand",03 417 8290,+64 3 417 8290,https://lumino.co.nz/dentists/milton-dental-centre-otago/?utm_source=google_business_profile&utm_medium=organic,4.2,5,OPERATIONAL,https://maps.google.com/?cid=6220239598348730475&g_mp=Cidnb29nbGUubWFwcy5wbGFjZXMudjEuUGxhY2VzLlNlYXJjaFRleHQQAhgEIAA,Monday: 8:30 AM – 5:00 PM; Tuesday: 8:30 AM – 5:00 PM; Wednesday: 8:30 AM – 5:00 PM; Thursday: 8:30 AM – 5:00 PM; Friday: 8:30 AM – 5:00 PM; Saturday: Closed; Sunday: Closed,dental_clinic,Otago,Milton
Mosgiel Community Oral Health Clinic,"19 Green Street, Mosgiel 9024, New Zealand",03 489 3480,+64 3 489 3480,https://www.southernhealth.nz/services/mosgiel-community-oral-health-clinic,4.5,2,OPERATIONAL,https://maps.google.com/?cid=6539615569321245559&g_mp=Cidnb29nbGUubWFwcy5wbGFjZXMudjEuUGxhY2VzLlNlYXJjaFRleHQQAhgEIAA,Monday: 8:30 AM – 4:30 PM; Tuesday: 8:30 AM – 4:30 PM; Wednesday: 8:30 AM – 4:30 PM; Thursday: 8:30 AM – 4:30 PM; Friday: 8:30 AM – 4:30 PM; Saturday: Closed; Sunday: Closed,dental_clinic,Otago,Mosgiel
Mosgiel Dental Centre,"26A Factory Road, Mosgiel 9024, New Zealand",03 489 6049,+64 3 489 6049,http://www.mosgieldentalcentre.co.nz/,4.8,11,OPERATIONAL,https://maps.google.com/?cid=17540166469998269851&g_mp=Cidnb29nbGUubWFwcy5wbGFjZXMudjEuUGxhY2VzLlNlYXJjaFRleHQQAhgEIAA,Monday: 9:00 AM – 5:00 PM; Tuesday: 9:00 AM – 5:00 PM; Wednesday: 9:00 AM – 5:00 PM; Thursday: 9:00 AM – 5:00 PM; Friday: 9:00 AM – 5:00 PM; Saturday: Closed; Sunday: Closed,dental_clinic,Otago,Mosgiel
Mosgiel Dental Practice | Lumino The Dentists,"184 Gordon Road, Mosgiel 9024, New Zealand",03 489 7040,+64 3 489 7040,https://lumino.co.nz/dentists/mosgiel-dental-practice/?utm_source=google_business_profile&utm_medium=organic,4.9,11,OPERATIONAL,https://maps.google.com/?cid=10349814895831028833&g_mp=Cidnb29nbGUubWFwcy5wbGFjZXMudjEuUGxhY2VzLlNlYXJjaFRleHQQAhgEIAA,Monday: 9:00 AM – 5:00 PM; Tuesday: 9:00 AM – 5:00 PM; Wednesday: 9:00 AM – 5:00 PM; Thursday: 9:00 AM – 5:00 PM; Friday: 9:00 AM – 5:00 PM; Saturday: 9:00 AM – 5:00 PM; Sunday: Closed,dental_clinic,Otago,Mosgiel
Mosgiel Dentists,"166 Gordon Road, Mosgiel 9024, New Zealand",03 484 7702,+64 3 484 7702,https://www.mosgieldentists.co.nz/,5,2,OPERATIONAL,https://maps.google.com/?cid=1946633177532663985&g_mp=Cidnb29nbGUubWFwcy5wbGFjZXMudjEuUGxhY2VzLlNlYXJjaFRleHQQAhgEIAA,Monday: 9:00 AM – 5:00 PM; Tuesday: 9:00 AM – 5:00 PM; Wednesday: 9:00 AM – 5:00 PM; Thursday: 9:00 AM – 5:00 PM; Friday: 9:00 AM – 5:00 PM; Saturday: Closed; Sunday: Closed,dental_clinic,Otago,Mosgiel
Community Oral Health Clinic,"43 Exe Street, Oamaru 9400, New Zealand",0800 672 543,+64 800 672 543,https://www.southernhealth.nz/getting-help-you-need/dental-and-oral-health,5,1,OPERATIONAL,https://maps.google.com/?cid=2188873874949548103&g_mp=Cidnb29nbGUubWFwcy5wbGFjZXMudjEuUGxhY2VzLlNlYXJjaFRleHQQAhgEIAA,Monday: 8:00 AM – 4:30 PM; Tuesday: 8:00 AM – 4:30 PM; Wednesday: 8:00 AM – 4:30 PM; Thursday: 8:00 AM – 4:30 PM; Friday: 8:00 AM – 4:30 PM; Saturday: Closed; Sunday: Closed,dental_clinic,Otago,Oamaru
Cooper & Hunt Dental Care,"4 Frome Street, Oamaru North, Oamaru 9400, New Zealand",03 437 0466,+64 3 437 0466,,3.9,30,OPERATIONAL,https://maps.google.com/?cid=2214729216632474393&g_mp=Cidnb29nbGUubWFwcy5wbGFjZXMudjEuUGxhY2VzLlNlYXJjaFRleHQQAhgEIAA,Monday: 8:00 AM – 5:00 PM; Tuesday: 8:00 AM – 5:00 PM; Wednesday: 8:00 AM – 5:00 PM; Thursday: 8:00 AM – 5:00 PM; Friday: 8:00 AM – 5:00 PM; Saturday: Closed; Sunday: Closed,dental_clinic,Otago,Oamaru
F & F Dental Care Ltd,"2/6 Coquet Street, Oamaru 9400, New Zealand",03 434 8349,+64 3 434 8349,,4.5,13,OPERATIONAL,https://maps.google.com/?cid=7376350229731144456&g_mp=Cidnb29nbGUubWFwcy5wbGFjZXMudjEuUGxhY2VzLlNlYXJjaFRleHQQAhgEIAA,Monday: 8:00 AM – 6:00 PM; Tuesday: 8:00 AM – 5:30 PM; Wednesday: 8:00 AM – 5:30 PM; Thursday: 8:00 AM – 5:30 PM; Friday: 8:00 AM – 5:30 PM; Saturday: Closed; Sunday: Closed,dental_clinic,Otago,Oamaru
Oamaru Denture Clinic/Oamaru Dental Laboratory,"4/6 Coquet Street, Oamaru 9400, New Zealand",03 434 7560,+64 3 434 7560,https://www.oamarudentureclinic.co.nz/,5,6,OPERATIONAL,https://maps.google.com/?cid=16379563421110454240&g_mp=Cidnb29nbGUubWFwcy5wbGFjZXMudjEuUGxhY2VzLlNlYXJjaFRleHQQAhgEIAA,Monday: 9:00 AM – 5:00 PM; Tuesday: 9:00 AM – 5:00 PM; Wednesday: 9:00 AM – 5:00 PM; Thursday: 9:00 AM – 5:00 PM; Friday: 9:00 AM – 5:00 PM; Saturday: Closed; Sunday: Closed,dental_clinic,Otago,Oamaru
Shearer Dental Oamaru | Lumino The Dentists,"6 Coquet Street, Oamaru 8901, New Zealand",03 434 8554,+64 3 434 8554,https://lumino.co.nz/dentists/shearer-dental-oamaru/?utm_source=google_business_profile&utm_medium=organic,5,4,OPERATIONAL,https://maps.google.com/?cid=5951287559645521995&g_mp=Cidnb29nbGUubWFwcy5wbGFjZXMudjEuUGxhY2VzLlNlYXJjaFRleHQQAhgEIAA,Monday: Closed; Tuesday: 7:30 AM – 4:00 PM; Wednesday: 8:30 AM – 5:00 PM; Thursday: 7:30 AM – 4:00 PM; Friday: Closed; Saturday: Closed; Sunday: Closed,dental_clinic,Otago,Oamaru
Palmerston Dental Surgery Limited,"54 Tiverton Street, Palmerston 9430, New Zealand",03 465 1591,+64 3 465 1591,https://www.healthpoint.co.nz/dentistry/general-dentist/palmerston-dental-surgery/,5,2,OPERATIONAL,https://maps.google.com/?cid=17695460378593844282&g_mp=Cidnb29nbGUubWFwcy5wbGFjZXMudjEuUGxhY2VzLlNlYXJjaFRleHQQAhgEIAA,Monday: 9:00 AM – 5:00 PM; Tuesday: 9:00 AM – 5:00 PM; Wednesday: 9:00 AM – 5:00 PM; Thursday: 3:00 – 9:00 PM; Friday: 9:00 AM – 5:00 PM; Saturday: 9:00 AM – 4:00 PM; Sunday: Closed,dental_clinic,Otago,Palmerston
Arrowtown Dental Clinic,"19a Douglas Street, Frankton, Queenstown 9300, New Zealand",03 450 9370,+64 3 450 9370,https://www.arrowtown.com/visitor-info/local-services/view/arrowtown-school-dental-clinic,,,OPERATIONAL,https://maps.google.com/?cid=5713821652031599368&g_mp=Cidnb29nbGUubWFwcy5wbGFjZXMudjEuUGxhY2VzLlNlYXJjaFRleHQQAhgEIAA,,dental_clinic,Otago,Queenstown
Arrowtown Medical & Health,"1 Berkshire Street, Queenstown 9302, New Zealand",03 442 0144,+64 3 442 0144,https://www.arrowmedhlth.nz/,5,2,OPERATIONAL,https://maps.google.com/?cid=6370234256393061121&g_mp=Cidnb29nbGUubWFwcy5wbGFjZXMudjEuUGxhY2VzLlNlYXJjaFRleHQQAhgEIAA,Monday: 9:00 AM – 5:00 PM; Tuesday: 9:00 AM – 5:00 PM; Wednesday: 9:00 AM – 5:00 PM; Thursday: 9:00 AM – 5:00 PM; Friday: 9:00 AM – 5:00 PM; Saturday: 9:00 AM – 12:00 PM; Sunday: Closed,needs_verification,Otago,Queenstown
Denture Centre Queenstown,"34/159 Gorge Road, Queenstown 9300, New Zealand",03 409 0770,+64 3 409 0770,https://denturecentre.nz/,5,6,OPERATIONAL,https://maps.google.com/?cid=11337052814785735060&g_mp=Cidnb29nbGUubWFwcy5wbGFjZXMudjEuUGxhY2VzLlNlYXJjaFRleHQQAhgEIAA,Monday: 9:00 AM – 5:00 PM; Tuesday: 9:00 AM – 5:00 PM; Wednesday: 9:00 AM – 5:00 PM; Thursday: 9:00 AM – 5:00 PM; Friday: 9:00 AM – 1:00 PM; Saturday: Closed; Sunday: Closed,dental_clinic,Otago,Queenstown
Fine Orthodontist Queenstown,"Shop 102-11, Dart House, 12 Hawthorne Drive, Frankton, Queenstown 9300, New Zealand",03 555 2127,+64 3 555 2127,http://www.fineorthodontics.co.nz/?utm_source=gmb&utm_medium=organic&utm_campaign=google-my-business-listing,4.7,54,OPERATIONAL,https://maps.google.com/?cid=16055006502269553634&g_mp=Cidnb29nbGUubWFwcy5wbGFjZXMudjEuUGxhY2VzLlNlYXJjaFRleHQQAhgEIAA,Monday: 9:30 AM – 5:00 PM; Tuesday: 9:30 AM – 5:00 PM; Wednesday: 9:30 AM – 5:00 PM; Thursday: 9:30 AM – 5:00 PM; Friday: 9:30 AM – 5:00 PM; Saturday: Closed; Sunday: Closed,needs_verification,Otago,Queenstown
Frankton Dental Queenstown | Lumino The Dentists,"16 McBride Street, Frankton, Queenstown 9300, New Zealand",03 442 2711,+64 3 442 2711,https://lumino.co.nz/dentists/frankton-dental-queenstown/?utm_source=google%20my%20business&utm_medium=organic,4.9,89,OPERATIONAL,https://maps.google.com/?cid=6487132211158755258&g_mp=Cidnb29nbGUubWFwcy5wbGFjZXMudjEuUGxhY2VzLlNlYXJjaFRleHQQAhgEIAA,Monday: 8:00 AM – 5:00 PM; Tuesday: 8:00 AM – 7:00 PM; Wednesday: 8:00 AM – 5:30 PM; Thursday: 8:00 AM – 5:30 PM; Friday: 7:30 AM – 5:00 PM; Saturday: Closed; Sunday: Closed,dental_clinic,Otago,Queenstown
Lakeside Dental Practice,"12 Lake Esplanade, Queenstown 9300, New Zealand",03 441 8248,+64 3 441 8248,http://www.lakesidedentalpractice.com/,4.7,25,OPERATIONAL,https://maps.google.com/?cid=178606001555435868&g_mp=Cidnb29nbGUubWFwcy5wbGFjZXMudjEuUGxhY2VzLlNlYXJjaFRleHQQAhgEIAA,Monday: 9:00 AM – 5:00 PM; Tuesday: 9:00 AM – 5:00 PM; Wednesday: 9:00 AM – 5:00 PM; Thursday: 9:00 AM – 5:00 PM; Friday: 9:00 AM – 5:00 PM; Saturday: Closed; Sunday: Closed,dental_clinic,Otago,Queenstown
Queenstown Dental Centre | Lumino The Dentists,"7 Shotover Street, Queenstown 9300, New Zealand",03 442 8580,+64 3 442 8580,https://lumino.co.nz/dentists/queenstown-dental-centre/?utm_source=google_business_profile&utm_medium=organic,4.9,44,OPERATIONAL,https://maps.google.com/?cid=15159396082012268406&g_mp=Cidnb29nbGUubWFwcy5wbGFjZXMudjEuUGxhY2VzLlNlYXJjaFRleHQQAhgEIAA,Monday: 8:00 AM – 5:30 PM; Tuesday: 8:00 AM – 5:30 PM; Wednesday: 8:00 AM – 5:30 PM; Thursday: 8:00 AM – 5:30 PM; Friday: 8:00 AM – 5:30 PM; Saturday: Closed; Sunday: Closed,dental_clinic,Otago,Queenstown
Queenstown Dentist,"44 Beach Street, Queenstown 9300, New Zealand",03 442 7274,+64 3 442 7274,https://www.queenstowndentist.co.nz/,4.9,55,OPERATIONAL,https://maps.google.com/?cid=3662625755747378025&g_mp=Cidnb29nbGUubWFwcy5wbGFjZXMudjEuUGxhY2VzLlNlYXJjaFRleHQQAhgEIAA,Monday: 8:00 AM – 5:00 PM; Tuesday: 8:00 AM – 5:00 PM; Wednesday: 8:00 AM – 5:00 PM; Thursday: 8:00 AM – 5:00 PM; Friday: 8:00 AM – 5:00 PM; Saturday: Closed; Sunday: Closed,dental_clinic,Otago,Queenstown
Queenstown Oral & Maxillofacial Surgery (QTOMS),"Level 2, Dart House Remarkables Park Town Centre, Frankton, Queenstown 9300, New Zealand",03 927 4641,+64 3 927 4641,http://www.molar.co.nz/,5,67,OPERATIONAL,https://maps.google.com/?cid=17679948577805447591&g_mp=Cidnb29nbGUubWFwcy5wbGFjZXMudjEuUGxhY2VzLlNlYXJjaFRleHQQAhgEIAA,Monday: 8:00 AM – 4:30 PM; Tuesday: 8:00 AM – 4:30 PM; Wednesday: 8:00 AM – 4:30 PM; Thursday: 8:00 AM – 4:30 PM; Friday: 8:00 AM – 4:30 PM; Saturday: Closed; Sunday: Closed,dental_clinic,Otago,Queenstown
Queenstown School Dental Clinic,"Robins Road, Queenstown 9300, New Zealand",03 442 9121,+64 3 442 9121,,4,1,OPERATIONAL,https://maps.google.com/?cid=12217337991673058876&g_mp=Cidnb29nbGUubWFwcy5wbGFjZXMudjEuUGxhY2VzLlNlYXJjaFRleHQQAhgEIAA,,dental_clinic,Otago,Queenstown
Remarkables Dental,"Level 1, Aurum House Terrace Junction 1092, Frankton Road, Frankton, Queenstown 9300, New Zealand",03 442 3531,+64 3 442 3531,http://www.remarkablesdental.co.nz/,4.6,128,OPERATIONAL,https://maps.google.com/?cid=14941065413127030203&g_mp=Cidnb29nbGUubWFwcy5wbGFjZXMudjEuUGxhY2VzLlNlYXJjaFRleHQQAhgEIAA,Monday: 8:30 AM – 5:00 PM; Tuesday: 8:30 AM – 5:00 PM; Wednesday: 8:30 AM – 5:00 PM; Thursday: 8:30 AM – 5:00 PM; Friday: 8:30 AM – 5:00 PM; Saturday: 8:30 AM – 5:00 PM; Sunday: Closed,dental_clinic,Otago,Queenstown
Remarkables Park Town Centre,"Suite 305, Building 7, Remarkables Park Town Centre, Hawthorne Drive, Frankton, Queenstown 9300, New Zealand",03 451 0440,+64 3 451 0440,http://www.remarkablesparktowncentre.co.nz/,4.3,1131,OPERATIONAL,https://maps.google.com/?cid=6303513943229105320&g_mp=Cidnb29nbGUubWFwcy5wbGFjZXMudjEuUGxhY2VzLlNlYXJjaFRleHQQAhgEIAA,Monday: 9:00 AM – 6:00 PM; Tuesday: 9:00 AM – 6:00 PM; Wednesday: 9:00 AM – 6:00 PM; Thursday: 9:00 AM – 6:00 PM; Friday: 9:00 AM – 6:00 PM; Saturday: 9:00 AM – 6:00 PM; Sunday: 9:00 AM – 6:00 PM,needs_verification,Otago,Queenstown
The Village Medical Centre,"1092 Frankton Road, Frankton, Queenstown 9300, New Zealand",03 441 4333,+64 3 441 4333,http://www.villagemedicalcentre.co.nz/,4.2,16,OPERATIONAL,https://maps.google.com/?cid=3617044704852458160&g_mp=Cidnb29nbGUubWFwcy5wbGFjZXMudjEuUGxhY2VzLlNlYXJjaFRleHQQAhgEIAA,Monday: 8:00 AM – 5:00 PM; Tuesday: 8:00 AM – 5:00 PM; Wednesday: 8:00 AM – 5:00 PM; Thursday: 8:00 AM – 5:00 PM; Friday: 8:00 AM – 5:00 PM; Saturday: Closed; Sunday: Closed,needs_verification,Otago,Queenstown
The Whitening Co Queenstown - Professional Teeth Whitening,"1092 Frankton Road, Frankton, Queenstown 9300, New Zealand",,,http://whiteningco.nz/,,,OPERATIONAL,https://maps.google.com/?cid=9640500272561952197&g_mp=Cidnb29nbGUubWFwcy5wbGFjZXMudjEuUGxhY2VzLlNlYXJjaFRleHQQAhgEIAA,Monday: 8:00 AM – 5:00 AM; Tuesday: 8:00 AM – 5:00 AM; Wednesday: 8:00 AM – 5:00 AM; Thursday: 8:00 AM – 5:00 AM; Friday: 8:00 AM – 5:00 AM; Saturday: 8:00 AM – 2:00 AM; Sunday: Closed,dental_clinic,Otago,Queenstown
Wakatipu Community Oral Health Clinic,"19A Douglas Street, Frankton, Queenstown 9300, New Zealand",03 450 9370,+64 3 450 9370,,,,OPERATIONAL,https://maps.google.com/?cid=13099698053175643535&g_mp=Cidnb29nbGUubWFwcy5wbGFjZXMudjEuUGxhY2VzLlNlYXJjaFRleHQQAhgEIAA,,dental_clinic,Otago,Queenstown
Wakatipu Dental Centre,"Office 207 Dart House, Remarkables Park Town Centre, Frankton, Queenstown 9300, New Zealand",03 442 7105,+64 3 442 7105,http://wakatipudentalcentre.co.nz/,4.6,42,OPERATIONAL,https://maps.google.com/?cid=9304034491097435665&g_mp=Cidnb29nbGUubWFwcy5wbGFjZXMudjEuUGxhY2VzLlNlYXJjaFRleHQQAhgEIAA,Monday: 9:00 AM – 5:00 PM; Tuesday: 9:00 AM – 5:00 PM; Wednesday: 9:00 AM – 5:00 PM; Thursday: 9:00 AM – 5:00 PM; Friday: 9:00 AM – 5:00 PM; Saturday: Closed; Sunday: Closed,dental_clinic,Otago,Queenstown
Central Dental Ranfurly,"1 Tyrone Street, Ranfurly 9332, New Zealand",03 448 8159,+64 3 448 8159,http://www.centraldental.co.nz/,,,OPERATIONAL,https://maps.google.com/?cid=18266877503305741682&g_mp=Cidnb29nbGUubWFwcy5wbGFjZXMudjEuUGxhY2VzLlNlYXJjaFRleHQQAhgEIAA,Monday: 9:00 AM – 5:00 PM; Tuesday: 9:00 AM – 5:00 PM; Wednesday: Closed; Thursday: Closed; Friday: Closed; Saturday: Closed; Sunday: Closed,dental_clinic,Otago,Ranfurly
FreshChoice Roxburgh,"93 Scotland Street, Roxburgh 9500, New Zealand",03 446 8118,+64 3 446 8118,https://roxburgh.store.freshchoice.co.nz/,4.4,202,OPERATIONAL,https://maps.google.com/?cid=7169990352498898197&g_mp=Cidnb29nbGUubWFwcy5wbGFjZXMudjEuUGxhY2VzLlNlYXJjaFRleHQQAhgEIAA,Monday: 7:00 AM – 8:00 PM; Tuesday: 7:00 AM – 8:00 PM; Wednesday: 7:00 AM – 8:00 PM; Thursday: 7:00 AM – 8:00 PM; Friday: 7:00 AM – 8:00 PM; Saturday: 7:00 AM – 8:00 PM; Sunday: 7:00 AM – 8:00 PM,needs_verification,Otago,Roxburgh
Highland Pharmacy Central Roxburgh,"107 Scotland Street, Roxburgh 9500, New Zealand",03 446 8009,+64 3 446 8009,http://www.highlandpharmacy.co.nz/,4.4,8,OPERATIONAL,https://maps.google.com/?cid=4713893175178892435&g_mp=Cidnb29nbGUubWFwcy5wbGFjZXMudjEuUGxhY2VzLlNlYXJjaFRleHQQAhgEIAA,Monday: 9:00 AM – 5:30 PM; Tuesday: 9:00 AM – 5:30 PM; Wednesday: 9:00 AM – 5:30 PM; Thursday: 9:00 AM – 5:30 PM; Friday: 9:00 AM – 7:00 PM; Saturday: 10:00 AM – 2:00 PM; Sunday: Closed,needs_verification,Otago,Roxburgh
Roxburgh Area School,"78 Scotland Street, Roxburgh 9500, New Zealand",03 446 8460,+64 3 446 8460,http://www.roxburgh.school.nz,,,OPERATIONAL,https://maps.google.com/?cid=8871561095145437605&g_mp=Cidnb29nbGUubWFwcy5wbGFjZXMudjEuUGxhY2VzLlNlYXJjaFRleHQQAhgEIAA,Monday: 8:00 AM – 4:00 PM; Tuesday: 8:00 AM – 4:00 PM; Wednesday: 8:00 AM – 4:00 PM; Thursday: 8:00 AM – 4:00 PM; Friday: 8:00 AM – 4:00 PM; Saturday: Closed; Sunday: Closed,needs_verification,Otago,Roxburgh
Roxburgh Medical Centre,"65 Scotland Street, Roxburgh 9500, New Zealand",03 446 8200,+64 3 446 8200,https://bookmyvaccine.nz,4.2,17,OPERATIONAL,https://maps.google.com/?cid=17137925957088948385&g_mp=Cidnb29nbGUubWFwcy5wbGFjZXMudjEuUGxhY2VzLlNlYXJjaFRleHQQAhgEIAA,,needs_verification,Otago,Roxburgh
Four Square Tapanui,"44 Northumberland Street, Tapanui 9522, New Zealand",03 204 8630,+64 3 204 8630,https://www.foursquare.co.nz/south-island/otago/tapanui?utm_source=google&utm_medium=organic&utm_campaign=Google+My+Business&utm_term=plcid_289395375963805037&utm_content=Four+Square+Tapanui,4.5,109,OPERATIONAL,https://maps.google.com/?cid=16404264878498423314&g_mp=Cidnb29nbGUubWFwcy5wbGFjZXMudjEuUGxhY2VzLlNlYXJjaFRleHQQAhgEIAA,Monday: 7:30 AM – 7:00 PM; Tuesday: 7:30 AM – 7:00 PM; Wednesday: 7:30 AM – 7:00 PM; Thursday: 7:30 AM – 7:00 PM; Friday: 7:30 AM – 7:00 PM; Saturday: 9:00 AM – 6:00 PM; Sunday: 9:00 AM – 6:00 PM,needs_verification,Otago,Tapanui
Tapanui Pharmacy,"42 Northumberland Street, Tapanui 9522, New Zealand",03 204 8417,+64 3 204 8417,,,,OPERATIONAL,https://maps.google.com/?cid=3294573070316843975&g_mp=Cidnb29nbGUubWFwcy5wbGFjZXMudjEuUGxhY2VzLlNlYXJjaFRleHQQAhgEIAA,Monday: 9:30 AM – 5:00 PM; Tuesday: 9:30 AM – 5:00 PM; Wednesday: 9:30 AM – 5:00 PM; Thursday: 9:30 AM – 5:00 PM; Friday: 9:30 AM – 5:00 PM; Saturday: Closed; Sunday: Closed,needs_verification,Otago,Tapanui
VetSouth Tapanui,"87 Tapanui Waikoikoi Highway, Tapanui 9775, New Zealand",03 209 0865,+64 3 209 0865,https://vetsouth.co.nz/clinic/tapanui,4.6,21,OPERATIONAL,https://maps.google.com/?cid=14752957528719706500&g_mp=Cidnb29nbGUubWFwcy5wbGFjZXMudjEuUGxhY2VzLlNlYXJjaFRleHQQAhgEIAA,Monday: 8:00 AM – 5:00 PM; Tuesday: 8:00 AM – 5:00 PM; Wednesday: 8:00 AM – 5:00 PM; Thursday: 8:00 AM – 5:00 PM; Friday: 8:00 AM – 5:00 PM; Saturday: Closed; Sunday: Closed,needs_verification,Otago,Tapanui
West Otago Health Limited,"50 Tapanui-Raes Junction Highway, 90, Tapanui 9522, New Zealand",03 204 8668,+64 3 204 8668,http://www.wohealth.co.nz/,5,2,OPERATIONAL,https://maps.google.com/?cid=2655906422886086706&g_mp=Cidnb29nbGUubWFwcy5wbGFjZXMudjEuUGxhY2VzLlNlYXJjaFRleHQQAhgEIAA,Monday: 8:30 AM – 5:00 PM; Tuesday: 8:30 AM – 5:00 PM; Wednesday: 8:30 AM – 5:00 PM; Thursday: 8:30 AM – 5:00 PM; Friday: 8:30 AM – 5:00 PM; Saturday: Closed; Sunday: Closed,needs_verification,Otago,Tapanui
Aspiring Dental,"64 Brownston Street, Wānaka 9305, New Zealand",03 443 7705,+64 3 443 7705,https://aspiringdental.co.nz/,4.9,521,OPERATIONAL,https://maps.google.com/?cid=14699609785654327786&g_mp=Cidnb29nbGUubWFwcy5wbGFjZXMudjEuUGxhY2VzLlNlYXJjaFRleHQQAhgEIAA,Monday: 8:30 AM – 5:00 PM; Tuesday: 8:30 AM – 5:00 PM; Wednesday: 8:30 AM – 5:00 PM; Thursday: 8:30 AM – 5:00 PM; Friday: 8:30 AM – 5:00 PM; Saturday: Closed; Sunday: Closed,dental_clinic,Otago,Wānaka
Bespoke Smiles Wanaka,"2/5 Sir Tim Wallis Drive, Wānaka 9305, New Zealand",03 443 1399,+64 3 443 1399,https://www.bespokesmiles.co.nz/?utm_source=google&utm_medium=organic&utm_campaign=gbp,5,85,OPERATIONAL,https://maps.google.com/?cid=8568890436630349022&g_mp=Cidnb29nbGUubWFwcy5wbGFjZXMudjEuUGxhY2VzLlNlYXJjaFRleHQQAhgEIAA,Monday: 8:30 AM – 5:00 PM; Tuesday: 8:30 AM – 7:00 PM; Wednesday: 8:30 AM – 5:00 PM; Thursday: 8:30 AM – 7:00 PM; Friday: 8:30 AM – 5:00 PM; Saturday: 8:30 AM – 12:00 PM; Sunday: Closed,dental_clinic,Otago,Wānaka
Wanaka Dental,"123 Totara Terrace, Wānaka 9305, New Zealand",03 443 7769,+64 3 443 7769,http://www.wanakadental.co.nz/,4.9,154,OPERATIONAL,https://maps.google.com/?cid=3781204785015805992&g_mp=Cidnb29nbGUubWFwcy5wbGFjZXMudjEuUGxhY2VzLlNlYXJjaFRleHQQAhgEIAA,Monday: 8:30 AM – 5:00 PM; Tuesday: 8:30 AM – 5:00 PM; Wednesday: 8:30 AM – 5:00 PM; Thursday: 8:30 AM – 5:00 PM; Friday: 8:30 AM – 5:00 PM; Saturday: Closed; Sunday: Closed,dental_clinic,Otago,Wānaka
Wanaka Dental Clinic,"Koru Way, Wānaka 9305, New Zealand",,,,,,OPERATIONAL,https://maps.google.com/?cid=14682776657300122228&g_mp=Cidnb29nbGUubWFwcy5wbGFjZXMudjEuUGxhY2VzLlNlYXJjaFRleHQQAhgEIAA,,dental_clinic,Otago,Wānaka
Wanaka Dental Practice | Lumino The Dentists,"23 Cardrona Valley Road, Otago, Wānaka 9305, New Zealand",03 443 0790,+64 3 443 0790,https://lumino.co.nz/dentists/wanaka-dental-practice/?utm_source=google_business_profile&utm_medium=organic,4.3,16,OPERATIONAL,https://maps.google.com/?cid=6768076630824412903&g_mp=Cidnb29nbGUubWFwcy5wbGFjZXMudjEuUGxhY2VzLlNlYXJjaFRleHQQAhgEIAA,Monday: 8:30 AM – 5:00 PM; Tuesday: 8:30 AM – 5:00 PM; Wednesday: 8:30 AM – 5:00 PM; Thursday: 8:30 AM – 5:00 PM; Friday: 8:30 AM – 4:00 PM; Saturday: Closed; Sunday: Closed,dental_clinic,Otago,Wānaka
Bluff School Dental Clinic,"Bluff 9814, New Zealand",03 212 8522,+64 3 212 8522,,,,OPERATIONAL,https://maps.google.com/?cid=11772853385758383301&g_mp=Cidnb29nbGUubWFwcy5wbGFjZXMudjEuUGxhY2VzLlNlYXJjaFRleHQQAhgEIAA,,dental_clinic,Southland,Bluff
Birch Lane Dental Ltd,"9 Birch Lane, Gore 9710, New Zealand",03 203 9041,+64 3 203 9041,https://www.gorehealth.co.nz/dental,4.9,7,OPERATIONAL,https://maps.google.com/?cid=11053090947366421778&g_mp=Cidnb29nbGUubWFwcy5wbGFjZXMudjEuUGxhY2VzLlNlYXJjaFRleHQQAhgEIAA,Monday: 8:30 AM – 5:00 PM; Tuesday: 8:30 AM – 5:00 PM; Wednesday: 8:30 AM – 5:00 PM; Thursday: 8:30 AM – 5:00 PM; Friday: 8:30 AM – 5:00 PM; Saturday: Closed; Sunday: Closed,dental_clinic,Southland,Gore
East Gore Dental Clinic,"3 Wentworth Street, East Gore, Gore 9710, New Zealand",03 208 5332,+64 3 208 5332,,,,OPERATIONAL,https://maps.google.com/?cid=8453371390842369973&g_mp=Cidnb29nbGUubWFwcy5wbGFjZXMudjEuUGxhY2VzLlNlYXJjaFRleHQQAhgEIAA,,dental_clinic,Southland,Gore
Gore Dental | Lumino The Dentists,"5 Irk Street, Gore 9710, New Zealand",03 208 7413,+64 3 208 7413,https://lumino.co.nz/dentists/gore-dental/?utm_source=google_business_profile&utm_medium=organic,4.8,19,OPERATIONAL,https://maps.google.com/?cid=7922952292721276342&g_mp=Cidnb29nbGUubWFwcy5wbGFjZXMudjEuUGxhY2VzLlNlYXJjaFRleHQQAhgEIAA,Monday: 8:15 AM – 5:00 PM; Tuesday: 8:15 AM – 5:00 PM; Wednesday: 8:15 AM – 4:00 PM; Thursday: 8:15 AM – 5:00 PM; Friday: 8:15 AM – 5:00 PM; Saturday: Closed; Sunday: Closed,dental_clinic,Southland,Gore
Hokonui Dental Care,"Fairfield Building 2 Medway Street, East Gore, Gore 9710, New Zealand",03 208 4422,+64 3 208 4422,http://hokonuidentalcare.co.nz/,5,1,OPERATIONAL,https://maps.google.com/?cid=9193909951947397375&g_mp=Cidnb29nbGUubWFwcy5wbGFjZXMudjEuUGxhY2VzLlNlYXJjaFRleHQQAhgEIAA,Monday: 9:00 AM – 5:00 PM; Tuesday: 9:00 AM – 5:00 PM; Wednesday: 9:00 AM – 5:00 PM; Thursday: 9:00 AM – 5:00 PM; Friday: 9:30 AM – 3:00 PM; Saturday: Closed; Sunday: Closed,dental_clinic,Southland,Gore
"Cosmetic Denture Clinic - Invercargill - Denture Expert in Complete, Partial and Immediate Dentures","WSP House 65 Arena Avenue, Avenal, Invercargill 9810, New Zealand",03 218 4937,+64 3 218 4937,https://cosmeticdentureclinic.co.nz/,5,2,OPERATIONAL,https://maps.google.com/?cid=10459057134004744115&g_mp=Cidnb29nbGUubWFwcy5wbGFjZXMudjEuUGxhY2VzLlNlYXJjaFRleHQQAhgEIAA,Monday: 8:30 AM – 5:00 PM; Tuesday: 8:30 AM – 5:00 PM; Wednesday: 8:30 AM – 5:00 PM; Thursday: 8:30 AM – 5:00 PM; Friday: 8:30 AM – 5:00 PM; Saturday: Closed; Sunday: Closed,dental_clinic,Southland,Invercargill
Dougherty Dental,"74 Kelvin Street, Invercargill 9810, New Zealand",03 218 9687,+64 3 218 9687,http://www.doughertydental.co.nz/,3.2,9,OPERATIONAL,https://maps.google.com/?cid=287177989966765946&g_mp=Cidnb29nbGUubWFwcy5wbGFjZXMudjEuUGxhY2VzLlNlYXJjaFRleHQQAhgEIAA,Monday: 8:00 AM – 5:00 PM; Tuesday: 8:00 AM – 5:00 PM; Wednesday: 8:00 AM – 5:00 PM; Thursday: 8:00 AM – 4:30 PM; Friday: 8:00 AM – 12:00 PM; Saturday: Closed; Sunday: Closed,dental_clinic,Southland,Invercargill
Duchenne Dentures Invercargill,"68 Windsor Street, Invercargill 9810, New Zealand",0800 486 633,+64 800 486 633,http://www.duchenne.co.nz/,5,11,OPERATIONAL,https://maps.google.com/?cid=18038915937721302548&g_mp=Cidnb29nbGUubWFwcy5wbGFjZXMudjEuUGxhY2VzLlNlYXJjaFRleHQQAhgEIAA,Monday: 8:00 AM – 5:00 PM; Tuesday: 8:00 AM – 5:00 PM; Wednesday: 8:00 AM – 5:00 PM; Thursday: 8:00 AM – 5:00 PM; Friday: 8:00 AM – 5:00 PM; Saturday: Closed; Sunday: Closed,dental_clinic,Southland,Invercargill
Fernworth School Dental Clinic,"288 Pomona Street, Strathern, Invercargill 9812, New Zealand",03 216 9706,+64 3 216 9706,,4.8,4,OPERATIONAL,https://maps.google.com/?cid=15974097560591763171&g_mp=Cidnb29nbGUubWFwcy5wbGFjZXMudjEuUGxhY2VzLlNlYXJjaFRleHQQAhgEIAA,,dental_clinic,Southland,Invercargill
Invercargill City Dentists,"89 Don Street, Invercargill 9810, New Zealand",03 218 3456,+64 3 218 3456,https://www.invercargillcitydentists.co.nz/,3.6,34,OPERATIONAL,https://maps.google.com/?cid=17535963629746137466&g_mp=Cidnb29nbGUubWFwcy5wbGFjZXMudjEuUGxhY2VzLlNlYXJjaFRleHQQAhgEIAA,Monday: 8:30 AM – 5:00 PM; Tuesday: 8:30 AM – 5:00 PM; Wednesday: 8:30 AM – 5:00 PM; Thursday: 8:30 AM – 5:00 PM; Friday: 8:30 AM – 5:00 PM; Saturday: Closed; Sunday: Closed,dental_clinic,Southland,Invercargill
John Harris Dental Surgery,"79 Don Street, Invercargill 9810, New Zealand",03 218 8356,+64 3 218 8356,http://www.johnharrisdental.co.nz/,4.6,9,OPERATIONAL,https://maps.google.com/?cid=5446363049926170396&g_mp=Cidnb29nbGUubWFwcy5wbGFjZXMudjEuUGxhY2VzLlNlYXJjaFRleHQQAhgEIAA,Monday: 8:30 AM – 5:00 PM; Tuesday: 8:30 AM – 5:00 PM; Wednesday: 8:30 AM – 9:00 PM; Thursday: 8:30 AM – 5:00 PM; Friday: 8:30 AM – 5:00 PM; Saturday: Closed; Sunday: Closed,dental_clinic,Southland,Invercargill
Larry Dougherty Dental Health Care now Dougherty Dental,"74 Kelvin Street, Invercargill 9810, New Zealand",03 218 9687,+64 3 218 9687,https://www.doughertydental.co.nz/new-clients/,,,OPERATIONAL,https://maps.google.com/?cid=7249323828465428040&g_mp=Cidnb29nbGUubWFwcy5wbGFjZXMudjEuUGxhY2VzLlNlYXJjaFRleHQQAhgEIAA,,dental_clinic,Southland,Invercargill
Lumino Invercargill | Lumino The Dentists,"52 Victoria Avenue, Avenal, Invercargill 9810, New Zealand",03 218 3036,+64 3 218 3036,https://lumino.co.nz/dentists/lumino-invercargill/?utm_source=google_business_profile&utm_medium=organic,4,15,OPERATIONAL,https://maps.google.com/?cid=15094656929293988437&g_mp=Cidnb29nbGUubWFwcy5wbGFjZXMudjEuUGxhY2VzLlNlYXJjaFRleHQQAhgEIAA,Monday: 8:00 AM – 5:00 PM; Tuesday: 8:00 AM – 5:00 PM; Wednesday: 8:00 AM – 5:00 PM; Thursday: 8:00 AM – 5:00 PM; Friday: 8:00 AM – 1:00 PM; Saturday: Closed; Sunday: Closed,dental_clinic,Southland,Invercargill
Oral Surgery South,"223 Spey Street, Invercargill 9810, New Zealand",03 218 3320,+64 3 218 3320,http://ossouth.nz/,5,10,OPERATIONAL,https://maps.google.com/?cid=12300287053379271424&g_mp=Cidnb29nbGUubWFwcy5wbGFjZXMudjEuUGxhY2VzLlNlYXJjaFRleHQQAhgEIAA,Monday: 8:30 AM – 4:30 PM; Tuesday: Closed; Wednesday: 8:30 AM – 4:30 PM; Thursday: 8:30 AM – 4:30 PM; Friday: 8:30 AM – 2:30 PM; Saturday: Closed; Sunday: Closed,dental_clinic,Southland,Invercargill
Rachel Ward Dental,"38 Windsor Street, Windsor, Invercargill 9810, New Zealand",03 217 7134,+64 3 217 7134,,5,3,OPERATIONAL,https://maps.google.com/?cid=6926144710083551134&g_mp=Cidnb29nbGUubWFwcy5wbGFjZXMudjEuUGxhY2VzLlNlYXJjaFRleHQQAhgEIAA,Monday: 8:30 AM – 5:00 PM; Tuesday: 8:30 AM – 5:00 PM; Wednesday: 8:30 AM – 5:00 PM; Thursday: 8:30 AM – 5:00 PM; Friday: 8:30 AM – 5:00 PM; Saturday: Closed; Sunday: Closed,dental_clinic,Southland,Invercargill
Remarkable Smile Dentistry,"83 Don Street, Invercargill 9810, New Zealand",03 218 3257,+64 3 218 3257,https://www.remarkablesmile.co.nz/,5,20,OPERATIONAL,https://maps.google.com/?cid=8102424596086318190&g_mp=Cidnb29nbGUubWFwcy5wbGFjZXMudjEuUGxhY2VzLlNlYXJjaFRleHQQAhgEIAA,Monday: 8:30 AM – 5:00 PM; Tuesday: 8:30 AM – 5:00 PM; Wednesday: 8:30 AM – 5:00 PM; Thursday: 8:30 AM – 5:00 PM; Friday: 8:30 AM – 5:00 PM; Saturday: Closed; Sunday: Closed,dental_clinic,Southland,Invercargill
Smiles Denture Clinic,"93 Yarrow Street, Invercargill 9810, New Zealand",03 454 5118,+64 3 454 5118,https://www.smilesdentureclinic.co.nz/,4.6,9,OPERATIONAL,https://maps.google.com/?cid=17925804721446338067&g_mp=Cidnb29nbGUubWFwcy5wbGFjZXMudjEuUGxhY2VzLlNlYXJjaFRleHQQAhgEIAA,Monday: 9:00 AM – 5:00 PM; Tuesday: 9:00 AM – 3:30 PM; Wednesday: 9:00 AM – 5:00 PM; Thursday: 9:00 AM – 12:00 PM; Friday: Closed; Saturday: Closed; Sunday: Closed,dental_clinic,Southland,Invercargill
Southland Hospital,"Kew Road, Kew, Invercargill 9812, New Zealand",03 218 1949,+64 3 218 1949,https://www.southernhealth.nz/services/southland-hospital-invercargill,3.2,182,OPERATIONAL,https://maps.google.com/?cid=8665942716633975413&g_mp=Cidnb29nbGUubWFwcy5wbGFjZXMudjEuUGxhY2VzLlNlYXJjaFRleHQQAhgEIAA,Monday: Open 24 hours; Tuesday: Open 24 hours; Wednesday: Open 24 hours; Thursday: Open 24 hours; Friday: Open 24 hours; Saturday: Open 24 hours; Sunday: Open 24 hours,needs_verification,Southland,Invercargill
The Dentist on Kelvin,"27 Kelvin Street, Invercargill 9810, New Zealand",03 218 6280,+64 3 218 6280,,4.2,38,OPERATIONAL,https://maps.google.com/?cid=5340158484390774519&g_mp=Cidnb29nbGUubWFwcy5wbGFjZXMudjEuUGxhY2VzLlNlYXJjaFRleHQQAhgEIAA,Monday: 8:30 AM – 5:00 PM; Tuesday: 8:30 AM – 5:00 PM; Wednesday: 8:30 AM – 5:00 PM; Thursday: 8:30 AM – 5:00 PM; Friday: 8:30 AM – 5:00 PM; Saturday: Closed; Sunday: Closed,dental_clinic,Southland,Invercargill
Tooth Works,"Opus House 65 Arena Avenue, Avenal, Invercargill 9810, New Zealand",03 218 4937,+64 3 218 4937,https://toothworks.co.nz/,4.8,24,OPERATIONAL,https://maps.google.com/?cid=2762834025038184518&g_mp=Cidnb29nbGUubWFwcy5wbGFjZXMudjEuUGxhY2VzLlNlYXJjaFRleHQQAhgEIAA,Monday: 8:00 AM – 5:00 PM; Tuesday: 8:00 AM – 5:00 PM; Wednesday: 8:00 AM – 5:00 PM; Thursday: 8:00 AM – 5:00 PM; Friday: 8:00 AM – 5:00 PM; Saturday: Closed; Sunday: Closed,dental_clinic,Southland,Invercargill
Waihopai Dental Clinic,"90 Alice Street, Gladstone, Invercargill 9810, New Zealand",03 218 7744,+64 3 218 7744,,5,2,OPERATIONAL,https://maps.google.com/?cid=12459095642625426837&g_mp=Cidnb29nbGUubWFwcy5wbGFjZXMudjEuUGxhY2VzLlNlYXJjaFRleHQQAhgEIAA,,dental_clinic,Southland,Invercargill
Windsor Street Dental,"Windsor Street, Windsor, Invercargill 9810, New Zealand",03 217 7134,+64 3 217 7134,https://www.windsorstreetdental.nz/,5,8,OPERATIONAL,https://maps.google.com/?cid=9342033664724214455&g_mp=Cidnb29nbGUubWFwcy5wbGFjZXMudjEuUGxhY2VzLlNlYXJjaFRleHQQAhgEIAA,Monday: 8:30 AM – 5:00 PM; Tuesday: 8:30 AM – 5:00 PM; Wednesday: 8:30 AM – 5:00 PM; Thursday: 8:30 AM – 5:00 PM; Friday: 8:30 AM – 5:00 PM; Saturday: Closed; Sunday: Closed,dental_clinic,Southland,Invercargill
Four Square Lumsden,"14 Diana Street, Lumsden 9730, New Zealand",03 248 7143,+64 3 248 7143,https://www.foursquare.co.nz/south-island/southland-and-stewart-island/lumsden?utm_source=google&utm_medium=organic&utm_campaign=Google+My+Business&utm_term=plcid_15367820435488938116&utm_content=Four+Square+Lumsden,4.3,143,OPERATIONAL,https://maps.google.com/?cid=18176684943578603786&g_mp=Cidnb29nbGUubWFwcy5wbGFjZXMudjEuUGxhY2VzLlNlYXJjaFRleHQQAhgEIAA,Monday: 7:00 AM – 7:00 PM; Tuesday: 7:00 AM – 7:00 PM; Wednesday: 7:00 AM – 7:00 PM; Thursday: 7:00 AM – 7:00 PM; Friday: 7:00 AM – 7:00 PM; Saturday: 8:00 AM – 7:00 PM; Sunday: 8:00 AM – 7:00 PM,needs_verification,Southland,Lumsden
Lumsden Prescriptions and Gifts,"24 Diana Street, Lumsden 9730, New Zealand",03 248 7102,+64 3 248 7102,,4.8,6,OPERATIONAL,https://maps.google.com/?cid=17219165725886101830&g_mp=Cidnb29nbGUubWFwcy5wbGFjZXMudjEuUGxhY2VzLlNlYXJjaFRleHQQAhgEIAA,Monday: 10:00 AM – 5:00 PM; Tuesday: 10:00 AM – 5:00 PM; Wednesday: 8:00 AM – 5:00 PM; Thursday: 8:00 AM – 5:00 PM; Friday: 8:00 AM – 5:00 PM; Saturday: Closed; Sunday: Closed,needs_verification,Southland,Lumsden
Lumsden School,"19 Maria Street, Lumsden 9730, New Zealand",03 248 7474,+64 3 248 7474,https://www.lumsden.school.nz/,,,OPERATIONAL,https://maps.google.com/?cid=8426111768254933037&g_mp=Cidnb29nbGUubWFwcy5wbGFjZXMudjEuUGxhY2VzLlNlYXJjaFRleHQQAhgEIAA,,needs_verification,Southland,Lumsden
Northern Southland Medical Centre,"58 Garden Street, Southland 9730, New Zealand",03 248 7146,+64 3 248 7146,http://www.lumsdenmed.co.nz/,4,6,OPERATIONAL,https://maps.google.com/?cid=14527497255391506152&g_mp=Cidnb29nbGUubWFwcy5wbGFjZXMudjEuUGxhY2VzLlNlYXJjaFRleHQQAhgEIAA,"Monday: 9:00 AM – 12:00 PM, 1:30 – 5:00 PM; Tuesday: 9:00 AM – 12:00 PM, 1:30 – 5:00 PM; Wednesday: 9:00 AM – 12:00 PM, 1:30 – 5:00 PM; Thursday: 9:00 AM – 12:00 PM, 1:30 – 5:00 PM; Friday: 9:00 AM – 12:00 PM, 1:30 – 5:00 PM; Saturday: Closed; Sunday: Closed",needs_verification,Southland,Lumsden
NSVets - Northern Southland Vets - Lumsden,"137 Flora Road, Lumsden 9730, New Zealand",03 248 7199,+64 3 248 7199,https://www.nsvets.co.nz/,5,1,OPERATIONAL,https://maps.google.com/?cid=1194824733904806139&g_mp=Cidnb29nbGUubWFwcy5wbGFjZXMudjEuUGxhY2VzLlNlYXJjaFRleHQQAhgEIAA,Monday: 9:00 AM – 1:00 PM; Tuesday: 9:00 AM – 1:00 PM; Wednesday: 9:00 AM – 1:00 PM; Thursday: 9:00 AM – 1:00 PM; Friday: 9:00 AM – 1:00 PM; Saturday: Closed; Sunday: Closed,needs_verification,Southland,Lumsden
VetSouth Lumsden,"44 Diana Street, Lumsden 9730, New Zealand",03 248 9030,+64 3 248 9030,https://vetsouth.co.nz/clinic/lumsden,4.6,10,OPERATIONAL,https://maps.google.com/?cid=2298468728363575107&g_mp=Cidnb29nbGUubWFwcy5wbGFjZXMudjEuUGxhY2VzLlNlYXJjaFRleHQQAhgEIAA,Monday: 9:00 AM – 4:00 PM; Tuesday: 9:00 AM – 4:00 PM; Wednesday: 9:00 AM – 4:00 PM; Thursday: 9:00 AM – 4:00 PM; Friday: 9:00 AM – 4:00 PM; Saturday: Closed; Sunday: Closed,needs_verification,Southland,Lumsden
Mataura Dental Clinic,"Oakland Street, Mataura 9712, New Zealand",03 203 8482,+64 3 203 8482,,,,OPERATIONAL,https://maps.google.com/?cid=7913471599311244729&g_mp=Cidnb29nbGUubWFwcy5wbGFjZXMudjEuUGxhY2VzLlNlYXJjaFRleHQQAhgEIAA,,dental_clinic,Southland,Mataura
Four Square Nightcaps,"11 Johnston Road, Nightcaps 9630, New Zealand",03 225 7885,+64 3 225 7885,https://www.foursquare.co.nz/south-island/southland-and-stewart-island/nightcaps?utm_source=google&utm_medium=organic&utm_campaign=Google+My+Business&utm_term=plcid_4937864866431278096&utm_content=Four+Square+Nightcaps,4.5,66,OPERATIONAL,https://maps.google.com/?cid=4320061863559646249&g_mp=Cidnb29nbGUubWFwcy5wbGFjZXMudjEuUGxhY2VzLlNlYXJjaFRleHQQAhgEIAA,Monday: 7:00 AM – 8:30 PM; Tuesday: 7:00 AM – 8:30 PM; Wednesday: 7:00 AM – 8:30 PM; Thursday: 7:00 AM – 8:30 PM; Friday: 7:00 AM – 8:30 PM; Saturday: 7:00 AM – 8:30 PM; Sunday: 9:00 AM – 8:30 PM,needs_verification,Southland,Nightcaps
Four Square Stewart Island,"20 Elgin Terrace, Oban 9818, New Zealand",03 219 1069,+64 3 219 1069,https://www.foursquare.co.nz/south-island/southland-and-stewart-island/stewart-island?utm_source=google&utm_medium=organic&utm_campaign=Google+My+Business&utm_term=plcid_17006413242227420096&utm_content=Four+Square+Stewart+Island+-+Oban,4.6,143,OPERATIONAL,https://maps.google.com/?cid=3833667989293864653&g_mp=Cidnb29nbGUubWFwcy5wbGFjZXMudjEuUGxhY2VzLlNlYXJjaFRleHQQAhgEIAA,Monday: 7:30 AM – 7:00 PM; Tuesday: 7:30 AM – 7:00 PM; Wednesday: 7:30 AM – 7:00 PM; Thursday: 7:30 AM – 7:00 PM; Friday: 7:30 AM – 7:00 PM; Saturday: 7:30 AM – 7:00 PM; Sunday: 7:30 AM – 7:00 PM,needs_verification,Southland,Oban
Stewart Island Health Centre,"7 Argyle Street, Oban 9818, New Zealand",03 219 1098,+64 3 219 1098,,5,1,OPERATIONAL,https://maps.google.com/?cid=6913823712222840555&g_mp=Cidnb29nbGUubWFwcy5wbGFjZXMudjEuUGxhY2VzLlNlYXJjaFRleHQQAhgEIAA,Monday: 10:00 AM – 12:30 PM; Tuesday: 10:00 AM – 12:30 PM; Wednesday: 10:00 AM – 12:30 PM; Thursday: 10:00 AM – 12:30 PM; Friday: 10:00 AM – 12:30 PM; Saturday: 10:00 AM – 12:30 PM; Sunday: 10:00 AM – 12:30 PM,needs_verification,Southland,Oban
Carletons Pharmacy,"151 Main Street, Otautau 9610, New Zealand",03 225 8321,+64 3 225 8321,https://www.healthpoint.co.nz/pharmacy/prescription-collection-depot/carletons-healthcare-depot/,5,2,OPERATIONAL,https://maps.google.com/?cid=11206455021085165145&g_mp=Cidnb29nbGUubWFwcy5wbGFjZXMudjEuUGxhY2VzLlNlYXJjaFRleHQQAhgEIAA,Monday: 10:00 AM – 5:00 PM; Tuesday: 10:00 AM – 5:00 PM; Wednesday: 10:00 AM – 5:00 PM; Thursday: 10:00 AM – 5:00 PM; Friday: 10:00 AM – 5:00 PM; Saturday: Closed; Sunday: Closed,needs_verification,Southland,Otautau
FreshChoice Otautau,"157 Main Street, Otautau 9610, New Zealand",03 225 8029,+64 3 225 8029,https://otautau.store.freshchoice.co.nz/,4.4,100,OPERATIONAL,https://maps.google.com/?cid=17124431171114412931&g_mp=Cidnb29nbGUubWFwcy5wbGFjZXMudjEuUGxhY2VzLlNlYXJjaFRleHQQAhgEIAA,Monday: 8:00 AM – 8:00 PM; Tuesday: 8:00 AM – 8:00 PM; Wednesday: 8:00 AM – 8:00 PM; Thursday: 8:00 AM – 8:00 PM; Friday: 8:00 AM – 8:00 PM; Saturday: 8:00 AM – 8:00 PM; Sunday: 8:00 AM – 8:00 PM,needs_verification,Southland,Otautau
ME and MI Supermarket,"244 Main Street, OTAUTAU 9610, Otautau 9641, New Zealand",03 225 8436,+64 3 225 8436,,4.3,67,OPERATIONAL,https://maps.google.com/?cid=4538740377256752132&g_mp=Cidnb29nbGUubWFwcy5wbGFjZXMudjEuUGxhY2VzLlNlYXJjaFRleHQQAhgEIAA,Monday: 7:00 AM – 9:00 PM; Tuesday: 7:00 AM – 9:00 PM; Wednesday: 7:00 AM – 9:00 PM; Thursday: 7:00 AM – 9:00 PM; Friday: 7:00 AM – 9:00 PM; Saturday: 7:00 AM – 9:00 PM; Sunday: 8:00 AM – 8:00 PM,needs_verification,Southland,Otautau
Otautau Medical Centre,"Chester Street, Otautau 9610, New Zealand",03 225 8099,+64 3 225 8099,https://www.healthpoint.co.nz/gps-accident-urgent-medical-care/gp/otautau-medical-centre/,4.3,4,OPERATIONAL,https://maps.google.com/?cid=16609534233330542651&g_mp=Cidnb29nbGUubWFwcy5wbGFjZXMudjEuUGxhY2VzLlNlYXJjaFRleHQQAhgEIAA,"Monday: 8:30 AM – 12:30 PM, 1:30 – 5:00 PM; Tuesday: 8:30 AM – 12:30 PM, 1:30 – 5:00 PM; Wednesday: 8:30 AM – 12:30 PM, 1:30 – 5:00 PM; Thursday: 8:30 AM – 12:30 PM, 1:30 – 5:00 PM; Friday: 8:30 AM – 12:30 PM, 1:30 – 5:00 PM; Saturday: Closed; Sunday: Closed",needs_verification,Southland,Otautau
Otautau School,"17 Elles Road, Otautau 9610, New Zealand",03 225 8320,+64 3 225 8320,http://www.otautau.school.nz/,,,OPERATIONAL,https://maps.google.com/?cid=10819567002219376636&g_mp=Cidnb29nbGUubWFwcy5wbGFjZXMudjEuUGxhY2VzLlNlYXJjaFRleHQQAhgEIAA,,needs_verification,Southland,Otautau
Otautau Vets Limited,"71 Main Street, Otautau 9610, New Zealand",03 225 8134,+64 3 225 8134,http://www.otautauvets.co.nz/,4.4,14,OPERATIONAL,https://maps.google.com/?cid=11074338329855414419&g_mp=Cidnb29nbGUubWFwcy5wbGFjZXMudjEuUGxhY2VzLlNlYXJjaFRleHQQAhgEIAA,Monday: 8:30 AM – 5:30 PM; Tuesday: 8:30 AM – 5:30 PM; Wednesday: 8:30 AM – 5:30 PM; Thursday: 8:30 AM – 5:30 PM; Friday: 8:30 AM – 5:30 PM; Saturday: Closed; Sunday: Closed,needs_verification,Southland,Otautau
VetSouth Otautau,"203 Main Street, Otautau 9610, New Zealand",03 225 8206,+64 3 225 8206,https://vetsouth.co.nz/clinic/otautau,4.9,13,OPERATIONAL,https://maps.google.com/?cid=5675498136153006164&g_mp=Cidnb29nbGUubWFwcy5wbGFjZXMudjEuUGxhY2VzLlNlYXJjaFRleHQQAhgEIAA,Monday: 8:30 AM – 4:00 PM; Tuesday: 8:30 AM – 4:00 PM; Wednesday: 8:30 AM – 4:00 PM; Thursday: 8:30 AM – 4:00 PM; Friday: 8:30 AM – 4:00 PM; Saturday: Closed; Sunday: Closed,needs_verification,Southland,Otautau
Riverton School Dental Clinic,"7 Leader Street, Riverton / Aparima 9881, New Zealand",03 234 8571,+64 3 234 8571,,5,1,OPERATIONAL,https://maps.google.com/?cid=6628416092554561515&g_mp=Cidnb29nbGUubWFwcy5wbGFjZXMudjEuUGxhY2VzLlNlYXJjaFRleHQQAhgEIAA,,dental_clinic,Southland,Riverton / Aparima
Fiordland Dental Centre,"52 Town Centre, Te Anau 9600, New Zealand",03 249 8580,+64 3 249 8580,https://www.fiordland.org.nz/services/health-and-beauty-services/,3.8,12,OPERATIONAL,https://maps.google.com/?cid=14953569494845576760&g_mp=Cidnb29nbGUubWFwcy5wbGFjZXMudjEuUGxhY2VzLlNlYXJjaFRleHQQAhgEIAA,Monday: 9:00 AM – 4:00 PM; Tuesday: 9:00 AM – 4:00 PM; Wednesday: 9:00 AM – 4:00 PM; Thursday: 9:00 AM – 4:00 PM; Friday: 9:00 AM – 4:00 PM; Saturday: Closed; Sunday: Closed,dental_clinic,Southland,Te Anau
Four Square Tuatapere,"73 Main Road, Tuatapere 9620, New Zealand",03 226 6898,+64 3 226 6898,https://www.foursquare.co.nz/south-island/southland-and-stewart-island/tuatapere?utm_source=google&utm_medium=organic&utm_campaign=Google+My+Business&utm_term=plcid_9163212091306297968&utm_content=Four+Square+Tuatapere,4.3,174,OPERATIONAL,https://maps.google.com/?cid=3888233354259837165&g_mp=Cidnb29nbGUubWFwcy5wbGFjZXMudjEuUGxhY2VzLlNlYXJjaFRleHQQAhgEIAA,Monday: 7:30 AM – 9:00 PM; Tuesday: 7:30 AM – 9:00 PM; Wednesday: 7:30 AM – 9:00 PM; Thursday: 7:30 AM – 9:00 PM; Friday: 7:30 AM – 9:00 PM; Saturday: 7:30 AM – 9:00 PM; Sunday: 7:30 AM – 9:00 PM,needs_verification,Southland,Tuatapere
Tuatapere Medical Centre,"69a Orawia Road, Tuatapere 9620, New Zealand",03 226 6123,+64 3 226 6123,https://www.healthpoint.co.nz/gps-accident-urgent-medical-care/gp/tuatapere-medical-centre/,4,10,OPERATIONAL,https://maps.google.com/?cid=8681505133633004010&g_mp=Cidnb29nbGUubWFwcy5wbGFjZXMudjEuUGxhY2VzLlNlYXJjaFRleHQQAhgEIAA,Monday: 9:00 AM – 5:00 PM; Tuesday: 9:00 AM – 5:00 PM; Wednesday: 9:00 AM – 5:00 PM; Thursday: 9:00 AM – 5:00 PM; Friday: 9:00 AM – 5:00 PM; Saturday: Closed; Sunday: Closed,needs_verification,Southland,Tuatapere
Winton Dental,"233 Great North Road, Winton 9720, New Zealand",03 242 5025,+64 3 242 5025,,5,4,OPERATIONAL,https://maps.google.com/?cid=8289231589442341178&g_mp=Cidnb29nbGUubWFwcy5wbGFjZXMudjEuUGxhY2VzLlNlYXJjaFRleHQQAhgEIAA,Monday: 9:00 AM – 5:00 PM; Tuesday: 9:00 AM – 5:00 PM; Wednesday: 9:00 AM – 5:00 PM; Thursday: 9:00 AM – 5:00 PM; Friday: 9:00 AM – 5:00 PM; Saturday: Closed; Sunday: Closed,dental_clinic,Southland,Winton
Health New Zealand | Te Whatu Ora - Nelson Marlborough,"Braemar Campus, Waimea Road, Nelson South, Nelson 7010, New Zealand",03 546 1800,+64 3 546 1800,http://www.nmdhb.govt.nz/,3,9,OPERATIONAL,https://maps.google.com/?cid=5550861303826940286&g_mp=Cidnb29nbGUubWFwcy5wbGFjZXMudjEuUGxhY2VzLlNlYXJjaFRleHQQAhgEIAA,Monday: 8:00 AM – 6:00 PM; Tuesday: 8:00 AM – 6:00 PM; Wednesday: 8:00 AM – 6:00 PM; Thursday: 8:00 AM – 6:00 PM; Friday: 8:00 AM – 6:00 PM; Saturday: Closed; Sunday: Closed,needs_verification,Nelson/Tasman,Nelson
Nelson Hospital,"Entrance off or Tipahi St, 7010 Franklyn Street, Nelson South, Nelson 7010, New Zealand",03 546 1800,+64 3 546 1800,http://www.nmdhb.govt.nz/,4,144,OPERATIONAL,https://maps.google.com/?cid=1081127275368922464&g_mp=Cidnb29nbGUubWFwcy5wbGFjZXMudjEuUGxhY2VzLlNlYXJjaFRleHQQAhgEIAA,Monday: Open 24 hours; Tuesday: Open 24 hours; Wednesday: Open 24 hours; Thursday: Open 24 hours; Friday: Open 24 hours; Saturday: Open 24 hours; Sunday: Open 24 hours,needs_verification,Nelson/Tasman,Nelson
Nelson Prosthodontics | Lumino The Dentists,"38 Collingwood Street, Nelson 7010, New Zealand",03 539 4255,+64 3 539 4255,https://lumino.co.nz/dentists/nelson-prosthodontics/?utm_source=google_business_profile&utm_medium=organic,4,4,OPERATIONAL,https://maps.google.com/?cid=6627015228748338205&g_mp=Cidnb29nbGUubWFwcy5wbGFjZXMudjEuUGxhY2VzLlNlYXJjaFRleHQQAhgEIAA,Monday: 8:30 AM – 5:00 PM; Tuesday: 8:30 AM – 5:00 PM; Wednesday: 8:30 AM – 5:00 PM; Thursday: 8:30 AM – 5:00 PM; Friday: 8:30 AM – 5:00 PM; Saturday: Closed; Sunday: Closed,dental_clinic,Nelson/Tasman,Nelson
