name,address,phone_national,phone_international,website,rating,total_ratings,business_status,google_maps_url,opening_hours,category,region,town,price
Wellington Dentists Ltd,"124A Willis Street, Te Aro, Wellington 6011, New Zealand",04 499 1091,+64 4 499 1091,http://www.wellingtondentist.co.nz/,4.9,837,OPERATIONAL,https://maps.google.com/?cid=7907761934923899664&g_mp=Cidnb29nbGUubWFwcy5wbGFjZXMudjEuUGxhY2VzLlNlYXJjaFRleHQQAhgEIAA,Monday: 8:00 AM – 5:00 PM; Tuesday: 8:00 AM – 5:00 PM; Wednesday: 8:00 AM – 5:00 PM; Thursday: 8:00 AM – 5:00 PM; Friday: 8:00 AM – 5:00 PM; Saturday: 8:00 AM – 1:00 PM; Sunday: Closed,dental_clinic,Wellington,Wellington CBD,no_prices
The Wellington Dental Practice,"Kelvin House, Level 2, 16 The Terrace, Wellington Central, Wellington 6011, New Zealand",04 472 5516,+64 4 472 5516,http://www.wellingtondental.co.nz/,4.9,161,OPERATIONAL,https://maps.google.com/?cid=17532042885646362091&g_mp=Cidnb29nbGUubWFwcy5wbGFjZXMudjEuUGxhY2VzLlNlYXJjaFRleHQQAhgEIAA,Monday: 8:30 AM – 5:00 PM; Tuesday: 8:30 AM – 5:00 PM; Wednesday: 8:30 AM – 5:00 PM; Thursday: 9:00 AM – 5:00 PM; Friday: 8:30 AM – 5:00 PM; Saturday: Closed; Sunday: Closed,dental_clinic,Wellington,Wellington CBD,no_prices
City Dentists,"119/123 Featherston Street, Wellington Central, Wellington 6011, New Zealand",04 978 4964,+64 4 978 4964,https://www.citydentists.co.nz/,4.9,331,OPERATIONAL,https://maps.google.com/?cid=8923176765612725766&g_mp=Cidnb29nbGUubWFwcy5wbGFjZXMudjEuUGxhY2VzLlNlYXJjaFRleHQQAhgEIAA,Monday: 7:00 AM – 8:00 PM; Tuesday: 7:00 AM – 8:00 PM; Wednesday: 7:00 AM – 8:00 PM; Thursday: 7:00 AM – 4:00 PM; Friday: 7:00 AM – 4:00 PM; Saturday: Closed; Sunday: Closed,dental_clinic,Wellington,Wellington CBD,no_prices
Supreme Dental Concepts,"32 Lorne Street, Te Aro, Wellington 6011, New Zealand",04 801 6228,+64 4 801 6228,https://www.supremedentalconcepts.co.nz/?utm_source=gmb&utm_medium=organic&utm_campaign=Google+My+Business,4.9,387,OPERATIONAL,https://maps.google.com/?cid=7461946122181272282&g_mp=Cidnb29nbGUubWFwcy5wbGFjZXMudjEuUGxhY2VzLlNlYXJjaFRleHQQAhgEIAA,Monday: 8:30 AM – 5:30 PM; Tuesday: 9:00 AM – 7:00 PM; Wednesday: 8:30 AM – 5:30 PM; Thursday: 8:30 AM – 5:30 PM; Friday: 8:30 AM – 4:00 PM; Saturday: 9:00 AM – 4:00 PM; Sunday: Closed,dental_clinic,Wellington,Wellington CBD,no_prices
Victoria Street Dental,"Level 6/86 Victoria Street, Te Aro, Wellington 6011, New Zealand",04 555 1001,+64 4 555 1001,http://victoriastreetdental.co.nz/,4.9,149,OPERATIONAL,https://maps.google.com/?cid=15359564905758706612&g_mp=Cidnb29nbGUubWFwcy5wbGFjZXMudjEuUGxhY2VzLlNlYXJjaFRleHQQAhgEIAA,Monday: 8:00 AM – 5:00 PM; Tuesday: 8:00 AM – 6:00 PM; Wednesday: 8:00 AM – 5:00 PM; Thursday: 8:00 AM – 5:00 PM; Friday: 8:00 AM – 4:00 PM; Saturday: Closed; Sunday: Closed,dental_clinic,Wellington,Wellington CBD,no_prices
Central Dental Surgery,"Harbour City Tower tower level 6/29 Brandon Street, Te Aro, Wellington 6011, New Zealand",04 472 6306,+64 4 472 6306,,4.7,53,OPERATIONAL,https://maps.google.com/?cid=17995911631534408844&g_mp=Cidnb29nbGUubWFwcy5wbGFjZXMudjEuUGxhY2VzLlNlYXJjaFRleHQQAhgEIAA,Monday: 8:30 AM – 5:00 PM; Tuesday: 8:30 AM – 5:00 PM; Wednesday: 8:30 AM – 5:00 PM; Thursday: 8:30 AM – 5:00 PM; Friday: 8:30 AM – 5:00 PM; Saturday: Closed; Sunday: Closed,dental_clinic,Wellington,Wellington CBD,no_prices
Capital Dental The Terrace,"Ground Floor, Montreaux Apartments, 164 The Terrace, Wellington Central, Wellington 6011, New Zealand",04 499 9360,+64 4 499 9360,http://www.capitaldental.co.nz/,4.7,110,OPERATIONAL,https://maps.google.com/?cid=1532247437273271527&g_mp=Cidnb29nbGUubWFwcy5wbGFjZXMudjEuUGxhY2VzLlNlYXJjaFRleHQQAhgEIAA,Monday: 8:30 AM – 5:00 PM; Tuesday: 8:30 AM – 5:00 PM; Wednesday: 8:30 AM – 5:00 PM; Thursday: 8:30 AM – 5:00 PM; Friday: 8:30 AM – 5:00 PM; Saturday: Closed; Sunday: Closed,dental_clinic,Wellington,Wellington CBD,no_prices
Lumino The Terrace Dental Practice | Lumino The Dentists,"1st Floor/50 The Terrace, Wellington Central, Wellington 6011, New Zealand",04 472 5022,+64 4 472 5022,https://lumino.co.nz/dentists/the-terrace-dental-practice-wellington-cbd/?utm_source=google_business_profile&utm_medium=organic,4.9,65,OPERATIONAL,https://maps.google.com/?cid=990461966665530923&g_mp=Cidnb29nbGUubWFwcy5wbGFjZXMudjEuUGxhY2VzLlNlYXJjaFRleHQQAhgEIAA,Monday: 8:00 AM – 5:00 PM; Tuesday: 8:00 AM – 5:00 PM; Wednesday: 8:00 AM – 5:00 PM; Thursday: 8:00 AM – 5:00 PM; Friday: 8:00 AM – 5:00 PM; Saturday: Closed; Sunday: Closed,dental_clinic,Wellington,Wellington CBD,no_prices
Capital Dental Brandon Street,"Harbour City tower level 6/29 Brandon Street, Wellington Central, Wellington 6011, New Zealand",04 473 7632,+64 4 473 7632,http://brandonstreetdentists.co.nz/,4.8,46,OPERATIONAL,https://maps.google.com/?cid=179950696904144853&g_mp=Cidnb29nbGUubWFwcy5wbGFjZXMudjEuUGxhY2VzLlNlYXJjaFRleHQQAhgEIAA,Monday: 8:00 AM – 5:00 PM; Tuesday: 8:00 AM – 5:00 PM; Wednesday: 8:00 AM – 5:00 PM; Thursday: 8:00 AM – 5:00 PM; Friday: 8:00 AM – 5:00 PM; Saturday: Closed; Sunday: Closed,dental_clinic,Wellington,Wellington CBD,no_prices
Gentle Dental Centre,"Level 7/276 Lambton Quay, Wellington Central, Wellington 6011, New Zealand",04 473 8208,+64 4 473 8208,https://gentledental.co.nz/,4.4,56,OPERATIONAL,https://maps.google.com/?cid=13207539198650161776&g_mp=Cidnb29nbGUubWFwcy5wbGFjZXMudjEuUGxhY2VzLlNlYXJjaFRleHQQAhgEIAA,Monday: 8:00 AM – 6:00 PM; Tuesday: 8:00 AM – 6:00 PM; Wednesday: 8:00 AM – 6:00 PM; Thursday: 8:00 AM – 6:00 PM; Friday: 8:00 AM – 4:00 PM; Saturday: Closed; Sunday: Closed,dental_clinic,Wellington,Wellington CBD,no_prices
Lumino Woodward Dental,"Solnet House Ground Floor of/70 The Terrace, Wellington Central, Wellington 6011, New Zealand",04 472 3102,+64 4 472 3102,https://lumino.co.nz/dentists/lumino-woodward-dental/?utm_source=google_business_profile&utm_medium=organic,4.8,45,OPERATIONAL,https://maps.google.com/?cid=8497387014644743482&g_mp=Cidnb29nbGUubWFwcy5wbGFjZXMudjEuUGxhY2VzLlNlYXJjaFRleHQQAhgEIAA,Monday: 8:00 AM – 5:00 PM; Tuesday: 8:00 AM – 5:00 PM; Wednesday: 8:00 AM – 5:00 PM; Thursday: 8:00 AM – 5:00 PM; Friday: 8:00 AM – 5:15 PM; Saturday: Closed; Sunday: Closed,dental_clinic,Wellington,Wellington CBD,no_prices
Gentle Dental,"81 Ghuznee Street, Wellington Central, Wellington 6011, New Zealand",04 384 6046,+64 4 384 6046,https://www.gentledental.co.nz/contact-us#ghuzneestreet,4.2,152,OPERATIONAL,https://maps.google.com/?cid=13865599591341624152&g_mp=Cidnb29nbGUubWFwcy5wbGFjZXMudjEuUGxhY2VzLlNlYXJjaFRleHQQAhgEIAA,Monday: 8:00 AM – 8:00 PM; Tuesday: 8:00 AM – 8:00 PM; Wednesday: 8:00 AM – 8:00 PM; Thursday: 7:00 AM – 6:00 PM; Friday: 8:00 AM – 4:00 PM; Saturday: 8:30 AM – 4:00 PM; Sunday: Closed,dental_clinic,Wellington,Wellington CBD,no_prices
Smile Studio Ltd t/a Smile Design Dental Group,"Radio New Zealand House, 155 The Terrace, Wellington Central, Wellington 6011, New Zealand",04 472 7826,+64 4 472 7826,http://www.smiledesigndentalgroup.co.nz/,5,52,OPERATIONAL,https://maps.google.com/?cid=17595204772144970494&g_mp=Cidnb29nbGUubWFwcy5wbGFjZXMudjEuUGxhY2VzLlNlYXJjaFRleHQQAhgEIAA,Monday: 8:00 AM – 5:00 PM; Tuesday: 8:00 AM – 5:00 PM; Wednesday: 8:00 AM – 5:00 PM; Thursday: 8:00 AM – 5:00 PM; Friday: 8:00 AM – 3:00 PM; Saturday: Closed; Sunday: Closed,dental_clinic,Wellington,Wellington CBD,no_prices
Discover Dental Wellington,"Wakefield, House Level 1/90 The Terrace, Wellington Central, Wellington 6011, New Zealand",04 472 3510,+64 4 472 3510,https://www.discoverdental.co.nz/,5,92,OPERATIONAL,https://maps.google.com/?cid=4626141049376207042&g_mp=Cidnb29nbGUubWFwcy5wbGFjZXMudjEuUGxhY2VzLlNlYXJjaFRleHQQAhgEIAA,Monday: 8:00 AM – 5:00 PM; Tuesday: 8:00 AM – 5:00 PM; Wednesday: 8:00 AM – 5:00 PM; Thursday: 8:00 AM – 5:00 PM; Friday: 8:00 AM – 5:00 PM; Saturday: Closed; Sunday: Closed,dental_clinic,Wellington,Wellington CBD,no_prices
Burton & Brown Wellington | Lumino The Dentists,"Harbour City Tower Suite 601, Lvl 6/40 Panama Street, Wellington Central, Wellington 6011, New Zealand",04 472 1394,+64 4 472 1394,https://lumino.co.nz/dentists/burton-brown-wellington-cbd/?utm_source=google%20my%20business&utm_medium=organic,4.3,43,OPERATIONAL,https://maps.google.com/?cid=7059503621301166794&g_mp=Cidnb29nbGUubWFwcy5wbGFjZXMudjEuUGxhY2VzLlNlYXJjaFRleHQQAhgEIAA,Monday: 8:00 AM – 5:30 PM; Tuesday: 8:00 AM – 5:30 PM; Wednesday: 8:00 AM – 5:30 PM; Thursday: 8:00 AM – 5:30 PM; Friday: 8:00 AM – 5:30 PM; Saturday: Closed; Sunday: Closed,dental_clinic,Wellington,Wellington CBD,no_prices
Wellington Dental Hygienists,"126 Willis Street, Te Aro, Wellington 6011, New Zealand",04 499 1091,+64 4 499 1091,http://www.dentalhygienist.co.nz/,5,3,OPERATIONAL,https://maps.google.com/?cid=1410130814946317386&g_mp=Cidnb29nbGUubWFwcy5wbGFjZXMudjEuUGxhY2VzLlNlYXJjaFRleHQQAhgEIAA,Monday: 8:00 AM – 6:00 PM; Tuesday: 8:00 AM – 6:00 PM; Wednesday: 8:00 AM – 6:00 PM; Thursday: 8:00 AM – 6:00 PM; Friday: 8:00 AM – 6:00 PM; Saturday: Closed; Sunday: Closed,dental_clinic,Wellington,Wellington CBD,no_prices
Courtenay Place Dental | Lumino The Dentists,"Cnr Courtenay Place & 36 Allen Street Level 2, Wellington Central, 36 Allen Street, Te Aro, Wellington 6011, New Zealand",04 385 1532,+64 4 385 1532,https://lumino.co.nz/dentists/courtenay-place-dental-wellington-cbd/?utm_source=google_business_profile&utm_medium=organic,4.6,63,OPERATIONAL,https://maps.google.com/?cid=3541398735526389056&g_mp=Cidnb29nbGUubWFwcy5wbGFjZXMudjEuUGxhY2VzLlNlYXJjaFRleHQQAhgEIAA,Monday: 8:00 AM – 5:00 PM; Tuesday: 8:00 AM – 5:00 PM; Wednesday: 8:00 AM – 5:00 PM; Thursday: 8:00 AM – 5:00 PM; Friday: 8:00 AM – 5:00 PM; Saturday: Closed; Sunday: Closed,dental_clinic,Wellington,Wellington CBD,no_prices
Lumino The Dentists,"level 6/40 Panama Street, Wellington Central, Wellington 6011, New Zealand",04 472 1394,+64 4 472 1394,https://lumino.co.nz/find-a-practice/north-island/wellington/,5,1,OPERATIONAL,https://maps.google.com/?cid=17718642269536131506&g_mp=Cidnb29nbGUubWFwcy5wbGFjZXMudjEuUGxhY2VzLlNlYXJjaFRleHQQAhgEIAA,Monday: 8:00 AM – 5:30 PM; Tuesday: 8:00 AM – 5:30 PM; Wednesday: 8:00 AM – 5:30 PM; Thursday: 8:00 AM – 5:30 PM; Friday: 8:00 AM – 5:30 PM; Saturday: Closed; Sunday: Closed,dental_clinic,Wellington,Wellington CBD,no_prices
Lovelysmiles Professional Teeth Whitening,"61a Featherston Street, Pipitea, Wellington 6011, New Zealand",0508 568 359,+64 508 568 359,http://www.lovelysmiles.co/,4.7,40,OPERATIONAL,https://maps.google.com/?cid=3811233694014507692&g_mp=Cidnb29nbGUubWFwcy5wbGFjZXMudjEuUGxhY2VzLlNlYXJjaFRleHQQAhgEIAA,Monday: 11:00 AM – 5:00 PM; Tuesday: 10:00 AM – 5:00 PM; Wednesday: 10:00 AM – 5:00 PM; Thursday: 10:00 AM – 5:00 PM; Friday: 10:00 AM – 5:00 PM; Saturday: 11:00 AM – 3:00 PM; Sunday: Closed,dental_clinic,Wellington,Wellington CBD,no_prices
Simply Dental,"342 Lambton Quay, Wellington Central, Wellington 6011, New Zealand",04 473 9283,+64 4 473 9283,http://www.simplydental.co.nz/,3.9,25,OPERATIONAL,https://maps.google.com/?cid=13458895533798546005&g_mp=Cidnb29nbGUubWFwcy5wbGFjZXMudjEuUGxhY2VzLlNlYXJjaFRleHQQAhgEIAA,Monday: 8:00 AM – 5:00 PM; Tuesday: 8:00 AM – 5:00 PM; Wednesday: 8:00 AM – 5:00 PM; Thursday: 8:00 AM – 5:00 PM; Friday: 8:00 AM – 5:00 PM; Saturday: Closed; Sunday: Closed,dental_clinic,Wellington,Wellington CBD,no_prices
Thorndon Dental Surgery,"246 Tinakori Road, Thorndon, Wellington 6011, New Zealand",04 472 8353,+64 4 472 8353,https://www.thorndondental.co.nz/,4.6,31,OPERATIONAL,https://maps.google.com/?cid=17235407098821406254&g_mp=Cidnb29nbGUubWFwcy5wbGFjZXMudjEuUGxhY2VzLlNlYXJjaFRleHQQAhgEIAA,Monday: 8:00 AM – 6:00 PM; Tuesday: 8:00 AM – 6:00 PM; Wednesday: 8:00 AM – 6:00 PM; Thursday: 8:00 AM – 6:00 PM; Friday: 8:00 AM – 5:00 PM; Saturday: Closed; Sunday: Closed,dental_clinic,Wellington,Wellington CBD,no_prices
Newtown Dental,"100 Riddiford Street, Newtown, Wellington 6021, New Zealand",04 389 3808,+64 4 389 3808,https://newtowndental.co.nz/?utm_source=gmb&utm_medium=organic&utm_campaign=Google+My+Business,4.7,445,OPERATIONAL,https://maps.google.com/?cid=8261150349137837189&g_mp=Cidnb29nbGUubWFwcy5wbGFjZXMudjEuUGxhY2VzLlNlYXJjaFRleHQQAhgEIAA,Monday: 8:00 AM – 8:30 PM; Tuesday: 8:00 AM – 8:30 PM; Wednesday: 8:00 AM – 8:30 PM; Thursday: 8:00 AM – 8:30 PM; Friday: 8:00 AM – 8:30 PM; Saturday: 8:00 AM – 8:30 PM; Sunday: 8:00 AM – 8:30 PM,dental_clinic,Wellington,Wellington CBD,no_prices
Edward Leung Dental Surgery,"Level 3/128 Featherston Street, Wellington Central, Wellington 6011, New Zealand",04 472 2626,+64 4 472 2626,,3,19,OPERATIONAL,https://maps.google.com/?cid=4533817270860688000&g_mp=Cidnb29nbGUubWFwcy5wbGFjZXMudjEuUGxhY2VzLlNlYXJjaFRleHQQAhgEIAA,Monday: 9:00 AM – 6:00 PM; Tuesday: 9:00 AM – 6:00 PM; Wednesday: 9:00 AM – 6:00 PM; Thursday: 9:00 AM – 6:00 PM; Friday: 9:00 AM – 6:00 PM; Saturday: Closed; Sunday: Closed,dental_clinic,Wellington,Wellington CBD,no_prices
Capital Dental Thorndon,"1 Murphy Street, Thorndon, Wellington 6011, New Zealand",04 499 8608,+64 4 499 8608,http://www.capitaldental.co.nz/,4.7,74,OPERATIONAL,https://maps.google.com/?cid=14686246615444596855&g_mp=Cidnb29nbGUubWFwcy5wbGFjZXMudjEuUGxhY2VzLlNlYXJjaFRleHQQAhgEIAA,Monday: 8:30 AM – 5:00 PM; Tuesday: 8:30 AM – 5:00 PM; Wednesday: 8:30 AM – 5:00 PM; Thursday: 8:30 AM – 5:00 PM; Friday: 8:30 AM – 5:00 PM; Saturday: Closed; Sunday: Closed,dental_clinic,Wellington,Wellington CBD,no_prices
Lumino Symes De Silva,"Symes De Silva House, Level 1/97-99 Courtenay Place, Te Aro, Wellington 6011, New Zealand",04 801 5551,+64 4 801 5551,https://lumino.co.nz/dentists/lumino-symes-de-silva/?utm_source=google_business_profile&utm_medium=organic,3.8,81,OPERATIONAL,https://maps.google.com/?cid=4830372453883160302&g_mp=Cidnb29nbGUubWFwcy5wbGFjZXMudjEuUGxhY2VzLlNlYXJjaFRleHQQAhgEIAA,Monday: 7:45 AM – 4:30 PM; Tuesday: 7:45 AM – 4:30 PM; Wednesday: 7:45 AM – 4:30 PM; Thursday: 7:45 AM – 4:30 PM; Friday: 7:45 AM – 4:30 PM; Saturday: Closed; Sunday: Closed,dental_clinic,Wellington,Wellington CBD,no_prices
Ben Catherwood Dental,"Wakefield House Level 1/90 The Terrace, Wellington Central, Wellington 6011, New Zealand",04 472 3510,+64 4 472 3510,http://www.discoverdental.co.nz/,5,4,OPERATIONAL,https://maps.google.com/?cid=13090425365098297112&g_mp=Cidnb29nbGUubWFwcy5wbGFjZXMudjEuUGxhY2VzLlNlYXJjaFRleHQQAhgEIAA,Monday: 8:00 AM – 5:00 PM; Tuesday: 8:00 AM – 5:00 PM; Wednesday: 8:00 AM – 5:00 PM; Thursday: 8:00 AM – 5:00 PM; Friday: 8:00 AM – 5:00 PM; Saturday: Closed; Sunday: Closed,dental_clinic,Wellington,Wellington CBD,no_prices
Wellington Oral Surgery,"The Dominion Building Level 3/78 Victoria Street, Wellington Central, Wellington 6011, New Zealand",04 499 0433,+64 4 499 0433,https://www.wellingtonoralsurgery.co.nz/?utm_source=google_business_profile&utm_medium=organic,4.8,69,OPERATIONAL,https://maps.google.com/?cid=2206007642896487851&g_mp=Cidnb29nbGUubWFwcy5wbGFjZXMudjEuUGxhY2VzLlNlYXJjaFRleHQQAhgEIAA,Monday: 8:30 AM – 5:00 PM; Tuesday: 8:30 AM – 5:00 PM; Wednesday: 8:30 AM – 5:00 PM; Thursday: 8:30 AM – 5:00 PM; Friday: 8:30 AM – 5:00 PM; Saturday: Closed; Sunday: Closed,dental_clinic,Wellington,Wellington CBD,no_prices
Dr Dikesh Parmar - Endodontist,"GD, 164 The Terrace, Wellington Central, Wellington 6011, New Zealand",04 499 9360,+64 4 499 9360,https://www.dentistwellington.co.nz/clinic/capital-dental-endodontics,5,58,OPERATIONAL,https://maps.google.com/?cid=5063841277941240387&g_mp=Cidnb29nbGUubWFwcy5wbGFjZXMudjEuUGxhY2VzLlNlYXJjaFRleHQQAhgEIAA,Monday: 8:00 AM – 5:30 PM; Tuesday: 8:00 AM – 5:30 PM; Wednesday: 8:00 AM – 5:30 PM; Thursday: 8:00 AM – 5:30 PM; Friday: 8:00 AM – 5:30 PM; Saturday: Closed; Sunday: Closed,dental_clinic,Wellington,Wellington CBD,no_prices
Capital Dental Newtown,"172 Riddiford Street, Newtown, Wellington 6021, New Zealand",04 389 8880,+64 4 389 8880,https://www.dentistwellington.co.nz/,4.8,137,OPERATIONAL,https://maps.google.com/?cid=15514031274547744592&g_mp=Cidnb29nbGUubWFwcy5wbGFjZXMudjEuUGxhY2VzLlNlYXJjaFRleHQQAhgEIAA,Monday: 8:30 AM – 5:00 PM; Tuesday: 8:30 AM – 5:00 PM; Wednesday: 8:30 AM – 5:00 PM; Thursday: 8:30 AM – 5:00 PM; Friday: 8:30 AM – 5:00 PM; Saturday: Closed; Sunday: Closed,dental_clinic,Wellington,Wellington CBD,no_prices
Johnsonville Dental Centre,"Level 2/128 Johnsonville Road, Johnsonville, Wellington 6037, New Zealand",04 939 8649,+64 4 939 8649,https://jdc-wellington.com/,4.9,893,OPERATIONAL,https://maps.google.com/?cid=8314380687601107071&g_mp=Cidnb29nbGUubWFwcy5wbGFjZXMudjEuUGxhY2VzLlNlYXJjaFRleHQQAhgEIAA,Monday: 8:00 AM – 5:00 PM; Tuesday: 8:00 AM – 5:00 PM; Wednesday: 8:00 AM – 4:30 PM; Thursday: 8:00 AM – 5:00 PM; Friday: 8:00 AM – 5:00 PM; Saturday: Closed; Sunday: Closed,dental_clinic,Wellington,Wellington CBD,no_prices
Dr Yeephang Wong,"Smile Studio Ltd t/a Smile Design Dental Group 155 The Terrace, Wellington Central, Wellington 6011, New Zealand",04 472 5377,+64 4 472 5377,https://www.smiledesigndentalgroup.co.nz/,5,11,OPERATIONAL,https://maps.google.com/?cid=3463588696504961804&g_mp=Cidnb29nbGUubWFwcy5wbGFjZXMudjEuUGxhY2VzLlNlYXJjaFRleHQQAhgEIAA,Monday: Closed; Tuesday: 8:30 AM – 5:00 PM; Wednesday: 8:30 AM – 5:00 PM; Thursday: Closed; Friday: 8:30 AM – 2:30 PM; Saturday: Closed; Sunday: Closed,dental_clinic,Wellington,Wellington CBD,no_prices
Wellington Periodontics and Dental Implants,"16/142 Lambton Quay, CBD, Wellington 6011, New Zealand",04 499 2499,+64 4 499 2499,http://wellingtonperiodontics.co.nz/,4.6,9,OPERATIONAL,https://maps.google.com/?cid=11771058058418649263&g_mp=Cidnb29nbGUubWFwcy5wbGFjZXMudjEuUGxhY2VzLlNlYXJjaFRleHQQAhgEIAA,Monday: 8:30 AM – 5:00 PM; Tuesday: 8:30 AM – 5:00 PM; Wednesday: 8:30 AM – 7:30 PM; Thursday: 8:30 AM – 7:30 PM; Friday: 8:30 AM – 5:00 PM; Saturday: Closed; Sunday: Closed,dental_clinic,Wellington,Wellington CBD,no_prices
Gavin Cho Invisalign @ The Wellington Dental Practice,"16 The Terrace, Te Aro, Wellington 6011, New Zealand",04 472 5516,+64 4 472 5516,http://www.wellingtondental.co.nz/,5,30,OPERATIONAL,https://maps.google.com/?cid=14705765215192629749&g_mp=Cidnb29nbGUubWFwcy5wbGFjZXMudjEuUGxhY2VzLlNlYXJjaFRleHQQAhgEIAA,Monday: 8:30 AM – 5:00 PM; Tuesday: 8:30 AM – 5:00 PM; Wednesday: 8:30 AM – 5:00 PM; Thursday: 8:30 AM – 5:00 PM; Friday: 8:30 AM – 5:00 PM; Saturday: Closed; Sunday: Closed,dental_clinic,Wellington,Wellington CBD,no_prices
Middlemiss Dental,"50 The Terrace, Wellington Central, Wellington 6011, New Zealand",04 472 5022,+64 4 472 5022,http://www.middlemissdental.com/,5,5,OPERATIONAL,https://maps.google.com/?cid=8743881237535771140&g_mp=Cidnb29nbGUubWFwcy5wbGFjZXMudjEuUGxhY2VzLlNlYXJjaFRleHQQAhgEIAA,Monday: 8:30 AM – 5:00 PM; Tuesday: 8:30 AM – 5:00 PM; Wednesday: 8:30 AM – 5:00 PM; Thursday: 8:30 AM – 5:00 PM; Friday: 9:00 AM – 4:30 AM; Saturday: Closed; Sunday: Closed,dental_clinic,Wellington,Wellington CBD,no_prices
Capital Dentures - Wellington Dental Technician,"29 Brandon Street, Wellington Central, Wellington 6011, New Zealand",04 472 6849,+64 4 472 6849,http://capitaldentures.co.nz/,4.7,3,OPERATIONAL,https://maps.google.com/?cid=2758724751632972596&g_mp=Cidnb29nbGUubWFwcy5wbGFjZXMudjEuUGxhY2VzLlNlYXJjaFRleHQQAhgEIAA,Monday: 9:00 AM – 4:30 PM; Tuesday: 9:00 AM – 4:30 PM; Wednesday: 9:00 AM – 5:00 PM; Thursday: 9:00 AM – 5:00 PM; Friday: 9:00 AM – 3:00 PM; Saturday: Closed; Sunday: Closed,dental_clinic,Wellington,Wellington CBD,no_prices
GREAT TEETH DENTAL,"Level 10, Prime Property Tower, 86-90 Lambton Quay, Wellington Central, Wellington 6011, New Zealand",04 473 7573,+64 4 473 7573,http://greatteeth.co.nz/,4.6,21,OPERATIONAL,https://maps.google.com/?cid=10038123510789502008&g_mp=Cidnb29nbGUubWFwcy5wbGFjZXMudjEuUGxhY2VzLlNlYXJjaFRleHQQAhgEIAA,,dental_clinic,Wellington,Wellington CBD,no_prices
The Steps Dental Care,"Gilmer Terrace, Wellington Central, Wellington 6011, New Zealand",04 916 1486,+64 4 916 1486,https://stepsdental.co.nz/steps_dental_contact_us.php,5,8,OPERATIONAL,https://maps.google.com/?cid=2622277029560326118&g_mp=Cidnb29nbGUubWFwcy5wbGFjZXMudjEuUGxhY2VzLlNlYXJjaFRleHQQAhgEIAA,,dental_clinic,Wellington,Wellington CBD,no_prices
Capital Periodontics and Dental Implants Ltd,"8/94 Dixon Street, Te Aro, Wellington 6011, New Zealand",04 384 7606,+64 4 384 7606,https://capitalperio.co.nz/,4.3,4,OPERATIONAL,https://maps.google.com/?cid=13392535432009031657&g_mp=Cidnb29nbGUubWFwcy5wbGFjZXMudjEuUGxhY2VzLlNlYXJjaFRleHQQAhgEIAA,Monday: 8:00 AM – 5:00 PM; Tuesday: 8:00 AM – 5:00 PM; Wednesday: 8:00 AM – 5:00 PM; Thursday: 8:00 AM – 5:00 PM; Friday: 8:00 AM – 5:00 PM; Saturday: Closed; Sunday: Closed,dental_clinic,Wellington,Wellington CBD,no_prices
Mr Raymond Joe-Dental Reflection,"Radio NZ House Ground Floor/155 The Terrace, Wellington Central, Wellington 6011, New Zealand",04 472 5377,+64 4 472 5377,,,,OPERATIONAL,https://maps.google.com/?cid=12488303631377094617&g_mp=Cidnb29nbGUubWFwcy5wbGFjZXMudjEuUGxhY2VzLlNlYXJjaFRleHQQAhgEIAA,Monday: 8:00 AM – 11:00 PM; Tuesday: 8:00 AM – 11:00 PM; Wednesday: 8:00 AM – 11:00 PM; Thursday: 8:00 AM – 11:00 PM; Friday: 8:00 AM – 11:00 PM; Saturday: 8:00 AM – 11:00 PM; Sunday: 8:00 AM – 11:00 PM,dental_clinic,Wellington,Wellington CBD,no_prices
Johnsonville Family Dentist,"Level 1, Suite 6/120 Johnsonville Road, Johnsonville, Wellington 6037, New Zealand",04 213 5355,+64 4 213 5355,https://johnsonvillefamilydentist.co.nz/,4.7,187,OPERATIONAL,https://maps.google.com/?cid=438445119656029173&g_mp=Cidnb29nbGUubWFwcy5wbGFjZXMudjEuUGxhY2VzLlNlYXJjaFRleHQQAhgEIAA,Monday: 8:30 AM – 5:00 PM; Tuesday: 8:30 AM – 5:00 PM; Wednesday: 8:30 AM – 5:00 PM; Thursday: 8:30 AM – 5:00 PM; Friday: 8:30 AM – 5:00 PM; Saturday: 8:30 AM – 5:00 PM; Sunday: Closed,dental_clinic,Wellington,Wellington CBD,no_prices
Wellington Dental Implants,"Dominion Building Level 3/78 Victoria Street, Wellington Central, Wellington 6011, New Zealand",03 539 4255,+64 3 539 4255,http://wellingtondentalimplants.co.nz/,,,OPERATIONAL,https://maps.google.com/?cid=15535305823413621285&g_mp=Cidnb29nbGUubWFwcy5wbGFjZXMudjEuUGxhY2VzLlNlYXJjaFRleHQQAhgEIAA,Monday: 9:00 AM – 5:00 PM; Tuesday: 9:00 AM – 5:00 PM; Wednesday: 9:00 AM – 5:00 PM; Thursday: 9:00 AM – 5:00 PM; Friday: 9:00 AM – 5:00 PM; Saturday: Closed; Sunday: Closed,dental_clinic,Wellington,Wellington CBD,no_prices
Teeth Whitening Centres,"32 Lorne Street, Te Aro, Wellington 6011, New Zealand",04 801 6228,+64 4 801 6228,http://www.whitening.co.nz/,,,OPERATIONAL,https://maps.google.com/?cid=11438160601899315333&g_mp=Cidnb29nbGUubWFwcy5wbGFjZXMudjEuUGxhY2VzLlNlYXJjaFRleHQQAhgEIAA,Monday: 8:30 AM – 5:30 PM; Tuesday: 8:30 AM – 7:00 PM; Wednesday: 8:30 AM – 5:30 PM; Thursday: 8:30 AM – 5:30 PM; Friday: 8:30 AM – 4:00 PM; Saturday: 9:00 AM – 4:00 PM; Sunday: Closed,dental_clinic,Wellington,Wellington CBD,no_prices
Deborah Creagh Endodontics,"8/94 Dixon Street, Te Aro, Wellington 6011, New Zealand",04 801 7732,+64 4 801 7732,,5,3,OPERATIONAL,https://maps.google.com/?cid=6484936681241715909&g_mp=Cidnb29nbGUubWFwcy5wbGFjZXMudjEuUGxhY2VzLlNlYXJjaFRleHQQAhgEIAA,Monday: 8:00 AM – 5:00 PM; Tuesday: 8:00 AM – 5:00 PM; Wednesday: 8:00 AM – 5:00 PM; Thursday: 8:00 AM – 5:00 PM; Friday: 8:00 AM – 3:30 PM; Saturday: Closed; Sunday: Closed,dental_clinic,Wellington,Wellington CBD,no_prices
Chemist Warehouse Lambton Quay,"Level 1/262 Lambton Quay, Wellington Central, Wellington 6011, New Zealand",04 974 4169,+64 4 974 4169,https://www.chemistwarehouse.co.nz/,3.6,298,OPERATIONAL,https://maps.google.com/?cid=6716702209278698957&g_mp=Cidnb29nbGUubWFwcy5wbGFjZXMudjEuUGxhY2VzLlNlYXJjaFRleHQQAhgEIAA,Monday: 8:00 AM – 9:00 PM; Tuesday: 8:00 AM – 9:00 PM; Wednesday: 8:00 AM – 9:00 PM; Thursday: 8:00 AM – 9:00 PM; Friday: 8:00 AM – 9:00 PM; Saturday: 8:00 AM – 7:00 PM; Sunday: 8:00 AM – 7:00 PM,dental_clinic,Wellington,Wellington CBD,no_prices
Dental care centre Lower Hutt,"29 Waterloo Road, Hutt Central, Lower Hutt 5010, New Zealand",04 589 9499,+64 4 589 9499,https://www.dentalcarecentrelowerhutt.co.nz/,4.9,436,OPERATIONAL,https://maps.google.com/?cid=18396920018640605677&g_mp=Cidnb29nbGUubWFwcy5wbGFjZXMudjEuUGxhY2VzLlNlYXJjaFRleHQQAhgEIAA,Monday: 8:30 AM – 5:00 PM; Tuesday: 8:30 AM – 5:00 PM; Wednesday: 8:30 AM – 5:00 PM; Thursday: 8:30 AM – 5:00 PM; Friday: 8:30 AM – 5:00 PM; Saturday: Closed; Sunday: Closed,dental_clinic,Wellington,Wellington CBD,no_prices
Dental Council New Zealand,"Level 7/22 The Terrace, Wellington Central, Wellington 6011, New Zealand",04 499 4820,+64 4 499 4820,http://www.dcnz.org.nz/,3,2,OPERATIONAL,https://maps.google.com/?cid=947669060695681401&g_mp=Cidnb29nbGUubWFwcy5wbGFjZXMudjEuUGxhY2VzLlNlYXJjaFRleHQQAhgEIAA,Monday: 9:00 AM – 4:00 PM; Tuesday: 9:00 AM – 4:00 PM; Wednesday: 9:00 AM – 4:00 PM; Thursday: 9:00 AM – 4:00 PM; Friday: 9:00 AM – 4:00 PM; Saturday: Closed; Sunday: Closed,dental_clinic,Wellington,Wellington CBD,no_prices
Unichem Wellington Central Pharmacy,"204 Lambton Quay, Wellington Central, Wellington 6011, New Zealand",04 472 0362,+64 4 472 0362,https://www.healthpoint.co.nz/pharmacy/pharmacy/unichem-wellington-central-pharmacy/,3.7,55,OPERATIONAL,https://maps.google.com/?cid=1910511221836809929&g_mp=Cidnb29nbGUubWFwcy5wbGFjZXMudjEuUGxhY2VzLlNlYXJjaFRleHQQAhgEIAA,Monday: 9:00 AM – 5:30 PM; Tuesday: 9:00 AM – 5:30 PM; Wednesday: 9:00 AM – 5:30 PM; Thursday: 9:00 AM – 5:30 PM; Friday: 9:00 AM – 5:30 PM; Saturday: Closed; Sunday: Closed,dental_clinic,Wellington,Wellington CBD,no_prices
Burgess P w G,"Wellington Central, Wellington 6011, New Zealand",04 472 6849,+64 4 472 6849,http://www.capitaldentures.co.nz/,5,3,OPERATIONAL,https://maps.google.com/?cid=1137730710433876689&g_mp=Cidnb29nbGUubWFwcy5wbGFjZXMudjEuUGxhY2VzLlNlYXJjaFRleHQQAhgEIAA,Monday: 8:00 AM – 5:00 PM; Tuesday: 8:00 AM – 5:00 PM; Wednesday: 8:00 AM – 5:00 PM; Thursday: 8:00 AM – 5:00 PM; Friday: 8:00 AM – 2:00 PM; Saturday: Closed; Sunday: Closed,dental_clinic,Wellington,Wellington CBD,no_prices
Wellington Cosmetic Clinic,"30 Taranaki Street, Te Aro, Wellington 6011, New Zealand",04 385 9555,+64 4 385 9555,http://wellingtoncosmeticclinic.co.nz/,4.8,190,OPERATIONAL,https://maps.google.com/?cid=17175894961987170693&g_mp=Cidnb29nbGUubWFwcy5wbGFjZXMudjEuUGxhY2VzLlNlYXJjaFRleHQQAhgEIAA,Monday: 9:00 AM – 5:00 PM; Tuesday: 9:00 AM – 6:00 PM; Wednesday: 9:00 AM – 5:00 PM; Thursday: 9:00 AM – 5:00 PM; Friday: 9:00 AM – 5:00 PM; Saturday: Closed; Sunday: Closed,dental_clinic,Wellington,Wellington CBD,no_prices
Gentle Braces,"81 Ghuznee Street, Te Aro, Wellington 6011, New Zealand",0508 436 853,+64 508 436 853,,4,4,OPERATIONAL,https://maps.google.com/?cid=17258087229629868804&g_mp=Cidnb29nbGUubWFwcy5wbGFjZXMudjEuUGxhY2VzLlNlYXJjaFRleHQQAhgEIAA,Monday: 8:00 AM – 5:00 PM; Tuesday: 8:00 AM – 5:00 PM; Wednesday: 8:00 AM – 5:00 PM; Thursday: 8:00 AM – 5:00 PM; Friday: Closed; Saturday: 9:00 AM – 3:00 PM; Sunday: Closed,dental_clinic,Wellington,Wellington CBD,no_prices
Laser Clinics New Zealand - Willis St,"Shop G02/18 Willis Street, Wellington Central, Wellington 6011, New Zealand",04 888 1373,+64 4 888 1373,https://www.laserclinicsnewzealand.co.nz/skin-care-clinic/Willis-st/?utm_source=google&utm_medium=organic&utm_campaign=Google%20My%20Business%20Page&utm_content=Willis%20St&utm_term=plcid_5792362022435282940,4.5,267,OPERATIONAL,https://maps.google.com/?cid=6868823094585354309&g_mp=Cidnb29nbGUubWFwcy5wbGFjZXMudjEuUGxhY2VzLlNlYXJjaFRleHQQAhgEIAA,Monday: 9:00 AM – 6:00 PM; Tuesday: 9:00 AM – 6:00 PM; Wednesday: 9:00 AM – 6:00 PM; Thursday: 9:00 AM – 7:00 PM; Friday: 9:00 AM – 7:00 PM; Saturday: 9:00 AM – 5:00 PM; Sunday: 10:00 AM – 4:00 PM,dental_clinic,Wellington,Wellington CBD,no_prices
Capital Care Health Centre,"35 Tennyson Street, Te Aro, Wellington 6011, New Zealand",04 801 8935,+64 4 801 8935,http://www.capitalcare.org.nz/,3,55,OPERATIONAL,https://maps.google.com/?cid=737656601418825247&g_mp=Cidnb29nbGUubWFwcy5wbGFjZXMudjEuUGxhY2VzLlNlYXJjaFRleHQQAhgEIAA,Monday: 8:30 AM – 5:30 PM; Tuesday: 8:30 AM – 5:30 PM; Wednesday: 8:30 AM – 5:30 PM; Thursday: 8:30 AM – 5:30 PM; Friday: 8:30 AM – 5:30 PM; Saturday: Closed; Sunday: Closed,dental_clinic,Wellington,Wellington CBD,no_prices
Charlotte Cocks,"70 The Terrace, Wellington Central, Wellington 6011, New Zealand",04 472 3102,+64 4 472 3102,,,,OPERATIONAL,https://maps.google.com/?cid=13661213374430193513&g_mp=Cidnb29nbGUubWFwcy5wbGFjZXMudjEuUGxhY2VzLlNlYXJjaFRleHQQAhgEIAA,Monday: 8:00 AM – 5:30 PM; Tuesday: 8:00 AM – 5:30 PM; Wednesday: 8:00 AM – 5:30 PM; Thursday: 8:00 AM – 5:30 PM; Friday: 8:00 AM – 5:30 PM; Saturday: Closed; Sunday: Closed,dental_clinic,Wellington,Wellington CBD,no_prices
Mt Wellington Dental Centre,"22 Ireland Road, Mount Wellington, Auckland 1060, New Zealand",09 527 6322,+64 9 527 6322,https://www.mtwellingtondentalcentre.co.nz/,5,13,OPERATIONAL,https://maps.google.com/?cid=594266635371737181&g_mp=Cidnb29nbGUubWFwcy5wbGFjZXMudjEuUGxhY2VzLlNlYXJjaFRleHQQAhgEIAA,Monday: 8:30 AM – 5:00 PM; Tuesday: 8:30 AM – 7:00 PM; Wednesday: 8:30 AM – 5:00 PM; Thursday: 8:30 AM – 5:00 PM; Friday: 8:30 AM – 4:00 PM; Saturday: Closed; Sunday: Closed,dental_clinic,Wellington,Wellington CBD,no_prices
Hutt City Dental Centre | Lumino The Dentists,"40 Bloomfield Terrace, Hutt Central, Lower Hutt 5010, New Zealand",04 569 6322,+64 4 569 6322,https://lumino.co.nz/dentists/hutt-city-dental-centre-lower-hutt/?utm_source=google_business_profile&utm_medium=organic,4.9,44,OPERATIONAL,https://maps.google.com/?cid=13929990101886003509&g_mp=Cidnb29nbGUubWFwcy5wbGFjZXMudjEuUGxhY2VzLlNlYXJjaFRleHQQAhgEIAA,Monday: 8:30 AM – 7:00 PM; Tuesday: 8:30 AM – 6:00 PM; Wednesday: 8:30 AM – 7:00 PM; Thursday: 8:30 AM – 7:00 PM; Friday: 8:30 AM – 2:30 PM; Saturday: Closed; Sunday: Closed,dental_clinic,Wellington,Wellington CBD,no_prices
Central Hutt Dental,"65/71 Queens Drive, Hutt Central, Lower Hutt 5010, New Zealand",04 566 1122,+64 4 566 1122,https://centralhuttdental.co.nz/,4.9,385,OPERATIONAL,https://maps.google.com/?cid=12899934599943851319&g_mp=Cidnb29nbGUubWFwcy5wbGFjZXMudjEuUGxhY2VzLlNlYXJjaFRleHQQAhgEIAA,Monday: 8:30 AM – 8:00 PM; Tuesday: 8:30 AM – 5:30 PM; Wednesday: 8:30 AM – 5:30 PM; Thursday: 8:30 AM – 8:00 PM; Friday: 8:30 AM – 8:00 PM; Saturday: 9:00 AM – 5:00 PM; Sunday: 9:00 AM – 5:30 PM,dental_clinic,Wellington,Wellington CBD,no_prices
William M Gaudie,"8/94 Dixon Street, Te Aro, Wellington 6011, New Zealand",04 384 7606,+64 4 384 7606,http://www.capitalperio.co.nz/,5,4,OPERATIONAL,https://maps.google.com/?cid=18341342417312947521&g_mp=Cidnb29nbGUubWFwcy5wbGFjZXMudjEuUGxhY2VzLlNlYXJjaFRleHQQAhgEIAA,Monday: 8:00 AM – 5:00 PM; Tuesday: 8:00 AM – 5:00 PM; Wednesday: 8:00 AM – 5:00 PM; Thursday: 8:00 AM – 5:00 PM; Friday: 8:00 AM – 5:00 PM; Saturday: Closed; Sunday: Closed,dental_clinic,Wellington,Wellington CBD,no_prices
Capital Dental Tawa,"Tawa, Wellington 5028, New Zealand",04 232 7146,+64 4 232 7146,https://www.dentistwellington.co.nz/,5,1,OPERATIONAL,https://maps.google.com/?cid=720244078672366505&g_mp=Cidnb29nbGUubWFwcy5wbGFjZXMudjEuUGxhY2VzLlNlYXJjaFRleHQQAhgEIAA,Monday: 8:30 AM – 5:30 PM; Tuesday: 8:30 AM – 5:30 PM; Wednesday: 8:30 AM – 5:30 PM; Thursday: 8:30 AM – 5:30 PM; Friday: 8:30 AM – 5:30 PM; Saturday: Closed; Sunday: Closed,dental_clinic,Wellington,Wellington CBD,no_prices
Thorndon Medical Centre,"Rugby House 100 Molesworth Street, Thorndon, Wellington 6011, New Zealand",04 473 5181,+64 4 473 5181,https://www.thorndonmedical.co.nz/,3.3,27,OPERATIONAL,https://maps.google.com/?cid=1339131054469526044&g_mp=Cidnb29nbGUubWFwcy5wbGFjZXMudjEuUGxhY2VzLlNlYXJjaFRleHQQAhgEIAA,Monday: 8:00 AM – 5:00 PM; Tuesday: 8:00 AM – 5:00 PM; Wednesday: 8:00 AM – 5:00 PM; Thursday: 8:00 AM – 5:00 PM; Friday: 8:00 AM – 5:00 PM; Saturday: Closed; Sunday: Closed,dental_clinic,Wellington,Wellington CBD,no_prices
Dr Kamil Tinawi,"119-123 Featherston Street, Wellington Central, Wellington 6011, New Zealand",04 978 4964,+64 4 978 4964,https://www.citydentists.co.nz/,,,OPERATIONAL,https://maps.google.com/?cid=16343709185168025748&g_mp=Cidnb29nbGUubWFwcy5wbGFjZXMudjEuUGxhY2VzLlNlYXJjaFRleHQQAhgEIAA,Monday: 7:00 AM – 8:00 PM; Tuesday: 7:00 AM – 8:00 PM; Wednesday: 7:00 AM – 8:00 PM; Thursday: 7:00 AM – 8:00 PM; Friday: 7:00 AM – 4:00 PM; Saturday: Closed; Sunday: Closed,dental_clinic,Wellington,Wellington CBD,no_prices
Bee Healthy Regional Dental Service,"175A Adelaide Road, Newtown, Wellington 6021, New Zealand",0800 825 583,+64 800 825 583,https://info.health.nz/BeeHealthy,3.7,9,OPERATIONAL,https://maps.google.com/?cid=9360387684272547668&g_mp=Cidnb29nbGUubWFwcy5wbGFjZXMudjEuUGxhY2VzLlNlYXJjaFRleHQQAhgEIAA,Monday: 8:00 AM – 4:00 PM; Tuesday: 8:00 AM – 4:00 PM; Wednesday: 8:00 AM – 4:00 PM; Thursday: 8:00 AM – 4:00 PM; Friday: 8:00 AM – 4:00 PM; Saturday: Closed; Sunday: Closed,dental_clinic,Wellington,Newtown Wellington,no_prices
"Sunshine Dental, Johnsonville","1/11 Broderick Road, Johnsonville, Wellington 6037, New Zealand",04 478 4128,+64 4 478 4128,http://www.sunshinedental.co.nz/,4.4,68,OPERATIONAL,https://maps.google.com/?cid=13710395535040957157&g_mp=Cidnb29nbGUubWFwcy5wbGFjZXMudjEuUGxhY2VzLlNlYXJjaFRleHQQAhgEIAA,Monday: 8:30 AM – 7:00 PM; Tuesday: 8:30 AM – 5:00 PM; Wednesday: 8:30 AM – 5:00 PM; Thursday: 8:30 AM – 5:00 PM; Friday: 8:30 AM – 5:00 PM; Saturday: 9:00 AM – 3:00 PM; Sunday: 9:00 AM – 1:00 PM,dental_clinic,Wellington,Johnsonville Wellington,no_prices
Johnsonville Dental Practice Wellington | Lumino The Dentists,"121 Moorefield Road, Johnsonville, Wellington 6037, New Zealand",04 939 1688,+64 4 939 1688,https://lumino.co.nz/dentists/johnsonville-dental-practice-wellington/?utm_source=google_business_profile&utm_medium=organic,4.2,42,OPERATIONAL,https://maps.google.com/?cid=7715956881556667805&g_mp=Cidnb29nbGUubWFwcy5wbGFjZXMudjEuUGxhY2VzLlNlYXJjaFRleHQQAhgEIAA,Monday: 8:00 AM – 5:00 PM; Tuesday: 8:00 AM – 5:00 PM; Wednesday: 8:00 AM – 5:00 PM; Thursday: 8:00 AM – 5:00 PM; Friday: 8:00 AM – 5:00 PM; Saturday: Closed; Sunday: Closed,dental_clinic,Wellington,Johnsonville Wellington,no_prices
Bee Healthy Regional Dental Service,"37 Haumia Street, Johnsonville, Wellington 6037, New Zealand",0800 825 583,+64 800 825 583,https://info.health.nz/BeeHealthy,4.3,4,OPERATIONAL,https://maps.google.com/?cid=845284208784195823&g_mp=Cidnb29nbGUubWFwcy5wbGFjZXMudjEuUGxhY2VzLlNlYXJjaFRleHQQAhgEIAA,Monday: 8:00 AM – 4:00 PM; Tuesday: 8:00 AM – 4:00 PM; Wednesday: 8:00 AM – 4:00 PM; Thursday: 8:00 AM – 4:00 PM; Friday: 8:00 AM – 4:00 PM; Saturday: Closed; Sunday: Closed,dental_clinic,Wellington,Johnsonville Wellington,no_prices
Karori Dental Centre Wellington | Lumino The Dentists,"146 Karori Road, Karori, Wellington 6012, New Zealand",04 476 6451,+64 4 476 6451,https://lumino.co.nz/dentists/karori-dental-centre-wellington/?utm_source=google_business_profile&utm_medium=organic,4.3,23,OPERATIONAL,https://maps.google.com/?cid=11449788851602576833&g_mp=Cidnb29nbGUubWFwcy5wbGFjZXMudjEuUGxhY2VzLlNlYXJjaFRleHQQAhgEIAA,Monday: 8:30 AM – 5:00 PM; Tuesday: 8:30 AM – 5:00 PM; Wednesday: 8:30 AM – 5:00 PM; Thursday: 8:30 AM – 5:00 PM; Friday: 8:30 AM – 5:00 PM; Saturday: Closed; Sunday: Closed,dental_clinic,Wellington,Karori Wellington,no_prices
Singleton Dental,"338 Karori Road, Karori, Wellington 6012, New Zealand",04 476 6252,+64 4 476 6252,https://singletondental.co.nz/,4.2,29,OPERATIONAL,https://maps.google.com/?cid=13034170398061083995&g_mp=Cidnb29nbGUubWFwcy5wbGFjZXMudjEuUGxhY2VzLlNlYXJjaFRleHQQAhgEIAA,Monday: 8:00 AM – 5:00 PM; Tuesday: 8:00 AM – 5:00 PM; Wednesday: 8:00 AM – 5:00 PM; Thursday: 8:00 AM – 5:00 PM; Friday: 8:00 AM – 5:00 PM; Saturday: 9:00 AM – 3:00 PM; Sunday: Closed,dental_clinic,Wellington,Karori Wellington,no_prices
Raine Street Dental,"4 Raine Street, Karori, Wellington 6012, New Zealand",04 476 7295,+64 4 476 7295,https://www.healthpoint.co.nz/dentistry/general-dentist/raine-street-dental/,5,16,OPERATIONAL,https://maps.google.com/?cid=13655844429519606117&g_mp=Cidnb29nbGUubWFwcy5wbGFjZXMudjEuUGxhY2VzLlNlYXJjaFRleHQQAhgEIAA,,dental_clinic,Wellington,Karori Wellington,no_prices
Miramar Dental Wellington | Lumino The Dentists,"Unit 4,5/37 Miramar Avenue, Miramar, Wellington 6022, New Zealand",04 388 9999,+64 4 388 9999,https://lumino.co.nz/dentists/miramar-dental-wellington/?utm_source=google_business_profile&utm_medium=organic,4.1,27,OPERATIONAL,https://maps.google.com/?cid=4169321249703810857&g_mp=Cidnb29nbGUubWFwcy5wbGFjZXMudjEuUGxhY2VzLlNlYXJjaFRleHQQAhgEIAA,Monday: 7:45 AM – 6:45 PM; Tuesday: 7:45 AM – 5:00 PM; Wednesday: 7:45 AM – 5:00 PM; Thursday: 7:45 AM – 6:45 PM; Friday: 7:45 AM – 5:00 PM; Saturday: Closed; Sunday: Closed,dental_clinic,Wellington,Miramar Wellington,no_prices
Peninsula Dental Centre,"58 Miramar Avenue, Miramar, Wellington 6022, New Zealand",04 388 8038,+64 4 388 8038,http://www.peninsuladental.co.nz/,4.5,35,OPERATIONAL,https://maps.google.com/?cid=3368246702339928844&g_mp=Cidnb29nbGUubWFwcy5wbGFjZXMudjEuUGxhY2VzLlNlYXJjaFRleHQQAhgEIAA,Monday: 9:00 AM – 5:00 PM; Tuesday: 9:00 AM – 5:00 PM; Wednesday: 9:00 AM – 5:00 PM; Thursday: 9:00 AM – 5:00 PM; Friday: 9:00 AM – 5:00 PM; Saturday: Closed; Sunday: Closed,dental_clinic,Wellington,Miramar Wellington,no_prices
Bee Healthy Regional Dental Service,"38 Park Road, Miramar, Wellington 6022, New Zealand",0800 825 583,+64 800 825 583,https://info.health.nz/BeeHealthy,,,OPERATIONAL,https://maps.google.com/?cid=4863417922252518326&g_mp=Cidnb29nbGUubWFwcy5wbGFjZXMudjEuUGxhY2VzLlNlYXJjaFRleHQQAhgEIAA,Monday: 8:00 AM – 4:00 PM; Tuesday: 8:00 AM – 4:00 PM; Wednesday: 8:00 AM – 4:00 PM; Thursday: 8:00 AM – 4:00 PM; Friday: 8:00 AM – 4:00 PM; Saturday: Closed; Sunday: Closed,dental_clinic,Wellington,Miramar Wellington,no_prices
Miramar Central School Dental Clinic,"Park Road, Miramar, Wellington 6022, New Zealand",0800 825 583,+64 800 825 583,,,,OPERATIONAL,https://maps.google.com/?cid=17759693743534856445&g_mp=Cidnb29nbGUubWFwcy5wbGFjZXMudjEuUGxhY2VzLlNlYXJjaFRleHQQAhgEIAA,,dental_clinic,Wellington,Miramar Wellington,no_prices
Real Dentistry,"72 Rongotai Road, Kilbirnie, Wellington 6022, New Zealand",04 387 9392,+64 4 387 9392,http://www.realdentistry.co.nz/,4.7,208,OPERATIONAL,https://maps.google.com/?cid=750648313385217792&g_mp=Cidnb29nbGUubWFwcy5wbGFjZXMudjEuUGxhY2VzLlNlYXJjaFRleHQQAhgEIAA,Monday: 7:30 AM – 5:00 PM; Tuesday: 7:30 AM – 5:00 PM; Wednesday: 7:30 AM – 6:00 PM; Thursday: 7:30 AM – 6:00 PM; Friday: 7:30 AM – 5:00 PM; Saturday: 8:30 AM – 5:00 PM; Sunday: Closed,dental_clinic,Wellington,Kilbirnie Wellington,no_prices
The Denturist / Wellington Dentures - Dentures and Dental Implant Dentures,"40 Kilbirnie Crescent, Kilbirnie, Wellington 6022, New Zealand",04 387 9000,+64 4 387 9000,http://www.wellingtondentures.co.nz/,5,49,OPERATIONAL,https://maps.google.com/?cid=775044932405877635&g_mp=Cidnb29nbGUubWFwcy5wbGFjZXMudjEuUGxhY2VzLlNlYXJjaFRleHQQAhgEIAA,Monday: 8:30 AM – 4:30 PM; Tuesday: 8:30 AM – 4:30 PM; Wednesday: 8:30 AM – 4:30 PM; Thursday: 8:30 AM – 4:30 PM; Friday: 8:30 AM – 4:30 PM; Saturday: Closed; Sunday: Closed,dental_clinic,Wellington,Kilbirnie Wellington,no_prices
Island Bay Medical Centre,"159 The Parade, Island Bay, Wellington 6023, New Zealand",04 383 7647,+64 4 383 7647,http://www.ibmc.co.nz/,3.8,34,OPERATIONAL,https://maps.google.com/?cid=1279065721406413607&g_mp=Cidnb29nbGUubWFwcy5wbGFjZXMudjEuUGxhY2VzLlNlYXJjaFRleHQQAhgEIAA,Monday: 8:30 AM – 5:30 PM; Tuesday: 8:30 AM – 6:30 PM; Wednesday: 8:30 AM – 6:30 PM; Thursday: 8:30 AM – 6:30 PM; Friday: 8:30 AM – 5:30 PM; Saturday: Closed; Sunday: Closed,dental_clinic,Wellington,Island Bay Wellington,no_prices
Island Bay Veterinary Clinic,"18 Medway Street, Island Bay, Wellington 6023, New Zealand",04 383 6012,+64 4 383 6012,https://www.karorivet.co.nz/,4.8,87,OPERATIONAL,https://maps.google.com/?cid=3699730749250755704&g_mp=Cidnb29nbGUubWFwcy5wbGFjZXMudjEuUGxhY2VzLlNlYXJjaFRleHQQAhgEIAA,Monday: 8:00 AM – 6:30 PM; Tuesday: 8:00 AM – 7:00 PM; Wednesday: 8:00 AM – 7:00 PM; Thursday: 8:00 AM – 7:00 PM; Friday: 8:00 AM – 5:30 PM; Saturday: 9:00 AM – 12:00 PM; Sunday: Closed,dental_clinic,Wellington,Island Bay Wellington,no_prices
Unichem Pharmacy,"141 The Parade, Island Bay, Wellington 6023, New Zealand",04 383 8680,+64 4 383 8680,http://www.unichem.co.nz/,3.3,46,OPERATIONAL,https://maps.google.com/?cid=1245172712775545946&g_mp=Cidnb29nbGUubWFwcy5wbGFjZXMudjEuUGxhY2VzLlNlYXJjaFRleHQQAhgEIAA,Monday: 8:45 AM – 6:00 PM; Tuesday: 8:45 AM – 6:00 PM; Wednesday: 8:45 AM – 6:00 PM; Thursday: 8:45 AM – 6:00 PM; Friday: 8:45 AM – 6:00 PM; Saturday: 9:30 AM – 4:00 PM; Sunday: Closed,dental_clinic,Wellington,Island Bay Wellington,no_prices
New World Island Bay,"6 Medway Street, Island Bay, Wellington 6023, New Zealand",04 939 8253,+64 4 939 8253,http://www.newworld.co.nz/,4.2,682,OPERATIONAL,https://maps.google.com/?cid=10201428602393101574&g_mp=Cidnb29nbGUubWFwcy5wbGFjZXMudjEuUGxhY2VzLlNlYXJjaFRleHQQAhgEIAA,Monday: 7:00 AM – 10:00 PM; Tuesday: 7:00 AM – 10:00 PM; Wednesday: 7:00 AM – 10:00 PM; Thursday: 7:00 AM – 10:00 PM; Friday: 7:00 AM – 10:00 PM; Saturday: 7:00 AM – 10:00 PM; Sunday: 7:00 AM – 10:00 PM,dental_clinic,Wellington,Island Bay Wellington,no_prices
Tawa Dental Care,"196 Main Road, Tawa, Wellington 5028, New Zealand",04 232 8925,+64 4 232 8925,http://www.tawadental.com/,4.9,65,OPERATIONAL,https://maps.google.com/?cid=13368783588230869498&g_mp=Cidnb29nbGUubWFwcy5wbGFjZXMudjEuUGxhY2VzLlNlYXJjaFRleHQQAhgEIAA,Monday: 8:00 AM – 5:00 PM; Tuesday: 9:00 AM – 6:30 PM; Wednesday: 8:00 AM – 5:00 PM; Thursday: 8:00 AM – 5:00 PM; Friday: 8:00 AM – 12:00 PM; Saturday: Closed; Sunday: Closed,dental_clinic,Wellington,Tawa Wellington,no_prices
Centre of Dental Excellence,"220 Main Road, Tawa, Wellington 5028, New Zealand",04 886 1904,+64 4 886 1904,http://www.dental.net.nz/,4.6,31,OPERATIONAL,https://maps.google.com/?cid=6851893074750630028&g_mp=Cidnb29nbGUubWFwcy5wbGFjZXMudjEuUGxhY2VzLlNlYXJjaFRleHQQAhgEIAA,Monday: 8:00 AM – 5:00 PM; Tuesday: 8:00 AM – 5:00 PM; Wednesday: 8:00 AM – 5:00 PM; Thursday: 8:00 AM – 5:00 PM; Friday: Closed; Saturday: Closed; Sunday: Closed,dental_clinic,Wellington,Tawa Wellington,no_prices
Capital Dental,"223 Main Road, Tawa, Wellington 5028, New Zealand",04 232 7146,+64 4 232 7146,http://bingdental.co.nz/,4.4,21,OPERATIONAL,https://maps.google.com/?cid=17200949843333322270&g_mp=Cidnb29nbGUubWFwcy5wbGFjZXMudjEuUGxhY2VzLlNlYXJjaFRleHQQAhgEIAA,Monday: 8:30 AM – 5:30 PM; Tuesday: 8:30 AM – 5:30 PM; Wednesday: 8:30 AM – 5:30 PM; Thursday: 8:30 AM – 5:30 PM; Friday: 8:30 AM – 5:30 PM; Saturday: Closed; Sunday: Closed,dental_clinic,Wellington,Tawa Wellington,no_prices
Dentist Wellington dental surgery tooth fillings Tawa Lower Hutt,"Tawa, Wellington 5028, New Zealand",04 232 8001,+64 4 232 8001,https://www.dental.net.nz/dental-practice-wellington.html,,,OPERATIONAL,https://maps.google.com/?cid=17663727157370936686&g_mp=Cidnb29nbGUubWFwcy5wbGFjZXMudjEuUGxhY2VzLlNlYXJjaFRleHQQAhgEIAA,,dental_clinic,Wellington,Tawa Wellington,no_prices
Churton Park Medical Care,"107 Westchester Drive, Churton Park, Wellington 6037, New Zealand",04 477 0014,+64 4 477 0014,https://churtonparkmedicalcare.co.nz/,4,27,OPERATIONAL,https://maps.google.com/?cid=12873407559978164189&g_mp=Cidnb29nbGUubWFwcy5wbGFjZXMudjEuUGxhY2VzLlNlYXJjaFRleHQQAhgEIAA,Monday: 8:30 AM – 5:00 PM; Tuesday: 8:30 AM – 5:00 PM; Wednesday: 8:30 AM – 5:00 PM; Thursday: 8:30 AM – 5:00 PM; Friday: 8:30 AM – 5:00 PM; Saturday: Closed; Sunday: Closed,dental_clinic,Wellington,Churton Park Wellington,no_prices
Ashley Aesthetics,"10 Trafford Terrace, Churton Park, Wellington 6037, New Zealand",020 4080 2217,+64 20 4080 2217,https://ashleyaesthetics.co.nz/,5,72,OPERATIONAL,https://maps.google.com/?cid=877848642013706401&g_mp=Cidnb29nbGUubWFwcy5wbGFjZXMudjEuUGxhY2VzLlNlYXJjaFRleHQQAhgEIAA,Monday: 10:00 AM – 5:00 PM; Tuesday: 10:00 AM – 5:30 PM; Wednesday: 10:00 AM – 7:00 PM; Thursday: 10:00 AM – 6:00 PM; Friday: 10:00 AM – 6:00 PM; Saturday: 10:00 AM – 4:00 PM; Sunday: Closed,dental_clinic,Wellington,Churton Park Wellington,no_prices
Animal Medical Centre,"114 Middleton Road, Churton Park, Wellington 6037, New Zealand",04 478 3880,+64 4 478 3880,https://www.animalmedicalcentre.co.nz/,4.9,192,OPERATIONAL,https://maps.google.com/?cid=11928908592701784833&g_mp=Cidnb29nbGUubWFwcy5wbGFjZXMudjEuUGxhY2VzLlNlYXJjaFRleHQQAhgEIAA,Monday: 8:00 AM – 6:00 PM; Tuesday: 8:00 AM – 6:00 PM; Wednesday: 8:00 AM – 6:00 PM; Thursday: 8:00 AM – 6:00 PM; Friday: 8:00 AM – 6:00 PM; Saturday: 8:30 AM – 12:00 PM; Sunday: Closed,dental_clinic,Wellington,Churton Park Wellington,no_prices
Village Pharmacy Churton Park,"103e Westchester Drive, Churton Park, Wellington 6037, New Zealand",04 477 3131,+64 4 477 3131,http://www.villagepharmacy.co.nz/,4.1,28,OPERATIONAL,https://maps.google.com/?cid=4493914595598435544&g_mp=Cidnb29nbGUubWFwcy5wbGFjZXMudjEuUGxhY2VzLlNlYXJjaFRleHQQAhgEIAA,Monday: 9:00 AM – 6:00 PM; Tuesday: 9:00 AM – 6:00 PM; Wednesday: 9:00 AM – 6:00 PM; Thursday: 9:00 AM – 6:00 PM; Friday: 9:00 AM – 6:00 PM; Saturday: 9:30 AM – 1:00 PM; Sunday: Closed,dental_clinic,Wellington,Churton Park Wellington,no_prices
New World Churton Park,"69 Lakewood Avenue, Churton Park, Wellington 6037, New Zealand",04 478 0270,+64 4 478 0270,https://www.newworld.co.nz/lower-north-island/wellington/churton-park/,4.3,740,OPERATIONAL,https://maps.google.com/?cid=8277727433558798003&g_mp=Cidnb29nbGUubWFwcy5wbGFjZXMudjEuUGxhY2VzLlNlYXJjaFRleHQQAhgEIAA,Monday: 7:00 AM – 10:00 PM; Tuesday: 7:00 AM – 10:00 PM; Wednesday: 7:00 AM – 10:00 PM; Thursday: 7:00 AM – 10:00 PM; Friday: 7:00 AM – 10:00 PM; Saturday: 7:00 AM – 10:00 PM; Sunday: 7:00 AM – 10:00 PM,dental_clinic,Wellington,Churton Park Wellington,no_prices
Capital Dental Lower Hutt,"level 1/577 High Street, Boulcott, Lower Hutt 5010, New Zealand",04 920 0886,+64 4 920 0886,http://www.dentistwellington.co.nz/,4.7,108,OPERATIONAL,https://maps.google.com/?cid=7371373399204282501&g_mp=Cidnb29nbGUubWFwcy5wbGFjZXMudjEuUGxhY2VzLlNlYXJjaFRleHQQAhgEIAA,Monday: 8:30 AM – 5:00 PM; Tuesday: 8:30 AM – 5:00 PM; Wednesday: 8:30 AM – 5:00 PM; Thursday: 8:30 AM – 5:00 PM; Friday: 8:30 AM – 3:30 PM; Saturday: 8:30 AM – 2:00 PM; Sunday: Closed,dental_clinic,Wellington,Churton Park Wellington,no_prices
Newlands Medical Centre,"15 Batchelor Street, Newlands, Wellington 6037, New Zealand",04 478 9858,+64 4 478 9858,https://www.newlandsmedical.co.nz/,4.2,39,OPERATIONAL,https://maps.google.com/?cid=9788327478975950835&g_mp=Cidnb29nbGUubWFwcy5wbGFjZXMudjEuUGxhY2VzLlNlYXJjaFRleHQQAhgEIAA,Monday: 8:00 AM – 5:00 PM; Tuesday: 8:00 AM – 5:00 PM; Wednesday: 8:00 AM – 5:00 PM; Thursday: 8:00 AM – 5:00 PM; Friday: 8:00 AM – 5:00 PM; Saturday: Closed; Sunday: Closed,dental_clinic,Wellington,Newlands Wellington,no_prices
Wellington Dentures - Dentures and Dental Implant Dentures,"128 Johnsonville Road, Johnsonville, Wellington 6037, New Zealand",0800 123 499,+64 800 123 499,http://www.wellingtondentures.co.nz/,4.9,66,OPERATIONAL,https://maps.google.com/?cid=6758343790957418130&g_mp=Cidnb29nbGUubWFwcy5wbGFjZXMudjEuUGxhY2VzLlNlYXJjaFRleHQQAhgEIAA,Monday: 8:30 AM – 5:00 PM; Tuesday: 8:30 AM – 5:00 PM; Wednesday: 8:30 AM – 5:00 PM; Thursday: 8:30 AM – 5:00 PM; Friday: 8:30 AM – 5:00 PM; Saturday: Closed; Sunday: Closed,dental_clinic,Wellington,Newlands Wellington,no_prices
Bellevue School Dental Clinic,"14 Bancroft Terrace, Newlands, Wellington 6037, New Zealand",04 478 6363,+64 4 478 6363,,,,OPERATIONAL,https://maps.google.com/?cid=10386971524826785383&g_mp=Cidnb29nbGUubWFwcy5wbGFjZXMudjEuUGxhY2VzLlNlYXJjaFRleHQQAhgEIAA,,dental_clinic,Wellington,Newlands Wellington,no_prices
Khandallah Dental Centre,"2 Ganges Road, Khandallah, Wellington 6035, New Zealand",04 479 2294,+64 4 479 2294,http://www.khandallahdental.co.nz/,4.2,9,OPERATIONAL,https://maps.google.com/?cid=11240029839377247116&g_mp=Cidnb29nbGUubWFwcy5wbGFjZXMudjEuUGxhY2VzLlNlYXJjaFRleHQQAhgEIAA,Monday: 10:00 AM – 7:00 PM; Tuesday: 9:00 AM – 5:00 PM; Wednesday: 8:00 AM – 5:00 PM; Thursday: 8:00 AM – 5:00 PM; Friday: 9:00 AM – 4:00 PM; Saturday: Closed; Sunday: Closed,dental_clinic,Wellington,Khandallah Wellington,no_prices
Capital Dental Ngaio,"42 Ottawa Road, Ngaio, Wellington 6035, New Zealand",04 830 1366,+64 4 830 1366,https://ngaio.systeme.io/b90b6595,5,6,OPERATIONAL,https://maps.google.com/?cid=13787598135747363018&g_mp=Cidnb29nbGUubWFwcy5wbGFjZXMudjEuUGxhY2VzLlNlYXJjaFRleHQQAhgEIAA,Monday: 8:30 AM – 5:00 PM; Tuesday: 8:30 AM – 5:00 PM; Wednesday: 8:30 AM – 5:00 PM; Thursday: 8:30 AM – 5:00 PM; Friday: 8:30 AM – 5:00 PM; Saturday: Closed; Sunday: Closed,dental_clinic,Wellington,Ngaio Wellington,no_prices
Brooklyn Central Health,"183 Ohiro Road, Brooklyn, Wellington 6021, New Zealand",04 801 8188,+64 4 801 8188,https://bch.net.nz/,4.4,23,OPERATIONAL,https://maps.google.com/?cid=8827552769995414458&g_mp=Cidnb29nbGUubWFwcy5wbGFjZXMudjEuUGxhY2VzLlNlYXJjaFRleHQQAhgEIAA,Monday: 8:00 AM – 6:00 PM; Tuesday: 8:00 AM – 6:00 PM; Wednesday: 8:00 AM – 6:00 PM; Thursday: 8:00 AM – 6:00 PM; Friday: 8:00 AM – 5:30 PM; Saturday: Closed; Sunday: Closed,dental_clinic,Wellington,Brooklyn Wellington,no_prices
Brooklyn Medical Centre,"155 Ohiro Road, Brooklyn, Wellington 6021, New Zealand",04 384 2761,+64 4 384 2761,http://brooklynmedical.co.nz/,3.9,16,OPERATIONAL,https://maps.google.com/?cid=1212003088975372387&g_mp=Cidnb29nbGUubWFwcy5wbGFjZXMudjEuUGxhY2VzLlNlYXJjaFRleHQQAhgEIAA,Monday: 8:30 AM – 5:30 PM; Tuesday: 8:30 AM – 5:30 PM; Wednesday: 8:30 AM – 5:30 PM; Thursday: 8:30 AM – 5:30 PM; Friday: 8:30 AM – 5:30 PM; Saturday: Closed; Sunday: Closed,dental_clinic,Wellington,Brooklyn Wellington,no_prices
Unichem Brooklyn Pharmacy,"67 Cleveland Street, Brooklyn, Wellington 6021, New Zealand",04 939 6631,+64 4 939 6631,http://www.unichem.co.nz/storelocator/store?id=2535814292&sid=6021,3.7,31,OPERATIONAL,https://maps.google.com/?cid=2659774636891591724&g_mp=Cidnb29nbGUubWFwcy5wbGFjZXMudjEuUGxhY2VzLlNlYXJjaFRleHQQAhgEIAA,Monday: 9:00 AM – 6:00 PM; Tuesday: 9:00 AM – 6:00 PM; Wednesday: 9:00 AM – 6:00 PM; Thursday: 9:00 AM – 6:00 PM; Friday: 9:00 AM – 6:00 PM; Saturday: 9:00 AM – 4:00 PM; Sunday: Closed,dental_clinic,Wellington,Brooklyn Wellington,no_prices
WellOral Ltd,"The Wellington Clinic 62 Vivian Street, Te Aro, Wellington 6011, New Zealand",04 555 0433,+64 4 555 0433,http://www.welloral.co.nz/,4.9,36,OPERATIONAL,https://maps.google.com/?cid=10716899489239550212&g_mp=Cidnb29nbGUubWFwcy5wbGFjZXMudjEuUGxhY2VzLlNlYXJjaFRleHQQAhgEIAA,Monday: 8:00 AM – 4:30 PM; Tuesday: 8:00 AM – 4:30 PM; Wednesday: 8:00 AM – 4:30 PM; Thursday: 8:00 AM – 4:30 PM; Friday: 8:00 AM – 4:30 PM; Saturday: Closed; Sunday: Closed,dental_clinic,Wellington,Brooklyn Wellington,no_prices
Central Vet Hospital,"8 Brooklyn Road, Te Aro, Wellington 6011, New Zealand",04 385 0303,+64 4 385 0303,http://www.cenvet.co.nz/,4.9,333,OPERATIONAL,https://maps.google.com/?cid=1110143182655526950&g_mp=Cidnb29nbGUubWFwcy5wbGFjZXMudjEuUGxhY2VzLlNlYXJjaFRleHQQAhgEIAA,Monday: 7:30 AM – 7:00 PM; Tuesday: 7:30 AM – 7:00 PM; Wednesday: 7:30 AM – 7:00 PM; Thursday: 7:30 AM – 7:00 PM; Friday: 7:30 AM – 7:00 PM; Saturday: 9:00 AM – 5:00 PM; Sunday: 10:00 AM – 5:00 PM,dental_clinic,Wellington,Brooklyn Wellington,no_prices
Phillip Chin Dental Practice,"Level 1/36 Allen Street, Te Aro, Wellington 6011, New Zealand",04 384 8991,+64 4 384 8991,http://www.phillipchindental.co.nz/,4.4,14,OPERATIONAL,https://maps.google.com/?cid=5149235724136668567&g_mp=Cidnb29nbGUubWFwcy5wbGFjZXMudjEuUGxhY2VzLlNlYXJjaFRleHQQAhgEIAA,Monday: 8:00 AM – 5:00 PM; Tuesday: 8:00 AM – 6:00 PM; Wednesday: 8:00 AM – 4:00 PM; Thursday: 8:00 AM – 5:00 PM; Friday: 8:00 AM – 1:00 PM; Saturday: Closed; Sunday: Closed,dental_clinic,Wellington,Brooklyn Wellington,no_prices
Dentocast Laboratories,"6/8 Broomhedge Street, Mount Cook, Wellington 6021, New Zealand",04 803 3228,+64 4 803 3228,https://www.dentocast.co.nz/,4.7,15,OPERATIONAL,https://maps.google.com/?cid=4496076848011996576&g_mp=Cidnb29nbGUubWFwcy5wbGFjZXMudjEuUGxhY2VzLlNlYXJjaFRleHQQAhgEIAA,Monday: 9:00 AM – 5:00 PM; Tuesday: 9:00 AM – 5:00 PM; Wednesday: 9:00 AM – 5:00 PM; Thursday: 9:00 AM – 5:00 PM; Friday: 9:00 AM – 12:00 PM; Saturday: Closed; Sunday: Closed,dental_clinic,Wellington,Brooklyn Wellington,no_prices
Yu Dental Laboratory LTD,"12 College Street, Te Aro, Wellington 6011, New Zealand",04 388 7491,+64 4 388 7491,,5,3,OPERATIONAL,https://maps.google.com/?cid=10979803882686164620&g_mp=Cidnb29nbGUubWFwcy5wbGFjZXMudjEuUGxhY2VzLlNlYXJjaFRleHQQAhgEIAA,Monday: 8:30 AM – 5:00 PM; Tuesday: 8:30 AM – 5:00 PM; Wednesday: 8:30 AM – 5:00 PM; Thursday: 8:30 AM – 5:00 PM; Friday: 8:30 AM – 5:00 PM; Saturday: Closed; Sunday: Closed,dental_clinic,Wellington,Brooklyn Wellington,no_prices
Newtown Medical Centre,"33 Rintoul Street, Newtown, Wellington 6021, New Zealand",04 389 9955,+64 4 389 9955,http://www.newtownmc.co.nz/,3.2,82,OPERATIONAL,https://maps.google.com/?cid=4601969230863745046&g_mp=Cidnb29nbGUubWFwcy5wbGFjZXMudjEuUGxhY2VzLlNlYXJjaFRleHQQAhgEIAA,Monday: 8:00 AM – 5:00 PM; Tuesday: 8:00 AM – 5:00 PM; Wednesday: 8:00 AM – 5:00 PM; Thursday: 8:00 AM – 5:00 PM; Friday: 8:00 AM – 5:00 PM; Saturday: Closed; Sunday: Closed,dental_clinic,Wellington,Brooklyn Wellington,no_prices
Wellington Accident & Urgent Medical Centre,"17 Adelaide Road, Mount Cook, Wellington 6021, New Zealand",04 384 4944,+64 4 384 4944,https://www.wamc.co.nz/,3.3,171,OPERATIONAL,https://maps.google.com/?cid=15620136184575852304&g_mp=Cidnb29nbGUubWFwcy5wbGFjZXMudjEuUGxhY2VzLlNlYXJjaFRleHQQAhgEIAA,Monday: 8:00 AM – 9:00 PM; Tuesday: 8:00 AM – 9:00 PM; Wednesday: 8:00 AM – 9:00 PM; Thursday: 8:00 AM – 9:00 PM; Friday: 8:00 AM – 9:00 PM; Saturday: 8:00 AM – 9:00 PM; Sunday: 8:00 AM – 9:00 PM,dental_clinic,Wellington,Brooklyn Wellington,no_prices
Naenae Dental Clinic,"9 Hillary Court, Naenae, Lower Hutt 5010, New Zealand",04 567 4752,+64 4 567 4752,http://www.naenaedentalclinic.co.nz/?utm_source=gmb,4.7,292,OPERATIONAL,https://maps.google.com/?cid=7017085802974852297&g_mp=Cidnb29nbGUubWFwcy5wbGFjZXMudjEuUGxhY2VzLlNlYXJjaFRleHQQAhgEIAA,Monday: 9:00 AM – 7:00 PM; Tuesday: 9:00 AM – 7:00 PM; Wednesday: 9:00 AM – 5:00 PM; Thursday: 9:00 AM – 7:00 PM; Friday: 9:00 AM – 7:00 PM; Saturday: 9:00 AM – 4:00 PM; Sunday: 9:00 AM – 4:00 PM,dental_clinic,Wellington,Brooklyn Wellington,no_prices
Wellington Regional Hospital,"49 Riddiford Street, Newtown, Wellington 6021, New Zealand",04 385 5999,+64 4 385 5999,http://www.ccdhb.org.nz/,3.7,410,OPERATIONAL,https://maps.google.com/?cid=1081127115368952176&g_mp=Cidnb29nbGUubWFwcy5wbGFjZXMudjEuUGxhY2VzLlNlYXJjaFRleHQQAhgEIAA,Monday: Open 24 hours; Tuesday: Open 24 hours; Wednesday: Open 24 hours; Thursday: Open 24 hours; Friday: Open 24 hours; Saturday: Open 24 hours; Sunday: Open 24 hours,dental_clinic,Wellington,Brooklyn Wellington,no_prices
Childrens' Dental Clinic,"244-256 Willis Street, Te Aro, Wellington 6011, New Zealand",,,https://www.heritage.org.nz/the-list/details/1350,,,OPERATIONAL,https://maps.google.com/?cid=16582695137708674300&g_mp=Cidnb29nbGUubWFwcy5wbGFjZXMudjEuUGxhY2VzLlNlYXJjaFRleHQQAhgEIAA,,dental_clinic,Wellington,Brooklyn Wellington,no_prices
Sleep Matters,"6 Upland Road, Kelburn, Wellington 6012, New Zealand",027 240 6688,+64 27 240 6688,https://www.nzsleepmatters.co.nz/,4.9,12,OPERATIONAL,https://maps.google.com/?cid=11586700324809977198&g_mp=Cidnb29nbGUubWFwcy5wbGFjZXMudjEuUGxhY2VzLlNlYXJjaFRleHQQAhgEIAA,Monday: Closed; Tuesday: 10:00 AM – 2:00 PM; Wednesday: 10:00 AM – 2:00 PM; Thursday: 10:00 AM – 2:00 PM; Friday: Closed; Saturday: Closed; Sunday: Closed,dental_clinic,Wellington,Brooklyn Wellington,no_prices
The Wellington Clinic,"62 Vivian Street, Te Aro, Wellington 6011, New Zealand",,,,5,1,OPERATIONAL,https://maps.google.com/?cid=11730516802275175906&g_mp=Cidnb29nbGUubWFwcy5wbGFjZXMudjEuUGxhY2VzLlNlYXJjaFRleHQQAhgEIAA,,dental_clinic,Wellington,Brooklyn Wellington,no_prices
Thorndon Orthodontics,"Level 9/15 Murphy Street, Thorndon, Wellington 6011, New Zealand",04 595 5992,+64 4 595 5992,https://thorndonortho.co.nz/,5,75,OPERATIONAL,https://maps.google.com/?cid=2534678386760455903&g_mp=Cidnb29nbGUubWFwcy5wbGFjZXMudjEuUGxhY2VzLlNlYXJjaFRleHQQAhgEIAA,Monday: 8:30 AM – 4:30 PM; Tuesday: 8:30 AM – 4:30 PM; Wednesday: 8:30 AM – 4:30 PM; Thursday: 8:30 AM – 4:30 PM; Friday: 8:30 AM – 4:30 PM; Saturday: Closed; Sunday: Closed,dental_clinic,Wellington,Thorndon Wellington,no_prices
Lange M H BDS,"368 Tinakori Road, Thorndon, Wellington 6011, New Zealand",04 939 8762,+64 4 939 8762,,5,7,OPERATIONAL,https://maps.google.com/?cid=11799645641860418651&g_mp=Cidnb29nbGUubWFwcy5wbGFjZXMudjEuUGxhY2VzLlNlYXJjaFRleHQQAhgEIAA,,dental_clinic,Wellington,Thorndon Wellington,no_prices
Mary McBride Dentist,"Suite 3/310 Tinakori Road, Thorndon, Wellington 6011, New Zealand",04 909 7525,+64 4 909 7525,http://marymcbridedentist.com/,5,9,OPERATIONAL,https://maps.google.com/?cid=15324422278840179658&g_mp=Cidnb29nbGUubWFwcy5wbGFjZXMudjEuUGxhY2VzLlNlYXJjaFRleHQQAhgEIAA,Monday: Closed; Tuesday: 8:00 AM – 5:00 PM; Wednesday: 8:00 AM – 2:00 PM; Thursday: 8:00 AM – 6:00 PM; Friday: 8:00 AM – 5:00 PM; Saturday: Closed; Sunday: Closed,dental_clinic,Wellington,Thorndon Wellington,no_prices
Hataitai Medical Practice,"12 Tapiri Street, Hataitai, Wellington 6021, New Zealand",04 386 3598,+64 4 386 3598,http://hataitaimedical.co.nz/,3.9,17,OPERATIONAL,https://maps.google.com/?cid=16739480162508988252&g_mp=Cidnb29nbGUubWFwcy5wbGFjZXMudjEuUGxhY2VzLlNlYXJjaFRleHQQAhgEIAA,Monday: 9:00 AM – 3:00 PM; Tuesday: 9:00 AM – 3:00 PM; Wednesday: 9:00 AM – 3:00 PM; Thursday: 9:00 AM – 3:00 PM; Friday: 9:00 AM – 3:00 PM; Saturday: Closed; Sunday: Closed,dental_clinic,Wellington,Hataitai Wellington,no_prices
Hataitai Pharmacy,"4 Moxham Avenue, Hataitai, Wellington 6021, New Zealand",04 386 1647,+64 4 386 1647,https://www.facebook.com/HataitaiPharmacy/,4.4,29,OPERATIONAL,https://maps.google.com/?cid=696965377570740670&g_mp=Cidnb29nbGUubWFwcy5wbGFjZXMudjEuUGxhY2VzLlNlYXJjaFRleHQQAhgEIAA,Monday: 9:00 AM – 5:30 PM; Tuesday: 9:00 AM – 5:30 PM; Wednesday: 9:00 AM – 5:30 PM; Thursday: 9:00 AM – 5:30 PM; Friday: 9:00 AM – 5:30 PM; Saturday: 9:30 AM – 12:30 PM; Sunday: Closed,dental_clinic,Wellington,Hataitai Wellington,no_prices
Bee Healthy Dental Clinic,"100 Walters Street, Avalon, Lower Hutt 5011, New Zealand",0800 825 583,+64 800 825 583,https://info.health.nz/BeeHealthy,4.1,8,OPERATIONAL,https://maps.google.com/?cid=16955990490328084363&g_mp=Cidnb29nbGUubWFwcy5wbGFjZXMudjEuUGxhY2VzLlNlYXJjaFRleHQQAhgEIAA,Monday: 8:00 AM – 4:00 PM; Tuesday: 8:00 AM – 4:00 PM; Wednesday: 8:00 AM – 4:00 PM; Thursday: 8:00 AM – 4:00 PM; Friday: 8:00 AM – 4:00 PM; Saturday: Closed; Sunday: Closed,dental_clinic,Wellington,Hataitai Wellington,no_prices
Wainui Dental,"10B The Strand Square, Wainuiomata, Lower Hutt 5014, New Zealand",04 564 1670,+64 4 564 1670,https://wainuidental.co.nz/?utm_source=gmb,5,299,OPERATIONAL,https://maps.google.com/?cid=3949147163089026169&g_mp=Cidnb29nbGUubWFwcy5wbGFjZXMudjEuUGxhY2VzLlNlYXJjaFRleHQQAhgEIAA,Monday: 9:00 AM – 5:00 PM; Tuesday: 9:00 AM – 7:00 PM; Wednesday: 9:00 AM – 5:00 PM; Thursday: 9:00 AM – 5:00 PM; Friday: 9:00 AM – 5:00 PM; Saturday: Closed; Sunday: Closed,dental_clinic,Wellington,Hataitai Wellington,no_prices
Four Square Hataitai,"1 Moxham Avenue, Hataitai, Wellington 6021, New Zealand",04 939 1583,+64 4 939 1583,https://www.foursquare.co.nz/lower-north-island/wellington/hataitai?utm_source=google&utm_medium=organic&utm_campaign=Google+My+Business&utm_term=plcid_8524782092178867669&utm_content=Four+Square+Hataitai,4.4,86,OPERATIONAL,https://maps.google.com/?cid=900492297840196964&g_mp=Cidnb29nbGUubWFwcy5wbGFjZXMudjEuUGxhY2VzLlNlYXJjaFRleHQQAhgEIAA,Monday: 8:00 AM – 9:00 PM; Tuesday: 8:00 AM – 9:00 PM; Wednesday: 8:00 AM – 9:00 PM; Thursday: 8:00 AM – 9:00 PM; Friday: 8:00 AM – 9:00 PM; Saturday: 8:00 AM – 9:00 PM; Sunday: 8:00 AM – 9:00 PM,dental_clinic,Wellington,Hataitai Wellington,no_prices
Courtenay Orthodontics,"Level 1/36 Allen Street, Te Aro, Wellington 6011, New Zealand",04 385 7213,+64 4 385 7213,http://www.courtenayorthodontics.co.nz/,4.9,33,OPERATIONAL,https://maps.google.com/?cid=3471781023953648265&g_mp=Cidnb29nbGUubWFwcy5wbGFjZXMudjEuUGxhY2VzLlNlYXJjaFRleHQQAhgEIAA,Monday: 9:00 AM – 5:00 PM; Tuesday: 9:00 AM – 5:00 PM; Wednesday: 9:00 AM – 5:00 PM; Thursday: 9:00 AM – 5:00 PM; Friday: Closed; Saturday: Closed; Sunday: Closed,dental_clinic,Wellington,Hataitai Wellington,no_prices
Healthcare Essentials Ltd,"4/15 College Street, Te Aro, Wellington 6011, New Zealand",0508 802 557,+64 508 802 557,http://www.healthcareessentials.nz/,5,2,OPERATIONAL,https://maps.google.com/?cid=11915462635555134022&g_mp=Cidnb29nbGUubWFwcy5wbGFjZXMudjEuUGxhY2VzLlNlYXJjaFRleHQQAhgEIAA,Monday: 8:00 AM – 4:30 PM; Tuesday: 8:00 AM – 4:30 PM; Wednesday: 8:00 AM – 4:30 PM; Thursday: 8:00 AM – 4:30 PM; Friday: 8:00 AM – 4:30 PM; Saturday: Closed; Sunday: Closed,dental_clinic,Wellington,Hataitai Wellington,no_prices
Capital Dental Petone,"272 Jackson Street, Petone, Lower Hutt 5012, New Zealand",04 920 0880,+64 4 920 0880,http://www.dentistwellington.co.nz/clinic/capital-dental-petone,4.9,233,OPERATIONAL,https://maps.google.com/?cid=456719336377923553&g_mp=Cidnb29nbGUubWFwcy5wbGFjZXMudjEuUGxhY2VzLlNlYXJjaFRleHQQAhgEIAA,Monday: 8:30 AM – 5:00 PM; Tuesday: 8:30 AM – 5:00 PM; Wednesday: 8:30 AM – 5:00 PM; Thursday: 8:30 AM – 5:00 PM; Friday: 8:30 AM – 5:00 PM; Saturday: 8:30 AM – 1:00 PM; Sunday: Closed,dental_clinic,Wellington,Hataitai Wellington,no_prices
Ora Toa Poneke Medical Centre,"4/8 Oxford Terrace, Mount Cook, Wellington 6021, New Zealand",04 245 0010,+64 4 245 0010,http://www.oratoa.co.nz/,4.3,25,OPERATIONAL,https://maps.google.com/?cid=18196529737915674275&g_mp=Cidnb29nbGUubWFwcy5wbGFjZXMudjEuUGxhY2VzLlNlYXJjaFRleHQQAhgEIAA,Monday: 8:30 AM – 5:00 PM; Tuesday: 8:30 AM – 5:00 PM; Wednesday: 8:30 AM – 5:00 PM; Thursday: 8:30 AM – 5:00 PM; Friday: 8:30 AM – 5:00 PM; Saturday: Closed; Sunday: Closed,dental_clinic,Wellington,Hataitai Wellington,no_prices
SPCA Wellington Centre,"140 Alexandra Road, Newtown, Wellington 6021, New Zealand",04 389 8044,+64 4 389 8044,https://www.spca.nz/centre/wellington-centre,4.7,737,OPERATIONAL,https://maps.google.com/?cid=15612622655809574566&g_mp=Cidnb29nbGUubWFwcy5wbGFjZXMudjEuUGxhY2VzLlNlYXJjaFRleHQQAhgEIAA,Monday: 10:00 AM – 4:00 PM; Tuesday: 10:00 AM – 4:00 PM; Wednesday: 10:00 AM – 4:00 PM; Thursday: 10:00 AM – 4:00 PM; Friday: 10:00 AM – 4:00 PM; Saturday: 10:00 AM – 4:00 PM; Sunday: 10:00 AM – 4:00 PM,dental_clinic,Wellington,Hataitai Wellington,no_prices
Capital Dental Upper Hutt,"21 Main Street, Upper Hutt Central, Upper Hutt 5018, New Zealand",04 920 0882,+64 4 920 0882,http://www.dentistwellington.co.nz/,4.8,190,OPERATIONAL,https://maps.google.com/?cid=8373814648094710884&g_mp=Cidnb29nbGUubWFwcy5wbGFjZXMudjEuUGxhY2VzLlNlYXJjaFRleHQQAhgEIAA,Monday: 8:30 AM – 5:00 PM; Tuesday: 8:30 AM – 5:00 PM; Wednesday: 8:30 AM – 5:00 PM; Thursday: 8:30 AM – 5:00 PM; Friday: 8:30 AM – 5:00 PM; Saturday: 8:30 AM – 1:00 PM; Sunday: Closed,dental_clinic,Wellington,Hataitai Wellington,no_prices
Max Facs David Chin-Shong - Allen St Wellington,"1/36 Allen Street, Te Aro, Wellington 6011, New Zealand",021 247 6387,+64 21 247 6387,https://www.maxfacsoralsurgery.co.nz/,5,1,OPERATIONAL,https://maps.google.com/?cid=7795707970699164715&g_mp=Cidnb29nbGUubWFwcy5wbGFjZXMudjEuUGxhY2VzLlNlYXJjaFRleHQQAhgEIAA,Monday: Closed; Tuesday: Closed; Wednesday: 9:00 AM – 7:00 PM; Thursday: Closed; Friday: Closed; Saturday: Closed; Sunday: Closed,dental_clinic,Wellington,Hataitai Wellington,no_prices
Matt Barker Orthodonist,"20 Tennyson Street, Te Aro, Wellington 6011, New Zealand",04 384 4960,+64 4 384 4960,http://www.mbortho.co.nz/,4.2,13,OPERATIONAL,https://maps.google.com/?cid=4673349796968780712&g_mp=Cidnb29nbGUubWFwcy5wbGFjZXMudjEuUGxhY2VzLlNlYXJjaFRleHQQAhgEIAA,Monday: 8:30 AM – 5:00 PM; Tuesday: 8:30 AM – 5:00 PM; Wednesday: 8:30 AM – 5:00 PM; Thursday: 8:30 AM – 5:00 PM; Friday: Closed; Saturday: Closed; Sunday: Closed,dental_clinic,Wellington,Hataitai Wellington,no_prices
NZ Society for Sedation in Dentistry,"62-66 Vivian Street, Te Aro, Wellington 6011, New Zealand",021 937 887,+64 21 937 887,http://www.dentalsedation.co.nz/dental-sedation-courses/,,,OPERATIONAL,https://maps.google.com/?cid=6120703472153485464&g_mp=Cidnb29nbGUubWFwcy5wbGFjZXMudjEuUGxhY2VzLlNlYXJjaFRleHQQAhgEIAA,,dental_clinic,Wellington,Hataitai Wellington,no_prices
Champion Dental Centre,"4A Champion Street, Rānui, Porirua 5024, New Zealand",04 237 9081,+64 4 237 9081,http://www.championdental.co.nz/,4.8,89,OPERATIONAL,https://maps.google.com/?cid=11074259983795477109&g_mp=Cidnb29nbGUubWFwcy5wbGFjZXMudjEuUGxhY2VzLlNlYXJjaFRleHQQAhgEIAA,Monday: 8:15 AM – 5:00 PM; Tuesday: 8:15 AM – 5:00 PM; Wednesday: 9:00 AM – 5:00 PM; Thursday: 8:15 AM – 7:00 PM; Friday: 8:15 AM – 5:00 PM; Saturday: Closed; Sunday: Closed,dental_clinic,Wellington,Porirua,no_prices
Sunshine Dental Porirua,"4 Lydney Place North, Porirua City Centre, Porirua 5022, New Zealand",04 237 6148,+64 4 237 6148,https://www.sunshinedental.co.nz/,4.3,57,OPERATIONAL,https://maps.google.com/?cid=5993716047610672696&g_mp=Cidnb29nbGUubWFwcy5wbGFjZXMudjEuUGxhY2VzLlNlYXJjaFRleHQQAhgEIAA,Monday: Closed; Tuesday: 8:30 AM – 5:00 PM; Wednesday: 8:30 AM – 7:00 PM; Thursday: 8:30 AM – 7:00 PM; Friday: 8:30 AM – 5:00 PM; Saturday: Closed; Sunday: Closed,dental_clinic,Wellington,Porirua,no_prices
Lumino Porirua | Lumino The Dentists,"level 4/2 Titahi Bay Road, Porirua City Centre, Porirua 5512, New Zealand",04 237 4335,+64 4 237 4335,https://lumino.co.nz/dentists/plaza-dental-centre-porirua/?utm_source=google_business_profile&utm_medium=organic,3.7,21,OPERATIONAL,https://maps.google.com/?cid=15130587749666307885&g_mp=Cidnb29nbGUubWFwcy5wbGFjZXMudjEuUGxhY2VzLlNlYXJjaFRleHQQAhgEIAA,Monday: 9:00 AM – 5:00 PM; Tuesday: 9:00 AM – 5:00 PM; Wednesday: 9:00 AM – 5:00 PM; Thursday: 9:00 AM – 5:00 PM; Friday: 9:00 AM – 5:00 PM; Saturday: Closed; Sunday: Closed,dental_clinic,Wellington,Porirua,no_prices
Wishart Dental Centre,"Porirua City Centre, Porirua 5022, New Zealand",04 237 8450,+64 4 237 8450,http://www.wishartdental.co.nz/,4.4,10,OPERATIONAL,https://maps.google.com/?cid=468559546804862284&g_mp=Cidnb29nbGUubWFwcy5wbGFjZXMudjEuUGxhY2VzLlNlYXJjaFRleHQQAhgEIAA,Monday: 8:30 AM – 6:30 PM; Tuesday: 8:30 AM – 12:00 PM; Wednesday: 8:30 AM – 5:30 PM; Thursday: 8:30 AM – 5:00 PM; Friday: 8:30 AM – 12:00 PM; Saturday: Closed; Sunday: Closed,dental_clinic,Wellington,Porirua,no_prices
Darling Dental,"Unit 14/99 Mana Esplanade, Paremata, Porirua 5026, New Zealand",04 237 4414,+64 4 237 4414,http://darlingdental.co.nz/,4.9,133,OPERATIONAL,https://maps.google.com/?cid=17292491828943830260&g_mp=Cidnb29nbGUubWFwcy5wbGFjZXMudjEuUGxhY2VzLlNlYXJjaFRleHQQAhgEIAA,Monday: 8:00 AM – 5:15 PM; Tuesday: 8:00 AM – 5:15 PM; Wednesday: 8:00 AM – 5:30 PM; Thursday: 8:00 AM – 5:15 PM; Friday: 8:00 AM – 4:30 PM; Saturday: Closed; Sunday: Closed,dental_clinic,Wellington,Porirua,no_prices
Titahi Bay Dental Hub Clinic - Bee Healthy Regional Dental Service,"11 Kura Street, Tītahi Bay, Porirua 5022, New Zealand",0800 825 583,+64 800 825 583,https://info.health.nz/BeeHealthy,,,OPERATIONAL,https://maps.google.com/?cid=16369422289485049999&g_mp=Cidnb29nbGUubWFwcy5wbGFjZXMudjEuUGxhY2VzLlNlYXJjaFRleHQQAhgEIAA,Monday: 8:00 AM – 4:00 PM; Tuesday: 8:00 AM – 4:00 PM; Wednesday: 8:00 AM – 4:00 PM; Thursday: 8:00 AM – 4:00 PM; Friday: 8:00 AM – 4:00 PM; Saturday: Closed; Sunday: Closed,dental_clinic,Wellington,Porirua,no_prices
Denture Care Services - Porirua,"1 Martin Street, Rānui, Porirua 5024, New Zealand",04 589 6001,+64 4 589 6001,http://www.denturecareservices.co.nz/,5,7,OPERATIONAL,https://maps.google.com/?cid=13091093067579081264&g_mp=Cidnb29nbGUubWFwcy5wbGFjZXMudjEuUGxhY2VzLlNlYXJjaFRleHQQAhgEIAA,Monday: 8:30 AM – 4:00 PM; Tuesday: 8:30 AM – 4:00 PM; Wednesday: 8:30 AM – 4:00 PM; Thursday: 8:30 AM – 4:00 PM; Friday: 8:30 AM – 4:00 PM; Saturday: Closed; Sunday: Closed,dental_clinic,Wellington,Porirua,no_prices
Whitby Dental Centre,"Lakeside Centre 69e Discovery Drive, Whitby, Wellington 5024, New Zealand",04 234 7237,+64 4 234 7237,http://www.whitbydental.co.nz/,4.8,30,OPERATIONAL,https://maps.google.com/?cid=536217274171172812&g_mp=Cidnb29nbGUubWFwcy5wbGFjZXMudjEuUGxhY2VzLlNlYXJjaFRleHQQAhgEIAA,Monday: 8:00 AM – 5:00 PM; Tuesday: 8:00 AM – 6:00 PM; Wednesday: 8:00 AM – 6:00 PM; Thursday: 8:00 AM – 5:00 PM; Friday: 8:00 AM – 5:00 PM; Saturday: Closed; Sunday: Closed,dental_clinic,Wellington,Porirua,no_prices
Bee Healthy Regional Dental Service,"32 Driver Crescent, Cannons Creek, Porirua 5024, New Zealand",0800 825 583,+64 800 825 583,https://info.health.nz/BeeHealthy,3.4,5,OPERATIONAL,https://maps.google.com/?cid=10807510367377793511&g_mp=Cidnb29nbGUubWFwcy5wbGFjZXMudjEuUGxhY2VzLlNlYXJjaFRleHQQAhgEIAA,Monday: 8:00 AM – 4:00 PM; Tuesday: 8:00 AM – 4:00 PM; Wednesday: 8:00 AM – 4:00 PM; Thursday: 8:00 AM – 4:00 PM; Friday: 8:00 AM – 4:00 PM; Saturday: Closed; Sunday: Closed,dental_clinic,Wellington,Porirua,no_prices
Ora Toa Cannons Creek Medical Centre,"178 Bedford Street, Cannons Creek, Porirua 5024, New Zealand",0800 672 862,+64 800 672 862,https://www.oratoa.co.nz/medical-centres,2.9,18,OPERATIONAL,https://maps.google.com/?cid=10838953290657483100&g_mp=Cidnb29nbGUubWFwcy5wbGFjZXMudjEuUGxhY2VzLlNlYXJjaFRleHQQAhgEIAA,Monday: 8:30 AM – 5:00 PM; Tuesday: 8:30 AM – 5:00 PM; Wednesday: 8:30 AM – 5:00 PM; Thursday: 8:30 AM – 5:00 PM; Friday: 8:30 AM – 5:00 PM; Saturday: Closed; Sunday: Closed,dental_clinic,Wellington,Porirua,no_prices
Kenepuru Community Hospital,"16 Hospital Drive, Kenepuru, Porirua 5022, New Zealand",04 385 5999,+64 4 385 5999,http://www.ccdhb.org.nz/,3.7,140,OPERATIONAL,https://maps.google.com/?cid=1081127115368952208&g_mp=Cidnb29nbGUubWFwcy5wbGFjZXMudjEuUGxhY2VzLlNlYXJjaFRleHQQAhgEIAA,Monday: Open 24 hours; Tuesday: Open 24 hours; Wednesday: Open 24 hours; Thursday: Open 24 hours; Friday: Open 24 hours; Saturday: Open 24 hours; Sunday: Open 24 hours,dental_clinic,Wellington,Porirua,no_prices
The Cosmetic Clinic North City,"2 Titahi Bay Road, Porirua City Centre, Porirua 5022, New Zealand",04 260 3970,+64 4 260 3970,https://www.thecosmeticclinic.co.nz/?utm_source=google&utm_medium=organic&utm_campaign=gmb&utm_term=website+link,4.9,548,OPERATIONAL,https://maps.google.com/?cid=9828789745368561254&g_mp=Cidnb29nbGUubWFwcy5wbGFjZXMudjEuUGxhY2VzLlNlYXJjaFRleHQQAhgEIAA,Monday: 9:00 AM – 6:00 PM; Tuesday: 9:00 AM – 6:00 PM; Wednesday: 9:00 AM – 6:00 PM; Thursday: 9:00 AM – 9:00 PM; Friday: 9:00 AM – 6:00 PM; Saturday: 9:00 AM – 6:00 PM; Sunday: 10:00 AM – 6:00 PM,dental_clinic,Wellington,Porirua,no_prices
Paremata Dental Surgery,"98 Mana Esplanade, Paremata, Porirua 5026, New Zealand",04 233 0747,+64 4 233 0747,http://parematadental.co.nz/,,,OPERATIONAL,https://maps.google.com/?cid=13676771546492230694&g_mp=Cidnb29nbGUubWFwcy5wbGFjZXMudjEuUGxhY2VzLlNlYXJjaFRleHQQAhgEIAA,Monday: 9:00 AM – 2:00 PM; Tuesday: 1:00 – 6:00 PM; Wednesday: 9:00 AM – 2:00 PM; Thursday: 9:00 AM – 2:00 PM; Friday: 9:00 AM – 1:00 PM; Saturday: Closed; Sunday: Closed,dental_clinic,Wellington,Porirua,no_prices
Paremata Dental Surgery - Dr Margret Wolbinski,"98 Mana Esplanade, Paremata, Porirua 5026, New Zealand",04 233 0747,+64 4 233 0747,http://parematadentalsurgery.co.nz/,,,OPERATIONAL,https://maps.google.com/?cid=15085379501806584352&g_mp=Cidnb29nbGUubWFwcy5wbGFjZXMudjEuUGxhY2VzLlNlYXJjaFRleHQQAhgEIAA,,dental_clinic,Wellington,Porirua,no_prices
Cannons Creek School Dental Clinic,"32 Driver Crescent, Cannons Creek, Porirua 5024, New Zealand",04 235 7958,+64 4 235 7958,http://www.beehealthy.org.nz/,1,1,OPERATIONAL,https://maps.google.com/?cid=7190249987910227718&g_mp=Cidnb29nbGUubWFwcy5wbGFjZXMudjEuUGxhY2VzLlNlYXJjaFRleHQQAhgEIAA,,dental_clinic,Wellington,Porirua,no_prices
Porirua Community Vaccination Centre,"4 Lydney Place North, Porirua City Centre, Porirua 5022, New Zealand",0508 672 862,+64 508 672 862,,4.9,74,OPERATIONAL,https://maps.google.com/?cid=6931051282440390065&g_mp=Cidnb29nbGUubWFwcy5wbGFjZXMudjEuUGxhY2VzLlNlYXJjaFRleHQQAhgEIAA,Monday: 9:00 AM – 5:00 PM; Tuesday: 9:00 AM – 5:00 PM; Wednesday: 9:00 AM – 5:00 PM; Thursday: 9:00 AM – 5:00 PM; Friday: 9:00 AM – 5:00 PM; Saturday: Closed; Sunday: Closed,dental_clinic,Wellington,Porirua,no_prices
Chemist Warehouse Porirua,"23 Parumoana Street, Porirua City Centre, Porirua 5022, New Zealand",04 974 4404,+64 4 974 4404,https://www.chemistwarehouse.co.nz/,4.2,359,OPERATIONAL,https://maps.google.com/?cid=2040666501429843481&g_mp=Cidnb29nbGUubWFwcy5wbGFjZXMudjEuUGxhY2VzLlNlYXJjaFRleHQQAhgEIAA,Monday: 8:00 AM – 9:00 PM; Tuesday: 8:00 AM – 9:00 PM; Wednesday: 8:00 AM – 9:00 PM; Thursday: 8:00 AM – 9:00 PM; Friday: 8:00 AM – 9:00 PM; Saturday: 8:00 AM – 9:00 PM; Sunday: 8:00 AM – 9:00 PM,dental_clinic,Wellington,Porirua,no_prices
Animates Porirua,"3 Parumoana Street, Porirua City Centre, Porirua 5022, New Zealand",04 237 0307,+64 4 237 0307,https://www.animates.co.nz/,4.3,481,OPERATIONAL,https://maps.google.com/?cid=14971745227684654087&g_mp=Cidnb29nbGUubWFwcy5wbGFjZXMudjEuUGxhY2VzLlNlYXJjaFRleHQQAhgEIAA,Monday: 9:00 AM – 6:00 PM; Tuesday: 9:00 AM – 6:00 PM; Wednesday: 9:00 AM – 6:00 PM; Thursday: 9:00 AM – 6:00 PM; Friday: 9:00 AM – 6:00 PM; Saturday: 9:00 AM – 5:00 PM; Sunday: 9:00 AM – 5:00 PM,dental_clinic,Wellington,Porirua,no_prices
The Whitening Lounge,"3/105 Mana Esplanade, Paremata, Porirua 5024, New Zealand",027 845 0231,+64 27 845 0231,https://www.thewhiteninglounge.net/,5,10,OPERATIONAL,https://maps.google.com/?cid=6236597257266041020&g_mp=Cidnb29nbGUubWFwcy5wbGFjZXMudjEuUGxhY2VzLlNlYXJjaFRleHQQAhgEIAA,Monday: Closed; Tuesday: 9:00 AM – 5:00 PM; Wednesday: 9:00 AM – 5:00 PM; Thursday: 9:00 AM – 6:00 PM; Friday: 9:00 AM – 5:00 PM; Saturday: 9:00 AM – 2:00 PM; Sunday: Closed,dental_clinic,Wellington,Porirua,no_prices
New World Porirua City,"Lyttelton Avenue, Porirua City Centre, Porirua 5022, New Zealand",04 237 0012,+64 4 237 0012,https://www.newworld.co.nz/lower-north-island/wellington/porirua,4.2,1110,OPERATIONAL,https://maps.google.com/?cid=8813863129768838880&g_mp=Cidnb29nbGUubWFwcy5wbGFjZXMudjEuUGxhY2VzLlNlYXJjaFRleHQQAhgEIAA,Monday: 7:00 AM – 9:00 PM; Tuesday: 7:00 AM – 9:00 PM; Wednesday: 7:00 AM – 9:00 PM; Thursday: 7:00 AM – 9:00 PM; Friday: 7:00 AM – 9:00 PM; Saturday: 7:00 AM – 9:00 PM; Sunday: 7:00 AM – 9:00 PM,dental_clinic,Wellington,Porirua,no_prices
PAK'nSAVE Porirua,"12 Parumoana Street, Porirua City Centre, Porirua 5022, New Zealand",04 238 0601,+64 4 238 0601,https://www.paknsave.co.nz/lower-north-island/wellington/porirua/?utm_source=GBP&utm_medium=GBP&utm_campaign=PAK%27nSAVE%20Porirua&utm_id=PAK%27nSAVE%20Porirua,4.1,2311,OPERATIONAL,https://maps.google.com/?cid=11507814498629780531&g_mp=Cidnb29nbGUubWFwcy5wbGFjZXMudjEuUGxhY2VzLlNlYXJjaFRleHQQAhgEIAA,Monday: 7:00 AM – 10:00 PM; Tuesday: 7:00 AM – 10:00 PM; Wednesday: 7:00 AM – 10:00 PM; Thursday: 7:00 AM – 10:00 PM; Friday: 7:00 AM – 10:00 PM; Saturday: 7:00 AM – 10:00 PM; Sunday: 7:00 AM – 10:00 PM,dental_clinic,Wellington,Porirua,no_prices
Clare Thomson at Paremata Dental,"98 Mana Esplanade, Paremata, Porirua 5026, New Zealand",04 237 4414,+64 4 237 4414,http://parematadental.co.nz/,,,OPERATIONAL,https://maps.google.com/?cid=6830984787652728621&g_mp=Cidnb29nbGUubWFwcy5wbGFjZXMudjEuUGxhY2VzLlNlYXJjaFRleHQQAhgEIAA,Monday: Closed; Tuesday: 8:00 AM – 6:00 PM; Wednesday: 11:00 AM – 7:00 PM; Thursday: 8:00 AM – 2:00 PM; Friday: 8:00 AM – 2:00 PM; Saturday: 8:00 AM – 2:00 PM; Sunday: Closed,dental_clinic,Wellington,Porirua,no_prices
Ora Toa Takapuwahia Medical Centre,"1 Te Hiko Street, Takapūwāhia, Porirua 5022, New Zealand",0800 672 862,+64 800 672 862,https://www.oratoa.co.nz/medical-centres,4,19,OPERATIONAL,https://maps.google.com/?cid=8131205995527406746&g_mp=Cidnb29nbGUubWFwcy5wbGFjZXMudjEuUGxhY2VzLlNlYXJjaFRleHQQAhgEIAA,Monday: 9:00 AM – 5:00 PM; Tuesday: 9:00 AM – 5:00 PM; Wednesday: 9:00 AM – 5:00 PM; Thursday: 9:00 AM – 5:00 PM; Friday: 9:00 AM – 5:00 PM; Saturday: Closed; Sunday: Closed,dental_clinic,Wellington,Porirua,no_prices
The Warehouse Porirua,"Cnr Tutu Place &, Wi Neera Drive, Porirua City Centre, Porirua 5022, New Zealand",04 237 7801,+64 4 237 7801,https://www.thewarehouse.co.nz/stores/porirua.html?utm_source=organic&utm_medium=gmb&utm_campaign=store_location,4,788,OPERATIONAL,https://maps.google.com/?cid=430821773708637510&g_mp=Cidnb29nbGUubWFwcy5wbGFjZXMudjEuUGxhY2VzLlNlYXJjaFRleHQQAhgEIAA,Monday: 8:00 AM – 11:59 PM; Tuesday: 8:00 AM – 11:59 PM; Wednesday: 8:00 AM – 11:59 PM; Thursday: 8:00 AM – 11:59 PM; Friday: 8:00 AM – 11:59 PM; Saturday: 8:00 AM – 11:59 PM; Sunday: 8:00 AM – 11:59 PM,dental_clinic,Wellington,Porirua,no_prices
Discovery School Dental Clinic,"75 Spinnaker Drive, Whitby, Porirua 5024, New Zealand",,,,,,OPERATIONAL,https://maps.google.com/?cid=10706885922237663629&g_mp=Cidnb29nbGUubWFwcy5wbGFjZXMudjEuUGxhY2VzLlNlYXJjaFRleHQQAhgEIAA,,dental_clinic,Wellington,Porirua,no_prices
Rangikura School Dental Clinic,"Conclusion Street, Ascot Park, Porirua 5024, New Zealand",04 235 8649,+64 4 235 8649,,,,OPERATIONAL,https://maps.google.com/?cid=356953218814557750&g_mp=Cidnb29nbGUubWFwcy5wbGFjZXMudjEuUGxhY2VzLlNlYXJjaFRleHQQAhgEIAA,,dental_clinic,Wellington,Porirua,no_prices
Bargain Chemist Porirua,"24 Parumoana Street, Elsdon, Porirua 5022, New Zealand",04 595 4527,+64 4 595 4527,https://www.bargainchemist.co.nz/?utm_source=gmb&utm_medium=organic&utm_campaign=porirua,4.5,73,OPERATIONAL,https://maps.google.com/?cid=17740471695846408101&g_mp=Cidnb29nbGUubWFwcy5wbGFjZXMudjEuUGxhY2VzLlNlYXJjaFRleHQQAhgEIAA,Monday: 8:00 AM – 8:00 PM; Tuesday: 8:00 AM – 8:00 PM; Wednesday: 8:00 AM – 8:00 PM; Thursday: 8:00 AM – 8:00 PM; Friday: 8:00 AM – 8:00 PM; Saturday: 9:00 AM – 6:00 PM; Sunday: 9:00 AM – 6:00 PM,dental_clinic,Wellington,Porirua,no_prices
Dental Corporation (Nz) Limited,"1 Walton Leigh Avenue, Papatoetoe, Porirua 5022, New Zealand",,,,,,OPERATIONAL,https://maps.google.com/?cid=18263205986200927725&g_mp=Cidnb29nbGUubWFwcy5wbGFjZXMudjEuUGxhY2VzLlNlYXJjaFRleHQQAhgEIAA,,dental_clinic,Wellington,Porirua,no_prices
New World Supermarket Whitby,"69A Discovery Drive, Whitby, Porirua 5024, New Zealand",04 234 8961,+64 4 234 8961,https://www.newworld.co.nz/lower-north-island/wellington/whitby,4.1,603,OPERATIONAL,https://maps.google.com/?cid=9249092778437414681&g_mp=Cidnb29nbGUubWFwcy5wbGFjZXMudjEuUGxhY2VzLlNlYXJjaFRleHQQAhgEIAA,Monday: 7:00 AM – 9:00 PM; Tuesday: 7:00 AM – 9:00 PM; Wednesday: 7:00 AM – 9:00 PM; Thursday: 7:00 AM – 9:00 PM; Friday: 7:00 AM – 9:00 PM; Saturday: 7:00 AM – 9:00 PM; Sunday: 7:00 AM – 9:00 PM,dental_clinic,Wellington,Whitby Porirua,no_prices
Whitby Doctors,"69A Discovery Drive, Whitby, Porirua 5024, New Zealand",04 234 1404,+64 4 234 1404,https://www.whitbydoctors.co.nz/,2.6,12,OPERATIONAL,https://maps.google.com/?cid=9477562451753743665&g_mp=Cidnb29nbGUubWFwcy5wbGFjZXMudjEuUGxhY2VzLlNlYXJjaFRleHQQAhgEIAA,Monday: 8:00 AM – 5:00 PM; Tuesday: 8:00 AM – 5:00 PM; Wednesday: 8:00 AM – 5:00 PM; Thursday: 8:00 AM – 5:00 PM; Friday: 8:00 AM – 5:00 PM; Saturday: Closed; Sunday: Closed,dental_clinic,Wellington,Whitby Porirua,no_prices
Plimmerton Medical Centre,"10 Steyne Avenue, Plimmerton, Porirua 5026, New Zealand",04 233 8015,+64 4 233 8015,https://plimmertonmed.nz/,4.3,30,OPERATIONAL,https://maps.google.com/?cid=12256219997722980814&g_mp=Cidnb29nbGUubWFwcy5wbGFjZXMudjEuUGxhY2VzLlNlYXJjaFRleHQQAhgEIAA,Monday: 8:30 AM – 5:00 PM; Tuesday: 8:30 AM – 5:00 PM; Wednesday: 8:30 AM – 5:00 PM; Thursday: 8:30 AM – 5:00 PM; Friday: 8:30 AM – 5:00 PM; Saturday: Closed; Sunday: Closed,dental_clinic,Wellington,Plimmerton Porirua,no_prices
Rappaw Veterinary Care Plimmerton,"18 Ulric Street, Plimmerton, Porirua 5026, New Zealand",04 233 8057,+64 4 233 8057,http://rappaw.co.nz/,4.9,77,OPERATIONAL,https://maps.google.com/?cid=11607701734173399686&g_mp=Cidnb29nbGUubWFwcy5wbGFjZXMudjEuUGxhY2VzLlNlYXJjaFRleHQQAhgEIAA,Monday: 8:30 AM – 5:30 PM; Tuesday: 8:30 AM – 5:30 PM; Wednesday: 8:30 AM – 5:30 PM; Thursday: 8:30 AM – 5:30 PM; Friday: 8:30 AM – 5:30 PM; Saturday: 9:00 AM – 12:00 PM; Sunday: Closed,dental_clinic,Wellington,Plimmerton Porirua,no_prices
Hutt Dental Hub,"135 Witako Street, Epuni, Lower Hutt 5011, New Zealand",04 560 3779,+64 4 560 3779,http://www.huttdentalhub.co.nz/?utm_source=gmb,4.9,110,OPERATIONAL,https://maps.google.com/?cid=8137604501301191808&g_mp=Cidnb29nbGUubWFwcy5wbGFjZXMudjEuUGxhY2VzLlNlYXJjaFRleHQQAhgEIAA,Monday: 9:00 AM – 5:00 PM; Tuesday: 9:00 AM – 5:00 PM; Wednesday: 9:00 AM – 5:00 PM; Thursday: 9:00 AM – 5:00 PM; Friday: 9:00 AM – 5:00 PM; Saturday: Closed; Sunday: Closed,dental_clinic,Wellington,Lower Hutt,no_prices
Switch Dental Lower Hutt,"Level1/52 Queens Drive, Hutt Central, Lower Hutt 5010, New Zealand",04 569 6808,+64 4 569 6808,https://www.switchdental.co.nz/,4.9,215,OPERATIONAL,https://maps.google.com/?cid=2266817978450922623&g_mp=Cidnb29nbGUubWFwcy5wbGFjZXMudjEuUGxhY2VzLlNlYXJjaFRleHQQAhgEIAA,Monday: 8:30 AM – 5:30 PM; Tuesday: 8:30 AM – 5:30 PM; Wednesday: 8:30 AM – 5:30 PM; Thursday: 8:30 AM – 5:30 PM; Friday: 8:30 AM – 5:30 PM; Saturday: 8:30 AM – 5:30 PM; Sunday: Closed,dental_clinic,Wellington,Lower Hutt,no_prices
Supreme Dental Concepts,"Level 1/9 Raroa Road, Hutt Central, Lower Hutt 5010, New Zealand",04 570 0520,+64 4 570 0520,https://www.supremedentalconcepts.co.nz/?utm_source=gmb&utm_medium=organic&utm_campaign=Google+My+Business,4.9,271,OPERATIONAL,https://maps.google.com/?cid=10030702947779967933&g_mp=Cidnb29nbGUubWFwcy5wbGFjZXMudjEuUGxhY2VzLlNlYXJjaFRleHQQAhgEIAA,Monday: 8:30 AM – 7:00 PM; Tuesday: 8:30 AM – 5:30 PM; Wednesday: 8:30 AM – 5:30 PM; Thursday: 8:30 AM – 7:00 PM; Friday: 8:30 AM – 5:00 PM; Saturday: Closed; Sunday: Closed,dental_clinic,Wellington,Lower Hutt,no_prices
Knights Road Dental Centre,"26 Knights Road, Hutt Central, Lower Hutt 5040, New Zealand",04 566 1353,+64 4 566 1353,https://www.knightsroaddental.co.nz/,4.9,45,OPERATIONAL,https://maps.google.com/?cid=4528821037088500260&g_mp=Cidnb29nbGUubWFwcy5wbGFjZXMudjEuUGxhY2VzLlNlYXJjaFRleHQQAhgEIAA,Monday: 8:30 AM – 5:00 PM; Tuesday: 8:30 AM – 5:00 PM; Wednesday: 8:30 AM – 5:00 PM; Thursday: 8:30 AM – 5:00 PM; Friday: Closed; Saturday: Closed; Sunday: Closed,dental_clinic,Wellington,Lower Hutt,no_prices
Hutt Hospital Dental Unit,"ED and Theatre Block Pilmuir Street, Hutt Central, Lower Hutt 5010, New Zealand",04 570 9281,+64 4 570 9281,,3.6,9,OPERATIONAL,https://maps.google.com/?cid=14103024186054601944&g_mp=Cidnb29nbGUubWFwcy5wbGFjZXMudjEuUGxhY2VzLlNlYXJjaFRleHQQAhgEIAA,Monday: 8:00 AM – 5:00 PM; Tuesday: 8:00 AM – 5:00 PM; Wednesday: 8:00 AM – 5:00 PM; Thursday: 8:00 AM – 5:00 PM; Friday: 8:30 AM – 5:00 PM; Saturday: Closed; Sunday: Closed,dental_clinic,Wellington,Lower Hutt,no_prices
Hutt Endodontics,"69 Queens Drive, Hutt Central, Lower Hutt 5010, New Zealand",022 549 7000,+64 22 549 7000,https://huttendodontics.co.nz/,5,13,OPERATIONAL,https://maps.google.com/?cid=14527988824743579859&g_mp=Cidnb29nbGUubWFwcy5wbGFjZXMudjEuUGxhY2VzLlNlYXJjaFRleHQQAhgEIAA,Monday: 9:00 AM – 5:00 PM; Tuesday: 9:00 AM – 5:00 PM; Wednesday: 9:00 AM – 5:00 PM; Thursday: 9:00 AM – 5:00 PM; Friday: Closed; Saturday: Closed; Sunday: 9:00 AM – 5:00 PM,dental_clinic,Wellington,Lower Hutt,no_prices
Gentle Dental Centre Lower Hutt,"Level 1/131 Queens Drive, Hutt Central, Lower Hutt 5016, New Zealand",04 566 2211,+64 4 566 2211,https://gentledental.co.nz/,4.8,32,OPERATIONAL,https://maps.google.com/?cid=17688258499810312711&g_mp=Cidnb29nbGUubWFwcy5wbGFjZXMudjEuUGxhY2VzLlNlYXJjaFRleHQQAhgEIAA,Monday: 8:30 AM – 5:00 PM; Tuesday: 8:30 AM – 5:00 PM; Wednesday: 8:30 AM – 5:00 PM; Thursday: 9:00 AM – 7:00 PM; Friday: 8:30 AM – 5:00 PM; Saturday: Closed; Sunday: Closed,dental_clinic,Wellington,Lower Hutt,no_prices
Hutt Dental Implant Centre,"65 Queens Drive Inside, Queens Arcade, Hutt Central, Lower Hutt 5010, New Zealand",04 566 0012,+64 4 566 0012,https://huttdentalimplants.co.nz/?utm_source=gmb,5,11,OPERATIONAL,https://maps.google.com/?cid=12689599758309642763&g_mp=Cidnb29nbGUubWFwcy5wbGFjZXMudjEuUGxhY2VzLlNlYXJjaFRleHQQAhgEIAA,Monday: 8:30 AM – 5:30 PM; Tuesday: 8:30 AM – 5:30 PM; Wednesday: 8:30 AM – 5:30 PM; Thursday: 8:30 AM – 5:30 PM; Friday: 8:30 AM – 5:30 PM; Saturday: Closed; Sunday: Closed,dental_clinic,Wellington,Lower Hutt,no_prices
Smile Care Centre,"49 Witako Street, Epuni, Lower Hutt 5011, New Zealand",04 569 6748,+64 4 569 6748,,5,4,OPERATIONAL,https://maps.google.com/?cid=4279665210591818932&g_mp=Cidnb29nbGUubWFwcy5wbGFjZXMudjEuUGxhY2VzLlNlYXJjaFRleHQQAhgEIAA,Monday: 9:00 AM – 5:00 PM; Tuesday: 9:00 AM – 8:00 PM; Wednesday: 9:00 AM – 8:00 PM; Thursday: 9:00 AM – 8:00 PM; Friday: 9:00 AM – 5:00 PM; Saturday: Closed; Sunday: Closed,dental_clinic,Wellington,Lower Hutt,no_prices
Petone Dental Centre,"374 Jackson Street, Petone, Lower Hutt 5012, New Zealand",04 832 4428,+64 4 832 4428,https://www.dentistwellington.co.nz/petone-dental-centre,3.8,47,OPERATIONAL,https://maps.google.com/?cid=2084543919943153760&g_mp=Cidnb29nbGUubWFwcy5wbGFjZXMudjEuUGxhY2VzLlNlYXJjaFRleHQQAhgEIAA,Monday: 8:30 AM – 5:00 PM; Tuesday: 8:30 AM – 5:00 PM; Wednesday: 8:30 AM – 5:00 PM; Thursday: 8:30 AM – 5:00 PM; Friday: 8:30 AM – 5:00 PM; Saturday: 9:00 AM – 1:00 PM; Sunday: Closed,dental_clinic,Wellington,Lower Hutt,no_prices
Lumino Queens Drive | Lumino The Dentists,"Jag Legal Building, Level 2/119 Queens Drive, Hutt Central, Lower Hutt 5010, New Zealand",04 939 6693,+64 4 939 6693,https://lumino.co.nz/dentists/lumino-queens-drive-lower-hutt/?utm_source=google_business_profile&utm_medium=organic,4.7,35,OPERATIONAL,https://maps.google.com/?cid=10059042259057224529&g_mp=Cidnb29nbGUubWFwcy5wbGFjZXMudjEuUGxhY2VzLlNlYXJjaFRleHQQAhgEIAA,Monday: 8:30 AM – 5:00 PM; Tuesday: 8:30 AM – 5:00 PM; Wednesday: 8:30 AM – 5:00 PM; Thursday: 8:30 AM – 5:00 PM; Friday: 8:30 AM – 5:00 PM; Saturday: Closed; Sunday: Closed,dental_clinic,Wellington,Lower Hutt,no_prices
Eastbourne Dental Centre,"Marine Parade, Eastbourne, Lower Hutt 5013, New Zealand",04 562 7506,+64 4 562 7506,http://www.eastbournedental.co.nz/,5,6,OPERATIONAL,https://maps.google.com/?cid=9238357756779332920&g_mp=Cidnb29nbGUubWFwcy5wbGFjZXMudjEuUGxhY2VzLlNlYXJjaFRleHQQAhgEIAA,Monday: 8:30 AM – 5:00 PM; Tuesday: 8:30 AM – 7:00 PM; Wednesday: 8:30 AM – 5:00 PM; Thursday: 8:30 AM – 5:00 PM; Friday: 8:30 AM – 4:00 PM; Saturday: Closed; Sunday: Closed,dental_clinic,Wellington,Lower Hutt,no_prices
Gee Dental Centre,"22 Cornwall Street, Hutt Central, Lower Hutt 5010, New Zealand",04 566 2066,+64 4 566 2066,http://www.dentist.co.nz/dentist-detail/lower-hutt/gee%E2%80%99s-dental-centre/A11006342,4.6,11,OPERATIONAL,https://maps.google.com/?cid=11263404580813693155&g_mp=Cidnb29nbGUubWFwcy5wbGFjZXMudjEuUGxhY2VzLlNlYXJjaFRleHQQAhgEIAA,Monday: 8:00 AM – 5:00 PM; Tuesday: 8:00 AM – 5:00 PM; Wednesday: 8:00 AM – 5:00 PM; Thursday: 8:00 AM – 5:00 PM; Friday: 8:00 AM – 5:00 PM; Saturday: Closed; Sunday: Closed,dental_clinic,Wellington,Lower Hutt,no_prices
32 Gems Dental Care,"Level 1/131 Queens Drive, Hutt Central, Lower Hutt 5016, New Zealand",04 566 2211,+64 4 566 2211,http://www.32gemsdentalcare.co.nz/,4.7,58,OPERATIONAL,https://maps.google.com/?cid=8055908827746787198&g_mp=Cidnb29nbGUubWFwcy5wbGFjZXMudjEuUGxhY2VzLlNlYXJjaFRleHQQAhgEIAA,Monday: 8:30 AM – 5:00 PM; Tuesday: 8:30 AM – 5:00 PM; Wednesday: 8:30 AM – 7:00 PM; Thursday: 8:30 AM – 7:00 PM; Friday: 8:30 AM – 5:00 PM; Saturday: Closed; Sunday: Closed,dental_clinic,Wellington,Lower Hutt,no_prices
Hutt Specialist Oral Surgery,"71 Queens Drive Inside, Queens Arcade, Hutt Central, Lower Hutt 5010, New Zealand",04 566 0500,+64 4 566 0500,https://huttspecialistoralsurgery.co.nz/?utm_source=gmb,5,2,OPERATIONAL,https://maps.google.com/?cid=1145873869423453647&g_mp=Cidnb29nbGUubWFwcy5wbGFjZXMudjEuUGxhY2VzLlNlYXJjaFRleHQQAhgEIAA,Monday: 8:30 AM – 5:30 PM; Tuesday: 8:30 AM – 5:30 PM; Wednesday: 8:30 AM – 5:30 PM; Thursday: 8:30 AM – 5:30 PM; Friday: 8:30 AM – 5:30 PM; Saturday: Closed; Sunday: Closed,dental_clinic,Wellington,Lower Hutt,no_prices
Fisher Dental,"49 Witako Street, Epuni, Lower Hutt 5011, New Zealand",04 569 6748,+64 4 569 6748,http://www.fisherdental.co.nz/,5,29,OPERATIONAL,https://maps.google.com/?cid=6605866108177850522&g_mp=Cidnb29nbGUubWFwcy5wbGFjZXMudjEuUGxhY2VzLlNlYXJjaFRleHQQAhgEIAA,Monday: 9:00 AM – 5:00 PM; Tuesday: 9:00 AM – 5:00 PM; Wednesday: 9:00 AM – 5:00 PM; Thursday: 9:00 AM – 5:00 PM; Friday: 9:00 AM – 5:00 PM; Saturday: Closed; Sunday: Closed,dental_clinic,Wellington,Lower Hutt,no_prices
Karen Lee Dental Practice (Fastbraces Senior Master),"26 Knights Road, Hutt Central, Lower Hutt 5010, New Zealand",04 472 8761,+64 4 472 8761,https://www.knightsroaddental.co.nz/,5,12,OPERATIONAL,https://maps.google.com/?cid=1210751028589539606&g_mp=Cidnb29nbGUubWFwcy5wbGFjZXMudjEuUGxhY2VzLlNlYXJjaFRleHQQAhgEIAA,Monday: 9:00 AM – 5:00 PM; Tuesday: 9:00 AM – 5:00 PM; Wednesday: 9:00 AM – 5:00 PM; Thursday: 9:00 AM – 5:00 PM; Friday: Closed; Saturday: Closed; Sunday: Closed,dental_clinic,Wellington,Lower Hutt,no_prices
Dental Reflections,"29 Kings Crescent, Hutt Central, Lower Hutt 5010, New Zealand",04 566 0627,+64 4 566 0627,https://dentalreflections.co.nz/?utm_source=gmb,4.9,75,OPERATIONAL,https://maps.google.com/?cid=16118115849412248301&g_mp=Cidnb29nbGUubWFwcy5wbGFjZXMudjEuUGxhY2VzLlNlYXJjaFRleHQQAhgEIAA,Monday: 8:30 AM – 5:00 PM; Tuesday: 8:30 AM – 5:00 PM; Wednesday: 8:30 AM – 5:00 PM; Thursday: 8:30 AM – 5:00 PM; Friday: 8:30 AM – 5:00 PM; Saturday: Closed; Sunday: Closed,dental_clinic,Wellington,Lower Hutt,no_prices
My Family Dentists,"44 Queens Drive, Hutt Central, Lower Hutt 5014, New Zealand",04 569 6808,+64 4 569 6808,https://switchdental.co.nz/,4,13,OPERATIONAL,https://maps.google.com/?cid=4597959564545454779&g_mp=Cidnb29nbGUubWFwcy5wbGFjZXMudjEuUGxhY2VzLlNlYXJjaFRleHQQAhgEIAA,Monday: 8:30 AM – 5:30 PM; Tuesday: 8:30 AM – 5:30 PM; Wednesday: 8:30 AM – 5:30 PM; Thursday: 8:30 AM – 5:30 PM; Friday: 8:30 AM – 5:30 PM; Saturday: 10:00 AM – 2:00 PM; Sunday: Closed,dental_clinic,Wellington,Lower Hutt,no_prices
icare dental,"MacKay House 2/92 Queens Drive, Hutt Central, Lower Hutt 5010, New Zealand",04 560 3638,+64 4 560 3638,http://www.icaredental.co.nz/,4.7,13,OPERATIONAL,https://maps.google.com/?cid=14464150918036368857&g_mp=Cidnb29nbGUubWFwcy5wbGFjZXMudjEuUGxhY2VzLlNlYXJjaFRleHQQAhgEIAA,Monday: 9:00 AM – 5:00 PM; Tuesday: 9:00 AM – 5:00 PM; Wednesday: 9:00 AM – 5:00 PM; Thursday: 9:00 AM – 5:00 PM; Friday: 9:00 AM – 2:00 PM; Saturday: Closed; Sunday: Closed,dental_clinic,Wellington,Lower Hutt,no_prices
Graeme Yee Dental Care Trust (BDS),"Level 1/52 Queens Drive, Hutt Central, Lower Hutt 5010, New Zealand",04 566 1119,+64 4 566 1119,https://switchdental.co.nz/graeme-yee-has-relocated-to-switch-dental/,4.2,9,OPERATIONAL,https://maps.google.com/?cid=15465467313537004621&g_mp=Cidnb29nbGUubWFwcy5wbGFjZXMudjEuUGxhY2VzLlNlYXJjaFRleHQQAhgEIAA,Monday: 8:30 AM – 5:30 PM; Tuesday: 8:30 AM – 5:30 PM; Wednesday: 8:30 AM – 5:30 PM; Thursday: 8:30 AM – 5:30 PM; Friday: 8:30 AM – 5:30 PM; Saturday: Closed; Sunday: Closed,dental_clinic,Wellington,Lower Hutt,no_prices
Hutt Dental Specialists - Morris Wong,"3/52 Queens Drive, Hutt Central, Lower Hutt 5010, New Zealand",04 939 2499,+64 4 939 2499,https://www.perio.co.nz/,5,2,OPERATIONAL,https://maps.google.com/?cid=8497085131861557692&g_mp=Cidnb29nbGUubWFwcy5wbGFjZXMudjEuUGxhY2VzLlNlYXJjaFRleHQQAhgEIAA,Monday: 8:30 AM – 5:00 PM; Tuesday: 8:30 AM – 5:00 PM; Wednesday: 8:30 AM – 5:00 PM; Thursday: 8:30 AM – 5:00 PM; Friday: 8:30 AM – 4:00 PM; Saturday: Closed; Sunday: Closed,dental_clinic,Wellington,Lower Hutt,no_prices
Denture Care Services,"40 Bloomfield Terrace, Hutt Central, Lower Hutt 5010, New Zealand",04 589 6001,+64 4 589 6001,http://www.denturecareservices.co.nz/,4.7,17,OPERATIONAL,https://maps.google.com/?cid=16626857670501394435&g_mp=Cidnb29nbGUubWFwcy5wbGFjZXMudjEuUGxhY2VzLlNlYXJjaFRleHQQAhgEIAA,Monday: 9:00 AM – 4:00 PM; Tuesday: 9:00 AM – 4:00 PM; Wednesday: 9:00 AM – 4:00 PM; Thursday: 9:30 AM – 12:00 PM; Friday: 9:30 AM – 12:00 PM; Saturday: Closed; Sunday: Closed,dental_clinic,Wellington,Lower Hutt,no_prices
Lower Hutt After Hours Medical Centre,"Verve on Connolly 1/2 Connolly Street, Hutt Central, Lower Hutt 5010, New Zealand",04 567 5345,+64 4 567 5345,http://www.lowerhuttafterhours.co.nz/,3.1,99,OPERATIONAL,https://maps.google.com/?cid=1805373480179023113&g_mp=Cidnb29nbGUubWFwcy5wbGFjZXMudjEuUGxhY2VzLlNlYXJjaFRleHQQAhgEIAA,Monday: 8:00 AM – 10:00 PM; Tuesday: 8:00 AM – 10:00 PM; Wednesday: 8:00 AM – 10:00 PM; Thursday: 8:00 AM – 10:00 PM; Friday: 8:00 AM – 10:00 PM; Saturday: 8:00 AM – 10:00 PM; Sunday: 8:00 AM – 10:00 PM,dental_clinic,Wellington,Lower Hutt,no_prices
Hutt Valley Health Hub,"135 Witako Street, Epuni, Lower Hutt 5011, New Zealand",,,,3.7,12,OPERATIONAL,https://maps.google.com/?cid=2274633875305846161&g_mp=Cidnb29nbGUubWFwcy5wbGFjZXMudjEuUGxhY2VzLlNlYXJjaFRleHQQAhgEIAA,Monday: 8:00 AM – 7:00 PM; Tuesday: 8:00 AM – 7:00 PM; Wednesday: 8:00 AM – 7:00 PM; Thursday: 8:00 AM – 7:00 PM; Friday: 8:00 AM – 6:00 PM; Saturday: 9:00 AM – 4:00 PM; Sunday: Closed,dental_clinic,Wellington,Lower Hutt,no_prices
Bee Healthy Regional Dental Service,"480 Hutt Road, Alicetown, Lower Hutt 5010, New Zealand",0800 825 583,+64 800 825 583,https://info.health.nz/BeeHealthy,5,1,OPERATIONAL,https://maps.google.com/?cid=1051027242146849465&g_mp=Cidnb29nbGUubWFwcy5wbGFjZXMudjEuUGxhY2VzLlNlYXJjaFRleHQQAhgEIAA,Monday: 8:00 AM – 4:00 PM; Tuesday: 8:00 AM – 4:00 PM; Wednesday: 8:00 AM – 4:00 PM; Thursday: 8:00 AM – 4:00 PM; Friday: 8:00 AM – 4:00 PM; Saturday: Closed; Sunday: Closed,dental_clinic,Wellington,Lower Hutt,no_prices
Precision Dental Laboratory,"1/7 Ward Street, Hutt Central, Lower Hutt 5010, New Zealand",04 384 8400,+64 4 384 8400,http://www.precisiondental.co.nz/,5,9,OPERATIONAL,https://maps.google.com/?cid=11047385796170487407&g_mp=Cidnb29nbGUubWFwcy5wbGFjZXMudjEuUGxhY2VzLlNlYXJjaFRleHQQAhgEIAA,Monday: 8:00 AM – 4:30 PM; Tuesday: 8:00 AM – 4:30 PM; Wednesday: 8:00 AM – 4:30 PM; Thursday: 8:00 AM – 4:30 PM; Friday: 8:00 AM – 4:30 PM; Saturday: Closed; Sunday: Closed,dental_clinic,Wellington,Lower Hutt,no_prices
Dental Reflections,"10 The Strand Square, Wainuiomata, Lower Hutt 5014, New Zealand",04 566 0627,+64 4 566 0627,https://dentalreflections.co.nz/,5,1,OPERATIONAL,https://maps.google.com/?cid=11804581681687175139&g_mp=Cidnb29nbGUubWFwcy5wbGFjZXMudjEuUGxhY2VzLlNlYXJjaFRleHQQAhgEIAA,Monday: 8:30 AM – 5:00 PM; Tuesday: 8:30 AM – 5:00 PM; Wednesday: 8:30 AM – 5:00 PM; Thursday: 8:30 AM – 5:00 PM; Friday: 8:30 AM – 5:00 PM; Saturday: Closed; Sunday: Closed,dental_clinic,Wellington,Lower Hutt,no_prices
Bee Healthy Regional Dental Service,"47 Montgomery Street, Stokes Valley, Lower Hutt 5019, New Zealand",0800 825 583,+64 800 825 583,https://info.health.nz/BeeHealthy,5,2,OPERATIONAL,https://maps.google.com/?cid=7336036620909734024&g_mp=Cidnb29nbGUubWFwcy5wbGFjZXMudjEuUGxhY2VzLlNlYXJjaFRleHQQAhgEIAA,Monday: 8:00 AM – 4:00 PM; Tuesday: 8:00 AM – 4:00 PM; Wednesday: 8:00 AM – 4:00 PM; Thursday: 8:00 AM – 4:00 PM; Friday: 8:00 AM – 4:00 PM; Saturday: Closed; Sunday: Closed,dental_clinic,Wellington,Lower Hutt,no_prices
J D Beere Dental,"14 Laings Road, Hutt Central, Lower Hutt 5010, New Zealand",,,,5,2,OPERATIONAL,https://maps.google.com/?cid=10855070741274798071&g_mp=Cidnb29nbGUubWFwcy5wbGFjZXMudjEuUGxhY2VzLlNlYXJjaFRleHQQAhgEIAA,,dental_clinic,Wellington,Lower Hutt,no_prices
High Street Health Hub,"level 1/577 High Street, Boulcott, Lower Hutt 5010, New Zealand",04 555 4450,+64 4 555 4450,https://www.highstreethealth.nz/,2,112,OPERATIONAL,https://maps.google.com/?cid=14759450087446684779&g_mp=Cidnb29nbGUubWFwcy5wbGFjZXMudjEuUGxhY2VzLlNlYXJjaFRleHQQAhgEIAA,Monday: 8:00 AM – 5:00 PM; Tuesday: 8:00 AM – 5:00 PM; Wednesday: 8:00 AM – 5:00 PM; Thursday: 8:00 AM – 5:00 PM; Friday: 8:00 AM – 5:00 PM; Saturday: Closed; Sunday: Closed,dental_clinic,Wellington,Lower Hutt,no_prices
Pomare School Dental Clinic,"2 Partridge Street, Taitā, Lower Hutt 5011, New Zealand",04 567 8679,+64 4 567 8679,,,,OPERATIONAL,https://maps.google.com/?cid=8555516899085973177&g_mp=Cidnb29nbGUubWFwcy5wbGFjZXMudjEuUGxhY2VzLlNlYXJjaFRleHQQAhgEIAA,Monday: Open 24 hours; Tuesday: Open 24 hours; Wednesday: Open 24 hours; Thursday: Open 24 hours; Friday: Open 24 hours; Saturday: Open 24 hours; Sunday: Open 24 hours,dental_clinic,Wellington,Lower Hutt,no_prices
Bee Healthy Regional Dental Service,"12 Rata Street, Wainuiomata, Lower Hutt 5014, New Zealand",0800 825 583,+64 800 825 583,https://info.health.nz/BeeHealthy,3,4,OPERATIONAL,https://maps.google.com/?cid=6828817185208642305&g_mp=Cidnb29nbGUubWFwcy5wbGFjZXMudjEuUGxhY2VzLlNlYXJjaFRleHQQAhgEIAA,Monday: 8:00 AM – 4:00 PM; Tuesday: 8:00 AM – 4:00 PM; Wednesday: 8:00 AM – 4:00 PM; Thursday: 8:00 AM – 4:00 PM; Friday: 8:00 AM – 4:00 PM; Saturday: Closed; Sunday: Closed,dental_clinic,Wellington,Lower Hutt,no_prices
Spotless White,"330 Waiwhetu Road, Waterloo, Lower Hutt 5011, New Zealand",021 187 8396,+64 21 187 8396,http://www.spotlesswhite.co.nz/,5,1,OPERATIONAL,https://maps.google.com/?cid=11695594398059542253&g_mp=Cidnb29nbGUubWFwcy5wbGFjZXMudjEuUGxhY2VzLlNlYXJjaFRleHQQAhgEIAA,Monday: 11:00 AM – 6:00 PM; Tuesday: 11:00 AM – 6:00 PM; Wednesday: 11:00 AM – 6:00 PM; Thursday: 11:00 AM – 6:00 PM; Friday: 11:00 AM – 6:00 PM; Saturday: 11:00 AM – 6:00 PM; Sunday: Closed,dental_clinic,Wellington,Lower Hutt,no_prices
Hutt Valley Orthodontics,"2 Connolly Street, Hutt Central, Lower Hutt 5010, New Zealand",04 586 5707,+64 4 586 5707,http://huttvalleyorthodontics.co.nz/,4.9,10,OPERATIONAL,https://maps.google.com/?cid=5255952510740341006&g_mp=Cidnb29nbGUubWFwcy5wbGFjZXMudjEuUGxhY2VzLlNlYXJjaFRleHQQAhgEIAA,Monday: 7:30 AM – 5:00 PM; Tuesday: 7:30 AM – 5:00 PM; Wednesday: 7:30 AM – 5:00 PM; Thursday: 8:00 AM – 5:00 PM; Friday: 7:30 AM – 2:00 PM; Saturday: Closed; Sunday: Closed,dental_clinic,Wellington,Lower Hutt,no_prices
Petone Dental Laboratory,"Petone dental lab. rear of 93 Hutt Road Entrance in, Riddlers Crescent, Petone, Lower Hutt 5012, New Zealand",04 566 4712,+64 4 566 4712,http://www.petonedentallab.com/,4.7,11,OPERATIONAL,https://maps.google.com/?cid=14727912058790525922&g_mp=Cidnb29nbGUubWFwcy5wbGFjZXMudjEuUGxhY2VzLlNlYXJjaFRleHQQAhgEIAA,Monday: 8:30 AM – 5:00 PM; Tuesday: 8:30 AM – 5:00 PM; Wednesday: 8:30 AM – 5:00 PM; Thursday: 8:30 AM – 4:30 PM; Friday: Closed; Saturday: Closed; Sunday: Closed,dental_clinic,Wellington,Lower Hutt,no_prices
The Orthodontist,"1/2 Connolly Street, Hutt Central, Lower Hutt 5010, New Zealand",04 586 5707,+64 4 586 5707,https://www.theorthodontist.co.nz/,5,8,OPERATIONAL,https://maps.google.com/?cid=12478496695644287561&g_mp=Cidnb29nbGUubWFwcy5wbGFjZXMudjEuUGxhY2VzLlNlYXJjaFRleHQQAhgEIAA,Monday: 7:30 AM – 5:00 PM; Tuesday: 7:30 AM – 5:00 PM; Wednesday: 7:30 AM – 5:00 PM; Thursday: 7:30 AM – 5:00 PM; Friday: 7:30 AM – 5:00 PM; Saturday: Closed; Sunday: Closed,dental_clinic,Wellington,Lower Hutt,no_prices
Institute of Digital Dentistry,"9 Hillary Court, Naenae, Lower Hutt 5010, New Zealand",0488 839 526,+61 488 839 526,https://instituteofdigitaldentistry.com/,5,22,OPERATIONAL,https://maps.google.com/?cid=12462048697366817181&g_mp=Cidnb29nbGUubWFwcy5wbGFjZXMudjEuUGxhY2VzLlNlYXJjaFRleHQQAhgEIAA,Monday: Open 24 hours; Tuesday: Open 24 hours; Wednesday: Open 24 hours; Thursday: Open 24 hours; Friday: Open 24 hours; Saturday: Open 24 hours; Sunday: Open 24 hours,dental_clinic,Wellington,Lower Hutt,no_prices
Hutt Hospital,"638 High Street, Boulcott, Lower Hutt 5010, New Zealand",04 566 6999,+64 4 566 6999,http://www.huttvalleydhb.org.nz/,3.5,261,OPERATIONAL,https://maps.google.com/?cid=15040122550233658302&g_mp=Cidnb29nbGUubWFwcy5wbGFjZXMudjEuUGxhY2VzLlNlYXJjaFRleHQQAhgEIAA,Monday: Open 24 hours; Tuesday: Open 24 hours; Wednesday: Open 24 hours; Thursday: Open 24 hours; Friday: Open 24 hours; Saturday: Open 24 hours; Sunday: Open 24 hours,dental_clinic,Wellington,Lower Hutt,no_prices
Silverstream Dental Upper Hutt | Lumino The Dentists,"Kiln Street, Shop 14, Silverstream Village, Silverstream, Upper Hutt 5019, New Zealand",04 528 3984,+64 4 528 3984,https://lumino.co.nz/dentists/silverstream-dental-upper-hutt/?utm_source=google_business_profile&utm_medium=organic,3.5,33,OPERATIONAL,https://maps.google.com/?cid=12627252815535334662&g_mp=Cidnb29nbGUubWFwcy5wbGFjZXMudjEuUGxhY2VzLlNlYXJjaFRleHQQAhgEIAA,Monday: 8:00 AM – 5:00 PM; Tuesday: 8:00 AM – 5:00 PM; Wednesday: 8:00 AM – 5:00 PM; Thursday: 8:00 AM – 5:00 PM; Friday: 8:00 AM – 4:00 PM; Saturday: Closed; Sunday: Closed,dental_clinic,Wellington,Lower Hutt,no_prices
Hutt Central School Dental Clinic,"Alicetown, Lower Hutt 5010, New Zealand",04 587 0071,+64 4 587 0071,http://www.beehealthy.org.nz/appointments/clinics-open-this-week/,,,OPERATIONAL,https://maps.google.com/?cid=16978245458669230896&g_mp=Cidnb29nbGUubWFwcy5wbGFjZXMudjEuUGxhY2VzLlNlYXJjaFRleHQQAhgEIAA,,dental_clinic,Wellington,Lower Hutt,no_prices
Whai Oranga o Te Iwi Health Centre,"7 The Strand Square, Wainuiomata, Lower Hutt 5014, New Zealand",04 564 6966,+64 4 564 6966,https://www.healthpoint.co.nz/gps-accident-urgent-medical-care/gp/whai-oranga-o-te-iwi-health-centre/,2.6,32,OPERATIONAL,https://maps.google.com/?cid=4804277310680205985&g_mp=Cidnb29nbGUubWFwcy5wbGFjZXMudjEuUGxhY2VzLlNlYXJjaFRleHQQAhgEIAA,Monday: 9:00 AM – 5:00 PM; Tuesday: 9:00 AM – 5:00 PM; Wednesday: 9:00 AM – 5:00 PM; Thursday: 9:00 AM – 5:00 PM; Friday: 9:00 AM – 5:00 PM; Saturday: Closed; Sunday: Closed,dental_clinic,Wellington,Lower Hutt,no_prices
Verve @ Connolly,"2 Connolly Street, Hutt Central, Lower Hutt 5010, New Zealand",,,,4.3,9,OPERATIONAL,https://maps.google.com/?cid=17517948271549326852&g_mp=Cidnb29nbGUubWFwcy5wbGFjZXMudjEuUGxhY2VzLlNlYXJjaFRleHQQAhgEIAA,,dental_clinic,Wellington,Lower Hutt,no_prices
Bee Healthy Regional Dental Service,"20 Britannia Street, Petone, Lower Hutt 5012, New Zealand",0800 825 583,+64 800 825 583,https://info.health.nz/BeeHealthy,,,OPERATIONAL,https://maps.google.com/?cid=16141753732844624393&g_mp=Cidnb29nbGUubWFwcy5wbGFjZXMudjEuUGxhY2VzLlNlYXJjaFRleHQQAhgEIAA,Monday: 8:00 AM – 4:00 PM; Tuesday: 8:00 AM – 4:00 PM; Wednesday: 8:00 AM – 4:00 PM; Thursday: 8:00 AM – 4:00 PM; Friday: 8:00 AM – 4:00 PM; Saturday: Closed; Sunday: Closed,dental_clinic,Wellington,Lower Hutt,no_prices
Max Facs David Chin-Shong - Lower Hutt,"52 Queens Drive, Hutt Central, Lower Hutt 5010, New Zealand",021 247 6387,+64 21 247 6387,http://maxfacsoralsurgery.co.nz/,4.7,13,OPERATIONAL,https://maps.google.com/?cid=4644001480294302234&g_mp=Cidnb29nbGUubWFwcy5wbGFjZXMudjEuUGxhY2VzLlNlYXJjaFRleHQQAhgEIAA,Monday: Closed; Tuesday: Closed; Wednesday: Closed; Thursday: 8:30 AM – 4:30 PM; Friday: Closed; Saturday: Closed; Sunday: Closed,dental_clinic,Wellington,Lower Hutt,no_prices
Animal Health Centre Vet Clinic,"109 Oxford Terrace, Epuni, Lower Hutt 5011, New Zealand",04 577 3717,+64 4 577 3717,https://lowerhuttvet.co.nz/?utm_source=google&utm_medium=organic&utm_campaign=gmb,4.8,164,OPERATIONAL,https://maps.google.com/?cid=11990345123033317906&g_mp=Cidnb29nbGUubWFwcy5wbGFjZXMudjEuUGxhY2VzLlNlYXJjaFRleHQQAhgEIAA,Monday: 8:00 AM – 6:00 PM; Tuesday: 8:00 AM – 5:00 PM; Wednesday: 8:00 AM – 6:00 PM; Thursday: 8:00 AM – 6:00 PM; Friday: 8:00 AM – 5:00 PM; Saturday: Closed; Sunday: Closed,dental_clinic,Wellington,Lower Hutt,no_prices
Sparkle White Teeth -Teeth Whitening Wellington,"41 Buick Street, Petone, Lower Hutt 5012, New Zealand",04 570 0160,+64 4 570 0160,,5,3,OPERATIONAL,https://maps.google.com/?cid=18362347109144027220&g_mp=Cidnb29nbGUubWFwcy5wbGFjZXMudjEuUGxhY2VzLlNlYXJjaFRleHQQAhgEIAA,Monday: 9:00 AM – 4:00 PM; Tuesday: 9:00 AM – 4:00 PM; Wednesday: 9:00 AM – 4:00 PM; Thursday: 9:00 AM – 4:00 PM; Friday: 9:00 AM – 4:00 PM; Saturday: Closed; Sunday: Closed,dental_clinic,Wellington,Lower Hutt,no_prices
Koranui Green School Dental Clinic,"4049398, Stokes Valley, Lower Hutt 5019, New Zealand",04 562 9013,+64 4 562 9013,,,,OPERATIONAL,https://maps.google.com/?cid=17890392802318059720&g_mp=Cidnb29nbGUubWFwcy5wbGFjZXMudjEuUGxhY2VzLlNlYXJjaFRleHQQAhgEIAA,,dental_clinic,Wellington,Stokes Valley Lower Hutt,no_prices
Scott Court Dental Centre,"192 Stokes Valley Road, Stokes Valley, Lower Hutt 5019, New Zealand",04 563 7747,+64 4 563 7747,,,,OPERATIONAL,https://maps.google.com/?cid=15833713962889066258&g_mp=Cidnb29nbGUubWFwcy5wbGFjZXMudjEuUGxhY2VzLlNlYXJjaFRleHQQAhgEIAA,,dental_clinic,Wellington,Stokes Valley Lower Hutt,no_prices
Tawhai School Dental Clinic,"69 Glen Road, Stokes Valley, Lower Hutt 5019, New Zealand",04 562 9012,+64 4 562 9012,,,,OPERATIONAL,https://maps.google.com/?cid=9922324445742706156&g_mp=Cidnb29nbGUubWFwcy5wbGFjZXMudjEuUGxhY2VzLlNlYXJjaFRleHQQAhgEIAA,,dental_clinic,Wellington,Stokes Valley Lower Hutt,no_prices
Gentle Dental Centre,"22 Royal Street, Upper Hutt Central, Wellington 5018, New Zealand",04 528 5302,+64 4 528 5302,https://www.gentledental.co.nz/,4.5,25,OPERATIONAL,https://maps.google.com/?cid=3562616785106511962&g_mp=Cidnb29nbGUubWFwcy5wbGFjZXMudjEuUGxhY2VzLlNlYXJjaFRleHQQAhgEIAA,Monday: 8:00 AM – 6:00 PM; Tuesday: 8:00 AM – 7:00 PM; Wednesday: 8:00 AM – 6:00 PM; Thursday: 8:00 AM – 6:00 PM; Friday: 8:00 AM – 5:00 PM; Saturday: Closed; Sunday: Closed,dental_clinic,Wellington,Upper Hutt,no_prices
Art of Dentistry,"10 Royal Street, Upper Hutt Central, Upper Hutt 5018, New Zealand",04 527 9437,+64 4 527 9437,http://www.artofdentistry.co.nz/,4.5,94,OPERATIONAL,https://maps.google.com/?cid=17876572021500246790&g_mp=Cidnb29nbGUubWFwcy5wbGFjZXMudjEuUGxhY2VzLlNlYXJjaFRleHQQAhgEIAA,Monday: 8:00 AM – 9:00 PM; Tuesday: 8:00 AM – 8:30 PM; Wednesday: 8:00 AM – 9:00 PM; Thursday: 8:00 AM – 8:00 PM; Friday: 8:00 AM – 5:00 PM; Saturday: 9:00 AM – 2:00 PM; Sunday: 9:00 AM – 2:00 PM,dental_clinic,Wellington,Upper Hutt,no_prices
Ashwin Magan Dental Surgery,"CBD Towers Level 3, 84/90 Main Street, Upper Hutt Central, Upper Hutt 5018, New Zealand",04 527 7914,+64 4 527 7914,http://ashwinmagandentalsurgery.co.nz/,4.8,19,OPERATIONAL,https://maps.google.com/?cid=15718553442172998566&g_mp=Cidnb29nbGUubWFwcy5wbGFjZXMudjEuUGxhY2VzLlNlYXJjaFRleHQQAhgEIAA,Monday: 8:00 AM – 6:15 PM; Tuesday: 8:00 AM – 6:15 PM; Wednesday: 8:00 AM – 6:15 PM; Thursday: 8:00 AM – 6:15 PM; Friday: 8:00 AM – 12:30 PM; Saturday: Closed; Sunday: Closed,dental_clinic,Wellington,Upper Hutt,no_prices
Denture Services Upper Hutt,"Unit 2/5 Gibbons Street, Upper Hutt Central, Upper Hutt 5018, New Zealand",04 528 3349,+64 4 528 3349,http://www.dentureservicesupperhutt.com/,5,113,OPERATIONAL,https://maps.google.com/?cid=5897973603620312302&g_mp=Cidnb29nbGUubWFwcy5wbGFjZXMudjEuUGxhY2VzLlNlYXJjaFRleHQQAhgEIAA,Monday: 9:00 AM – 5:30 PM; Tuesday: 9:00 AM – 5:30 PM; Wednesday: 9:00 AM – 5:30 PM; Thursday: 9:00 AM – 5:30 PM; Friday: 9:00 AM – 5:30 PM; Saturday: 9:00 AM – 3:00 PM; Sunday: Closed,dental_clinic,Wellington,Upper Hutt,no_prices
Dental Reflections,"124 Main Street, Upper Hutt Central, Upper Hutt 5018, New Zealand",04 528 2592,+64 4 528 2592,https://dentalreflections.co.nz/,5,2,OPERATIONAL,https://maps.google.com/?cid=16928173370093372512&g_mp=Cidnb29nbGUubWFwcy5wbGFjZXMudjEuUGxhY2VzLlNlYXJjaFRleHQQAhgEIAA,Monday: 9:00 AM – 5:00 PM; Tuesday: 9:00 AM – 5:00 PM; Wednesday: 9:00 AM – 5:00 PM; Thursday: 9:00 AM – 5:00 PM; Friday: 9:00 AM – 5:00 PM; Saturday: Closed; Sunday: Closed,dental_clinic,Wellington,Upper Hutt,no_prices
Haus of Amor Teeth Whitening and Gems,"4 Princes Street, Upper Hutt Central, Upper Hutt 5018, New Zealand",021 898 418,+64 21 898 418,http://hausofamor.gettimely.com/,5,6,OPERATIONAL,https://maps.google.com/?cid=9625240942285297946&g_mp=Cidnb29nbGUubWFwcy5wbGFjZXMudjEuUGxhY2VzLlNlYXJjaFRleHQQAhgEIAA,Monday: Closed; Tuesday: 9:30 AM – 7:00 PM; Wednesday: 9:30 AM – 5:00 PM; Thursday: 9:30 AM – 7:00 PM; Friday: 9:30 AM – 5:00 PM; Saturday: 10:00 AM – 3:00 PM; Sunday: Closed,dental_clinic,Wellington,Upper Hutt,no_prices
Bee Healthy Regional Dental Service,"Moonshine Road, Trentham, Upper Hutt 5018, New Zealand",0800 825 583,+64 800 825 583,https://info.health.nz/BeeHealthy,3.5,2,OPERATIONAL,https://maps.google.com/?cid=17200835831125346474&g_mp=Cidnb29nbGUubWFwcy5wbGFjZXMudjEuUGxhY2VzLlNlYXJjaFRleHQQAhgEIAA,Monday: 8:00 AM – 4:00 PM; Tuesday: 8:00 AM – 4:00 PM; Wednesday: 8:00 AM – 4:00 PM; Thursday: 8:00 AM – 4:00 PM; Friday: 8:00 AM – 4:00 PM; Saturday: Closed; Sunday: Closed,dental_clinic,Wellington,Upper Hutt,no_prices
Michael Walton Dental,"22 Royal Street, Upper Hutt Central, Upper Hutt 5018, New Zealand",04 528 5302,+64 4 528 5302,,5,3,OPERATIONAL,https://maps.google.com/?cid=16454607714831061085&g_mp=Cidnb29nbGUubWFwcy5wbGFjZXMudjEuUGxhY2VzLlNlYXJjaFRleHQQAhgEIAA,,dental_clinic,Wellington,Upper Hutt,no_prices
Valley Skin Checks – Skin Cancer Screening,"Enter through The Doctors, Cnr Kiln & Shop 1/2 Whitemans Road, Silverstream, Upper Hutt 5019, New Zealand",04 567 1219,+64 4 567 1219,https://www.valleyskinchecks.co.nz/,5,60,OPERATIONAL,https://maps.google.com/?cid=18039284876980603825&g_mp=Cidnb29nbGUubWFwcy5wbGFjZXMudjEuUGxhY2VzLlNlYXJjaFRleHQQAhgEIAA,Monday: 9:00 AM – 5:00 PM; Tuesday: 9:00 AM – 5:00 PM; Wednesday: 9:00 AM – 5:00 PM; Thursday: 9:00 AM – 5:00 PM; Friday: Closed; Saturday: Closed; Sunday: Closed,dental_clinic,Wellington,Upper Hutt,no_prices
The Pet Centre - Upper Hutt,"24 Queen Street, Upper Hutt Central, Upper Hutt 5018, New Zealand",04 974 5473,+64 4 974 5473,http://www.thepetcentre.co.nz/,4.3,293,OPERATIONAL,https://maps.google.com/?cid=739660454924238330&g_mp=Cidnb29nbGUubWFwcy5wbGFjZXMudjEuUGxhY2VzLlNlYXJjaFRleHQQAhgEIAA,Monday: 9:00 AM – 5:30 PM; Tuesday: 9:00 AM – 5:30 PM; Wednesday: 9:00 AM – 5:30 PM; Thursday: 9:00 AM – 5:30 PM; Friday: 9:00 AM – 5:30 PM; Saturday: 9:00 AM – 5:00 PM; Sunday: 10:00 AM – 4:00 PM,dental_clinic,Wellington,Upper Hutt,no_prices
Perfect Dentures,"49-51 Main Street, Upper Hutt Central, Upper Hutt 5018, New Zealand",04 527 9128,+64 4 527 9128,,5,2,OPERATIONAL,https://maps.google.com/?cid=8587063630458908160&g_mp=Cidnb29nbGUubWFwcy5wbGFjZXMudjEuUGxhY2VzLlNlYXJjaFRleHQQAhgEIAA,,dental_clinic,Wellington,Upper Hutt,no_prices
Dental Surgery,"22 Royal Street, Ebdentown, Upper Hutt 5018, New Zealand",,,,,,OPERATIONAL,https://maps.google.com/?cid=5821269193206280113&g_mp=Cidnb29nbGUubWFwcy5wbGFjZXMudjEuUGxhY2VzLlNlYXJjaFRleHQQAhgEIAA,,dental_clinic,Wellington,Upper Hutt,no_prices
Kapiti Dental Centre,"88 Kapiti Road, Paraparaumu 5032, New Zealand",04 298 6754,+64 4 298 6754,http://www.kapitidental.co.nz/,4.9,90,OPERATIONAL,https://maps.google.com/?cid=6563656536263315535&g_mp=Cidnb29nbGUubWFwcy5wbGFjZXMudjEuUGxhY2VzLlNlYXJjaFRleHQQAhgEIAA,Monday: 8:30 AM – 5:00 PM; Tuesday: 8:30 AM – 5:00 PM; Wednesday: 8:30 AM – 5:00 PM; Thursday: 8:30 AM – 5:00 PM; Friday: 8:30 AM – 5:00 PM; Saturday: Closed; Sunday: Closed,dental_clinic,Wellington,Paraparaumu,no_prices
Care Dental,"1 Realm Drive, Paraparaumu 5032, New Zealand",04 293 2273,+64 4 293 2273,https://www.caredental.co.nz/,5,23,OPERATIONAL,https://maps.google.com/?cid=10679172317924866029&g_mp=Cidnb29nbGUubWFwcy5wbGFjZXMudjEuUGxhY2VzLlNlYXJjaFRleHQQAhgEIAA,Monday: 8:30 AM – 5:00 PM; Tuesday: 8:30 AM – 5:00 PM; Wednesday: 8:30 AM – 5:00 PM; Thursday: 8:30 AM – 5:00 PM; Friday: 8:30 AM – 4:00 PM; Saturday: Closed; Sunday: Closed,dental_clinic,Wellington,Paraparaumu,no_prices
Kapiti Oral Health Clinic,"90 Kapiti Road, Paraparaumu 5032, New Zealand",021 971 808,+64 21 971 808,http://www.kapitiohc.co.nz/,4.5,15,OPERATIONAL,https://maps.google.com/?cid=14911772719112680474&g_mp=Cidnb29nbGUubWFwcy5wbGFjZXMudjEuUGxhY2VzLlNlYXJjaFRleHQQAhgEIAA,Monday: 9:00 AM – 5:00 PM; Tuesday: 9:00 AM – 5:00 PM; Wednesday: 9:00 AM – 5:00 PM; Thursday: 9:00 AM – 5:00 PM; Friday: 9:00 AM – 5:00 PM; Saturday: Closed; Sunday: Closed,dental_clinic,Wellington,Paraparaumu,no_prices
MatPDental,"29 Rimutaka Street, Paraparaumu 5032, New Zealand",04 298 8889,+64 4 298 8889,http://www.matpdental.co.nz/,4.9,33,OPERATIONAL,https://maps.google.com/?cid=10232154717935130113&g_mp=Cidnb29nbGUubWFwcy5wbGFjZXMudjEuUGxhY2VzLlNlYXJjaFRleHQQAhgEIAA,Monday: 8:30 AM – 5:00 PM; Tuesday: 8:30 AM – 5:00 PM; Wednesday: 8:30 AM – 5:00 PM; Thursday: 8:30 AM – 5:00 PM; Friday: 8:30 AM – 4:00 PM; Saturday: Closed; Sunday: Closed,dental_clinic,Wellington,Paraparaumu,no_prices
Coastlands Dental Health Centre | Lumino The Dentists,"Westside Plaza Coastlands Mall Paraparaumu, Paraparaumu 5032, New Zealand",04 296 1155,+64 4 296 1155,https://lumino.co.nz/dentists/coastlands-dental-health-centre-paraparaumu/?utm_source=google_business_profile&utm_medium=organic,4.5,20,OPERATIONAL,https://maps.google.com/?cid=15394402277332502630&g_mp=Cidnb29nbGUubWFwcy5wbGFjZXMudjEuUGxhY2VzLlNlYXJjaFRleHQQAhgEIAA,Monday: 8:30 AM – 5:00 PM; Tuesday: 8:30 AM – 5:00 PM; Wednesday: 8:30 AM – 5:00 PM; Thursday: 8:30 AM – 5:00 PM; Friday: 8:30 AM – 5:00 PM; Saturday: Closed; Sunday: Closed,dental_clinic,Wellington,Paraparaumu,no_prices
Beachside Dental Surgery,"331 Kapiti Road, Paraparaumu Beach 5032, New Zealand",04 298 6004,+64 4 298 6004,http://beachsidedental.co.nz/,4.6,17,OPERATIONAL,https://maps.google.com/?cid=3708482090606545633&g_mp=Cidnb29nbGUubWFwcy5wbGFjZXMudjEuUGxhY2VzLlNlYXJjaFRleHQQAhgEIAA,Monday: Closed; Tuesday: 9:00 AM – 5:00 PM; Wednesday: Closed; Thursday: 9:00 AM – 5:00 PM; Friday: 9:00 AM – 4:00 PM; Saturday: Closed; Sunday: Closed,dental_clinic,Wellington,Paraparaumu,no_prices
Rimu Road Dental Surgery,"159 Rimu Road, Raumati Beach 5032, New Zealand",,,http://www.rimuroaddental.co.nz/,4.4,8,OPERATIONAL,https://maps.google.com/?cid=12104933838669929337&g_mp=Cidnb29nbGUubWFwcy5wbGFjZXMudjEuUGxhY2VzLlNlYXJjaFRleHQQAhgEIAA,Monday: 9:00 AM – 5:00 PM; Tuesday: 9:00 AM – 5:00 PM; Wednesday: 9:00 AM – 7:00 PM; Thursday: 9:00 AM – 5:00 PM; Friday: 9:00 AM – 5:00 PM; Saturday: Closed; Sunday: Closed,dental_clinic,Wellington,Paraparaumu,no_prices
Raumati Dental Centre,"17 Raumati Road, Raumati Beach 5032, New Zealand",04 299 6447,+64 4 299 6447,http://raumatidentalcentre.co.nz/,4.3,35,OPERATIONAL,https://maps.google.com/?cid=8214422240445307821&g_mp=Cidnb29nbGUubWFwcy5wbGFjZXMudjEuUGxhY2VzLlNlYXJjaFRleHQQAhgEIAA,Monday: 8:30 AM – 7:00 PM; Tuesday: 8:30 AM – 7:00 PM; Wednesday: 8:30 AM – 7:00 PM; Thursday: 8:30 AM – 7:00 PM; Friday: 8:30 AM – 7:00 PM; Saturday: 8:30 AM – 1:00 PM; Sunday: Closed,dental_clinic,Wellington,Paraparaumu,no_prices
Paraparaumu Dental Hub Clinic,"11 Ruapehu Street, Paraparaumu 5032, New Zealand",0800 825 583,+64 800 825 583,https://info.health.nz/BeeHealthy,,,OPERATIONAL,https://maps.google.com/?cid=10304499854985347594&g_mp=Cidnb29nbGUubWFwcy5wbGFjZXMudjEuUGxhY2VzLlNlYXJjaFRleHQQAhgEIAA,Monday: 9:00 AM – 4:00 PM; Tuesday: 9:00 AM – 4:00 PM; Wednesday: 9:00 AM – 4:00 PM; Thursday: 9:00 AM – 4:00 PM; Friday: 9:00 AM – 4:00 PM; Saturday: Closed; Sunday: Closed,dental_clinic,Wellington,Paraparaumu,no_prices
Raumati Beach Dental Hub Clinic - Bee Healthy Regional Dental Service,"26/34 Raumati Road, Raumati Beach 5032, New Zealand",0800 825 583,+64 800 825 583,https://info.health.nz/BeeHealthy,5,1,OPERATIONAL,https://maps.google.com/?cid=4467340579385502608&g_mp=Cidnb29nbGUubWFwcy5wbGFjZXMudjEuUGxhY2VzLlNlYXJjaFRleHQQAhgEIAA,Monday: 8:00 AM – 4:00 PM; Tuesday: 8:00 AM – 4:00 PM; Wednesday: 8:00 AM – 4:00 PM; Thursday: 8:00 AM – 4:00 PM; Friday: 8:00 AM – 4:00 PM; Saturday: Closed; Sunday: Closed,dental_clinic,Wellington,Paraparaumu,no_prices
Waikanae Dental Surgery,"8 Mahara Place, Waikanae 5036, New Zealand",04 293 3770,+64 4 293 3770,,4.9,7,OPERATIONAL,https://maps.google.com/?cid=5577525976042141399&g_mp=Cidnb29nbGUubWFwcy5wbGFjZXMudjEuUGxhY2VzLlNlYXJjaFRleHQQAhgEIAA,Monday: 8:00 AM – 5:00 PM; Tuesday: 8:00 AM – 5:00 PM; Wednesday: 8:00 AM – 5:00 PM; Thursday: 8:00 AM – 5:00 PM; Friday: 8:00 AM – 5:00 PM; Saturday: Closed; Sunday: Closed,dental_clinic,Wellington,Waikanae,no_prices
Smile Creations Waikanae | Lumino The Dentists,"108 Main Road, Waikanae 5036, New Zealand",04 293 3392,+64 4 293 3392,https://lumino.co.nz/dentists/smile-creations-waikanae/?utm_source=google_business_profile&utm_medium=organic,3.5,22,OPERATIONAL,https://maps.google.com/?cid=2918870594858751004&g_mp=Cidnb29nbGUubWFwcy5wbGFjZXMudjEuUGxhY2VzLlNlYXJjaFRleHQQAhgEIAA,Monday: 8:30 AM – 5:00 PM; Tuesday: 8:30 AM – 5:00 PM; Wednesday: 8:30 AM – 5:00 PM; Thursday: 8:30 AM – 5:00 PM; Friday: Closed; Saturday: Closed; Sunday: Closed,dental_clinic,Wellington,Waikanae,no_prices
Masterton Dental,"50 Perry Street, Masterton 5810, New Zealand",0800 181 828,+64 800 181 828,http://www.mastertondental.co.nz/,5,137,OPERATIONAL,https://maps.google.com/?cid=7754104054605763671&g_mp=Cidnb29nbGUubWFwcy5wbGFjZXMudjEuUGxhY2VzLlNlYXJjaFRleHQQAhgEIAA,Monday: 9:00 AM – 5:00 PM; Tuesday: 9:00 AM – 5:00 PM; Wednesday: 9:00 AM – 5:00 PM; Thursday: 9:00 AM – 5:00 PM; Friday: 9:00 AM – 5:00 PM; Saturday: Closed; Sunday: Closed,dental_clinic,Wellington,Masterton,no_prices
Masterton Dental Practice | Lumino The Dentists,"119 Chapel Street, Masterton 5810, New Zealand",06 377 4989,+64 6 377 4989,https://lumino.co.nz/dentists/masterton-dental-practice/?utm_source=google_business_profile&utm_medium=organic,4.5,29,OPERATIONAL,https://maps.google.com/?cid=8412046942465260882&g_mp=Cidnb29nbGUubWFwcy5wbGFjZXMudjEuUGxhY2VzLlNlYXJjaFRleHQQAhgEIAA,Monday: 8:00 AM – 5:00 PM; Tuesday: 8:00 AM – 5:00 PM; Wednesday: 8:00 AM – 5:00 PM; Thursday: 8:00 AM – 5:00 PM; Friday: 8:00 AM – 5:00 PM; Saturday: Closed; Sunday: Closed,dental_clinic,Wellington,Masterton,no_prices
Grace Dental,"43 Chapel Street, Masterton 5810, New Zealand",06 378 2281,+64 6 378 2281,http://gracedental.co.nz/,4.7,22,OPERATIONAL,https://maps.google.com/?cid=589208537375153299&g_mp=Cidnb29nbGUubWFwcy5wbGFjZXMudjEuUGxhY2VzLlNlYXJjaFRleHQQAhgEIAA,Monday: 8:30 AM – 5:00 PM; Tuesday: 8:30 AM – 5:00 PM; Wednesday: 8:30 AM – 5:00 PM; Thursday: 8:30 AM – 5:00 PM; Friday: 8:30 AM – 5:00 PM; Saturday: Closed; Sunday: Closed,dental_clinic,Wellington,Masterton,no_prices
Wong Kevin B,"17 Renall Street, Masterton 5810, New Zealand",06 378 2777,+64 6 378 2777,https://www.kevinwongdentalpractice.com/,4.1,49,OPERATIONAL,https://maps.google.com/?cid=9254775914947517609&g_mp=Cidnb29nbGUubWFwcy5wbGFjZXMudjEuUGxhY2VzLlNlYXJjaFRleHQQAhgEIAA,Monday: 8:00 AM – 5:00 PM; Tuesday: 8:00 AM – 5:00 PM; Wednesday: 8:00 AM – 5:00 PM; Thursday: 8:00 AM – 5:00 PM; Friday: 8:00 AM – 5:00 PM; Saturday: Closed; Sunday: Closed,dental_clinic,Wellington,Masterton,no_prices
Park Road Dental Surgery,"30 Park Road, Carterton 5713, New Zealand",06 379 8370,+64 6 379 8370,https://www.parkroaddental.co.nz/,4.7,14,OPERATIONAL,https://maps.google.com/?cid=6971552480263898028&g_mp=Cidnb29nbGUubWFwcy5wbGFjZXMudjEuUGxhY2VzLlNlYXJjaFRleHQQAhgEIAA,Monday: 8:00 AM – 5:00 PM; Tuesday: 8:00 AM – 5:00 PM; Wednesday: 8:00 AM – 5:00 PM; Thursday: 8:00 AM – 6:30 PM; Friday: 8:00 AM – 4:00 PM; Saturday: Closed; Sunday: Closed,dental_clinic,Wellington,Carterton,no_prices
True Dentistry,"1A Seddon Street, Carterton 5713, New Zealand",06 379 8799,+64 6 379 8799,https://truedentistry.co.nz/,4.7,13,OPERATIONAL,https://maps.google.com/?cid=11760493766859948889&g_mp=Cidnb29nbGUubWFwcy5wbGFjZXMudjEuUGxhY2VzLlNlYXJjaFRleHQQAhgEIAA,Monday: 8:00 AM – 5:00 PM; Tuesday: 8:00 AM – 7:00 PM; Wednesday: 8:00 AM – 5:00 PM; Thursday: 8:00 AM – 5:00 PM; Friday: 8:00 AM – 4:00 PM; Saturday: Closed; Sunday: Closed,dental_clinic,Wellington,Carterton,no_prices
Greytown Dental,"78 Main Street, Greytown 5712, New Zealand",06 304 8906,+64 6 304 8906,http://www.greytowndental.co.nz/,5,25,OPERATIONAL,https://maps.google.com/?cid=11352274117637036220&g_mp=Cidnb29nbGUubWFwcy5wbGFjZXMudjEuUGxhY2VzLlNlYXJjaFRleHQQAhgEIAA,Monday: 8:30 AM – 5:00 PM; Tuesday: 8:30 AM – 5:00 PM; Wednesday: 8:30 AM – 5:00 PM; Thursday: 8:30 AM – 5:00 PM; Friday: 8:30 AM – 5:00 PM; Saturday: Closed; Sunday: Closed,dental_clinic,Wellington,Greytown Wairarapa,no_prices
Martinborough Dental,"18 Kitchener Street, Martinborough 5711, New Zealand",06 306 6024,+64 6 306 6024,http://www.martinboroughdental.co.nz/,5,3,OPERATIONAL,https://maps.google.com/?cid=8547381696504957407&g_mp=Cidnb29nbGUubWFwcy5wbGFjZXMudjEuUGxhY2VzLlNlYXJjaFRleHQQAhgEIAA,Monday: 9:00 AM – 4:00 PM; Tuesday: 8:30 AM – 4:30 PM; Wednesday: 9:00 AM – 4:00 PM; Thursday: 9:00 AM – 4:00 PM; Friday: 8:30 AM – 4:30 PM; Saturday: Closed; Sunday: Closed,dental_clinic,Wellington,Martinborough,no_prices
Featherston Medical Centre,"14 Wakefield Street, Featherston 5710, New Zealand",06 308 9220,+64 6 308 9220,https://feathmed.co.nz/,4.5,10,OPERATIONAL,https://maps.google.com/?cid=7798059660917310156&g_mp=Cidnb29nbGUubWFwcy5wbGFjZXMudjEuUGxhY2VzLlNlYXJjaFRleHQQAhgEIAA,Monday: 8:00 AM – 7:00 PM; Tuesday: 8:00 AM – 5:00 PM; Wednesday: 8:00 AM – 5:00 PM; Thursday: 8:00 AM – 5:00 PM; Friday: 8:00 AM – 5:00 PM; Saturday: Closed; Sunday: Closed,dental_clinic,Wellington,Featherston Wairarapa,no_prices
FreshChoice Featherston,"43 Fitzherbert Street, Featherston 5710, New Zealand",06 308 9304,+64 6 308 9304,https://featherston.store.freshchoice.co.nz/,4.2,429,OPERATIONAL,https://maps.google.com/?cid=6690955178217830081&g_mp=Cidnb29nbGUubWFwcy5wbGFjZXMudjEuUGxhY2VzLlNlYXJjaFRleHQQAhgEIAA,Monday: 7:00 AM – 9:00 PM; Tuesday: 7:00 AM – 9:00 PM; Wednesday: 7:00 AM – 9:00 PM; Thursday: 7:00 AM – 9:00 PM; Friday: 7:00 AM – 9:00 PM; Saturday: 7:00 AM – 9:00 PM; Sunday: 7:00 AM – 9:00 PM,dental_clinic,Wellington,Featherston Wairarapa,no_prices
Pae tu Mokai Featherston Medical Limited,"Entrance at 14 Wakefield Street, Featherston 5710, New Zealand",06 308 9220,+64 6 308 9220,,3.8,5,OPERATIONAL,https://maps.google.com/?cid=14377802027401034470&g_mp=Cidnb29nbGUubWFwcy5wbGFjZXMudjEuUGxhY2VzLlNlYXJjaFRleHQQAhgEIAA,,dental_clinic,Wellington,Featherston Wairarapa,no_prices
Lang's Pharmacy,"33 Fitzherbert Street, Featherston 5710, New Zealand",06 308 9202,+64 6 308 9202,https://pharmacysolutions.nz/locations/langs-pharmacy/,4.6,16,OPERATIONAL,https://maps.google.com/?cid=5400057585136795541&g_mp=Cidnb29nbGUubWFwcy5wbGFjZXMudjEuUGxhY2VzLlNlYXJjaFRleHQQAhgEIAA,Monday: 9:00 AM – 5:00 PM; Tuesday: 9:00 AM – 5:00 PM; Wednesday: 9:00 AM – 5:00 PM; Thursday: 9:00 AM – 5:00 PM; Friday: 9:00 AM – 5:00 PM; Saturday: 9:30 AM – 12:00 PM; Sunday: Closed,dental_clinic,Wellington,Featherston Wairarapa,no_prices
Laser Clinics New Zealand - Featherston,"114 Featherston Street, Wellington Central, Wellington 6011, New Zealand",04 888 1391,+64 4 888 1391,https://www.laserclinicsnewzealand.co.nz/skin-care-clinic/featherston/?utm_source=google&utm_medium=organic&utm_campaign=Google%20My%20Business%20Page&utm_content=Featherston&utm_term=plcid_4438634238731522550,4.6,185,OPERATIONAL,https://maps.google.com/?cid=12188891852345670031&g_mp=Cidnb29nbGUubWFwcy5wbGFjZXMudjEuUGxhY2VzLlNlYXJjaFRleHQQAhgEIAA,Monday: 9:00 AM – 6:00 PM; Tuesday: 9:00 AM – 6:00 PM; Wednesday: 9:00 AM – 6:00 PM; Thursday: 9:00 AM – 7:00 PM; Friday: 9:00 AM – 7:00 PM; Saturday: 9:00 AM – 5:00 PM; Sunday: 10:00 AM – 4:00 PM,dental_clinic,Wellington,Featherston Wairarapa,no_prices
Greytown Medical Centre,"30 Bidwills Cutting Road, Greytown 5794, New Zealand",06 304 9012,+64 6 304 9012,https://greytownmedical.co.nz/,4.3,6,OPERATIONAL,https://maps.google.com/?cid=12206436395320218762&g_mp=Cidnb29nbGUubWFwcy5wbGFjZXMudjEuUGxhY2VzLlNlYXJjaFRleHQQAhgEIAA,Monday: 8:00 AM – 5:00 PM; Tuesday: 8:00 AM – 5:00 PM; Wednesday: 8:00 AM – 7:00 PM; Thursday: 8:00 AM – 5:00 PM; Friday: 8:00 AM – 5:00 PM; Saturday: Closed; Sunday: Closed,dental_clinic,Wellington,Featherston Wairarapa,no_prices
