name,address,phone_national,phone_international,website,rating,total_ratings,business_status,google_maps_url,opening_hours,category,region,town,price
.Ortho,"Ground Floor/31 Peach Parade, Remuera, Auckland 1050, New Zealand",09 520 0755,+64 9 520 0755,http://ortho.co.nz/,5,8,OPERATIONAL,https://maps.google.com/?cid=3355560511559941366&g_mp=Cidnb29nbGUubWFwcy5wbGFjZXMudjEuUGxhY2VzLlNlYXJjaFRleHQQAhgEIAA,Monday: 8:00 AM – 5:00 PM; Tuesday: 8:00 AM – 5:00 PM; Wednesday: 8:00 AM – 5:00 PM; Thursday: 8:00 AM – 5:00 PM; Friday: 8:00 AM – 5:00 PM; Saturday: Closed; Sunday: Closed,dental_clinic,Auckland,Remuera Auckland,no_prices
.Ortho Takapuna,"19 Como Street, Takapuna, Auckland 0622, New Zealand",09 520 0755,+64 9 520 0755,http://ortho.co.nz/,5,1,OPERATIONAL,https://maps.google.com/?cid=9141615188526290476&g_mp=Cidnb29nbGUubWFwcy5wbGFjZXMudjEuUGxhY2VzLlNlYXJjaFRleHQQAhgEIAA,Monday: 8:00 AM – 5:00 PM; Tuesday: 8:00 AM – 5:00 PM; Wednesday: 8:00 AM – 5:00 PM; Thursday: Closed; Friday: 8:00 AM – 5:00 PM; Saturday: Closed; Sunday: Closed,dental_clinic,Auckland,Takapuna Auckland,no_prices
175⁰ East,"11 Mason Road, Great Barrier Island, Auckland 0991, New Zealand",0210 284 4486,+64 210 284 4486,http://www.175east.nz/,5,1,OPERATIONAL,https://maps.google.com/?cid=12029782538548099913&g_mp=Cidnb29nbGUubWFwcy5wbGFjZXMudjEuUGxhY2VzLlNlYXJjaFRleHQQAhgEIAA,,dental_clinic,Auckland,Great Barrier Island Auckland,no_prices
A+ Dentists,"4 Fencible Chambers, Fencible Dr, Howick, Auckland 2014, New Zealand",09 534 7916,+64 9 534 7916,https://www.aplusdentists.co.nz/?utm_source=GBP&utm_medium=organic,5,143,OPERATIONAL,https://maps.google.com/?cid=17339804151110224848&g_mp=Cidnb29nbGUubWFwcy5wbGFjZXMudjEuUGxhY2VzLlNlYXJjaFRleHQQAhgEIAA,Monday: 9:00 AM – 5:00 PM; Tuesday: 9:00 AM – 5:00 PM; Wednesday: 9:00 AM – 5:00 PM; Thursday: 9:00 AM – 7:00 PM; Friday: 9:00 AM – 5:00 PM; Saturday: 9:00 AM – 3:00 PM; Sunday: Closed,dental_clinic,Auckland,Howick Auckland,no_prices
ARDS,"19 Oakway Drive, Schnapper Rock, Auckland 0632, New Zealand",09 415 2059,+64 9 415 2059,http://www.ards.co.nz/,,,OPERATIONAL,https://maps.google.com/?cid=4733833485531353163&g_mp=Cidnb29nbGUubWFwcy5wbGFjZXMudjEuUGxhY2VzLlNlYXJjaFRleHQQAhgEIAA,Monday: 8:00 AM – 4:30 PM; Tuesday: 8:00 AM – 4:30 PM; Wednesday: 8:00 AM – 4:30 PM; Thursday: 8:00 AM – 4:30 PM; Friday: 8:00 AM – 4:30 PM; Saturday: Closed; Sunday: Closed,dental_clinic,Auckland,Albany Auckland,no_prices
ARDS Childrens Dental Clinic Ponsonby,"33 Sheehan Street, Ponsonby, Auckland 1011, New Zealand",09 376 6327,+64 9 376 6327,http://www.ards.co.nz/,4.3,11,OPERATIONAL,https://maps.google.com/?cid=6816230319734341357&g_mp=Cidnb29nbGUubWFwcy5wbGFjZXMudjEuUGxhY2VzLlNlYXJjaFRleHQQAhgEIAA,Monday: 8:15 AM – 4:00 PM; Tuesday: 8:15 AM – 4:00 PM; Wednesday: 8:15 AM – 4:00 PM; Thursday: 8:15 AM – 4:00 PM; Friday: 8:15 AM – 4:00 PM; Saturday: Closed; Sunday: Closed,dental_clinic,Auckland,Ponsonby Auckland,no_prices
Accent Dentists - Cosmetic Dentist,"332 Ponsonby Road, Ponsonby, Auckland 1011, New Zealand",09 376 4374,+64 9 376 4374,http://www.accentdentists.co.nz/,5,320,OPERATIONAL,https://maps.google.com/?cid=13614376208500756646&g_mp=Cidnb29nbGUubWFwcy5wbGFjZXMudjEuUGxhY2VzLlNlYXJjaFRleHQQAhgEIAA,Monday: 8:00 AM – 5:30 PM; Tuesday: 8:00 AM – 5:30 PM; Wednesday: 8:00 AM – 5:00 PM; Thursday: 8:00 AM – 5:00 PM; Friday: 8:00 AM – 5:30 PM; Saturday: Closed; Sunday: Closed,dental_clinic,Auckland,Auckland CBD,some_prices
Adent dental,"Unit B/3 Matua Road, Kumeu, Huapai 0810, New Zealand",09 281 5005,+64 9 281 5005,http://www.adent.co.nz/,4.9,47,OPERATIONAL,https://maps.google.com/?cid=11316922993015096027&g_mp=Cidnb29nbGUubWFwcy5wbGFjZXMudjEuUGxhY2VzLlNlYXJjaFRleHQQAhgEIAA,,dental_clinic,Auckland,Huapai Auckland,no_prices
Advanced Dental Care Manurewa | Lumino The Dentists,"7 Hill Road, Manurewa, Auckland 2102, New Zealand",09 266 6423,+64 9 266 6423,https://lumino.co.nz/dentists/advanced-dental-care-manurewa/?utm_source=google_business_profile&utm_medium=organic,4.6,58,OPERATIONAL,https://maps.google.com/?cid=10684109826228048960&g_mp=Cidnb29nbGUubWFwcy5wbGFjZXMudjEuUGxhY2VzLlNlYXJjaFRleHQQAhgEIAA,Monday: 9:00 AM – 5:30 PM; Tuesday: 9:00 AM – 5:00 PM; Wednesday: 9:00 AM – 6:00 PM; Thursday: 9:00 AM – 6:00 PM; Friday: 9:00 AM – 4:30 PM; Saturday: 9:00 AM – 1:00 PM; Sunday: Closed,dental_clinic,Auckland,Manurewa Auckland,some_prices
Aevitas Dentistry,"106 Carlton Gore Road, Newmarket, Auckland 1023, New Zealand",09 368 9229,+64 9 368 9229,https://www.aevitasnewmarketdentist.co.nz/,4.4,31,OPERATIONAL,https://maps.google.com/?cid=15044934369241751261&g_mp=Cidnb29nbGUubWFwcy5wbGFjZXMudjEuUGxhY2VzLlNlYXJjaFRleHQQAhgEIAA,Monday: 8:00 AM – 5:00 PM; Tuesday: 8:00 AM – 5:00 PM; Wednesday: 8:00 AM – 5:00 PM; Thursday: 8:00 AM – 5:00 PM; Friday: 8:00 AM – 3:30 PM; Saturday: Closed; Sunday: Closed,dental_clinic,Auckland,Newmarket Auckland,no_prices
Affordable Dentist Te Atatu,"269 Te Atatu Road, TeAtatu, Auckland 0610, New Zealand",09 834 9094,+64 9 834 9094,https://www.affordabledentists.co.nz/,5,436,OPERATIONAL,https://maps.google.com/?cid=11534749650832350081&g_mp=Cidnb29nbGUubWFwcy5wbGFjZXMudjEuUGxhY2VzLlNlYXJjaFRleHQQAhgEIAA,Monday: 9:00 AM – 5:00 PM; Tuesday: 9:00 AM – 5:00 PM; Wednesday: 9:00 AM – 5:00 PM; Thursday: 9:00 AM – 6:00 PM; Friday: 9:00 AM – 5:00 PM; Saturday: 9:00 AM – 4:00 PM; Sunday: Closed,dental_clinic,Auckland,Henderson Auckland,some_prices
Affordable Dentists Ellerslie,"2/2 Robert Street, Ellerslie, Auckland 1051, New Zealand",09 525 5913,+64 9 525 5913,https://affordabledentists.co.nz/,5,411,OPERATIONAL,https://maps.google.com/?cid=14989230122893064217&g_mp=Cidnb29nbGUubWFwcy5wbGFjZXMudjEuUGxhY2VzLlNlYXJjaFRleHQQAhgEIAA,Monday: 9:00 AM – 5:00 PM; Tuesday: 8:30 AM – 6:30 PM; Wednesday: 8:00 AM – 5:00 PM; Thursday: 8:00 AM – 6:00 PM; Friday: 8:00 AM – 4:00 PM; Saturday: Closed; Sunday: Closed,dental_clinic,Auckland,Auckland CBD,some_prices
Affordable Denture Clinic Remuera,"2/137 Abbotts Way, Remuera, Auckland 0510, New Zealand",09 217 3068,+64 9 217 3068,https://www.affordabledentures.co.nz/,,,OPERATIONAL,https://maps.google.com/?cid=587470165468346967&g_mp=Cidnb29nbGUubWFwcy5wbGFjZXMudjEuUGxhY2VzLlNlYXJjaFRleHQQAhgEIAA,Monday: 10:00 AM – 6:30 PM; Tuesday: 10:00 AM – 6:30 PM; Wednesday: 10:00 AM – 6:30 PM; Thursday: 10:00 AM – 6:30 PM; Friday: 10:00 AM – 6:30 PM; Saturday: Closed; Sunday: Closed,dental_clinic,Auckland,Remuera Auckland,no_prices
Airport Dental Services,"3/400 George Bolt Memorial Drive, Māngere, Auckland 2022, New Zealand",,,,4.3,7,OPERATIONAL,https://maps.google.com/?cid=5218585972801610069&g_mp=Cidnb29nbGUubWFwcy5wbGFjZXMudjEuUGxhY2VzLlNlYXJjaFRleHQQAhgEIAA,,dental_clinic,Auckland,Mangere Auckland,no_prices
Airport Oaks Dental Centre,"149 b Kirkbride Road, Māngere, Auckland 2022, New Zealand",09 275 6660,+64 9 275 6660,https://airportoaksdental.co.nz/,4.1,42,OPERATIONAL,https://maps.google.com/?cid=12259447028995497217&g_mp=Cidnb29nbGUubWFwcy5wbGFjZXMudjEuUGxhY2VzLlNlYXJjaFRleHQQAhgEIAA,Monday: 8:30 AM – 5:00 PM; Tuesday: 8:30 AM – 5:00 PM; Wednesday: 8:30 AM – 5:00 PM; Thursday: 8:30 AM – 7:00 PM; Friday: 8:30 AM – 5:00 PM; Saturday: 8:30 AM – 2:00 PM; Sunday: Closed,dental_clinic,Auckland,Mangere Auckland,no_prices
Alba Smile Lounge,"7 Queen Street Shop 9a Level 2 Commercial Bay, Auckland CBD, Auckland 1010, New Zealand",09 869 6396,+64 9 869 6396,http://www.albasmilelounge.co.nz/,5,43,OPERATIONAL,https://maps.google.com/?cid=7302547182968925351&g_mp=Cidnb29nbGUubWFwcy5wbGFjZXMudjEuUGxhY2VzLlNlYXJjaFRleHQQAhgEIAA,Monday: 10:00 AM – 6:00 PM; Tuesday: 10:00 AM – 6:00 PM; Wednesday: 10:00 AM – 6:00 PM; Thursday: 10:00 AM – 7:00 PM; Friday: 10:00 AM – 7:00 PM; Saturday: 10:00 AM – 7:00 PM; Sunday: 10:00 AM – 5:00 PM,dental_clinic,Auckland,Auckland CBD,no_prices
Albany Central Dental,"3/287 Oteha Valley Road, Albany, Auckland 0632, New Zealand",09 415 9090,+64 9 415 9090,http://www.albanycentraldental.co.nz/,4.3,22,OPERATIONAL,https://maps.google.com/?cid=9703801254528081219&g_mp=Cidnb29nbGUubWFwcy5wbGFjZXMudjEuUGxhY2VzLlNlYXJjaFRleHQQAhgEIAA,Monday: 8:30 AM – 5:30 PM; Tuesday: 8:30 AM – 5:30 PM; Wednesday: 8:30 AM – 5:30 PM; Thursday: 8:30 AM – 5:30 PM; Friday: 8:30 AM – 5:30 PM; Saturday: Closed; Sunday: Closed,dental_clinic,Auckland,Albany Auckland,no_prices
Albany Dental,"Unit L/4 Antares Place, Albany, Auckland 0632, New Zealand",09 443 7007,+64 9 443 7007,http://www.albanydental.co.nz/,4.9,47,OPERATIONAL,https://maps.google.com/?cid=4444961458284051184&g_mp=Cidnb29nbGUubWFwcy5wbGFjZXMudjEuUGxhY2VzLlNlYXJjaFRleHQQAhgEIAA,Monday: 8:00 AM – 7:00 PM; Tuesday: 8:00 AM – 7:00 PM; Wednesday: 7:30 AM – 3:30 PM; Thursday: 9:00 AM – 6:30 PM; Friday: 9:00 AM – 3:00 PM; Saturday: Closed; Sunday: Closed,dental_clinic,Auckland,Albany Auckland,no_prices
Albany Dental Surgery,"13/231 Dairy Flat Highway, Albany, Auckland 0632, New Zealand",09 415 9377,+64 9 415 9377,http://www.albanydentalsurgery.co.nz/,4.6,12,OPERATIONAL,https://maps.google.com/?cid=1057800145297319200&g_mp=Cidnb29nbGUubWFwcy5wbGFjZXMudjEuUGxhY2VzLlNlYXJjaFRleHQQAhgEIAA,Monday: 8:30 AM – 6:00 PM; Tuesday: 8:30 AM – 5:00 PM; Wednesday: 8:30 AM – 6:00 PM; Thursday: 8:30 AM – 5:00 PM; Friday: 9:00 AM – 2:00 PM; Saturday: 9:00 AM – 2:00 PM; Sunday: Closed,dental_clinic,Auckland,Albany Auckland,no_prices
Albany Mega Centre Dental,"75 Corinthian Drive, Albany, North Shore 0632, New Zealand",09 415 0828,+64 9 415 0828,http://albanydentist.co.nz/,4.9,65,OPERATIONAL,https://maps.google.com/?cid=5569261972356111222&g_mp=Cidnb29nbGUubWFwcy5wbGFjZXMudjEuUGxhY2VzLlNlYXJjaFRleHQQAhgEIAA,Monday: 9:00 AM – 4:00 PM; Tuesday: 9:00 AM – 4:00 PM; Wednesday: 10:00 AM – 2:00 PM; Thursday: 9:00 AM – 6:00 PM; Friday: 8:00 AM – 1:00 PM; Saturday: Closed; Sunday: Closed,dental_clinic,Auckland,Albany Auckland,no_prices
Albany Village Dental,"C3/210 Dairy Flat Highway, Albany, Auckland 0632, New Zealand",09 448 2289,+64 9 448 2289,http://albanyvillagedental.co.nz/,4.8,67,OPERATIONAL,https://maps.google.com/?cid=5811049122836808394&g_mp=Cidnb29nbGUubWFwcy5wbGFjZXMudjEuUGxhY2VzLlNlYXJjaFRleHQQAhgEIAA,Monday: 9:00 AM – 6:00 PM; Tuesday: 9:00 AM – 5:00 PM; Wednesday: 9:00 AM – 6:00 PM; Thursday: 9:00 AM – 6:00 PM; Friday: 9:00 AM – 6:00 PM; Saturday: 9:00 AM – 3:00 PM; Sunday: Closed,dental_clinic,Auckland,Albany Auckland,no_prices
Albany children’s community dental clinic,"19 Oakway Drive, Schnapper Rock, Auckland 0632, New Zealand",09 415 2059,+64 9 415 2059,,3.6,10,OPERATIONAL,https://maps.google.com/?cid=4643095966613784989&g_mp=Cidnb29nbGUubWFwcy5wbGFjZXMudjEuUGxhY2VzLlNlYXJjaFRleHQQAhgEIAA,,dental_clinic,Auckland,Albany Auckland,no_prices
All Health Medical,"15d Paul Matthews Road, Rosedale, Auckland 0632, New Zealand",09 393 6312,+64 9 393 6312,https://allhealthmedical.co.nz/,5,1,OPERATIONAL,https://maps.google.com/?cid=6056717306219433436&g_mp=Cidnb29nbGUubWFwcy5wbGFjZXMudjEuUGxhY2VzLlNlYXJjaFRleHQQAhgEIAA,Monday: 9:00 AM – 5:00 PM; Tuesday: 9:00 AM – 5:00 PM; Wednesday: 9:00 AM – 5:00 PM; Thursday: 9:00 AM – 5:00 PM; Friday: 9:00 AM – 5:00 PM; Saturday: Closed; Sunday: Closed,dental_clinic,Auckland,Unsworth Heights Auckland,no_prices
All Smiles Dental,"395 Dominion Road, Mount Eden, Auckland 1024, New Zealand",0800 255 764,+64 800 255 764,https://www.allsmilesdental.co.nz/,4.7,125,OPERATIONAL,https://maps.google.com/?cid=8636597755643485662&g_mp=Cidnb29nbGUubWFwcy5wbGFjZXMudjEuUGxhY2VzLlNlYXJjaFRleHQQAhgEIAA,Monday: 9:00 AM – 8:00 PM; Tuesday: 9:00 AM – 8:00 PM; Wednesday: 8:00 AM – 4:00 PM; Thursday: 8:00 AM – 8:00 PM; Friday: 8:00 AM – 3:00 PM; Saturday: Closed; Sunday: Closed,dental_clinic,Auckland,Mount Eden Auckland,some_prices
All on X Dental Implants,"Level 3/79 Queen Street, Auckland CBD, Auckland 1010, New Zealand",09 379 0296,+64 9 379 0296,http://allonxdentalimplants.co.nz/?utm_source=gmb,5,3,OPERATIONAL,https://maps.google.com/?cid=9960434826105701095&g_mp=Cidnb29nbGUubWFwcy5wbGFjZXMudjEuUGxhY2VzLlNlYXJjaFRleHQQAhgEIAA,Monday: 9:00 AM – 5:00 PM; Tuesday: 9:00 AM – 5:00 PM; Wednesday: 9:00 AM – 5:00 PM; Thursday: 9:00 AM – 5:00 PM; Friday: 9:00 AM – 5:00 PM; Saturday: Closed; Sunday: Closed,dental_clinic,Auckland,Auckland CBD,no_prices
Alpers Dental Epsom,"Level 3/24 Manukau Road, Epsom, Auckland 1023, New Zealand",09 524 5056,+64 9 524 5056,https://www.alpersdental.co.nz/?utm_source=google&utm_medium=gbp&utm_campaign=google_business,4.8,354,OPERATIONAL,https://maps.google.com/?cid=12327266266374039105&g_mp=Cidnb29nbGUubWFwcy5wbGFjZXMudjEuUGxhY2VzLlNlYXJjaFRleHQQAhgEIAA,Monday: 8:00 AM – 5:00 PM; Tuesday: 8:00 AM – 5:00 PM; Wednesday: 8:00 AM – 5:00 PM; Thursday: 8:00 AM – 5:00 PM; Friday: 8:00 AM – 4:00 PM; Saturday: Closed; Sunday: Closed,dental_clinic,Auckland,Remuera Auckland,no_prices
Aluro Healthcare NZ,"36 Arrenway Drive, Mairangi Bay, Auckland 0632, New Zealand",09 477 0285,+64 9 477 0285,https://www.aluro.co.nz/,5,6,OPERATIONAL,https://maps.google.com/?cid=1971419407047170749&g_mp=Cidnb29nbGUubWFwcy5wbGFjZXMudjEuUGxhY2VzLlNlYXJjaFRleHQQAhgEIAA,Monday: 8:00 AM – 5:00 PM; Tuesday: 8:00 AM – 5:00 PM; Wednesday: 8:00 AM – 5:00 PM; Thursday: 8:00 AM – 5:00 PM; Friday: 8:00 AM – 5:00 PM; Saturday: Closed; Sunday: Closed,dental_clinic,Auckland,Unsworth Heights Auckland,no_prices
Andrew Grayson,"Ground Floor/73 Symonds Street, Grafton, Auckland 1010, New Zealand",09 379 7380,+64 9 379 7380,http://www.justsmile.co.nz/,4,3,OPERATIONAL,https://maps.google.com/?cid=8828917427223522665&g_mp=Cidnb29nbGUubWFwcy5wbGFjZXMudjEuUGxhY2VzLlNlYXJjaFRleHQQAhgEIAA,Monday: 7:30 AM – 4:00 PM; Tuesday: 7:30 AM – 4:00 PM; Wednesday: 7:30 AM – 2:30 PM; Thursday: 7:30 AM – 6:00 PM; Friday: 8:30 AM – 2:00 PM; Saturday: Closed; Sunday: Closed,dental_clinic,Auckland,Auckland CBD,some_prices
Annabelle Dental Studio.,"3/65 Bellevue Road, Mount Eden, Auckland 1024, New Zealand",021 517 333,+64 21 517 333,https://www.annabelledental.co.nz/,5,4,OPERATIONAL,https://maps.google.com/?cid=12006621758852981282&g_mp=Cidnb29nbGUubWFwcy5wbGFjZXMudjEuUGxhY2VzLlNlYXJjaFRleHQQAhgEIAA,Monday: Closed; Tuesday: 9:00 AM – 5:00 PM; Wednesday: 9:00 AM – 5:00 PM; Thursday: 9:00 AM – 5:00 PM; Friday: 9:00 AM – 5:00 PM; Saturday: 9:00 AM – 5:00 PM; Sunday: Closed,dental_clinic,Auckland,Kingsland Auckland,no_prices
Anzac St Dental Centre,"Anzac Street, Takapuna, Auckland 0622, New Zealand",09 489 6078,+64 9 489 6078,,,,OPERATIONAL,https://maps.google.com/?cid=4058051488260837494&g_mp=Cidnb29nbGUubWFwcy5wbGFjZXMudjEuUGxhY2VzLlNlYXJjaFRleHQQAhgEIAA,,dental_clinic,Auckland,Takapuna Auckland,no_prices
Apex Dental,"9 Victoria Street East, Auckland CBD, Auckland 1010, New Zealand",09 379 0149,+64 9 379 0149,http://www.apexdental.co.nz/?utm_source=google-business&utm_medium=organic,4.1,92,OPERATIONAL,https://maps.google.com/?cid=14802504832134981126&g_mp=Cidnb29nbGUubWFwcy5wbGFjZXMudjEuUGxhY2VzLlNlYXJjaFRleHQQAhgEIAA,Monday: 9:30 AM – 5:00 PM; Tuesday: 9:30 AM – 5:00 PM; Wednesday: 9:30 AM – 3:00 PM; Thursday: 9:30 AM – 5:00 PM; Friday: 9:30 AM – 2:00 PM; Saturday: 9:00 AM – 1:00 PM; Sunday: 9:00 AM – 1:00 PM,dental_clinic,Auckland,Auckland CBD,no_prices
Appearance Dentistry,"190 King Street, Pukekohe 2120, New Zealand",09 238 2089,+64 9 238 2089,,,,OPERATIONAL,https://maps.google.com/?cid=9656444667845275062&g_mp=Cidnb29nbGUubWFwcy5wbGFjZXMudjEuUGxhY2VzLlNlYXJjaFRleHQQAhgEIAA,,dental_clinic,Auckland,Pukekohe,no_prices
Ardmore Dental,"63 Creightons Road, Papakura, Clevedon 2582, New Zealand",09 292 3044,+64 9 292 3044,http://www.ardmoredental.co.nz/,4.6,71,OPERATIONAL,https://maps.google.com/?cid=14453823005769197991&g_mp=Cidnb29nbGUubWFwcy5wbGFjZXMudjEuUGxhY2VzLlNlYXJjaFRleHQQAhgEIAA,Monday: 8:30 AM – 5:30 PM; Tuesday: 8:30 AM – 5:30 PM; Wednesday: 8:30 AM – 5:30 PM; Thursday: 8:30 AM – 5:30 PM; Friday: 8:30 AM – 5:30 PM; Saturday: Closed; Sunday: Closed,dental_clinic,Auckland,Papakura,no_prices
Auburn Dental Care,"16 Auburn Street, Takapuna, Auckland 0622, New Zealand",09 488 7373,+64 9 488 7373,http://www.dentist.co.nz/dentist-detail/auckland/auburn-dental-care/A11007006,5,3,OPERATIONAL,https://maps.google.com/?cid=1184193975966410598&g_mp=Cidnb29nbGUubWFwcy5wbGFjZXMudjEuUGxhY2VzLlNlYXJjaFRleHQQAhgEIAA,Monday: 8:00 AM – 5:00 PM; Tuesday: 8:00 AM – 5:00 PM; Wednesday: 8:00 AM – 1:00 PM; Thursday: 8:00 AM – 5:00 PM; Friday: 8:00 AM – 4:00 PM; Saturday: Closed; Sunday: Closed,dental_clinic,Auckland,Takapuna Auckland,no_prices
Auckland Central | Lumino The Dentists,"1, Aon Centre 1/29 Customs Street West, Auckland CBD, Auckland 1010, New Zealand",09 373 4962,+64 9 373 4962,https://lumino.co.nz/dentists/auckland-central/?utm_source=google_business_profile&utm_medium=organic,4.4,77,OPERATIONAL,https://maps.google.com/?cid=10180160457789129981&g_mp=Cidnb29nbGUubWFwcy5wbGFjZXMudjEuUGxhY2VzLlNlYXJjaFRleHQQAhgEIAA,Monday: 7:00 AM – 6:30 PM; Tuesday: 7:00 AM – 8:00 PM; Wednesday: 7:00 AM – 8:00 PM; Thursday: 7:00 AM – 8:00 PM; Friday: 7:00 AM – 5:00 PM; Saturday: 8:30 AM – 3:00 PM; Sunday: Closed,dental_clinic,Auckland,Auckland CBD,some_prices
Auckland City Dentist,"87 Queen Street, Auckland CBD, Auckland 1010, New Zealand",09 373 2456,+64 9 373 2456,http://www.aucklandcitydentist.co.nz/,4.8,6,OPERATIONAL,https://maps.google.com/?cid=17414106471509090751&g_mp=Cidnb29nbGUubWFwcy5wbGFjZXMudjEuUGxhY2VzLlNlYXJjaFRleHQQAhgEIAA,Monday: 8:00 AM – 5:00 PM; Tuesday: 8:00 AM – 5:00 PM; Wednesday: 8:00 AM – 5:00 PM; Thursday: 8:00 AM – 5:00 PM; Friday: 8:00 AM – 5:00 PM; Saturday: Closed; Sunday: Closed,dental_clinic,Auckland,Auckland CBD,no_prices
Auckland City Orthodontics CBD,"2/79 Queen Street, Auckland CBD, Auckland 1010, New Zealand",09 377 7607,+64 9 377 7607,https://www.aucklandcityorthodontics.co.nz/book-a-free-consultation?utm_source=google&utm_medium=local&utm_campaign=1&utm_content=primary,5,204,OPERATIONAL,https://maps.google.com/?cid=14139973009277689064&g_mp=Cidnb29nbGUubWFwcy5wbGFjZXMudjEuUGxhY2VzLlNlYXJjaFRleHQQAhgEIAA,Monday: 9:00 AM – 5:00 PM; Tuesday: 9:00 AM – 6:00 PM; Wednesday: 9:00 AM – 5:00 PM; Thursday: 8:00 AM – 5:00 PM; Friday: 9:00 AM – 1:00 PM; Saturday: Closed; Sunday: Closed,dental_clinic,Auckland,Auckland CBD,no_prices
Auckland City Orthodontics Remuera,"1/333 Remuera Road, Remuera, Auckland 1050, New Zealand",09 666 4047,+64 9 666 4047,https://www.aucklandcityorthodontics.co.nz/book-a-free-consultation?utm_source=google&utm_medium=local&utm_campaign=1&utm_content=primary,5,1,OPERATIONAL,https://maps.google.com/?cid=10239727681483785683&g_mp=Cidnb29nbGUubWFwcy5wbGFjZXMudjEuUGxhY2VzLlNlYXJjaFRleHQQAhgEIAA,Monday: 9:00 AM – 5:00 PM; Tuesday: Closed; Wednesday: Closed; Thursday: Closed; Friday: 9:00 AM – 4:30 PM; Saturday: Closed; Sunday: Closed,dental_clinic,Auckland,Remuera Auckland,no_prices
Auckland Dental Care,"Ground Floor/9 Anzac Street, Takapuna, Auckland 0622, New Zealand",09 869 3500,+64 9 869 3500,https://akldentalcare.co.nz/,5,168,OPERATIONAL,https://maps.google.com/?cid=8483800186981424611&g_mp=Cidnb29nbGUubWFwcy5wbGFjZXMudjEuUGxhY2VzLlNlYXJjaFRleHQQAhgEIAA,Monday: 8:30 AM – 5:30 PM; Tuesday: 8:30 AM – 5:30 PM; Wednesday: 8:30 AM – 6:00 PM; Thursday: 8:30 AM – 8:00 PM; Friday: 8:30 AM – 6:00 PM; Saturday: 8:30 AM – 2:00 PM; Sunday: Closed,dental_clinic,Auckland,Auckland CBD,no_prices
"Auckland Dental Facility, University of Otago","5d Browns Road, Manurewa, Auckland 2102, New Zealand",0800 866 840,+64 800 866 840,https://www.otago.ac.nz/dentistry/patient-services/auckland/,4.5,17,OPERATIONAL,https://maps.google.com/?cid=13804240642974220087&g_mp=Cidnb29nbGUubWFwcy5wbGFjZXMudjEuUGxhY2VzLlNlYXJjaFRleHQQAhgEIAA,Monday: 8:30 AM – 4:30 PM; Tuesday: 8:30 AM – 4:30 PM; Wednesday: 8:30 AM – 4:30 PM; Thursday: 8:30 AM – 4:30 PM; Friday: 8:30 AM – 4:30 PM; Saturday: Closed; Sunday: Closed,dental_clinic,Auckland,Manurewa Auckland,no_prices
Auckland Dental School,"5d Browns Road, Manurewa, Auckland 2102, New Zealand",,,,3.7,3,OPERATIONAL,https://maps.google.com/?cid=7728179178925618160&g_mp=Cidnb29nbGUubWFwcy5wbGFjZXMudjEuUGxhY2VzLlNlYXJjaFRleHQQAhgEIAA,,dental_clinic,Auckland,Wiri Auckland,no_prices
Auckland Family Dental: Milford,"2 Dodson Avenue, Milford, Auckland 0620, New Zealand",09 489 8354,+64 9 489 8354,http://www.milfordfamilydental.co.nz/,4.9,321,OPERATIONAL,https://maps.google.com/?cid=17939906217089051217&g_mp=Cidnb29nbGUubWFwcy5wbGFjZXMudjEuUGxhY2VzLlNlYXJjaFRleHQQAhgEIAA,Monday: 8:00 AM – 7:00 PM; Tuesday: 8:00 AM – 7:00 PM; Wednesday: 8:00 AM – 7:00 PM; Thursday: 8:00 AM – 7:00 PM; Friday: 8:00 AM – 7:00 PM; Saturday: 8:00 AM – 4:00 PM; Sunday: Closed,dental_clinic,Auckland,Kingsland Auckland,no_prices
Auckland Family Dental: New Lynn Dental Care,"14 Delta Avenue, New Lynn, Auckland 0600, New Zealand",09 827 1664,+64 9 827 1664,https://www.newlynndental.co.nz/,4.9,110,OPERATIONAL,https://maps.google.com/?cid=16045998191917326808&g_mp=Cidnb29nbGUubWFwcy5wbGFjZXMudjEuUGxhY2VzLlNlYXJjaFRleHQQAhgEIAA,Monday: 9:00 AM – 5:30 PM; Tuesday: 9:00 AM – 5:00 PM; Wednesday: 9:00 AM – 5:00 PM; Thursday: 10:00 AM – 7:00 PM; Friday: 9:00 AM – 6:00 PM; Saturday: Closed; Sunday: Closed,dental_clinic,Auckland,Kingsland Auckland,no_prices
Auckland Family Dental: Parnell Dentistry,"Suite A/177 Parnell Road, Parnell, Auckland 1052, New Zealand",09 379 0709,+64 9 379 0709,http://www.parnelldentistry.co.nz/,4.9,206,OPERATIONAL,https://maps.google.com/?cid=11716847205175487420&g_mp=Cidnb29nbGUubWFwcy5wbGFjZXMudjEuUGxhY2VzLlNlYXJjaFRleHQQAhgEIAA,Monday: 8:00 AM – 7:00 PM; Tuesday: 8:00 AM – 5:00 PM; Wednesday: 7:30 AM – 6:30 PM; Thursday: 8:00 AM – 7:00 PM; Friday: 8:00 AM – 4:30 PM; Saturday: 9:00 AM – 4:30 PM; Sunday: Closed,dental_clinic,Auckland,Auckland CBD,no_prices
Auckland Family Dental: Southern Care Dental,"652 Great South Road, Manukau City Centre, Auckland 2104, New Zealand",09 215 2030,+64 9 215 2030,http://www.southerncaredental.co.nz/,4.5,84,OPERATIONAL,https://maps.google.com/?cid=10508157223991850295&g_mp=Cidnb29nbGUubWFwcy5wbGFjZXMudjEuUGxhY2VzLlNlYXJjaFRleHQQAhgEIAA,Monday: 9:00 AM – 5:00 PM; Tuesday: 9:00 AM – 5:00 PM; Wednesday: 9:00 AM – 5:00 PM; Thursday: 9:00 AM – 7:00 PM; Friday: 9:00 AM – 5:00 PM; Saturday: Closed; Sunday: Closed,dental_clinic,Auckland,Kingsland Auckland,no_prices
Auckland Oral & Maxillofacial Surgery Group,"Ground floor, Auckland CBD, Auckland 1010, New Zealand",09 369 5566,+64 9 369 5566,http://www.aoms.co.nz/,4.6,60,OPERATIONAL,https://maps.google.com/?cid=11509180428197789601&g_mp=Cidnb29nbGUubWFwcy5wbGFjZXMudjEuUGxhY2VzLlNlYXJjaFRleHQQAhgEIAA,Monday: 8:00 AM – 5:00 PM; Tuesday: 8:00 AM – 5:00 PM; Wednesday: 8:00 AM – 5:00 PM; Thursday: 8:00 AM – 5:00 PM; Friday: 8:00 AM – 4:00 PM; Saturday: Closed; Sunday: Closed,dental_clinic,Auckland,Auckland CBD,no_prices
Auckland Periodontics and Implants - Takapuna,"39 Taharoto Road, Takapuna, Auckland 0622, New Zealand",09 869 2284,+64 9 869 2284,https://www.perioodontics.co.nz/,,,OPERATIONAL,https://maps.google.com/?cid=5562161405928996021&g_mp=Cidnb29nbGUubWFwcy5wbGFjZXMudjEuUGxhY2VzLlNlYXJjaFRleHQQAhgEIAA,Monday: Closed; Tuesday: 8:00 AM – 4:30 PM; Wednesday: 8:00 AM – 5:00 PM; Thursday: 8:00 AM – 5:00 PM; Friday: Closed; Saturday: Closed; Sunday: Closed,dental_clinic,Auckland,Takapuna Auckland,no_prices
Auckland Regional Dental Service,"55-75 Lincoln Road, Henderson, Auckland 0610, New Zealand",0800 825 583,+64 800 825 583,http://www.ards.co.nz/,3.3,10,OPERATIONAL,https://maps.google.com/?cid=7582047447351972403&g_mp=Cidnb29nbGUubWFwcy5wbGFjZXMudjEuUGxhY2VzLlNlYXJjaFRleHQQAhgEIAA,Monday: 8:00 AM – 4:30 PM; Tuesday: 8:00 AM – 4:30 PM; Wednesday: 8:00 AM – 4:30 PM; Thursday: 8:00 AM – 4:30 PM; Friday: 8:00 AM – 4:30 PM; Saturday: Closed; Sunday: Closed,dental_clinic,Auckland,Karangahape Road Auckland,no_prices
Auckland dentists,"King Street, Pukekohe 2120, New Zealand",09 238 6490,+64 9 238 6490,https://www.aucklanddentistlocalityguide.co.nz/,,,OPERATIONAL,https://maps.google.com/?cid=14960288499873777862&g_mp=Cidnb29nbGUubWFwcy5wbGFjZXMudjEuUGxhY2VzLlNlYXJjaFRleHQQAhgEIAA,,dental_clinic,Auckland,Pukekohe,no_prices
AucklandPerio,"3 Ely Avenue, Remuera, Auckland 1050, New Zealand",09 520 3003,+64 9 520 3003,https://www.aucklandperio.co.nz/,4.2,5,OPERATIONAL,https://maps.google.com/?cid=18184020945635775609&g_mp=Cidnb29nbGUubWFwcy5wbGFjZXMudjEuUGxhY2VzLlNlYXJjaFRleHQQAhgEIAA,Monday: 8:00 AM – 5:00 PM; Tuesday: 8:00 AM – 5:00 PM; Wednesday: 8:00 AM – 5:00 PM; Thursday: 8:00 AM – 5:00 PM; Friday: 8:00 AM – 5:00 PM; Saturday: Closed; Sunday: Closed,dental_clinic,Auckland,Newmarket Auckland,no_prices
Avondale Dental,"1875 Great North Road, Avondale, Auckland 1026, New Zealand",09 828 5786,+64 9 828 5786,https://www.avondaledental.co.nz/,4.7,94,OPERATIONAL,https://maps.google.com/?cid=11521181252217385807&g_mp=Cidnb29nbGUubWFwcy5wbGFjZXMudjEuUGxhY2VzLlNlYXJjaFRleHQQAhgEIAA,Monday: 8:00 AM – 5:00 PM; Tuesday: 8:00 AM – 5:00 PM; Wednesday: 8:00 AM – 6:00 PM; Thursday: 8:00 AM – 5:00 PM; Friday: 8:00 AM – 5:00 PM; Saturday: Closed; Sunday: Closed,dental_clinic,Auckland,Avondale Auckland,no_prices
Avondale Dental Centre,"72 Rosebank Road, Avondale, Auckland 1026, New Zealand",09 828 7484,+64 9 828 7484,https://www.avondale-dental-centre.co.nz/?utm_source=local&utm_medium=organic&utm_campaign=GBP_home&utm_term=home,4.4,81,OPERATIONAL,https://maps.google.com/?cid=15678769786191145055&g_mp=Cidnb29nbGUubWFwcy5wbGFjZXMudjEuUGxhY2VzLlNlYXJjaFRleHQQAhgEIAA,Monday: 8:00 AM – 6:00 PM; Tuesday: 8:00 AM – 5:00 PM; Wednesday: 8:00 AM – 5:00 PM; Thursday: 8:00 AM – 6:00 PM; Friday: 8:00 AM – 5:00 PM; Saturday: Closed; Sunday: Closed,dental_clinic,Auckland,Avondale Auckland,no_prices
Avondale Intermediate Children's Community Dental Clinic,"12 Holly Street, Avondale, Auckland 1026, New Zealand",09 828 8829,+64 9 828 8829,,5,2,OPERATIONAL,https://maps.google.com/?cid=2702782531283885880&g_mp=Cidnb29nbGUubWFwcy5wbGFjZXMudjEuUGxhY2VzLlNlYXJjaFRleHQQAhgEIAA,Monday: 8:00 AM – 4:30 PM; Tuesday: 8:00 AM – 4:30 PM; Wednesday: 8:00 AM – 4:30 PM; Thursday: 8:00 AM – 4:30 PM; Friday: 8:00 AM – 4:30 PM; Saturday: Closed; Sunday: Closed,dental_clinic,Auckland,Avondale Auckland,no_prices
BHBInt Children's Community Dental Clinic,"12 Castlewood Grove, Blockhouse Bay, Auckland 0600, New Zealand",09 627 0019,+64 9 627 0019,,3.3,8,OPERATIONAL,https://maps.google.com/?cid=11533572008858674161&g_mp=Cidnb29nbGUubWFwcy5wbGFjZXMudjEuUGxhY2VzLlNlYXJjaFRleHQQAhgEIAA,,dental_clinic,Auckland,Blockhouse Bay Auckland,no_prices
Baker Allen T,"134 Remuera Road, Remuera, Auckland 1050, New Zealand",,,,5,1,OPERATIONAL,https://maps.google.com/?cid=17486106306674567677&g_mp=Cidnb29nbGUubWFwcy5wbGFjZXMudjEuUGxhY2VzLlNlYXJjaFRleHQQAhgEIAA,,dental_clinic,Auckland,Remuera Auckland,no_prices
Bakerfield Medical & Urgent Care Clinic,"16A Bakerfield Place, Manukau City Centre, Auckland 2104, New Zealand",09 263 7770,+64 9 263 7770,https://www.bakerfield.co.nz/,3.5,710,OPERATIONAL,https://maps.google.com/?cid=14997638015576239129&g_mp=Cidnb29nbGUubWFwcy5wbGFjZXMudjEuUGxhY2VzLlNlYXJjaFRleHQQAhgEIAA,Monday: 8:00 AM – 8:00 PM; Tuesday: 8:00 AM – 8:00 PM; Wednesday: 8:00 AM – 8:00 PM; Thursday: 8:00 AM – 8:00 PM; Friday: 8:00 AM – 8:00 PM; Saturday: 8:00 AM – 8:00 PM; Sunday: 8:00 AM – 8:00 PM,dental_clinic,Auckland,Manukau Auckland,no_prices
Balmoral Dental Centre,"651 Dominion Road, Mount Eden, Auckland 1041, New Zealand",09 630 0205,+64 9 630 0205,https://www.balmoraldentalcentre.co.nz/,4.8,37,OPERATIONAL,https://maps.google.com/?cid=15427241976235797061&g_mp=Cidnb29nbGUubWFwcy5wbGFjZXMudjEuUGxhY2VzLlNlYXJjaFRleHQQAhgEIAA,Monday: 8:00 AM – 5:00 PM; Tuesday: 8:00 AM – 5:00 PM; Wednesday: 8:00 AM – 5:00 PM; Thursday: 8:00 AM – 5:00 PM; Friday: 8:00 AM – 3:00 PM; Saturday: Closed; Sunday: Closed,dental_clinic,Auckland,Mount Eden Auckland,no_prices
Balmoral Intermediate Children's Community Dental Clinic,"19 Brixton Road, Mount Eden, Auckland 1024, New Zealand",09 623 4537,+64 9 623 4537,,2.1,8,OPERATIONAL,https://maps.google.com/?cid=8028611817538862386&g_mp=Cidnb29nbGUubWFwcy5wbGFjZXMudjEuUGxhY2VzLlNlYXJjaFRleHQQAhgEIAA,Monday: 8:00 AM – 4:30 PM; Tuesday: 8:00 AM – 4:30 PM; Wednesday: 8:00 AM – 4:30 PM; Thursday: 8:00 AM – 4:30 PM; Friday: 8:00 AM – 4:30 PM; Saturday: Closed; Sunday: Closed,dental_clinic,Auckland,Mount Eden Auckland,no_prices
Bays Dental,"4/252 Forrest Hill Road, Forrest Hill, Auckland 0620, New Zealand",09 410 0042,+64 9 410 0042,http://www.baysdental.co.nz/,4.8,143,OPERATIONAL,https://maps.google.com/?cid=12873772205853383777&g_mp=Cidnb29nbGUubWFwcy5wbGFjZXMudjEuUGxhY2VzLlNlYXJjaFRleHQQAhgEIAA,Monday: 8:00 AM – 5:30 PM; Tuesday: 9:00 AM – 5:30 PM; Wednesday: 9:00 AM – 5:00 PM; Thursday: 9:00 AM – 7:00 PM; Friday: 8:00 AM – 4:00 PM; Saturday: Closed; Sunday: Closed,dental_clinic,Auckland,Forrest Hill Auckland,no_prices
Bayside Dental Centre,"86 Clyde Road, Browns Bay, Auckland 0630, New Zealand",09 478 8773,+64 9 478 8773,http://www.baysidedental.co.nz/?utm_source=google&utm_medium=organic&utm_campaign=gbp-listing,4.9,243,OPERATIONAL,https://maps.google.com/?cid=6340971216310841017&g_mp=Cidnb29nbGUubWFwcy5wbGFjZXMudjEuUGxhY2VzLlNlYXJjaFRleHQQAhgEIAA,Monday: 8:00 AM – 8:00 PM; Tuesday: 8:00 AM – 8:00 PM; Wednesday: 8:00 AM – 8:00 PM; Thursday: 8:00 AM – 8:00 PM; Friday: 8:00 AM – 3:00 PM; Saturday: 9:00 AM – 2:00 PM; Sunday: Closed,dental_clinic,Auckland,Beach Haven Auckland,no_prices
Beaming Smile,"123 D Dominion Road, Mount Eden, Auckland 1024, New Zealand",022 100 9035,+64 22 100 9035,http://www.agelessbeautylaserclinic.com/,5,43,OPERATIONAL,https://maps.google.com/?cid=4671853378834102344&g_mp=Cidnb29nbGUubWFwcy5wbGFjZXMudjEuUGxhY2VzLlNlYXJjaFRleHQQAhgEIAA,Monday: 9:30 AM – 4:00 PM; Tuesday: 9:30 AM – 4:00 PM; Wednesday: 9:30 AM – 4:00 PM; Thursday: 9:30 AM – 4:00 PM; Friday: 9:30 AM – 4:00 PM; Saturday: Closed; Sunday: Closed,dental_clinic,Auckland,Kingsland Auckland,no_prices
Belich Dental,"2 Albury Avenue, Epsom, Auckland 1023, New Zealand",09 630 6382,+64 9 630 6382,http://www.newmarketdentist.co.nz/,4.6,22,OPERATIONAL,https://maps.google.com/?cid=2463048158049204741&g_mp=Cidnb29nbGUubWFwcy5wbGFjZXMudjEuUGxhY2VzLlNlYXJjaFRleHQQAhgEIAA,Monday: 8:00 AM – 5:00 PM; Tuesday: 8:00 AM – 5:00 PM; Wednesday: 8:00 AM – 5:00 PM; Thursday: 8:00 AM – 5:00 PM; Friday: 8:00 AM – 5:00 PM; Saturday: 9:00 AM – 5:00 PM; Sunday: Closed,dental_clinic,Auckland,Newmarket Auckland,no_prices
Belmont Dental Studio,"9 Williamson Avenue, Belmont, Auckland 0622, New Zealand",09 445 6347,+64 9 445 6347,https://apac.dentalhub.online/soe/new/Belmont%20Dental%20Studio?pid=NZBEM01,4.7,15,OPERATIONAL,https://maps.google.com/?cid=10576378193938039119&g_mp=Cidnb29nbGUubWFwcy5wbGFjZXMudjEuUGxhY2VzLlNlYXJjaFRleHQQAhgEIAA,Monday: 9:00 AM – 6:00 PM; Tuesday: 8:00 AM – 5:00 PM; Wednesday: 9:00 AM – 6:00 PM; Thursday: 8:00 AM – 5:00 PM; Friday: 8:00 AM – 5:00 PM; Saturday: Closed; Sunday: Closed,dental_clinic,Auckland,Devonport Auckland,no_prices
Birkdale Pharmacy,"164 Birkdale Road, Birkdale, Auckland 0626, New Zealand",09 483 6379,+64 9 483 6379,https://www.healthpoint.co.nz/pharmacy/pharmacy/birkdale-pharmacy-1998-ltd/,4.6,42,OPERATIONAL,https://maps.google.com/?cid=14760858259079086546&g_mp=Cidnb29nbGUubWFwcy5wbGFjZXMudjEuUGxhY2VzLlNlYXJjaFRleHQQAhgEIAA,Monday: 9:00 AM – 5:30 PM; Tuesday: 9:00 AM – 5:30 PM; Wednesday: 9:00 AM – 5:30 PM; Thursday: 9:00 AM – 5:30 PM; Friday: 9:00 AM – 5:30 PM; Saturday: 9:00 AM – 12:00 PM; Sunday: Closed,dental_clinic,Auckland,Birkdale Auckland,no_prices
Birkenhead Avenue Dental Centre,"51 Birkenhead Avenue, Birkenhead, Auckland 0626, New Zealand",09 480 7361,+64 9 480 7361,http://www.birkenheadavenuedentalcentre.com/,3.3,20,OPERATIONAL,https://maps.google.com/?cid=1595161939144554474&g_mp=Cidnb29nbGUubWFwcy5wbGFjZXMudjEuUGxhY2VzLlNlYXJjaFRleHQQAhgEIAA,Monday: Closed; Tuesday: 9:00 AM – 4:00 PM; Wednesday: 9:00 AM – 4:00 PM; Thursday: 9:00 AM – 4:00 PM; Friday: 9:00 AM – 4:00 PM; Saturday: 9:00 AM – 2:00 PM; Sunday: Closed,dental_clinic,Auckland,Birkenhead Auckland,no_prices
Birkenhead Family Dental,"103a Onewa Road, Northcote, Auckland 0627, New Zealand",09 419 9120,+64 9 419 9120,http://www.flossdental.co.nz/,5,14,OPERATIONAL,https://maps.google.com/?cid=8490919656935941914&g_mp=Cidnb29nbGUubWFwcy5wbGFjZXMudjEuUGxhY2VzLlNlYXJjaFRleHQQAhgEIAA,Monday: 8:00 AM – 5:00 PM; Tuesday: 8:00 AM – 8:00 PM; Wednesday: 8:00 AM – 8:00 PM; Thursday: 8:00 AM – 7:00 PM; Friday: 8:00 AM – 5:00 PM; Saturday: 9:00 AM – 3:00 PM; Sunday: Closed,dental_clinic,Auckland,Northcote Auckland,some_prices
Birkenhead School Dental Clinic,"81 Mokoia Road, Birkenhead, Auckland 0626, New Zealand",09 418 0043,+64 9 418 0043,,4.4,8,OPERATIONAL,https://maps.google.com/?cid=12755239859903272269&g_mp=Cidnb29nbGUubWFwcy5wbGFjZXMudjEuUGxhY2VzLlNlYXJjaFRleHQQAhgEIAA,Monday: 8:00 AM – 4:30 PM; Tuesday: 8:00 AM – 4:30 PM; Wednesday: 8:00 AM – 4:30 PM; Thursday: 8:00 AM – 4:30 PM; Friday: 8:00 AM – 4:30 PM; Saturday: Closed; Sunday: Closed,dental_clinic,Auckland,Birkenhead Auckland,no_prices
Blockhouse Bay Dental Centre,"3A Heaphy Street, Blockhouse Bay, Auckland 0600, New Zealand",09 627 9970,+64 9 627 9970,https://www.bhbdental.co.nz/?UTM_source=GBL,4.9,347,OPERATIONAL,https://maps.google.com/?cid=10377031284297524483&g_mp=Cidnb29nbGUubWFwcy5wbGFjZXMudjEuUGxhY2VzLlNlYXJjaFRleHQQAhgEIAA,Monday: 8:00 AM – 5:00 PM; Tuesday: 8:00 AM – 5:00 PM; Wednesday: 8:00 AM – 7:00 PM; Thursday: 8:00 AM – 7:00 PM; Friday: 8:00 AM – 4:30 PM; Saturday: 9:00 AM – 1:00 PM; Sunday: Closed,dental_clinic,Auckland,Blockhouse Bay Auckland,no_prices
Botany Dental Clinic,"Golflands, Auckland 2013, New Zealand",0800 825 583,+64 800 825 583,http://www.letstalkteeth.co.nz/,2.5,23,OPERATIONAL,https://maps.google.com/?cid=5283226661754871770&g_mp=Cidnb29nbGUubWFwcy5wbGFjZXMudjEuUGxhY2VzLlNlYXJjaFRleHQQAhgEIAA,Monday: 8:00 AM – 4:30 PM; Tuesday: 8:00 AM – 4:30 PM; Wednesday: 8:00 AM – 4:30 PM; Thursday: 8:00 AM – 4:30 PM; Friday: 8:00 AM – 4:30 PM; Saturday: Closed; Sunday: Closed,dental_clinic,Auckland,Botany Auckland,no_prices
Botany Dental Practice | Lumino The Dentists,"Unit C/12 Amera Place, Huntington Park, Auckland 2013, New Zealand",09 361 7153,+64 9 361 7153,https://lumino.co.nz/dentists/botany-dental-practice/?utm_source=google_business_profile&utm_medium=organic,4.5,28,OPERATIONAL,https://maps.google.com/?cid=11927315682129289283&g_mp=Cidnb29nbGUubWFwcy5wbGFjZXMudjEuUGxhY2VzLlNlYXJjaFRleHQQAhgEIAA,Monday: 9:00 AM – 5:00 PM; Tuesday: 9:00 AM – 6:00 PM; Wednesday: 9:00 AM – 7:00 PM; Thursday: 9:00 AM – 5:00 PM; Friday: 9:00 AM – 4:00 PM; Saturday: Closed; Sunday: Closed,dental_clinic,Auckland,Botany Auckland,some_prices
Botany Family Dentist,"455D East Tamaki Road, East Tāmaki, Auckland 2013, New Zealand",09 272 2048,+64 9 272 2048,http://www.botanydentists.co.nz/,4.7,99,OPERATIONAL,https://maps.google.com/?cid=4415155302112707036&g_mp=Cidnb29nbGUubWFwcy5wbGFjZXMudjEuUGxhY2VzLlNlYXJjaFRleHQQAhgEIAA,Monday: 9:00 AM – 5:00 PM; Tuesday: 9:00 AM – 5:00 PM; Wednesday: 9:00 AM – 5:00 PM; Thursday: 9:00 AM – 5:00 PM; Friday: 9:00 AM – 5:00 PM; Saturday: 8:30 AM – 1:00 PM; Sunday: Closed,dental_clinic,Auckland,Botany Auckland,no_prices
Botany Orthodontist,"123 Ormiston Road, Flat Bush, Auckland 2019, New Zealand",09 265 0085,+64 9 265 0085,https://www.botanyorthodontics.co.nz/contact-us,,,OPERATIONAL,https://maps.google.com/?cid=2877915324330403616&g_mp=Cidnb29nbGUubWFwcy5wbGFjZXMudjEuUGxhY2VzLlNlYXJjaFRleHQQAhgEIAA,,dental_clinic,Auckland,Clover Park Auckland,no_prices
Botany Orthodontist - Coreen Loke,"2/123 Ormiston Road, Flat Bush, Auckland 2019, New Zealand",09 265 0085,+64 9 265 0085,http://www.botanyorthodontics.co.nz/,4.8,34,OPERATIONAL,https://maps.google.com/?cid=14651492412433100788&g_mp=Cidnb29nbGUubWFwcy5wbGFjZXMudjEuUGxhY2VzLlNlYXJjaFRleHQQAhgEIAA,Monday: Closed; Tuesday: 9:00 AM – 1:00 PM; Wednesday: 9:00 AM – 6:00 PM; Thursday: 9:00 AM – 6:00 PM; Friday: 9:00 AM – 5:00 PM; Saturday: Closed; Sunday: Closed,dental_clinic,Auckland,Clover Park Auckland,no_prices
Botany South Dental,"2A/302 Te Irirangi Drive, Flat Bush, Auckland 2013, New Zealand",09 271 0008,+64 9 271 0008,https://botanysouthdental.co.nz/?utm_source=Auckland&utm_medium=googleplaces,4.8,90,OPERATIONAL,https://maps.google.com/?cid=13545882203962838574&g_mp=Cidnb29nbGUubWFwcy5wbGFjZXMudjEuUGxhY2VzLlNlYXJjaFRleHQQAhgEIAA,Monday: 9:00 AM – 5:30 PM; Tuesday: 9:00 AM – 6:30 PM; Wednesday: 9:00 AM – 5:30 PM; Thursday: 9:00 AM – 6:30 PM; Friday: 9:00 AM – 5:00 PM; Saturday: Closed; Sunday: Closed,dental_clinic,Auckland,Botany Auckland,no_prices
Brent Wallwork Dental,"21-23 Elliot Street, Papakura, Auckland 2110, New Zealand",09 298 5124,+64 9 298 5124,https://www.healthpoint.co.nz/dentistry/general-dentist/brent-wallwork-dental-limited/,5,7,OPERATIONAL,https://maps.google.com/?cid=13847118395349663942&g_mp=Cidnb29nbGUubWFwcy5wbGFjZXMudjEuUGxhY2VzLlNlYXJjaFRleHQQAhgEIAA,Monday: 7:30 AM – 4:00 PM; Tuesday: 7:30 AM – 4:00 PM; Wednesday: 7:30 AM – 4:00 PM; Thursday: 7:30 AM – 4:00 PM; Friday: 7:30 AM – 1:00 PM; Saturday: Closed; Sunday: Closed,dental_clinic,Auckland,Papakura,no_prices
Bright Smile Dental,"361 Great North Road, Henderson, Auckland 0612, New Zealand",,,,4,8,OPERATIONAL,https://maps.google.com/?cid=15646450527027845857&g_mp=Cidnb29nbGUubWFwcy5wbGFjZXMudjEuUGxhY2VzLlNlYXJjaFRleHQQAhgEIAA,,dental_clinic,Auckland,Henderson Auckland,no_prices
Browns Rd Child Adolescent Community Dental Clinic,"5C Browns Road, Manurewa, Auckland 2102, New Zealand",09 264 0047,+64 9 264 0047,,4,3,OPERATIONAL,https://maps.google.com/?cid=17613060222450349706&g_mp=Cidnb29nbGUubWFwcy5wbGFjZXMudjEuUGxhY2VzLlNlYXJjaFRleHQQAhgEIAA,Monday: 8:00 AM – 4:30 PM; Tuesday: 8:00 AM – 4:30 PM; Wednesday: 8:00 AM – 4:30 PM; Thursday: 8:00 AM – 4:30 PM; Friday: 8:00 AM – 4:30 PM; Saturday: Closed; Sunday: Closed,dental_clinic,Auckland,Manurewa Auckland,no_prices
Browns Road Dental Centre,"5/235 Browns Road, Manurewa, Auckland 2102, New Zealand",09 267 9619,+64 9 267 9619,http://brownsroaddental.co.nz/,4.6,46,OPERATIONAL,https://maps.google.com/?cid=6165907022679153406&g_mp=Cidnb29nbGUubWFwcy5wbGFjZXMudjEuUGxhY2VzLlNlYXJjaFRleHQQAhgEIAA,Monday: Closed; Tuesday: 8:30 AM – 5:00 PM; Wednesday: 8:30 AM – 6:00 PM; Thursday: 8:30 AM – 6:00 PM; Friday: 8:30 AM – 4:00 PM; Saturday: Closed; Sunday: Closed,dental_clinic,Auckland,Manurewa Auckland,no_prices
Buckland Road Children's Community Dental Clinic,"225 Buckland Road, Māngere East, Auckland 2024, New Zealand",09 442 7208,+64 9 442 7208,,2.6,18,OPERATIONAL,https://maps.google.com/?cid=673583561260606000&g_mp=Cidnb29nbGUubWFwcy5wbGFjZXMudjEuUGxhY2VzLlNlYXJjaFRleHQQAhgEIAA,,dental_clinic,Auckland,Kingsland Auckland,no_prices
Bucklands Beach Plunket Clinic,"5 Wharf Road, Bucklands Beach, Auckland 2012, New Zealand",0800 184 803,+64 800 184 803,https://plunket.org.nz/plunket-near-me/bucklands-beach-clinic/,,,OPERATIONAL,https://maps.google.com/?cid=6039178984715423593&g_mp=Cidnb29nbGUubWFwcy5wbGFjZXMudjEuUGxhY2VzLlNlYXJjaFRleHQQAhgEIAA,Monday: 9:00 AM – 3:00 PM; Tuesday: 9:00 AM – 3:00 PM; Wednesday: 9:00 AM – 3:00 PM; Thursday: Closed; Friday: Closed; Saturday: Closed; Sunday: Closed,dental_clinic,Auckland,Bucklands Beach Auckland,no_prices
Bucklands Beach Veterinary Clinic,"340 Bucklands Beach Road, Bucklands Beach, Auckland 2012, New Zealand",09 534 8118,+64 9 534 8118,http://www.bbvet.co.nz/,4.7,300,OPERATIONAL,https://maps.google.com/?cid=5102531310098398152&g_mp=Cidnb29nbGUubWFwcy5wbGFjZXMudjEuUGxhY2VzLlNlYXJjaFRleHQQAhgEIAA,Monday: 8:00 AM – 6:30 PM; Tuesday: 8:00 AM – 6:30 PM; Wednesday: 8:00 AM – 6:30 PM; Thursday: 8:00 AM – 6:30 PM; Friday: 8:00 AM – 6:30 PM; Saturday: 8:30 AM – 1:00 PM; Sunday: Closed,dental_clinic,Auckland,Bucklands Beach Auckland,no_prices
Burford Dental,"19 Alpers Avenue, Epsom, Auckland 1023, New Zealand",09 524 0424,+64 9 524 0424,http://www.burforddental.co.nz/,4.9,65,OPERATIONAL,https://maps.google.com/?cid=7632762081773384951&g_mp=Cidnb29nbGUubWFwcy5wbGFjZXMudjEuUGxhY2VzLlNlYXJjaFRleHQQAhgEIAA,Monday: 8:00 AM – 5:00 PM; Tuesday: 8:00 AM – 5:00 PM; Wednesday: 8:00 AM – 5:00 PM; Thursday: 8:00 AM – 5:00 PM; Friday: 8:00 AM – 2:00 PM; Saturday: Closed; Sunday: Closed,dental_clinic,Auckland,Newmarket Auckland,no_prices
Byron Dental - Dentist Takapuna,"2 Byron Avenue, Takapuna, Auckland 0622, New Zealand",09 489 8226,+64 9 489 8226,http://www.byrondental.co.nz/,5,39,OPERATIONAL,https://maps.google.com/?cid=8815561955207652986&g_mp=Cidnb29nbGUubWFwcy5wbGFjZXMudjEuUGxhY2VzLlNlYXJjaFRleHQQAhgEIAA,Monday: 8:00 AM – 5:00 PM; Tuesday: 8:00 AM – 5:00 PM; Wednesday: 8:00 AM – 5:00 PM; Thursday: 8:00 AM – 8:00 PM; Friday: 8:00 AM – 5:00 PM; Saturday: 9:00 AM – 1:00 PM; Sunday: Closed,dental_clinic,Auckland,Takapuna Auckland,no_prices
Calder Health Centre,"140 Hobson Street, Auckland CBD, Auckland 1010, New Zealand",09 303 9266,+64 9 303 9266,https://www.aucklandcitymission.org.nz/get-help/health-services/,3.2,33,OPERATIONAL,https://maps.google.com/?cid=2592170191517953051&g_mp=Cidnb29nbGUubWFwcy5wbGFjZXMudjEuUGxhY2VzLlNlYXJjaFRleHQQAhgEIAA,Monday: 8:30 AM – 4:00 PM; Tuesday: 8:30 AM – 4:00 PM; Wednesday: 9:00 AM – 4:00 PM; Thursday: 8:30 AM – 4:00 PM; Friday: 8:30 AM – 4:00 PM; Saturday: Closed; Sunday: Closed,dental_clinic,Auckland,Auckland CBD,no_prices
Cannabis Clinic (Canna Clinic),"12/14 Como Street, Takapuna, Auckland 0622, New Zealand",09 390 0059,+64 9 390 0059,https://cannabisclinic.co.nz/,4.7,1541,OPERATIONAL,https://maps.google.com/?cid=9549569289890748273&g_mp=Cidnb29nbGUubWFwcy5wbGFjZXMudjEuUGxhY2VzLlNlYXJjaFRleHQQAhgEIAA,Monday: 8:30 AM – 5:00 PM; Tuesday: 8:30 AM – 5:00 PM; Wednesday: 8:30 AM – 5:00 PM; Thursday: 8:30 AM – 5:00 PM; Friday: 8:30 AM – 5:00 PM; Saturday: Closed; Sunday: Closed,dental_clinic,Auckland,Takapuna Auckland,no_prices
CareVets Glen Eden,"69 West Coast Road, Glen Eden, Auckland 0602, New Zealand",09 818 7454,+64 9 818 7454,http://carevets.co.nz/,4.5,305,OPERATIONAL,https://maps.google.com/?cid=6733309358049488133&g_mp=Cidnb29nbGUubWFwcy5wbGFjZXMudjEuUGxhY2VzLlNlYXJjaFRleHQQAhgEIAA,Monday: 8:00 AM – 6:00 PM; Tuesday: 8:00 AM – 6:00 PM; Wednesday: 8:00 AM – 6:00 PM; Thursday: 8:00 AM – 6:00 PM; Friday: 8:00 AM – 6:00 PM; Saturday: 9:00 AM – 4:00 PM; Sunday: Closed,dental_clinic,Auckland,Glen Eden Auckland,no_prices
Caring 4 Smiles Dental Group,"475 Manukau Road, Epsom, Auckland 1023, New Zealand",09 631 5416,+64 9 631 5416,https://www.caring4smiles.co.nz/,4.8,192,OPERATIONAL,https://maps.google.com/?cid=4154894714286726988&g_mp=Cidnb29nbGUubWFwcy5wbGFjZXMudjEuUGxhY2VzLlNlYXJjaFRleHQQAhgEIAA,Monday: 7:30 AM – 5:30 PM; Tuesday: 7:30 AM – 5:30 PM; Wednesday: 7:30 AM – 5:30 PM; Thursday: 7:30 AM – 5:30 PM; Friday: 7:30 AM – 2:00 PM; Saturday: 7:30 AM – 2:00 PM; Sunday: Closed,dental_clinic,Auckland,Newmarket Auckland,no_prices
"Casley, Wong & Tam Dental","18 Morrow Street, Newmarket, Auckland 1023, New Zealand",09 524 8399,+64 9 524 8399,http://www.morrowstreetdental.co.nz/,4.3,6,OPERATIONAL,https://maps.google.com/?cid=1829816904435290208&g_mp=Cidnb29nbGUubWFwcy5wbGFjZXMudjEuUGxhY2VzLlNlYXJjaFRleHQQAhgEIAA,Monday: 8:00 AM – 6:30 PM; Tuesday: 8:00 AM – 5:00 PM; Wednesday: 8:00 AM – 6:30 PM; Thursday: 8:00 AM – 5:00 PM; Friday: 8:00 AM – 5:00 PM; Saturday: Closed; Sunday: Closed,dental_clinic,Auckland,Newmarket Auckland,no_prices
Catherine Schillinger RDH,"38 Broadway, Newmarket, Auckland 1023, New Zealand",0800 999 009,+64 800 999 009,,,,OPERATIONAL,https://maps.google.com/?cid=12813038871540690281&g_mp=Cidnb29nbGUubWFwcy5wbGFjZXMudjEuUGxhY2VzLlNlYXJjaFRleHQQAhgEIAA,,dental_clinic,Auckland,Newmarket Auckland,no_prices
Central Dental Centre,"760 Dominion Road, Mount Roskill, Auckland 1041, New Zealand",09 620 8188,+64 9 620 8188,,,,OPERATIONAL,https://maps.google.com/?cid=4165198355651015028&g_mp=Cidnb29nbGUubWFwcy5wbGFjZXMudjEuUGxhY2VzLlNlYXJjaFRleHQQAhgEIAA,,dental_clinic,Auckland,Mount Eden Auckland,no_prices
Chand Dr Sulochana,"345 Karangahape Road, Auckland CBD, Auckland 1010, New Zealand",09 373 5041,+64 9 373 5041,https://www.healthpoint.co.nz/gps-accident-urgent-medical-care/gp/k-road-medical-centre/,3.1,67,OPERATIONAL,https://maps.google.com/?cid=6209481157609163652&g_mp=Cidnb29nbGUubWFwcy5wbGFjZXMudjEuUGxhY2VzLlNlYXJjaFRleHQQAhgEIAA,Monday: 9:00 AM – 5:00 PM; Tuesday: 9:00 AM – 5:00 PM; Wednesday: 9:00 AM – 5:00 PM; Thursday: 9:00 AM – 5:00 PM; Friday: 9:00 AM – 5:00 PM; Saturday: Closed; Sunday: Closed,dental_clinic,Auckland,Karangahape Road Auckland,no_prices
Chapel Downs Child And Adolescent Community Dental Clinic,"58 Chapel Road, Flat Bush, Auckland 2023, New Zealand",09 274 7203,+64 9 274 7203,,3.9,7,OPERATIONAL,https://maps.google.com/?cid=636311069275440199&g_mp=Cidnb29nbGUubWFwcy5wbGFjZXMudjEuUGxhY2VzLlNlYXJjaFRleHQQAhgEIAA,Monday: 8:00 AM – 4:30 PM; Tuesday: 8:00 AM – 4:30 PM; Wednesday: 8:00 AM – 4:30 PM; Thursday: 8:00 AM – 4:30 PM; Friday: 8:00 AM – 4:30 PM; Saturday: Closed; Sunday: Closed,dental_clinic,Auckland,Flat Bush Auckland,no_prices
Chapel Park Dental,"140 Chapel Road, Flat Bush, Manukau 2016, New Zealand",0800 437 645,+64 800 437 645,http://www.chapelparkdental.co.nz/,4.2,278,OPERATIONAL,https://maps.google.com/?cid=8086191834147654274&g_mp=Cidnb29nbGUubWFwcy5wbGFjZXMudjEuUGxhY2VzLlNlYXJjaFRleHQQAhgEIAA,Monday: 10:00 AM – 4:00 PM; Tuesday: 10:00 AM – 3:00 PM; Wednesday: 10:00 AM – 3:00 PM; Thursday: 9:00 AM – 7:00 PM; Friday: 11:00 AM – 3:00 PM; Saturday: Closed; Sunday: Closed,dental_clinic,Auckland,Flat Bush Auckland,no_prices
Chemist Plus Pharmacy(H&H GIFTS Newmarket),"435 Khyber Pass Road, Newmarket, Auckland 1023, New Zealand",09 520 0777,+64 9 520 0777,https://chemistplus.co.nz/,3.9,32,OPERATIONAL,https://maps.google.com/?cid=7214170455624769900&g_mp=Cidnb29nbGUubWFwcy5wbGFjZXMudjEuUGxhY2VzLlNlYXJjaFRleHQQAhgEIAA,Monday: 9:30 AM – 6:00 PM; Tuesday: 9:30 AM – 6:00 PM; Wednesday: 9:30 AM – 6:00 PM; Thursday: 9:30 AM – 6:00 PM; Friday: 9:30 AM – 6:00 PM; Saturday: 10:00 AM – 5:00 PM; Sunday: 10:00 AM – 5:00 PM,dental_clinic,Auckland,Newmarket Auckland,no_prices
Chemist Warehouse Auckland - Lower Queen St,"1A/155 Queen Street, Auckland CBD, Auckland 1010, New Zealand",09 941 4911,+64 9 941 4911,https://www.chemistwarehouse.co.nz/,4.1,449,OPERATIONAL,https://maps.google.com/?cid=74094257688230315&g_mp=Cidnb29nbGUubWFwcy5wbGFjZXMudjEuUGxhY2VzLlNlYXJjaFRleHQQAhgEIAA,Monday: 8:00 AM – 9:00 PM; Tuesday: 8:00 AM – 9:00 PM; Wednesday: 8:00 AM – 9:00 PM; Thursday: 8:00 AM – 9:00 PM; Friday: 8:00 AM – 9:00 PM; Saturday: 8:00 AM – 9:00 PM; Sunday: 8:00 AM – 9:00 PM,dental_clinic,Auckland,Auckland CBD,no_prices
Chemist Warehouse Auckland Airport Shopping Centre,"Auckland Airport 1 John Goulter Drive, Māngere, Auckland 2022, New Zealand",09 941 4908,+64 9 941 4908,https://www.chemistwarehouse.co.nz/,3.4,99,OPERATIONAL,https://maps.google.com/?cid=15095746488109436948&g_mp=Cidnb29nbGUubWFwcy5wbGFjZXMudjEuUGxhY2VzLlNlYXJjaFRleHQQAhgEIAA,Monday: 8:00 AM – 9:00 PM; Tuesday: 8:00 AM – 9:00 PM; Wednesday: 8:00 AM – 9:00 PM; Thursday: 8:00 AM – 9:00 PM; Friday: 8:00 AM – 9:00 PM; Saturday: 9:00 AM – 9:00 PM; Sunday: 9:00 AM – 9:00 PM,dental_clinic,Auckland,Mangere Auckland,no_prices
Chemist Warehouse Henderson,"5 Vitasovich Avenue, Henderson, Auckland 0612, New Zealand",09 941 4907,+64 9 941 4907,https://www.chemistwarehouse.co.nz/,3.6,311,OPERATIONAL,https://maps.google.com/?cid=7007647507340660051&g_mp=Cidnb29nbGUubWFwcy5wbGFjZXMudjEuUGxhY2VzLlNlYXJjaFRleHQQAhgEIAA,Monday: 8:00 AM – 9:00 PM; Tuesday: 8:00 AM – 9:00 PM; Wednesday: 8:00 AM – 9:00 PM; Thursday: 8:00 AM – 9:00 PM; Friday: 8:00 AM – 9:00 PM; Saturday: 8:00 AM – 9:00 PM; Sunday: 8:00 AM – 9:00 PM,dental_clinic,Auckland,Henderson Auckland,no_prices
Chemist Warehouse Milford,"Milford Shopping Centre Shop 115/24 Milford Road, Milford, Auckland 0620, New Zealand",09 941 4923,+64 9 941 4923,https://www.chemistwarehouse.co.nz/,4,122,OPERATIONAL,https://maps.google.com/?cid=2082326280715878344&g_mp=Cidnb29nbGUubWFwcy5wbGFjZXMudjEuUGxhY2VzLlNlYXJjaFRleHQQAhgEIAA,Monday: 8:30 AM – 7:30 PM; Tuesday: 8:30 AM – 7:30 PM; Wednesday: 8:30 AM – 7:30 PM; Thursday: 8:30 AM – 7:30 PM; Friday: 8:30 AM – 7:30 PM; Saturday: 9:00 AM – 7:00 PM; Sunday: 9:00 AM – 7:00 PM,dental_clinic,Auckland,Milford Auckland,no_prices
Chemist Warehouse Newmarket Broadway,"219 to 225 Broadway, Newmarket, Auckland 1023, New Zealand",09 871 7731,+64 9 871 7731,https://chemistwarehouse.co.nz/,3.8,16,OPERATIONAL,https://maps.google.com/?cid=8411502964727699205&g_mp=Cidnb29nbGUubWFwcy5wbGFjZXMudjEuUGxhY2VzLlNlYXJjaFRleHQQAhgEIAA,Monday: 8:00 AM – 8:00 PM; Tuesday: 8:00 AM – 8:00 PM; Wednesday: 8:00 AM – 8:00 PM; Thursday: 8:00 AM – 9:00 PM; Friday: 8:00 AM – 9:00 PM; Saturday: 9:00 AM – 8:00 PM; Sunday: 9:00 AM – 8:00 PM,dental_clinic,Auckland,Newmarket Auckland,no_prices
Chemist Warehouse Pukekohe Town Centre,"Shop 1 78 to/84 Edinburgh Street, Pukekohe 2120, New Zealand",09 941 4931,+64 9 941 4931,https://www.chemistwarehouse.co.nz/,4.3,48,OPERATIONAL,https://maps.google.com/?cid=8549463968349756892&g_mp=Cidnb29nbGUubWFwcy5wbGFjZXMudjEuUGxhY2VzLlNlYXJjaFRleHQQAhgEIAA,Monday: 8:30 AM – 7:00 PM; Tuesday: 8:30 AM – 7:00 PM; Wednesday: 8:30 AM – 7:00 PM; Thursday: 8:30 AM – 7:00 PM; Friday: 8:30 AM – 7:00 PM; Saturday: 9:00 AM – 6:30 PM; Sunday: 9:00 AM – 6:30 PM,dental_clinic,Auckland,Pukekohe,no_prices
Chemist Warehouse Ronwood Centre,"2/5 Ronwood Avenue, Manukau City Centre, Auckland 2104, New Zealand",09 941 4917,+64 9 941 4917,https://www.chemistwarehouse.co.nz/,3.1,221,OPERATIONAL,https://maps.google.com/?cid=10985121902846683773&g_mp=Cidnb29nbGUubWFwcy5wbGFjZXMudjEuUGxhY2VzLlNlYXJjaFRleHQQAhgEIAA,Monday: 8:00 AM – 9:00 PM; Tuesday: 8:00 AM – 9:00 PM; Wednesday: 8:00 AM – 9:00 PM; Thursday: 8:00 AM – 9:00 PM; Friday: 8:00 AM – 9:00 PM; Saturday: 9:00 AM – 8:00 PM; Sunday: 9:00 AM – 8:00 PM,dental_clinic,Auckland,Wiri Auckland,no_prices
Chemist Warehouse The Zone,"The Zone 106 to Tenancy 5/124 Manukau Road, Pukekohe 2120, New Zealand",09 941 4919,+64 9 941 4919,https://www.chemistwarehouse.co.nz/,4.1,180,OPERATIONAL,https://maps.google.com/?cid=522538634697592287&g_mp=Cidnb29nbGUubWFwcy5wbGFjZXMudjEuUGxhY2VzLlNlYXJjaFRleHQQAhgEIAA,Monday: 8:30 AM – 8:00 PM; Tuesday: 8:30 AM – 8:00 PM; Wednesday: 8:30 AM – 8:00 PM; Thursday: 8:30 AM – 8:00 PM; Friday: 8:30 AM – 8:00 PM; Saturday: 9:00 AM – 7:00 PM; Sunday: 9:00 AM – 7:00 PM,dental_clinic,Auckland,Pukekohe,no_prices
Chemist Warehouse Westfield Manukau NZ,"Shop S196/5 Putney Way, Manukau City Centre, Auckland 2104, New Zealand",09 941 4904,+64 9 941 4904,https://www.chemistwarehouse.co.nz/,3.9,388,OPERATIONAL,https://maps.google.com/?cid=10947734190693410153&g_mp=Cidnb29nbGUubWFwcy5wbGFjZXMudjEuUGxhY2VzLlNlYXJjaFRleHQQAhgEIAA,Monday: 8:00 AM – 9:00 PM; Tuesday: 8:00 AM – 9:00 PM; Wednesday: 8:00 AM – 9:00 PM; Thursday: 8:00 AM – 9:00 PM; Friday: 8:00 AM – 9:00 PM; Saturday: 8:00 AM – 9:00 PM; Sunday: 8:00 AM – 9:00 PM,dental_clinic,Auckland,Wiri Auckland,no_prices
Chemist Warehouse Westfield Newmarket,"Shop 217/309 Broadway, Newmarket, Auckland 1023, New Zealand",09 941 4910,+64 9 941 4910,https://www.chemistwarehouse.co.nz/,3.2,269,OPERATIONAL,https://maps.google.com/?cid=14079458190126725078&g_mp=Cidnb29nbGUubWFwcy5wbGFjZXMudjEuUGxhY2VzLlNlYXJjaFRleHQQAhgEIAA,Monday: 8:00 AM – 9:00 PM; Tuesday: 8:00 AM – 9:00 PM; Wednesday: 8:00 AM – 9:00 PM; Thursday: 8:00 AM – 9:00 PM; Friday: 8:00 AM – 9:00 PM; Saturday: 8:00 AM – 9:00 PM; Sunday: 8:00 AM – 9:00 PM,dental_clinic,Auckland,Newmarket Auckland,no_prices
City Dental Lounge,"AON Centre 12/29 Customs Street West, Auckland CBD, Auckland 1010, New Zealand",09 366 1322,+64 9 366 1322,http://www.citydentallounge.nz/,5,101,OPERATIONAL,https://maps.google.com/?cid=8277697924611574976&g_mp=Cidnb29nbGUubWFwcy5wbGFjZXMudjEuUGxhY2VzLlNlYXJjaFRleHQQAhgEIAA,Monday: 9:00 AM – 5:30 PM; Tuesday: 8:30 AM – 5:30 PM; Wednesday: 9:00 AM – 5:30 PM; Thursday: 9:00 AM – 5:30 PM; Friday: 9:00 AM – 5:30 PM; Saturday: Closed; Sunday: Closed,dental_clinic,Auckland,Auckland CBD,no_prices
Classics Dental Panmure,"144 Queens Road, Panmure, Auckland 1072, New Zealand",09 570 2823,+64 9 570 2823,https://classicsdental.co.nz/,4.9,82,OPERATIONAL,https://maps.google.com/?cid=8833692112249440983&g_mp=Cidnb29nbGUubWFwcy5wbGFjZXMudjEuUGxhY2VzLlNlYXJjaFRleHQQAhgEIAA,Monday: Closed; Tuesday: 10:00 AM – 5:30 PM; Wednesday: 10:00 AM – 5:30 PM; Thursday: 10:00 AM – 5:30 PM; Friday: 10:00 AM – 5:30 PM; Saturday: 10:00 AM – 5:30 PM; Sunday: Closed,dental_clinic,Auckland,Panmure Auckland,no_prices
Clean Teeth Dental,"585 Beach Road, Rothesay Bay, Auckland 0630, New Zealand",09 600 3110,+64 9 600 3110,https://www.cleanteethdental.co.nz/?utm_source=GMBlisting&utm_medium=organic,4.8,125,OPERATIONAL,https://maps.google.com/?cid=15738785091209879310&g_mp=Cidnb29nbGUubWFwcy5wbGFjZXMudjEuUGxhY2VzLlNlYXJjaFRleHQQAhgEIAA,Monday: 9:00 AM – 6:00 PM; Tuesday: 9:00 AM – 6:00 PM; Wednesday: 9:00 AM – 6:00 PM; Thursday: 9:00 AM – 6:00 PM; Friday: 9:00 AM – 6:00 PM; Saturday: Closed; Sunday: Closed,dental_clinic,Auckland,Kingsland Auckland,no_prices
Clendon Dental Centre,"15 Palmers Road Clendon, Manurewa, Auckland 2103, New Zealand",09 266 0769,+64 9 266 0769,http://www.clendondental.co.nz/,4.7,101,OPERATIONAL,https://maps.google.com/?cid=8961686064307295982&g_mp=Cidnb29nbGUubWFwcy5wbGFjZXMudjEuUGxhY2VzLlNlYXJjaFRleHQQAhgEIAA,Monday: 9:00 AM – 5:30 PM; Tuesday: 9:00 AM – 5:00 PM; Wednesday: 9:00 AM – 5:00 PM; Thursday: 9:00 AM – 5:00 PM; Friday: 9:00 AM – 5:00 PM; Saturday: Closed; Sunday: Closed,dental_clinic,Auckland,Manurewa Auckland,no_prices
Clinical Smiles,"110 Saint Lukes Road, Sandringham, Auckland 1025, New Zealand",0508 148 338,+64 508 148 338,http://www.clinicalsmiles.co.nz/,4.9,27,OPERATIONAL,https://maps.google.com/?cid=17830636496104658304&g_mp=Cidnb29nbGUubWFwcy5wbGFjZXMudjEuUGxhY2VzLlNlYXJjaFRleHQQAhgEIAA,Monday: 7:00 AM – 4:00 PM; Tuesday: 7:00 AM – 4:00 PM; Wednesday: 7:00 AM – 4:00 PM; Thursday: 7:00 AM – 5:00 PM; Friday: 7:00 AM – 3:00 PM; Saturday: Closed; Sunday: Closed,dental_clinic,Auckland,Sandringham Auckland,some_prices
Clinical Smiles Waiheke Island,"2 Putiki Road, Ostend, Waiheke Island 1081, New Zealand",0210 282 3674,+64 210 282 3674,https://www.clinicalsmiles.co.nz/,,,OPERATIONAL,https://maps.google.com/?cid=10072323181967801725&g_mp=Cidnb29nbGUubWFwcy5wbGFjZXMudjEuUGxhY2VzLlNlYXJjaFRleHQQAhgEIAA,Monday: Closed; Tuesday: Closed; Wednesday: 8:30 AM – 3:00 PM; Thursday: Closed; Friday: Closed; Saturday: Closed; Sunday: Closed,dental_clinic,Auckland,Waiheke Island Auckland,some_prices
Coast Dental,"160 Carlisle Road, Northcross, Auckland 0632, New Zealand",09 479 3160,+64 9 479 3160,http://www.affordabledentists.co.nz/,4.9,512,OPERATIONAL,https://maps.google.com/?cid=8726812774604238061&g_mp=Cidnb29nbGUubWFwcy5wbGFjZXMudjEuUGxhY2VzLlNlYXJjaFRleHQQAhgEIAA,Monday: 9:00 AM – 5:00 PM; Tuesday: 9:00 AM – 6:00 PM; Wednesday: 9:00 AM – 6:00 PM; Thursday: 9:00 AM – 5:00 PM; Friday: 8:00 AM – 5:00 PM; Saturday: 9:00 AM – 4:00 PM; Sunday: Closed,dental_clinic,Auckland,Beach Haven Auckland,some_prices
Cole Nicholas Periodontics & Implants,"5 Saint Marks Road, Remuera, Auckland 1050, New Zealand",09 529 7949,+64 9 529 7949,https://periodontics.co.nz/,4.3,33,OPERATIONAL,https://maps.google.com/?cid=7291256935328822711&g_mp=Cidnb29nbGUubWFwcy5wbGFjZXMudjEuUGxhY2VzLlNlYXJjaFRleHQQAhgEIAA,Monday: 8:00 AM – 5:30 PM; Tuesday: 8:00 AM – 5:30 PM; Wednesday: 8:00 AM – 5:30 PM; Thursday: 8:00 AM – 5:30 PM; Friday: 8:00 AM – 5:30 PM; Saturday: Closed; Sunday: Closed,dental_clinic,Auckland,Newmarket Auckland,no_prices
Confidentures Denture Clinic - Rosedale,"101F Apollo Drive, Rosedale, Auckland 0632, New Zealand",0800 669 000,+64 800 669 000,https://confidentures.co.nz/locations/rosedale/,4.8,30,OPERATIONAL,https://maps.google.com/?cid=8213001454677165775&g_mp=Cidnb29nbGUubWFwcy5wbGFjZXMudjEuUGxhY2VzLlNlYXJjaFRleHQQAhgEIAA,Monday: 9:00 AM – 5:00 PM; Tuesday: 9:00 AM – 7:00 PM; Wednesday: 9:00 AM – 5:00 PM; Thursday: 9:00 AM – 5:00 PM; Friday: 9:00 AM – 5:00 PM; Saturday: Closed; Sunday: Closed,dental_clinic,Auckland,Rosedale Auckland,no_prices
Cosgrove Child & Adolescent Community Dental Clinic,"10 Cosgrave Road, Papakura, Auckland 2110, New Zealand",09 296 6014,+64 9 296 6014,,,,OPERATIONAL,https://maps.google.com/?cid=4223616669546001810&g_mp=Cidnb29nbGUubWFwcy5wbGFjZXMudjEuUGxhY2VzLlNlYXJjaFRleHQQAhgEIAA,,dental_clinic,Auckland,Papakura,no_prices
Cosmetic Dental,"126B Remuera Road, Remuera, Auckland 1050, New Zealand",09 524 2515,+64 9 524 2515,https://www.cosmeticdental.co.nz/,5,82,OPERATIONAL,https://maps.google.com/?cid=6869193445224928467&g_mp=Cidnb29nbGUubWFwcy5wbGFjZXMudjEuUGxhY2VzLlNlYXJjaFRleHQQAhgEIAA,Monday: 8:00 AM – 5:00 PM; Tuesday: 8:00 AM – 5:00 PM; Wednesday: 8:00 AM – 5:00 PM; Thursday: 8:00 AM – 5:00 PM; Friday: 8:00 AM – 2:30 PM; Saturday: Closed; Sunday: Closed,dental_clinic,Auckland,Karangahape Road Auckland,no_prices
Cosmetic Laser,"westfield, Manukau City Centre, Auckland 2104, New Zealand",,,,4.5,2,OPERATIONAL,https://maps.google.com/?cid=15893847228149580207&g_mp=Cidnb29nbGUubWFwcy5wbGFjZXMudjEuUGxhY2VzLlNlYXJjaFRleHQQAhgEIAA,,dental_clinic,Auckland,Wiri Auckland,no_prices
Counties Care Pharmacy,"06/18 O'Shannessey Street, Papakura, Auckland 2110, New Zealand",09 296 2096,+64 9 296 2096,https://www.healthpoint.co.nz/pharmacy/pharmacy/counties-care-pharmacy/,3.5,19,OPERATIONAL,https://maps.google.com/?cid=8423631329194656730&g_mp=Cidnb29nbGUubWFwcy5wbGFjZXMudjEuUGxhY2VzLlNlYXJjaFRleHQQAhgEIAA,Monday: 8:30 AM – 8:00 PM; Tuesday: 8:30 AM – 8:00 PM; Wednesday: 8:30 AM – 8:00 PM; Thursday: 8:30 AM – 8:00 PM; Friday: 8:30 AM – 8:00 PM; Saturday: 8:30 AM – 8:00 PM; Sunday: 8:30 AM – 8:00 PM,dental_clinic,Auckland,Papakura,no_prices
Counties Medical - Papakura,"06/18 O'Shannessey Street, Papakura, Auckland 2110, New Zealand",09 299 9384,+64 9 299 9384,http://www.countiesmedical.co.nz/,2.8,273,OPERATIONAL,https://maps.google.com/?cid=2377078431677835786&g_mp=Cidnb29nbGUubWFwcy5wbGFjZXMudjEuUGxhY2VzLlNlYXJjaFRleHQQAhgEIAA,Monday: 8:00 AM – 8:00 PM; Tuesday: 8:00 AM – 8:00 PM; Wednesday: 8:00 AM – 8:00 PM; Thursday: 8:00 AM – 8:00 PM; Friday: 8:00 AM – 8:00 PM; Saturday: 8:00 AM – 8:00 PM; Sunday: 8:00 AM – 8:00 PM,dental_clinic,Auckland,Papakura,no_prices
Craig Sharp Orthodontist (Ortho@remuera),"Unit 5/81A Remuera Road, Newmarket, Auckland 1050, New Zealand",0800 272 237,+64 800 272 237,https://ortho1.co.nz/,3.5,6,OPERATIONAL,https://maps.google.com/?cid=15135733848956985288&g_mp=Cidnb29nbGUubWFwcy5wbGFjZXMudjEuUGxhY2VzLlNlYXJjaFRleHQQAhgEIAA,Monday: Closed; Tuesday: 2:00 – 8:30 PM; Wednesday: Closed; Thursday: Closed; Friday: 12:00 – 6:00 PM; Saturday: Closed; Sunday: Closed,dental_clinic,Auckland,Newmarket Auckland,no_prices
"Customs Street Dentist, Auckland CBD","5 Customs Street East, Auckland CBD, Auckland 1010, New Zealand",09 666 0050,+64 9 666 0050,http://customsstdentist.co.nz/,4.6,98,OPERATIONAL,https://maps.google.com/?cid=5354118322750135856&g_mp=Cidnb29nbGUubWFwcy5wbGFjZXMudjEuUGxhY2VzLlNlYXJjaFRleHQQAhgEIAA,Monday: 8:30 AM – 5:30 PM; Tuesday: 8:30 AM – 7:00 PM; Wednesday: 8:30 AM – 5:30 PM; Thursday: 8:30 AM – 7:00 PM; Friday: 8:30 AM – 4:00 PM; Saturday: Closed; Sunday: Closed,dental_clinic,Auckland,Auckland CBD,no_prices
DBS Dental Studio,"55 Corinthian Drive, Albany, Auckland 0632, New Zealand",09 869 6478,+64 9 869 6478,https://www.dbsdentalstudio.co.nz/,5,87,OPERATIONAL,https://maps.google.com/?cid=4008424237226060651&g_mp=Cidnb29nbGUubWFwcy5wbGFjZXMudjEuUGxhY2VzLlNlYXJjaFRleHQQAhgEIAA,Monday: 9:00 AM – 5:00 PM; Tuesday: 9:00 AM – 5:00 PM; Wednesday: 9:00 AM – 5:00 PM; Thursday: 9:00 AM – 5:00 PM; Friday: 9:00 AM – 5:00 PM; Saturday: Closed; Sunday: Closed,dental_clinic,Auckland,Albany Auckland,no_prices
Danesh-Meyer Michael Periodontist,"142 Broadway, Newmarket, Auckland 1023, New Zealand",09 524 9002,+64 9 524 9002,,5,2,OPERATIONAL,https://maps.google.com/?cid=2856970660737456244&g_mp=Cidnb29nbGUubWFwcy5wbGFjZXMudjEuUGxhY2VzLlNlYXJjaFRleHQQAhgEIAA,,dental_clinic,Auckland,Newmarket Auckland,no_prices
Dannemora Dental Centre,"1 Redcastle Drive, East Tāmaki, Auckland 2013, New Zealand",09 274 3305,+64 9 274 3305,,4.9,8,OPERATIONAL,https://maps.google.com/?cid=8541685227987388412&g_mp=Cidnb29nbGUubWFwcy5wbGFjZXMudjEuUGxhY2VzLlNlYXJjaFRleHQQAhgEIAA,Monday: 9:00 AM – 5:00 PM; Tuesday: 9:00 AM – 5:00 PM; Wednesday: 9:00 AM – 5:00 PM; Thursday: 9:00 AM – 5:00 PM; Friday: 9:00 AM – 12:00 PM; Saturday: Closed; Sunday: Closed,dental_clinic,Auckland,Clover Park Auckland,no_prices
Dazzle family dental,"Shop 3/1 Alberto Lane, Silverdale 0932, New Zealand",09 421 1140,+64 9 421 1140,http://www.dazzlefamilydental.co.nz/,4.9,58,OPERATIONAL,https://maps.google.com/?cid=18250635044474495920&g_mp=Cidnb29nbGUubWFwcy5wbGFjZXMudjEuUGxhY2VzLlNlYXJjaFRleHQQAhgEIAA,Monday: 8:30 AM – 5:00 PM; Tuesday: 8:30 AM – 5:00 PM; Wednesday: 8:30 AM – 5:00 PM; Thursday: 8:30 AM – 5:00 PM; Friday: 8:30 AM – 5:00 PM; Saturday: 9:30 AM – 3:30 PM; Sunday: Closed,dental_clinic,Auckland,Silverdale Auckland,no_prices
Dent1st,"438 Glenfield Road, Glenfield, Auckland 0629, New Zealand",09 440 9379,+64 9 440 9379,http://www.dent1st.co.nz/,4.1,71,OPERATIONAL,https://maps.google.com/?cid=14724316537373985361&g_mp=Cidnb29nbGUubWFwcy5wbGFjZXMudjEuUGxhY2VzLlNlYXJjaFRleHQQAhgEIAA,Monday: 8:30 AM – 5:00 PM; Tuesday: 8:30 AM – 5:00 PM; Wednesday: 8:30 AM – 5:00 PM; Thursday: 8:30 AM – 5:00 PM; Friday: 8:30 AM – 5:00 PM; Saturday: 8:30 AM – 5:00 PM; Sunday: 8:30 AM – 4:30 PM,dental_clinic,Auckland,Glenfield Auckland,no_prices
Dental Artistry - Auckland Dentist,"Level 1/38 Broadway, Newmarket, Auckland 1023, New Zealand",09 524 4541,+64 9 524 4541,https://dentalartistry.co.nz/?utm_campaign=gmb-auckland&utm_source=google&utm_medium=organic&utm_term=website&utm_content=gmb-website,4.9,335,OPERATIONAL,https://maps.google.com/?cid=15647750568793069391&g_mp=Cidnb29nbGUubWFwcy5wbGFjZXMudjEuUGxhY2VzLlNlYXJjaFRleHQQAhgEIAA,Monday: 8:30 AM – 5:00 PM; Tuesday: 8:30 AM – 5:00 PM; Wednesday: 8:30 AM – 5:00 PM; Thursday: 8:30 AM – 5:00 PM; Friday: 8:30 AM – 4:00 PM; Saturday: 9:00 AM – 3:00 PM; Sunday: Closed,dental_clinic,Auckland,Auckland CBD,no_prices
Dental Boutique Auckland,"204 Jervois Road, Herne Bay, Auckland 1011, New Zealand",0800 005 200,+64 800 005 200,https://dentalboutique.co.nz/,5,105,OPERATIONAL,https://maps.google.com/?cid=3955869421869510253&g_mp=Cidnb29nbGUubWFwcy5wbGFjZXMudjEuUGxhY2VzLlNlYXJjaFRleHQQAhgEIAA,Monday: 8:00 AM – 5:00 PM; Tuesday: 8:00 AM – 5:00 PM; Wednesday: 8:00 AM – 5:00 PM; Thursday: 8:00 AM – 5:00 PM; Friday: 8:00 AM – 5:00 PM; Saturday: Closed; Sunday: Closed,dental_clinic,Auckland,Ponsonby Auckland,no_prices
Dental Health with Anna Caldwell,"City Centre 3/79 Queen Street, Auckland CBD, Auckland 1010, New Zealand",027 727 5262,+64 27 727 5262,https://www.annacaldwell.co.nz/,5,6,OPERATIONAL,https://maps.google.com/?cid=4827681838039731378&g_mp=Cidnb29nbGUubWFwcy5wbGFjZXMudjEuUGxhY2VzLlNlYXJjaFRleHQQAhgEIAA,Monday: 2:00 – 8:00 PM; Tuesday: 8:00 AM – 7:00 PM; Wednesday: 8:00 AM – 7:00 PM; Thursday: Closed; Friday: 8:00 AM – 7:00 PM; Saturday: Closed; Sunday: Closed,dental_clinic,Auckland,Auckland CBD,no_prices
Dental Hygiene Clinic,"120 Remuera Road, Remuera, Auckland 1050, New Zealand",09 520 0654,+64 9 520 0654,https://www.dhclinic.co.nz/,5,17,OPERATIONAL,https://maps.google.com/?cid=12821978881170853944&g_mp=Cidnb29nbGUubWFwcy5wbGFjZXMudjEuUGxhY2VzLlNlYXJjaFRleHQQAhgEIAA,Monday: 8:30 AM – 5:00 PM; Tuesday: 8:30 AM – 6:00 PM; Wednesday: 8:30 AM – 4:30 PM; Thursday: 8:30 AM – 4:30 PM; Friday: 8:30 AM – 12:30 PM; Saturday: Closed; Sunday: Closed,dental_clinic,Auckland,Newmarket Auckland,no_prices
Dental Implant Network,"142 Broadway, Newmarket, Auckland 1023, New Zealand",09 524 0004,+64 9 524 0004,http://www.dentalimplantnetwork.co.nz/,,,OPERATIONAL,https://maps.google.com/?cid=4259080289098857649&g_mp=Cidnb29nbGUubWFwcy5wbGFjZXMudjEuUGxhY2VzLlNlYXJjaFRleHQQAhgEIAA,,dental_clinic,Auckland,Newmarket Auckland,no_prices
Dental Marketing New Zealand,"2 Kingsland Terrace, Kingsland, Auckland 1021, New Zealand",09 883 1550,+64 9 883 1550,https://dentalmarketing.co.nz/contact-us/,4,1,OPERATIONAL,https://maps.google.com/?cid=8997958593102339790&g_mp=Cidnb29nbGUubWFwcy5wbGFjZXMudjEuUGxhY2VzLlNlYXJjaFRleHQQAhgEIAA,Monday: 8:30 AM – 5:00 PM; Tuesday: 8:30 AM – 5:00 PM; Wednesday: 8:30 AM – 5:00 PM; Thursday: 8:30 AM – 5:00 PM; Friday: 8:30 AM – 5:00 PM; Saturday: Closed; Sunday: Closed,dental_clinic,Auckland,Kingsland Auckland,no_prices
Dental Personnel,"12b/65 Paul Matthews Road, Rosedale, Auckland 0632, New Zealand",09 415 2550,+64 9 415 2550,http://www.dentalpersonnel.co.nz/,4.4,7,OPERATIONAL,https://maps.google.com/?cid=18224096317643258221&g_mp=Cidnb29nbGUubWFwcy5wbGFjZXMudjEuUGxhY2VzLlNlYXJjaFRleHQQAhgEIAA,Monday: 5:00 AM – 11:00 PM; Tuesday: 5:00 AM – 11:00 PM; Wednesday: 5:00 AM – 11:00 PM; Thursday: 5:00 AM – 11:00 PM; Friday: 5:00 AM – 11:00 PM; Saturday: 6:00 AM – 11:00 PM; Sunday: 6:00 AM – 11:00 PM,dental_clinic,Auckland,Unsworth Heights Auckland,no_prices
Dental Planet Mangere,"Community Health Centre 10 Waddon Place, Māngere, Auckland 2022, New Zealand",09 275 6105,+64 9 275 6105,https://dentalplanet.co.nz/,4.4,95,OPERATIONAL,https://maps.google.com/?cid=3796035167688706353&g_mp=Cidnb29nbGUubWFwcy5wbGFjZXMudjEuUGxhY2VzLlNlYXJjaFRleHQQAhgEIAA,Monday: 8:00 AM – 5:00 PM; Tuesday: 8:00 AM – 5:00 PM; Wednesday: 8:00 AM – 5:00 PM; Thursday: 8:00 AM – 5:00 PM; Friday: 8:00 AM – 5:00 PM; Saturday: 9:00 AM – 4:00 PM; Sunday: Closed,dental_clinic,Auckland,Mangere Auckland,no_prices
Dental Planet Manukau,"11E Bakerfield Place, Manukau City Centre, Auckland 2104, New Zealand",0800 262 2208,+64 800 262 2208,https://dentalplanet.co.nz/,4.6,170,OPERATIONAL,https://maps.google.com/?cid=9704223586675017476&g_mp=Cidnb29nbGUubWFwcy5wbGFjZXMudjEuUGxhY2VzLlNlYXJjaFRleHQQAhgEIAA,Monday: 8:30 AM – 5:00 PM; Tuesday: 8:30 AM – 5:00 PM; Wednesday: 8:30 AM – 5:00 PM; Thursday: 8:30 AM – 5:00 PM; Friday: 8:30 AM – 5:00 PM; Saturday: 8:30 AM – 5:00 PM; Sunday: Closed,dental_clinic,Auckland,Kingsland Auckland,no_prices
Dental Plus,"2/27 Davis Crescent, Newmarket, Auckland 1023, New Zealand",09 524 2809,+64 9 524 2809,,,,OPERATIONAL,https://maps.google.com/?cid=9383306228733758811&g_mp=Cidnb29nbGUubWFwcy5wbGFjZXMudjEuUGxhY2VzLlNlYXJjaFRleHQQAhgEIAA,,dental_clinic,Auckland,Newmarket Auckland,no_prices
Dental Solutions Ellerslie,"2/2 Robert Street, Ellerslie, Auckland 1051, New Zealand",09 525 0959,+64 9 525 0959,https://www.dentalsolutions.co.nz/,3.8,18,OPERATIONAL,https://maps.google.com/?cid=10143149531414227028&g_mp=Cidnb29nbGUubWFwcy5wbGFjZXMudjEuUGxhY2VzLlNlYXJjaFRleHQQAhgEIAA,Monday: 9:00 AM – 5:00 PM; Tuesday: 8:30 AM – 6:15 PM; Wednesday: 8:00 AM – 5:00 PM; Thursday: 8:00 AM – 5:00 PM; Friday: 8:00 AM – 3:30 PM; Saturday: Closed; Sunday: Closed,dental_clinic,Auckland,Remuera Auckland,no_prices
"Dental Solutions West, Denture Specialists West Auckland","67 Henderson Valley Road, Henderson, Auckland 0612, New Zealand",09 836 6060,+64 9 836 6060,http://www.dentalsolutionswest.com/,5,8,OPERATIONAL,https://maps.google.com/?cid=5615872181211873500&g_mp=Cidnb29nbGUubWFwcy5wbGFjZXMudjEuUGxhY2VzLlNlYXJjaFRleHQQAhgEIAA,Monday: Closed; Tuesday: Closed; Wednesday: 1:30 – 5:00 PM; Thursday: Closed; Friday: 1:30 – 5:00 PM; Saturday: Closed; Sunday: Closed,dental_clinic,Auckland,Henderson Auckland,no_prices
Dental Studio 114,"114 Lake Road, Northcote, Auckland 0627, New Zealand",09 480 6629,+64 9 480 6629,http://www.dentalstudio114.co.nz/,4.7,42,OPERATIONAL,https://maps.google.com/?cid=3636407713351330857&g_mp=Cidnb29nbGUubWFwcy5wbGFjZXMudjEuUGxhY2VzLlNlYXJjaFRleHQQAhgEIAA,Monday: 8:00 AM – 5:00 PM; Tuesday: 8:00 AM – 5:00 PM; Wednesday: 8:00 AM – 5:00 PM; Thursday: 8:00 AM – 5:00 PM; Friday: 8:00 AM – 5:00 PM; Saturday: Closed; Sunday: Closed,dental_clinic,Auckland,Northcote Auckland,no_prices
Dental Surgeon,"528 Sandringham Road, Sandringham, Auckland 1025, New Zealand",09 815 7205,+64 9 815 7205,,4.5,2,OPERATIONAL,https://maps.google.com/?cid=13057405598275972119&g_mp=Cidnb29nbGUubWFwcy5wbGFjZXMudjEuUGxhY2VzLlNlYXJjaFRleHQQAhgEIAA,Monday: 9:00 AM – 5:00 PM; Tuesday: 9:00 AM – 5:00 PM; Wednesday: 9:00 AM – 5:00 PM; Thursday: 9:00 AM – 5:00 PM; Friday: 9:00 AM – 5:00 PM; Saturday: 9:00 AM – 5:00 PM; Sunday: Closed,dental_clinic,Auckland,Sandringham Auckland,no_prices
Dental Today Onehunga,"66 Church Street, Onehunga, Auckland 1061, New Zealand",09 622 0766,+64 9 622 0766,https://dentaltoday.co.nz/,4.6,174,OPERATIONAL,https://maps.google.com/?cid=6503057756445074495&g_mp=Cidnb29nbGUubWFwcy5wbGFjZXMudjEuUGxhY2VzLlNlYXJjaFRleHQQAhgEIAA,Monday: 7:30 AM – 5:00 PM; Tuesday: 7:30 AM – 5:00 PM; Wednesday: 7:30 AM – 6:30 PM; Thursday: 8:00 AM – 5:00 PM; Friday: 8:00 AM – 5:00 PM; Saturday: 9:00 AM – 3:00 PM; Sunday: Closed,dental_clinic,Auckland,Newmarket Auckland,no_prices
Dental Wellness Centre,"Meadowbank Shopping Centre, 12/35 Saint Johns Road, Meadowbank, Auckland 1072, New Zealand",09 975 0333,+64 9 975 0333,https://www.dentalwellness.co.nz/,4.6,19,OPERATIONAL,https://maps.google.com/?cid=16098375177023735997&g_mp=Cidnb29nbGUubWFwcy5wbGFjZXMudjEuUGxhY2VzLlNlYXJjaFRleHQQAhgEIAA,Monday: Closed; Tuesday: 9:30 AM – 5:00 PM; Wednesday: 9:30 AM – 5:00 PM; Thursday: 9:30 AM – 5:00 PM; Friday: 9:30 AM – 5:00 PM; Saturday: 10:00 AM – 3:30 PM; Sunday: Closed,dental_clinic,Auckland,Remuera Auckland,no_prices
Dental World Panmure,"148 Queens Road, Panmure, Auckland 1072, New Zealand",022 174 5070,+64 22 174 5070,http://www.panmuredentalworld.co.nz/,4.6,73,OPERATIONAL,https://maps.google.com/?cid=3545551210520094082&g_mp=Cidnb29nbGUubWFwcy5wbGFjZXMudjEuUGxhY2VzLlNlYXJjaFRleHQQAhgEIAA,Monday: 8:00 AM – 4:00 PM; Tuesday: 8:00 AM – 4:00 PM; Wednesday: 8:00 AM – 4:00 PM; Thursday: 8:00 AM – 4:00 PM; Friday: 8:00 AM – 4:00 PM; Saturday: Closed; Sunday: Closed,dental_clinic,Auckland,Panmure Auckland,no_prices
Dental World Papakura,"182 Great South Road, Papakura, Auckland 2110, New Zealand",09 299 9000,+64 9 299 9000,http://papakuradentalworld.co.nz/,3.2,9,OPERATIONAL,https://maps.google.com/?cid=6247059132404520123&g_mp=Cidnb29nbGUubWFwcy5wbGFjZXMudjEuUGxhY2VzLlNlYXJjaFRleHQQAhgEIAA,Monday: 8:30 AM – 5:00 PM; Tuesday: 8:30 AM – 5:00 PM; Wednesday: 8:30 AM – 5:00 PM; Thursday: 8:30 AM – 5:00 PM; Friday: 8:30 AM – 5:00 PM; Saturday: Closed; Sunday: Closed,dental_clinic,Auckland,Papakura,no_prices
Dental clinic,"Long Bay Beach, Long Bay, Auckland 0792, New Zealand",,,,5,1,OPERATIONAL,https://maps.google.com/?cid=13399462785416854986&g_mp=Cidnb29nbGUubWFwcy5wbGFjZXMudjEuUGxhY2VzLlNlYXJjaFRleHQQAhgEIAA,,dental_clinic,Auckland,Torbay Auckland,no_prices
Dental on Richmond,"483 Richmond Road, Grey Lynn, Auckland 1021, New Zealand",09 666 4040,+64 9 666 4040,https://www.dentalonrichmond.co.nz/?utm_source=Google&utm_medium=Organic&utm_campaign=GBP&utm_term=Website,5,68,OPERATIONAL,https://maps.google.com/?cid=3266354952357258712&g_mp=Cidnb29nbGUubWFwcy5wbGFjZXMudjEuUGxhY2VzLlNlYXJjaFRleHQQAhgEIAA,Monday: 8:30 AM – 5:00 PM; Tuesday: 8:30 AM – 5:00 PM; Wednesday: 8:30 AM – 5:00 PM; Thursday: 8:30 AM – 7:00 PM; Friday: 8:00 AM – 4:30 PM; Saturday: Closed; Sunday: Closed,dental_clinic,Auckland,Auckland CBD,some_prices
DentalCare West,"182 West Coast Road, Glen Eden, Auckland 0602, New Zealand",09 818 8855,+64 9 818 8855,http://www.dentalcarewest.co.nz/,4.7,239,OPERATIONAL,https://maps.google.com/?cid=17221792274670226152&g_mp=Cidnb29nbGUubWFwcy5wbGFjZXMudjEuUGxhY2VzLlNlYXJjaFRleHQQAhgEIAA,Monday: 7:00 AM – 7:00 PM; Tuesday: 7:00 AM – 7:00 PM; Wednesday: 7:00 AM – 7:00 PM; Thursday: 7:00 AM – 7:00 PM; Friday: 7:00 AM – 5:00 PM; Saturday: 9:00 AM – 5:00 PM; Sunday: Closed,dental_clinic,Auckland,Kingsland Auckland,no_prices
DentalOne Remuera | Lumino The Dentists,"134 Remuera Road, Remuera, Auckland 1050, New Zealand",09 361 7162,+64 9 361 7162,https://lumino.co.nz/dentists/dentalone-remuera/?utm_source=google_business_profile&utm_medium=organic,4.7,29,OPERATIONAL,https://maps.google.com/?cid=2293178696560100947&g_mp=Cidnb29nbGUubWFwcy5wbGFjZXMudjEuUGxhY2VzLlNlYXJjaFRleHQQAhgEIAA,Monday: 8:30 AM – 4:00 PM; Tuesday: 7:30 AM – 4:00 PM; Wednesday: 7:30 AM – 4:00 PM; Thursday: 8:00 AM – 6:00 PM; Friday: 7:30 AM – 4:00 PM; Saturday: Closed; Sunday: Closed,dental_clinic,Auckland,Remuera Auckland,some_prices
Dentalcare Pakuranga,"207 Pakuranga Road, Pakuranga, Manukau 2010, New Zealand",09 576 5761,+64 9 576 5761,https://dentalcarepakuranga.co.nz/,4.8,12,OPERATIONAL,https://maps.google.com/?cid=8635917342792827598&g_mp=Cidnb29nbGUubWFwcy5wbGFjZXMudjEuUGxhY2VzLlNlYXJjaFRleHQQAhgEIAA,Monday: 8:00 AM – 7:00 PM; Tuesday: 8:00 AM – 5:00 PM; Wednesday: 7:00 AM – 5:00 PM; Thursday: 8:00 AM – 5:00 PM; Friday: 7:00 AM – 5:00 PM; Saturday: Closed; Sunday: Closed,dental_clinic,Auckland,Pakuranga Auckland,no_prices
Dentalworks,"c5/71 Lunn Avenue, Ellerslie, Auckland 1072, New Zealand",09 527 8088,+64 9 527 8088,https://dentalworks.co.nz/,4.5,75,OPERATIONAL,https://maps.google.com/?cid=10549071728589872131&g_mp=Cidnb29nbGUubWFwcy5wbGFjZXMudjEuUGxhY2VzLlNlYXJjaFRleHQQAhgEIAA,Monday: 7:00 AM – 5:00 PM; Tuesday: 9:00 AM – 6:00 PM; Wednesday: 9:00 AM – 5:00 PM; Thursday: 9:00 AM – 6:00 PM; Friday: 10:00 AM – 7:00 PM; Saturday: Closed; Sunday: 9:00 AM – 3:00 PM,dental_clinic,Auckland,Ellerslie Auckland,no_prices
Dentart,"16 Selwyn Road, Howick, Auckland 2014, New Zealand",09 534 2614,+64 9 534 2614,http://www.dentart.co.nz/,4.3,11,OPERATIONAL,https://maps.google.com/?cid=16364185053033306681&g_mp=Cidnb29nbGUubWFwcy5wbGFjZXMudjEuUGxhY2VzLlNlYXJjaFRleHQQAhgEIAA,Monday: 12:00 – 8:00 PM; Tuesday: 8:00 AM – 5:00 PM; Wednesday: 12:00 – 8:00 PM; Thursday: 8:00 AM – 5:00 PM; Friday: 8:00 AM – 3:00 PM; Saturday: Closed; Sunday: Closed,dental_clinic,Auckland,Howick Auckland,no_prices
Dentist,"Newmarket, Auckland 1023, New Zealand",,,,,,OPERATIONAL,https://maps.google.com/?cid=14684382045053912506&g_mp=Cidnb29nbGUubWFwcy5wbGFjZXMudjEuUGxhY2VzLlNlYXJjaFRleHQQAhgEIAA,,dental_clinic,Auckland,Newmarket Auckland,no_prices
Dentist On Parnell,"7B/77 The Strand, Parnell, Auckland 1010, New Zealand",09 377 5205,+64 9 377 5205,http://www.dentistonparnell.co.nz/,4.9,17,OPERATIONAL,https://maps.google.com/?cid=3777016269501329787&g_mp=Cidnb29nbGUubWFwcy5wbGFjZXMudjEuUGxhY2VzLlNlYXJjaFRleHQQAhgEIAA,Monday: 9:00 AM – 5:00 PM; Tuesday: 9:00 AM – 5:00 PM; Wednesday: 9:00 AM – 5:00 PM; Thursday: 9:00 AM – 5:00 PM; Friday: 9:00 AM – 5:00 PM; Saturday: 9:00 AM – 3:00 PM; Sunday: Closed,dental_clinic,Auckland,Auckland CBD,no_prices
Dentist On Shakespeare,"147 Shakespeare Road, Milford, Auckland 0620, New Zealand",09 486 6055,+64 9 486 6055,https://www.mydentist.co.nz/,4.7,45,OPERATIONAL,https://maps.google.com/?cid=3422707085203703537&g_mp=Cidnb29nbGUubWFwcy5wbGFjZXMudjEuUGxhY2VzLlNlYXJjaFRleHQQAhgEIAA,Monday: 8:30 AM – 7:00 PM; Tuesday: 8:30 AM – 7:00 PM; Wednesday: 9:00 AM – 5:00 PM; Thursday: 8:00 AM – 6:00 PM; Friday: 8:00 AM – 4:00 PM; Saturday: Closed; Sunday: Closed,dental_clinic,Auckland,Takapuna Auckland,no_prices
Dentist on Lincoln,"109 Lincoln Road, Henderson, Auckland 0610, New Zealand",09 836 5947,+64 9 836 5947,http://dentistonlincoln.co.nz/,4.8,193,OPERATIONAL,https://maps.google.com/?cid=13364151627892662439&g_mp=Cidnb29nbGUubWFwcy5wbGFjZXMudjEuUGxhY2VzLlNlYXJjaFRleHQQAhgEIAA,Monday: 9:00 AM – 5:30 PM; Tuesday: 9:00 AM – 5:30 PM; Wednesday: 9:00 AM – 3:00 PM; Thursday: 9:00 AM – 5:30 PM; Friday: 9:00 AM – 3:00 PM; Saturday: 9:00 AM – 2:00 PM; Sunday: Closed,dental_clinic,Auckland,Henderson Auckland,no_prices
Dentistry for Chickens,"29A Peach Parade, Remuera, Auckland 1050, New Zealand",09 520 0292,+64 9 520 0292,http://www.dentistryforchickens.co.nz/,4.6,59,OPERATIONAL,https://maps.google.com/?cid=6223279721847006997&g_mp=Cidnb29nbGUubWFwcy5wbGFjZXMudjEuUGxhY2VzLlNlYXJjaFRleHQQAhgEIAA,Monday: 9:00 AM – 9:00 PM; Tuesday: 9:00 AM – 9:00 PM; Wednesday: 9:00 AM – 9:00 PM; Thursday: 9:00 AM – 9:00 PM; Friday: 9:00 AM – 5:00 PM; Saturday: Closed; Sunday: Closed,dental_clinic,Auckland,Remuera Auckland,no_prices
Dentists on Birkenhead,"65 Birkenhead Avenue, Birkenhead, Auckland 0626, New Zealand",09 419 0556,+64 9 419 0556,http://dentistsonbirkenhead.co.nz/,4.6,42,OPERATIONAL,https://maps.google.com/?cid=10131614802774280932&g_mp=Cidnb29nbGUubWFwcy5wbGFjZXMudjEuUGxhY2VzLlNlYXJjaFRleHQQAhgEIAA,Monday: 9:00 AM – 5:00 PM; Tuesday: 9:00 AM – 5:00 PM; Wednesday: 9:00 AM – 5:00 PM; Thursday: 9:00 AM – 5:00 PM; Friday: 9:00 AM – 4:30 PM; Saturday: Closed; Sunday: Closed,dental_clinic,Auckland,Birkenhead Auckland,no_prices
Denture Designs Ltd,"574 Great South Road, Manukau City Centre, Auckland 2025, New Zealand",09 277 6644,+64 9 277 6644,https://www.denturedesigns.co.nz/,3.8,4,OPERATIONAL,https://maps.google.com/?cid=13846769139838162244&g_mp=Cidnb29nbGUubWFwcy5wbGFjZXMudjEuUGxhY2VzLlNlYXJjaFRleHQQAhgEIAA,Monday: 9:00 AM – 5:00 PM; Tuesday: 9:00 AM – 5:00 PM; Wednesday: 9:00 AM – 5:00 PM; Thursday: 9:00 AM – 5:00 PM; Friday: 9:00 AM – 5:00 PM; Saturday: 9:00 AM – 2:00 PM; Sunday: Closed,dental_clinic,Auckland,Wiri Auckland,no_prices
DentureTech Albany,"unit 5a/331 Rosedale Road, Albany, Auckland 0632, New Zealand",0800 822 500,+64 800 822 500,https://www.denturetech.co.nz/locations/our-clinics/albany-clinic/?utm_source=Albany&utm_medium=googleplaces,4.9,169,OPERATIONAL,https://maps.google.com/?cid=11259817194919909434&g_mp=Cidnb29nbGUubWFwcy5wbGFjZXMudjEuUGxhY2VzLlNlYXJjaFRleHQQAhgEIAA,Monday: 8:00 AM – 4:00 PM; Tuesday: 8:00 AM – 4:00 PM; Wednesday: 8:00 AM – 4:00 PM; Thursday: 8:00 AM – 4:00 PM; Friday: 8:00 AM – 12:00 PM; Saturday: Closed; Sunday: Closed,dental_clinic,Auckland,Albany Auckland,no_prices
Devonport Dental,"8 Victoria Road, Devonport, Auckland 0624, New Zealand",09 445 0097,+64 9 445 0097,https://www.devonportdentist.co.nz/,4.9,57,OPERATIONAL,https://maps.google.com/?cid=2551056639399432258&g_mp=Cidnb29nbGUubWFwcy5wbGFjZXMudjEuUGxhY2VzLlNlYXJjaFRleHQQAhgEIAA,Monday: 8:00 AM – 8:00 PM; Tuesday: 8:00 AM – 8:00 PM; Wednesday: 8:00 AM – 8:00 PM; Thursday: 8:00 AM – 6:00 PM; Friday: 8:00 AM – 6:00 PM; Saturday: 10:00 AM – 3:00 PM; Sunday: Closed,dental_clinic,Auckland,Devonport Auckland,no_prices
Devonport Health Centre,"20 Victoria Road, Devonport, Auckland 0624, New Zealand",09 972 2699,+64 9 972 2699,https://devonporthealth.co.nz/,3.6,49,OPERATIONAL,https://maps.google.com/?cid=9456016270117909618&g_mp=Cidnb29nbGUubWFwcy5wbGFjZXMudjEuUGxhY2VzLlNlYXJjaFRleHQQAhgEIAA,Monday: 8:00 AM – 5:00 PM; Tuesday: 8:00 AM – 5:00 PM; Wednesday: 8:00 AM – 5:00 PM; Thursday: 8:00 AM – 5:00 PM; Friday: 8:00 AM – 5:00 PM; Saturday: Closed; Sunday: Closed,dental_clinic,Auckland,Devonport Auckland,no_prices
Devonport Health Centre Pharmacy,"20 Victoria Road, Devonport, Auckland 0624, New Zealand",09 262 6542,+64 9 262 6542,https://www.healthpoint.co.nz/pharmacy/pharmacy/devonport-health-centre-pharmacy/,5,20,OPERATIONAL,https://maps.google.com/?cid=2149438339172235146&g_mp=Cidnb29nbGUubWFwcy5wbGFjZXMudjEuUGxhY2VzLlNlYXJjaFRleHQQAhgEIAA,Monday: 8:30 AM – 5:30 PM; Tuesday: 8:30 AM – 5:30 PM; Wednesday: 8:30 AM – 5:30 PM; Thursday: 8:30 AM – 5:30 PM; Friday: 8:30 AM – 5:30 PM; Saturday: 9:00 AM – 12:00 PM; Sunday: Closed,dental_clinic,Auckland,Devonport Auckland,no_prices
Devonport Naval Dental Clinic,"Stanley Point, Auckland 0624, New Zealand",,,,,,OPERATIONAL,https://maps.google.com/?cid=10118313885405016160&g_mp=Cidnb29nbGUubWFwcy5wbGFjZXMudjEuUGxhY2VzLlNlYXJjaFRleHQQAhgEIAA,,dental_clinic,Auckland,Devonport Auckland,no_prices
Devonport7 Day & Helen Scott Pharmacy,"31a Bartley Terrace, Devonport, Auckland 0624, New Zealand",09 445 4000,+64 9 445 4000,http://www.devonport7daypharmacy.co.nz/,4.3,46,OPERATIONAL,https://maps.google.com/?cid=16486142405389159746&g_mp=Cidnb29nbGUubWFwcy5wbGFjZXMudjEuUGxhY2VzLlNlYXJjaFRleHQQAhgEIAA,Monday: 9:00 AM – 7:00 PM; Tuesday: 9:00 AM – 7:00 PM; Wednesday: 9:00 AM – 7:00 PM; Thursday: 9:00 AM – 6:30 PM; Friday: 9:00 AM – 7:00 PM; Saturday: 9:00 AM – 6:00 PM; Sunday: 9:00 AM – 6:00 PM,dental_clinic,Auckland,Devonport Auckland,no_prices
Doctors at Kingsland,"491 New North Road, Kingsland, Auckland 1021, New Zealand",09 846 2296,+64 9 846 2296,https://www.doctorsatkingsland.com/,3.8,47,OPERATIONAL,https://maps.google.com/?cid=6104561326271107616&g_mp=Cidnb29nbGUubWFwcy5wbGFjZXMudjEuUGxhY2VzLlNlYXJjaFRleHQQAhgEIAA,Monday: 8:30 AM – 4:00 PM; Tuesday: 8:30 AM – 4:00 PM; Wednesday: 8:30 AM – 4:00 PM; Thursday: 8:30 AM – 4:00 PM; Friday: 8:30 AM – 4:00 PM; Saturday: Closed; Sunday: Closed,dental_clinic,Auckland,Kingsland Auckland,no_prices
Dominion Dental Centre,"1009A Dominion Road, Mount Roskill, Auckland 1041, New Zealand",09 629 0494,+64 9 629 0494,https://dominiondentalcentre.co.nz/,4.6,113,OPERATIONAL,https://maps.google.com/?cid=15035803513601664397&g_mp=Cidnb29nbGUubWFwcy5wbGFjZXMudjEuUGxhY2VzLlNlYXJjaFRleHQQAhgEIAA,Monday: 9:00 AM – 5:00 PM; Tuesday: 9:00 AM – 5:00 PM; Wednesday: 9:00 AM – 7:00 PM; Thursday: 9:00 AM – 5:00 PM; Friday: 9:00 AM – 5:00 PM; Saturday: 9:00 AM – 2:00 PM; Sunday: Closed,dental_clinic,Auckland,Mount Eden Auckland,no_prices
Dominion Road Surgery,"123 D Dominion Road, Mount Eden, Auckland 1024, New Zealand",09 630 1212,+64 9 630 1212,http://www.dominionroadsurgery.co.nz/,4.1,61,OPERATIONAL,https://maps.google.com/?cid=15403978776611703225&g_mp=Cidnb29nbGUubWFwcy5wbGFjZXMudjEuUGxhY2VzLlNlYXJjaFRleHQQAhgEIAA,Monday: 9:30 AM – 5:30 PM; Tuesday: 9:30 AM – 5:30 PM; Wednesday: 9:30 AM – 5:30 PM; Thursday: 9:30 AM – 5:30 PM; Friday: 9:30 AM – 5:30 PM; Saturday: Closed; Sunday: Closed,dental_clinic,Auckland,Kingsland Auckland,no_prices
Doug Waters & Dawn Tan Periodontist,"414 Lake Road, Takapuna, Beach 0622, New Zealand",09 486 6770,+64 9 486 6770,http://www.nsperio.co.nz/,4.5,11,OPERATIONAL,https://maps.google.com/?cid=4535569874758441483&g_mp=Cidnb29nbGUubWFwcy5wbGFjZXMudjEuUGxhY2VzLlNlYXJjaFRleHQQAhgEIAA,Monday: 7:30 AM – 4:00 PM; Tuesday: 7:30 AM – 4:00 PM; Wednesday: 7:30 AM – 4:00 PM; Thursday: 7:30 AM – 5:30 PM; Friday: 7:30 AM – 4:00 PM; Saturday: Closed; Sunday: Closed,dental_clinic,Auckland,Takapuna Auckland,no_prices
Downtown Dental,"Suite 102, Dilworth Building 1st Floor/22-32 Queen Street, Auckland CBD, Auckland 1010, New Zealand",09 302 0379,+64 9 302 0379,https://www.downtowndental.co.nz/,4.9,25,OPERATIONAL,https://maps.google.com/?cid=3513440912600205068&g_mp=Cidnb29nbGUubWFwcy5wbGFjZXMudjEuUGxhY2VzLlNlYXJjaFRleHQQAhgEIAA,Monday: 10:00 AM – 4:00 PM; Tuesday: 9:00 AM – 5:00 PM; Wednesday: 9:00 AM – 6:00 PM; Thursday: 9:00 AM – 5:00 PM; Friday: 9:00 AM – 5:00 PM; Saturday: Closed; Sunday: Closed,dental_clinic,Auckland,Auckland CBD,no_prices
Dr Dave Richards Dentist Auckland,"188 Saint Heliers Bay Road, St Heliers, Auckland 1071, New Zealand",09 585 0205,+64 9 585 0205,https://www.drdaverichards.nz/,5,121,OPERATIONAL,https://maps.google.com/?cid=3293729009085008721&g_mp=Cidnb29nbGUubWFwcy5wbGFjZXMudjEuUGxhY2VzLlNlYXJjaFRleHQQAhgEIAA,Monday: 7:00 AM – 5:00 PM; Tuesday: 8:00 AM – 5:00 PM; Wednesday: 8:00 AM – 7:00 PM; Thursday: 8:00 AM – 5:00 PM; Friday: 8:00 AM – 3:00 PM; Saturday: Closed; Sunday: Closed,dental_clinic,Auckland,St Heliers Auckland,no_prices
Dr Deanna Nelson – General Family Dentist,"213 Ponsonby Road, Ponsonby, Auckland 1011, New Zealand",09 953 4093,+64 9 953 4093,https://www.deannanelson.co.nz/,5,2,OPERATIONAL,https://maps.google.com/?cid=15550110336869061866&g_mp=Cidnb29nbGUubWFwcy5wbGFjZXMudjEuUGxhY2VzLlNlYXJjaFRleHQQAhgEIAA,,dental_clinic,Auckland,Ponsonby Auckland,no_prices
Dr Dylan Y L Yung,"106 Carlton Gore Road, Newmarket, Auckland 1023, New Zealand",09 368 9228,+64 9 368 9228,,,,OPERATIONAL,https://maps.google.com/?cid=4578708177738376777&g_mp=Cidnb29nbGUubWFwcy5wbGFjZXMudjEuUGxhY2VzLlNlYXJjaFRleHQQAhgEIAA,,dental_clinic,Auckland,Newmarket Auckland,no_prices
Dr Reddy’s Dental - West Auckland Dentists,"3089 Great North Road, New Lynn, Auckland 0600, New Zealand",09 827 9997,+64 9 827 9997,https://brightsmile.nz/,4.7,153,OPERATIONAL,https://maps.google.com/?cid=9909008943897320727&g_mp=Cidnb29nbGUubWFwcy5wbGFjZXMudjEuUGxhY2VzLlNlYXJjaFRleHQQAhgEIAA,Monday: 8:00 AM – 5:00 PM; Tuesday: 9:00 AM – 5:00 PM; Wednesday: 8:00 AM – 7:00 PM; Thursday: 8:00 AM – 6:00 PM; Friday: 8:00 AM – 5:00 PM; Saturday: 9:00 AM – 5:00 PM; Sunday: Closed,dental_clinic,Auckland,New Lynn Auckland,no_prices
Dr Simon Brown,"Level 1/412 Lake Road, Takapuna, Auckland 0622, New Zealand",09 489 9005,+64 9 489 9005,http://simon-brown-prosthodontist.blogspot.co.uk/p/about-me.html,3.2,9,OPERATIONAL,https://maps.google.com/?cid=4228321662216676554&g_mp=Cidnb29nbGUubWFwcy5wbGFjZXMudjEuUGxhY2VzLlNlYXJjaFRleHQQAhgEIAA,Monday: 7:30 AM – 4:30 PM; Tuesday: 7:30 AM – 4:30 AM; Wednesday: 7:30 AM – 4:30 PM; Thursday: 7:30 AM – 4:30 PM; Friday: 7:30 AM – 3:00 PM; Saturday: Closed; Sunday: Closed,dental_clinic,Auckland,Takapuna Auckland,no_prices
Dr Sinan Najar,"72 Rosebank Road, Avondale, Auckland 1026, New Zealand",09 828 7484,+64 9 828 7484,https://www.avondale-dental-centre.co.nz/?utm_source=organic&utm_medium=local&utm_campaign=najargmb,4.3,6,OPERATIONAL,https://maps.google.com/?cid=13358059104771595138&g_mp=Cidnb29nbGUubWFwcy5wbGFjZXMudjEuUGxhY2VzLlNlYXJjaFRleHQQAhgEIAA,Monday: 8:00 AM – 6:00 PM; Tuesday: 8:00 AM – 5:00 PM; Wednesday: 8:00 AM – 5:00 PM; Thursday: 8:00 AM – 6:00 PM; Friday: 8:00 AM – 5:00 PM; Saturday: 9:00 AM – 1:00 PM; Sunday: Closed,dental_clinic,Auckland,Avondale Auckland,no_prices
Dr Steven Casci,"One Health Dental 1/122 Remuera Road, Remuera, Auckland 1049, New Zealand",09 524 8834,+64 9 524 8834,https://drstevencasci.co.nz/,5,134,OPERATIONAL,https://maps.google.com/?cid=13311592989661296306&g_mp=Cidnb29nbGUubWFwcy5wbGFjZXMudjEuUGxhY2VzLlNlYXJjaFRleHQQAhgEIAA,Monday: Closed; Tuesday: 8:30 AM – 5:00 PM; Wednesday: 8:30 AM – 5:00 PM; Thursday: 8:30 AM – 5:00 PM; Friday: 8:30 AM – 4:00 PM; Saturday: 9:00 AM – 3:00 PM; Sunday: Closed,dental_clinic,Auckland,Newmarket Auckland,no_prices
Dr Tim D Little,"1875 Great North Road, Avondale, Auckland 1026, New Zealand",09 828 5786,+64 9 828 5786,https://www.avondaledental.co.nz/,5,1,OPERATIONAL,https://maps.google.com/?cid=16384588046840976525&g_mp=Cidnb29nbGUubWFwcy5wbGFjZXMudjEuUGxhY2VzLlNlYXJjaFRleHQQAhgEIAA,,dental_clinic,Auckland,Avondale Auckland,no_prices
Dr Victor R Young,"1875 Great North Road, Avondale, Auckland 1026, New Zealand",09 828 5786,+64 9 828 5786,,5,7,OPERATIONAL,https://maps.google.com/?cid=13224717800984666136&g_mp=Cidnb29nbGUubWFwcy5wbGFjZXMudjEuUGxhY2VzLlNlYXJjaFRleHQQAhgEIAA,,dental_clinic,Auckland,Avondale Auckland,no_prices
Dr W G D Brown Dental,"33 King Street, Grey Lynn, Auckland 1021, New Zealand",,,,,,OPERATIONAL,https://maps.google.com/?cid=14369052004900364378&g_mp=Cidnb29nbGUubWFwcy5wbGFjZXMudjEuUGxhY2VzLlNlYXJjaFRleHQQAhgEIAA,,dental_clinic,Auckland,Kingsland Auckland,no_prices
Dr Wondersmile - Auckland,"Unit 7B, 7th Floor/9 Victoria Street East, Auckland CBD, Auckland 1010, New Zealand",,,https://www.drwondersmile.co.nz/,4.6,149,OPERATIONAL,https://maps.google.com/?cid=5366421337531512095&g_mp=Cidnb29nbGUubWFwcy5wbGFjZXMudjEuUGxhY2VzLlNlYXJjaFRleHQQAhgEIAA,Monday: Closed; Tuesday: 10:00 AM – 5:00 PM; Wednesday: 10:00 AM – 5:00 PM; Thursday: 10:00 AM – 5:00 PM; Friday: 10:00 AM – 5:00 PM; Saturday: 10:00 AM – 5:00 PM; Sunday: Closed,dental_clinic,Auckland,Auckland CBD,no_prices
"Dr. Clarence Tam, DDS","Upstairs/18 Morrow Street, Newmarket, Auckland 1023, New Zealand",09 524 8399,+64 9 524 8399,http://clarencetam.co.nz/,5,9,OPERATIONAL,https://maps.google.com/?cid=229811765407915262&g_mp=Cidnb29nbGUubWFwcy5wbGFjZXMudjEuUGxhY2VzLlNlYXJjaFRleHQQAhgEIAA,Monday: 8:00 AM – 4:30 PM; Tuesday: 8:00 AM – 4:30 PM; Wednesday: 8:00 AM – 4:30 PM; Thursday: 8:00 AM – 4:30 PM; Friday: 8:00 AM – 1:00 PM; Saturday: Closed; Sunday: Closed,dental_clinic,Auckland,Newmarket Auckland,some_prices
"Dr. Hisham Abdalla, Dr Hisham's Holistic Oral Care System","32 Mahuhu Crescent, Auckland CBD, Auckland 1010, New Zealand",09 377 2012,+64 9 377 2012,http://www.drhishams.nz/,5,3,OPERATIONAL,https://maps.google.com/?cid=3796757811471619597&g_mp=Cidnb29nbGUubWFwcy5wbGFjZXMudjEuUGxhY2VzLlNlYXJjaFRleHQQAhgEIAA,Monday: 8:30 AM – 5:00 PM; Tuesday: 8:30 AM – 7:30 PM; Wednesday: 8:30 AM – 5:00 PM; Thursday: 8:30 AM – 7:30 PM; Friday: Closed; Saturday: Closed; Sunday: Closed,dental_clinic,Auckland,Auckland CBD,no_prices
Dr. Lakshay Kumar,"117 Sunnynook Road, Forrest Hill, Auckland 0620, New Zealand",09 449 2006,+64 9 449 2006,http://www.sunnynookdentist.co.nz/,5,9,OPERATIONAL,https://maps.google.com/?cid=3903461029240149590&g_mp=Cidnb29nbGUubWFwcy5wbGFjZXMudjEuUGxhY2VzLlNlYXJjaFRleHQQAhgEIAA,,dental_clinic,Auckland,Unsworth Heights Auckland,some_prices
Dyverse Dentures,"12C Waddon Place, Māngere, Auckland 2022, New Zealand",09 634 4543,+64 9 634 4543,http://www.dyversedentures.com/,5,11,OPERATIONAL,https://maps.google.com/?cid=8061626209780493488&g_mp=Cidnb29nbGUubWFwcy5wbGFjZXMudjEuUGxhY2VzLlNlYXJjaFRleHQQAhgEIAA,Monday: 9:00 AM – 5:00 PM; Tuesday: 9:00 AM – 5:00 PM; Wednesday: 9:00 AM – 5:00 PM; Thursday: 9:00 AM – 5:00 PM; Friday: 9:00 AM – 5:00 PM; Saturday: Closed; Sunday: Closed,dental_clinic,Auckland,Mangere Auckland,no_prices
East Coast Bays Dental,"Level 1/15 Mercari Way, Albany, Auckland 0632, New Zealand",09 415 7000,+64 9 415 7000,https://ecbdental.co.nz/,4.9,212,OPERATIONAL,https://maps.google.com/?cid=11326578216629356719&g_mp=Cidnb29nbGUubWFwcy5wbGFjZXMudjEuUGxhY2VzLlNlYXJjaFRleHQQAhgEIAA,Monday: 9:00 AM – 6:00 PM; Tuesday: 9:00 AM – 7:00 PM; Wednesday: 9:00 AM – 6:00 PM; Thursday: 9:00 AM – 5:30 PM; Friday: 9:00 AM – 5:30 PM; Saturday: Closed; Sunday: Closed,dental_clinic,Auckland,Albany Auckland,no_prices
East Street Dental,"21/23 Elliot Street, Papakura, Auckland 2110, New Zealand",09 298 5124,+64 9 298 5124,https://eaststreetdental.co.nz/,5,1,OPERATIONAL,https://maps.google.com/?cid=5011275028189072091&g_mp=Cidnb29nbGUubWFwcy5wbGFjZXMudjEuUGxhY2VzLlNlYXJjaFRleHQQAhgEIAA,Monday: 7:30 AM – 4:30 PM; Tuesday: 7:30 AM – 4:30 PM; Wednesday: 7:30 AM – 4:30 PM; Thursday: 7:30 AM – 4:30 PM; Friday: 7:30 AM – 4:30 PM; Saturday: Closed; Sunday: Closed,dental_clinic,Auckland,Papakura,no_prices
East Tamaki Dentist,"271B East Tamaki Road, Ōtara, Auckland 2023, New Zealand",021 485 140,+64 21 485 140,http://www.etdentist.com/,4.6,87,OPERATIONAL,https://maps.google.com/?cid=237462522065430606&g_mp=Cidnb29nbGUubWFwcy5wbGFjZXMudjEuUGxhY2VzLlNlYXJjaFRleHQQAhgEIAA,Monday: 9:00 AM – 5:00 PM; Tuesday: 9:00 AM – 3:30 PM; Wednesday: 9:00 AM – 5:00 PM; Thursday: 9:00 AM – 5:00 PM; Friday: 9:00 AM – 5:00 PM; Saturday: 9:00 AM – 4:00 PM; Sunday: Closed,dental_clinic,Auckland,Ōtara Auckland,no_prices
Eastcare Dental Services,"260 Botany Road, Botany Downs, Auckland 2013, New Zealand",09 277 1514,+64 9 277 1514,http://www.eastcaredental.co.nz/,4.9,95,OPERATIONAL,https://maps.google.com/?cid=10188270629614633959&g_mp=Cidnb29nbGUubWFwcy5wbGFjZXMudjEuUGxhY2VzLlNlYXJjaFRleHQQAhgEIAA,Monday: 8:30 AM – 4:30 PM; Tuesday: 8:30 AM – 8:30 PM; Wednesday: 8:30 AM – 8:30 PM; Thursday: 8:30 AM – 4:30 PM; Friday: 8:30 AM – 4:30 PM; Saturday: Closed; Sunday: Closed,dental_clinic,Auckland,Botany Auckland,no_prices
Eastridge Shopping Centre,"215 Kepa Road, Mission Bay, Auckland 1071, New Zealand",,,http://www.eastridge.co.nz/,4.2,1442,OPERATIONAL,https://maps.google.com/?cid=8098943227594090461&g_mp=Cidnb29nbGUubWFwcy5wbGFjZXMudjEuUGxhY2VzLlNlYXJjaFRleHQQAhgEIAA,Monday: 9:00 AM – 6:30 PM; Tuesday: 9:00 AM – 6:30 PM; Wednesday: 9:00 AM – 6:30 PM; Thursday: 9:00 AM – 6:30 PM; Friday: 9:00 AM – 6:30 PM; Saturday: 9:00 AM – 6:30 PM; Sunday: 9:00 AM – 4:30 PM,dental_clinic,Auckland,Mission Bay Auckland,no_prices
Eden Dental Centre,"Unit 3/1 Porters Avenue, Eden Terrace, Auckland 1024, New Zealand",09 373 5141,+64 9 373 5141,https://www.edendental.co.nz/,4.8,28,OPERATIONAL,https://maps.google.com/?cid=16240117858494322178&g_mp=Cidnb29nbGUubWFwcy5wbGFjZXMudjEuUGxhY2VzLlNlYXJjaFRleHQQAhgEIAA,Monday: 8:00 AM – 5:00 PM; Tuesday: 8:00 AM – 5:00 PM; Wednesday: 8:00 AM – 4:00 PM; Thursday: 8:00 AM – 4:00 PM; Friday: 8:00 AM – 12:00 PM; Saturday: Closed; Sunday: Closed,dental_clinic,Auckland,Auckland CBD,no_prices
Eden Orthodontics,"114 Dominion Road, Mount Eden, Auckland 1024, New Zealand",09 623 4104,+64 9 623 4104,http://www.edenorthodontics.co.nz/?utm_source=google&utm_medium=local&utm_campaign=1&utm_content=primary,4.9,182,OPERATIONAL,https://maps.google.com/?cid=10231670818883707066&g_mp=Cidnb29nbGUubWFwcy5wbGFjZXMudjEuUGxhY2VzLlNlYXJjaFRleHQQAhgEIAA,Monday: 8:30 AM – 4:30 PM; Tuesday: 8:00 AM – 6:00 PM; Wednesday: 8:00 AM – 5:30 PM; Thursday: 8:00 AM – 6:00 PM; Friday: 8:30 AM – 1:30 PM; Saturday: Closed; Sunday: Closed,dental_clinic,Auckland,Kingsland Auckland,no_prices
Eden Park Dental Laboratory,"63 Sandringham Road, Mount Eden, Auckland 1024, New Zealand",09 846 0711,+64 9 846 0711,http://www.edenparkdentallab.co.nz/,4.6,9,OPERATIONAL,https://maps.google.com/?cid=8829749708333558286&g_mp=Cidnb29nbGUubWFwcy5wbGFjZXMudjEuUGxhY2VzLlNlYXJjaFRleHQQAhgEIAA,Monday: 8:00 AM – 5:30 PM; Tuesday: 8:00 AM – 5:30 PM; Wednesday: 8:00 AM – 5:30 PM; Thursday: 8:00 AM – 5:30 PM; Friday: 8:00 AM – 4:00 PM; Saturday: Closed; Sunday: Closed,dental_clinic,Auckland,Kingsland Auckland,no_prices
Elite Dental Care,"Unit 1/84 Don McKinnon Drive, Albany, Auckland 0632, New Zealand",09 217 0045,+64 9 217 0045,http://www.elitedentalcare.co.nz/,4.9,342,OPERATIONAL,https://maps.google.com/?cid=13211036165173774160&g_mp=Cidnb29nbGUubWFwcy5wbGFjZXMudjEuUGxhY2VzLlNlYXJjaFRleHQQAhgEIAA,Monday: 8:30 AM – 4:30 PM; Tuesday: 8:30 AM – 4:30 PM; Wednesday: 8:30 AM – 4:30 PM; Thursday: 8:30 AM – 4:30 PM; Friday: 8:30 AM – 4:30 PM; Saturday: Closed; Sunday: Closed,dental_clinic,Auckland,Albany Auckland,no_prices
Ellerslie Hway Dental Centre,"439 Ellerslie Panmure Highway, Mount Wellington, Auckland 1060, New Zealand",09 570 7061,+64 9 570 7061,http://www.ellersliehwaydentalcentre.co.nz/,4.9,41,OPERATIONAL,https://maps.google.com/?cid=12308009201752233847&g_mp=Cidnb29nbGUubWFwcy5wbGFjZXMudjEuUGxhY2VzLlNlYXJjaFRleHQQAhgEIAA,Monday: 9:00 AM – 6:00 PM; Tuesday: 9:00 AM – 6:00 PM; Wednesday: 9:00 AM – 6:00 PM; Thursday: 9:00 AM – 6:00 PM; Friday: 9:00 AM – 4:00 PM; Saturday: Closed; Sunday: Closed,dental_clinic,Auckland,Ellerslie Auckland,no_prices
Endo Central,"29B Peach Parade, Remuera, Auckland 1050, New Zealand",09 529 0805,+64 9 529 0805,http://www.endocentral.co.nz/,4.2,10,OPERATIONAL,https://maps.google.com/?cid=4493343233154169236&g_mp=Cidnb29nbGUubWFwcy5wbGFjZXMudjEuUGxhY2VzLlNlYXJjaFRleHQQAhgEIAA,,dental_clinic,Auckland,Remuera Auckland,no_prices
Endodontic Solutions Ltd,"68 Beach Road, Auckland CBD, Auckland 1010, New Zealand",09 377 2922,+64 9 377 2922,http://www.endosol.co.nz/,4.1,15,OPERATIONAL,https://maps.google.com/?cid=5223019203864750114&g_mp=Cidnb29nbGUubWFwcy5wbGFjZXMudjEuUGxhY2VzLlNlYXJjaFRleHQQAhgEIAA,Monday: 8:30 AM – 5:00 PM; Tuesday: 8:30 AM – 5:00 PM; Wednesday: 8:30 AM – 3:00 PM; Thursday: 8:30 AM – 5:00 PM; Friday: 8:30 AM – 5:00 PM; Saturday: Closed; Sunday: Closed,dental_clinic,Auckland,Auckland CBD,no_prices
Epsom Dental Centre - Dr. Joe Yen,"559A Manukau Road, Epsom, Auckland 1023, New Zealand",09 630 4728,+64 9 630 4728,http://www.epsomdentalcentre.co.nz/,5,66,OPERATIONAL,https://maps.google.com/?cid=1745336872456585863&g_mp=Cidnb29nbGUubWFwcy5wbGFjZXMudjEuUGxhY2VzLlNlYXJjaFRleHQQAhgEIAA,Monday: 8:30 AM – 5:00 PM; Tuesday: 8:30 AM – 5:00 PM; Wednesday: 8:30 AM – 5:00 PM; Thursday: 8:30 AM – 5:00 PM; Friday: 9:00 AM – 5:00 PM; Saturday: 8:30 AM – 12:30 PM; Sunday: Closed,dental_clinic,Auckland,Remuera Auckland,no_prices
Epsom Dentists,"325 Manukau Road, Epsom, Auckland 1023, New Zealand",09 630 6883,+64 9 630 6883,https://epsomdentists.co.nz/,4.7,171,OPERATIONAL,https://maps.google.com/?cid=3402705733938980444&g_mp=Cidnb29nbGUubWFwcy5wbGFjZXMudjEuUGxhY2VzLlNlYXJjaFRleHQQAhgEIAA,Monday: 8:30 AM – 5:00 PM; Tuesday: 8:30 AM – 7:00 PM; Wednesday: 8:00 AM – 5:00 PM; Thursday: 9:00 AM – 7:00 PM; Friday: 8:30 AM – 5:00 PM; Saturday: 8:00 AM – 5:00 PM; Sunday: Closed,dental_clinic,Auckland,Karangahape Road Auckland,no_prices
Family Dentist Pakuranga,"237A Pakuranga Road, Pakuranga, Auckland 2010, New Zealand",09 576 7088,+64 9 576 7088,https://www.familydentistpakuranga.co.nz/,4.8,217,OPERATIONAL,https://maps.google.com/?cid=6236567044691261633&g_mp=Cidnb29nbGUubWFwcy5wbGFjZXMudjEuUGxhY2VzLlNlYXJjaFRleHQQAhgEIAA,Monday: 9:00 AM – 6:00 PM; Tuesday: 9:00 AM – 6:00 PM; Wednesday: 9:00 AM – 6:00 PM; Thursday: 9:00 AM – 6:00 PM; Friday: 9:00 AM – 6:00 PM; Saturday: 9:00 AM – 4:00 PM; Sunday: Closed,dental_clinic,Auckland,Pakuranga Auckland,no_prices
Fern Dental,"240 Ormiston Road, Flat Bush, Auckland 2019, New Zealand",0800 693 376,+64 800 693 376,http://ferndental.co.nz/,4.1,14,OPERATIONAL,https://maps.google.com/?cid=3854169107504750396&g_mp=Cidnb29nbGUubWFwcy5wbGFjZXMudjEuUGxhY2VzLlNlYXJjaFRleHQQAhgEIAA,Monday: 9:00 AM – 3:00 PM; Tuesday: 9:00 AM – 3:00 PM; Wednesday: 9:00 AM – 7:00 PM; Thursday: 9:00 AM – 5:00 PM; Friday: 9:00 AM – 5:00 PM; Saturday: 9:00 AM – 4:00 PM; Sunday: Closed,dental_clinic,Auckland,Flat Bush Auckland,no_prices
First Dental,"4/333 Great North Road, Henderson, Auckland 0612, New Zealand",09 837 2260,+64 9 837 2260,http://www.firstdental.co.nz/,4.3,32,OPERATIONAL,https://maps.google.com/?cid=3111890064557754587&g_mp=Cidnb29nbGUubWFwcy5wbGFjZXMudjEuUGxhY2VzLlNlYXJjaFRleHQQAhgEIAA,Monday: 9:30 AM – 5:30 PM; Tuesday: 9:30 AM – 5:30 PM; Wednesday: 9:30 AM – 5:30 PM; Thursday: 9:30 AM – 5:30 PM; Friday: 9:30 AM – 5:30 PM; Saturday: 9:00 AM – 2:00 PM; Sunday: Closed,dental_clinic,Auckland,Henderson Auckland,no_prices
Flash Dental Mt Eden,"425 Dominion Road, Mount Eden, Auckland 1024, New Zealand",09 638 7927,+64 9 638 7927,https://www.flashdental.co.nz/?utm_campaign=gmb,5,63,OPERATIONAL,https://maps.google.com/?cid=14788354817833101591&g_mp=Cidnb29nbGUubWFwcy5wbGFjZXMudjEuUGxhY2VzLlNlYXJjaFRleHQQAhgEIAA,Monday: 8:00 AM – 5:00 PM; Tuesday: 8:00 AM – 5:00 PM; Wednesday: 8:00 AM – 5:00 PM; Thursday: 8:00 AM – 5:00 PM; Friday: 8:00 AM – 5:00 PM; Saturday: Closed; Sunday: Closed,dental_clinic,Auckland,Mount Eden Auckland,no_prices
Flat Bush Dental,"201 Murphys Road, Flat Bush, Auckland 2019, New Zealand",09 930 8315,+64 9 930 8315,https://flatbushdental.co.nz/,4,37,OPERATIONAL,https://maps.google.com/?cid=15073759197055160626&g_mp=Cidnb29nbGUubWFwcy5wbGFjZXMudjEuUGxhY2VzLlNlYXJjaFRleHQQAhgEIAA,Monday: 9:00 AM – 5:00 PM; Tuesday: 9:00 AM – 5:00 PM; Wednesday: 9:00 AM – 5:00 PM; Thursday: 9:00 AM – 5:00 PM; Friday: 9:00 AM – 5:00 PM; Saturday: 9:00 AM – 3:00 PM; Sunday: Closed,dental_clinic,Auckland,Flat Bush Auckland,no_prices
Flat Bush Medical Centre,"201 Murphys Road, Flat Bush, Auckland 2019, New Zealand",09 930 8314,+64 9 930 8314,http://www.flatbushmedicalcentre.co.nz/,2.5,93,OPERATIONAL,https://maps.google.com/?cid=17241455750727424996&g_mp=Cidnb29nbGUubWFwcy5wbGFjZXMudjEuUGxhY2VzLlNlYXJjaFRleHQQAhgEIAA,Monday: 8:30 AM – 5:30 PM; Tuesday: 8:30 AM – 5:30 PM; Wednesday: 8:30 AM – 5:30 PM; Thursday: 8:30 AM – 5:30 PM; Friday: 8:30 AM – 5:30 PM; Saturday: Closed; Sunday: Closed,dental_clinic,Auckland,Flat Bush Auckland,no_prices
Floss Dental Birkenhead,"103 Onewa Road, Northcote, Auckland 0627, New Zealand",09 419 9120,+64 9 419 9120,http://www.flossdental.co.nz/,4.8,40,OPERATIONAL,https://maps.google.com/?cid=6337915165437257988&g_mp=Cidnb29nbGUubWFwcy5wbGFjZXMudjEuUGxhY2VzLlNlYXJjaFRleHQQAhgEIAA,Monday: 8:00 AM – 5:00 PM; Tuesday: 8:00 AM – 7:00 PM; Wednesday: 8:00 AM – 7:00 PM; Thursday: 8:00 AM – 6:00 PM; Friday: 8:00 AM – 5:00 PM; Saturday: 8:00 AM – 3:30 PM; Sunday: Closed,dental_clinic,Auckland,Northcote Auckland,some_prices
Focus Dental,"7a Victoria Road, Devonport, Auckland 0624, New Zealand",09 445 3588,+64 9 445 3588,http://www.focusdental.co.nz/,5,6,OPERATIONAL,https://maps.google.com/?cid=1018891013359536281&g_mp=Cidnb29nbGUubWFwcy5wbGFjZXMudjEuUGxhY2VzLlNlYXJjaFRleHQQAhgEIAA,Monday: 8:00 AM – 4:00 PM; Tuesday: 8:00 AM – 4:00 PM; Wednesday: Closed; Thursday: 8:00 AM – 4:00 PM; Friday: 8:00 AM – 4:00 PM; Saturday: Closed; Sunday: Closed,dental_clinic,Auckland,Devonport Auckland,no_prices
Forrest Hill Community Dental Clinic,"20a Bond Crescent, Forrest Hill, Auckland 0620, New Zealand",09 410 7361,+64 9 410 7361,http://www.letstalkteeth.co.nz/,2.8,9,OPERATIONAL,https://maps.google.com/?cid=10296028120824825883&g_mp=Cidnb29nbGUubWFwcy5wbGFjZXMudjEuUGxhY2VzLlNlYXJjaFRleHQQAhgEIAA,Monday: 8:00 AM – 4:30 PM; Tuesday: 8:00 AM – 4:30 PM; Wednesday: 8:00 AM – 4:30 PM; Thursday: 8:00 AM – 4:30 PM; Friday: 8:00 AM – 4:30 PM; Saturday: Closed; Sunday: Closed,dental_clinic,Auckland,Milford Auckland,no_prices
Four Square Torbay,"1058 Beach Road, Torbay, Auckland 0630, New Zealand",09 473 6197,+64 9 473 6197,https://www.foursquare.co.nz/upper-north-island/auckland/torbay?utm_source=google&utm_medium=organic&utm_campaign=Google+My+Business&utm_term=plcid_16152865229445364917&utm_content=Four+Square+Torbay+-+Auckland,4.2,359,OPERATIONAL,https://maps.google.com/?cid=2861284012272757930&g_mp=Cidnb29nbGUubWFwcy5wbGFjZXMudjEuUGxhY2VzLlNlYXJjaFRleHQQAhgEIAA,Monday: 7:00 AM – 9:00 PM; Tuesday: 7:00 AM – 9:00 PM; Wednesday: 7:00 AM – 9:00 PM; Thursday: 7:00 AM – 9:00 PM; Friday: 7:00 AM – 9:00 PM; Saturday: 7:00 AM – 9:00 PM; Sunday: 7:00 AM – 9:00 PM,dental_clinic,Auckland,Torbay Auckland,no_prices
Fraser Dental,"1 Wiseley Road, Hobsonville, Auckland 0618, New Zealand",09 416 5050,+64 9 416 5050,http://www.fraserdental.co.nz/,4.8,99,OPERATIONAL,https://maps.google.com/?cid=1290344240630637099&g_mp=Cidnb29nbGUubWFwcy5wbGFjZXMudjEuUGxhY2VzLlNlYXJjaFRleHQQAhgEIAA,Monday: 8:00 AM – 5:00 PM; Tuesday: 8:00 AM – 5:00 PM; Wednesday: 8:00 AM – 5:00 PM; Thursday: 8:00 AM – 5:00 PM; Friday: 8:00 AM – 5:00 PM; Saturday: Closed; Sunday: Closed,dental_clinic,Auckland,Great Barrier Island Auckland,no_prices
Fraser Smith Lowe Dentists Limited,"267 Pakuranga Road, Pakuranga, Auckland 2010, New Zealand",09 576 7676,+64 9 576 7676,http://www.frasersmithlowe.co.nz/,4.6,8,OPERATIONAL,https://maps.google.com/?cid=9622896028357951104&g_mp=Cidnb29nbGUubWFwcy5wbGFjZXMudjEuUGxhY2VzLlNlYXJjaFRleHQQAhgEIAA,Monday: 8:00 AM – 5:00 PM; Tuesday: 8:00 AM – 5:00 PM; Wednesday: 8:00 AM – 5:00 PM; Thursday: 8:00 AM – 5:00 PM; Friday: 8:00 AM – 2:00 PM; Saturday: Closed; Sunday: Closed,dental_clinic,Auckland,Pakuranga Auckland,no_prices
Freemans Bay Dental Centre,"40 College Hill, Freemans Bay, Auckland 1011, New Zealand",09 361 3610,+64 9 361 3610,http://www.freemansbaydental.net.nz/,4.7,44,OPERATIONAL,https://maps.google.com/?cid=7492831661403030545&g_mp=Cidnb29nbGUubWFwcy5wbGFjZXMudjEuUGxhY2VzLlNlYXJjaFRleHQQAhgEIAA,Monday: 9:00 AM – 5:00 PM; Tuesday: 9:00 AM – 5:00 PM; Wednesday: 9:00 AM – 5:00 PM; Thursday: 9:00 AM – 5:00 PM; Friday: 9:00 AM – 5:00 PM; Saturday: Closed; Sunday: Closed,dental_clinic,Auckland,Auckland CBD,no_prices
Freemans Bay Medical Centre,"100 Wellington Street, Freemans Bay, Auckland 1011, New Zealand",09 378 6653,+64 9 378 6653,http://www.freemansbaymedical.co.nz/,4.4,108,OPERATIONAL,https://maps.google.com/?cid=14288494450425100228&g_mp=Cidnb29nbGUubWFwcy5wbGFjZXMudjEuUGxhY2VzLlNlYXJjaFRleHQQAhgEIAA,Monday: 8:00 AM – 5:00 PM; Tuesday: 8:00 AM – 5:00 PM; Wednesday: 8:00 AM – 5:00 PM; Thursday: 8:00 AM – 5:00 PM; Friday: 8:00 AM – 5:00 PM; Saturday: Closed; Sunday: Closed,dental_clinic,Auckland,Freemans Bay Auckland,no_prices
FreshChoice Flat Bush,"Unit 8/130 Dawson Road, Flat Bush, Auckland 2023, New Zealand",09 274 4060,+64 9 274 4060,https://flatbush.store.freshchoice.co.nz/,3.6,595,OPERATIONAL,https://maps.google.com/?cid=18190025135561361320&g_mp=Cidnb29nbGUubWFwcy5wbGFjZXMudjEuUGxhY2VzLlNlYXJjaFRleHQQAhgEIAA,Monday: 6:30 AM – 10:00 PM; Tuesday: 6:30 AM – 10:00 PM; Wednesday: 6:30 AM – 10:00 PM; Thursday: 6:30 AM – 10:00 PM; Friday: 6:30 AM – 10:00 PM; Saturday: 6:30 AM – 10:00 PM; Sunday: 6:30 AM – 10:00 PM,dental_clinic,Auckland,Clover Park Auckland,no_prices
GBI Campground,"40 Schooner Bay Road, Great Barrier Island, Auckland 0991, New Zealand",021 298 8905,+64 21 298 8905,,5,4,OPERATIONAL,https://maps.google.com/?cid=16643109243910680577&g_mp=Cidnb29nbGUubWFwcy5wbGFjZXMudjEuUGxhY2VzLlNlYXJjaFRleHQQAhgEIAA,Monday: Open 24 hours; Tuesday: Open 24 hours; Wednesday: Open 24 hours; Thursday: Open 24 hours; Friday: Open 24 hours; Saturday: Open 24 hours; Sunday: Open 24 hours,dental_clinic,Auckland,Great Barrier Island Auckland,no_prices
GI Dental,"201d Apirana Avenue, Glen Innes, Auckland 1072, New Zealand",027 882 5266,+64 27 882 5266,https://gidental.co.nz/,5,7,OPERATIONAL,https://maps.google.com/?cid=7310079815786224353&g_mp=Cidnb29nbGUubWFwcy5wbGFjZXMudjEuUGxhY2VzLlNlYXJjaFRleHQQAhgEIAA,Monday: 9:00 AM – 5:00 PM; Tuesday: 9:00 AM – 5:00 PM; Wednesday: 9:00 AM – 8:00 PM; Thursday: 9:00 AM – 5:00 PM; Friday: 9:00 AM – 5:00 PM; Saturday: 9:00 AM – 5:00 PM; Sunday: Closed,dental_clinic,Auckland,Glen Innes Auckland,no_prices
Gentle Care Dentist,"70 Queens Road, Panmure, Auckland 1072, New Zealand",09 527 0030,+64 9 527 0030,http://www.gentlecaredentist.co.nz/,4.4,21,OPERATIONAL,https://maps.google.com/?cid=4145574192044363706&g_mp=Cidnb29nbGUubWFwcy5wbGFjZXMudjEuUGxhY2VzLlNlYXJjaFRleHQQAhgEIAA,Monday: 9:00 AM – 5:00 PM; Tuesday: 9:00 AM – 5:00 PM; Wednesday: 9:00 AM – 5:00 PM; Thursday: 9:00 AM – 5:00 PM; Friday: 9:00 AM – 5:00 PM; Saturday: 9:00 AM – 1:00 PM; Sunday: Closed,dental_clinic,Auckland,Panmure Auckland,no_prices
Gentle Dentists Ellerslie | Lumino The Dentists,"54 Main Highway, Ellerslie, Auckland 1051, New Zealand",09 525 6630,+64 9 525 6630,https://lumino.co.nz/dentists/gentle-dentists-ellerslie/?utm_source=google_business_profile&utm_medium=organic,4.4,41,OPERATIONAL,https://maps.google.com/?cid=11666330275668260040&g_mp=Cidnb29nbGUubWFwcy5wbGFjZXMudjEuUGxhY2VzLlNlYXJjaFRleHQQAhgEIAA,Monday: 8:00 AM – 5:00 PM; Tuesday: 8:00 AM – 5:00 PM; Wednesday: 8:00 AM – 5:00 PM; Thursday: 8:00 AM – 6:15 PM; Friday: 8:00 AM – 4:00 PM; Saturday: Closed; Sunday: Closed,dental_clinic,Auckland,Ellerslie Auckland,some_prices
Geoff Williamson Bds,"17 Patteson Avenue, Mission Bay, Auckland 1071, New Zealand",09 528 6434,+64 9 528 6434,,,,OPERATIONAL,https://maps.google.com/?cid=15092265065802911990&g_mp=Cidnb29nbGUubWFwcy5wbGFjZXMudjEuUGxhY2VzLlNlYXJjaFRleHQQAhgEIAA,,dental_clinic,Auckland,Mission Bay Auckland,no_prices
Glen Eden Intermediate Children's Community Dental Clinic,"23 Kaurilands Road, Waitākere, Auckland 0604, New Zealand",09 817 0070,+64 9 817 0070,https://servicefinder.co.nz/profile/Glen-Eden-Intermediate-Children-s-Community-Dental-Clinic-99011,,,OPERATIONAL,https://maps.google.com/?cid=5324165963564756100&g_mp=Cidnb29nbGUubWFwcy5wbGFjZXMudjEuUGxhY2VzLlNlYXJjaFRleHQQAhgEIAA,Monday: 8:00 AM – 4:30 PM; Tuesday: 8:00 AM – 4:30 PM; Wednesday: 8:00 AM – 4:30 PM; Thursday: 8:00 AM – 4:30 PM; Friday: 8:00 AM – 4:30 PM; Saturday: Closed; Sunday: Closed,dental_clinic,Auckland,Glen Eden Auckland,no_prices
Glen Innes Dental Centre,"230 Taniwha Street, Glen Innes, Auckland 1072, New Zealand",09 528 3434,+64 9 528 3434,https://www.gleninnesdentalcentre.co.nz/,4.3,37,OPERATIONAL,https://maps.google.com/?cid=18093033328138879575&g_mp=Cidnb29nbGUubWFwcy5wbGFjZXMudjEuUGxhY2VzLlNlYXJjaFRleHQQAhgEIAA,Monday: 8:30 AM – 5:00 PM; Tuesday: 8:30 AM – 5:00 PM; Wednesday: 8:30 AM – 5:00 PM; Thursday: 8:30 AM – 5:00 PM; Friday: 8:30 AM – 5:00 PM; Saturday: Closed; Sunday: Closed,dental_clinic,Auckland,Glen Innes Auckland,no_prices
Glen Innes Dentist,"48 Mayfair Place, Glen Innes, Auckland 1072, New Zealand",09 528 9389,+64 9 528 9389,http://www.gleninnesdentist.co.nz/,4.6,18,OPERATIONAL,https://maps.google.com/?cid=7135055272648643373&g_mp=Cidnb29nbGUubWFwcy5wbGFjZXMudjEuUGxhY2VzLlNlYXJjaFRleHQQAhgEIAA,Monday: 8:00 AM – 3:00 PM; Tuesday: 8:00 AM – 3:00 PM; Wednesday: 8:00 AM – 8:00 PM; Thursday: 8:00 AM – 4:00 PM; Friday: 8:00 AM – 3:00 PM; Saturday: Closed; Sunday: Closed,dental_clinic,Auckland,Glen Innes Auckland,no_prices
Glendowie Dental Centre,"106 West Tamaki Road, St Heliers, Auckland 1072, New Zealand",09 521 2076,+64 9 521 2076,http://glendowiedentalcentre.co.nz/,4.8,69,OPERATIONAL,https://maps.google.com/?cid=2141843663063742188&g_mp=Cidnb29nbGUubWFwcy5wbGFjZXMudjEuUGxhY2VzLlNlYXJjaFRleHQQAhgEIAA,Monday: 8:00 AM – 5:30 PM; Tuesday: 10:00 AM – 7:00 PM; Wednesday: 7:30 AM – 5:30 PM; Thursday: 10:00 AM – 7:00 PM; Friday: 7:30 AM – 12:00 PM; Saturday: Closed; Sunday: Closed,dental_clinic,Auckland,St Heliers Auckland,no_prices
Glenfield Family Dental,"109 Bentley Avenue, Glenfield, Auckland 0629, New Zealand",09 444 0415,+64 9 444 0415,https://dentistglenfield.co.nz/,3.8,16,OPERATIONAL,https://maps.google.com/?cid=2869513073678619520&g_mp=Cidnb29nbGUubWFwcy5wbGFjZXMudjEuUGxhY2VzLlNlYXJjaFRleHQQAhgEIAA,Monday: 9:30 AM – 4:30 PM; Tuesday: 9:30 AM – 4:30 PM; Wednesday: Closed; Thursday: 9:30 AM – 4:30 PM; Friday: 9:30 AM – 4:30 PM; Saturday: Closed; Sunday: Closed,dental_clinic,Auckland,Glenfield Auckland,no_prices
Glenfield Intermediate Children's Community Dental Clinic,"144 Chivalry Road, Glenfield, Auckland 0629, New Zealand",09 444 6160,+64 9 444 6160,,3.3,10,OPERATIONAL,https://maps.google.com/?cid=16676448209192847924&g_mp=Cidnb29nbGUubWFwcy5wbGFjZXMudjEuUGxhY2VzLlNlYXJjaFRleHQQAhgEIAA,,dental_clinic,Auckland,Glenfield Auckland,no_prices
Glenfield Veterinary Clinic,"46 Diana Drive, Glenfield, Auckland 0629, New Zealand",09 444 9552,+64 9 444 9552,https://www.facebook.com/glenfieldvets/,4.8,454,OPERATIONAL,https://maps.google.com/?cid=14194158852702737285&g_mp=Cidnb29nbGUubWFwcy5wbGFjZXMudjEuUGxhY2VzLlNlYXJjaFRleHQQAhgEIAA,Monday: 8:00 AM – 5:00 PM; Tuesday: 8:00 AM – 5:00 PM; Wednesday: 8:00 AM – 5:00 PM; Thursday: 8:00 AM – 5:00 PM; Friday: 8:00 AM – 5:00 PM; Saturday: 9:00 AM – 1:00 PM; Sunday: Closed,dental_clinic,Auckland,Glenfield Auckland,no_prices
"Glow Dental - Stonefields, Auckland","Shop 11/101 Lunn Avenue, Mount Wellington, Auckland 1072, New Zealand",09 600 2774,+64 9 600 2774,https://www.glowdental.co.nz/?utm_source=google-local&utm_medium=organic&utm_campaign=gmb,4.8,151,OPERATIONAL,https://maps.google.com/?cid=10577743449944079651&g_mp=Cidnb29nbGUubWFwcy5wbGFjZXMudjEuUGxhY2VzLlNlYXJjaFRleHQQAhgEIAA,Monday: 10:00 AM – 7:00 PM; Tuesday: 10:00 AM – 7:00 PM; Wednesday: 10:00 AM – 7:00 PM; Thursday: 10:00 AM – 7:00 PM; Friday: 10:00 AM – 4:00 PM; Saturday: 9:30 AM – 3:30 PM; Sunday: Closed,dental_clinic,Auckland,Kingsland Auckland,no_prices
Go Great Barrier Island,"Great Barrier Island 172 Gray Road, Auckland 0961, New Zealand",022 354 8869,+64 22 354 8869,http://www.greatbarrierislandtourism.co.nz/,4.7,20,OPERATIONAL,https://maps.google.com/?cid=13651067625703266044&g_mp=Cidnb29nbGUubWFwcy5wbGFjZXMudjEuUGxhY2VzLlNlYXJjaFRleHQQAhgEIAA,Monday: Open 24 hours; Tuesday: Open 24 hours; Wednesday: Open 24 hours; Thursday: Open 24 hours; Friday: Open 24 hours; Saturday: Open 24 hours; Sunday: Open 24 hours,dental_clinic,Auckland,Great Barrier Island Auckland,no_prices
Grafton Dental,"8 Nugent Street, Grafton, Auckland 1023, New Zealand",09 320 4161,+64 9 320 4161,https://graftondental.co.nz/,4.8,178,OPERATIONAL,https://maps.google.com/?cid=6541036578255044419&g_mp=Cidnb29nbGUubWFwcy5wbGFjZXMudjEuUGxhY2VzLlNlYXJjaFRleHQQAhgEIAA,Monday: 8:00 AM – 5:00 PM; Tuesday: 8:00 AM – 5:00 PM; Wednesday: 8:00 AM – 5:00 PM; Thursday: 8:00 AM – 5:00 PM; Friday: 8:00 AM – 2:30 PM; Saturday: Closed; Sunday: Closed,dental_clinic,Auckland,Auckland CBD,some_prices
Great Barrier Island,"Great Barrier Island, Auckland 0991, New Zealand",,,,4.9,150,,https://maps.google.com/?cid=1081127115368973440&g_mp=Cidnb29nbGUubWFwcy5wbGFjZXMudjEuUGxhY2VzLlNlYXJjaFRleHQQAhgEIAA,,dental_clinic,Auckland,Great Barrier Island Auckland,no_prices
Greenbay Dental,"Golf Road, Titirangi, Auckland 0604, New Zealand",,,,,,OPERATIONAL,https://maps.google.com/?cid=2085670011102847635&g_mp=Cidnb29nbGUubWFwcy5wbGFjZXMudjEuUGxhY2VzLlNlYXJjaFRleHQQAhgEIAA,,dental_clinic,Auckland,Glen Eden Auckland,no_prices
Greenhithe Dental Boutique,"6/8 Greenhithe Road, Greenhithe, Auckland 0632, New Zealand",09 413 5109,+64 9 413 5109,http://greenhithedental.co.nz/,4.9,398,OPERATIONAL,https://maps.google.com/?cid=13662993801744254461&g_mp=Cidnb29nbGUubWFwcy5wbGFjZXMudjEuUGxhY2VzLlNlYXJjaFRleHQQAhgEIAA,Monday: 9:00 AM – 7:00 PM; Tuesday: 7:00 AM – 3:00 PM; Wednesday: 7:00 AM – 5:00 PM; Thursday: 8:00 AM – 7:00 PM; Friday: 7:00 AM – 4:00 PM; Saturday: 8:00 AM – 3:00 PM; Sunday: Closed,dental_clinic,Auckland,Unsworth Heights Auckland,some_prices
Greenlane Dental,"205 Great South Road, Greenlane, Auckland 1051, New Zealand",09 520 1521,+64 9 520 1521,https://gld.co.nz/,4.7,79,OPERATIONAL,https://maps.google.com/?cid=14552611062140875227&g_mp=Cidnb29nbGUubWFwcy5wbGFjZXMudjEuUGxhY2VzLlNlYXJjaFRleHQQAhgEIAA,Monday: 8:00 AM – 5:00 PM; Tuesday: 8:00 AM – 5:00 PM; Wednesday: 8:00 AM – 5:00 PM; Thursday: 8:00 AM – 7:00 PM; Friday: 8:00 AM – 5:00 PM; Saturday: 8:00 AM – 1:00 PM; Sunday: Closed,dental_clinic,Auckland,Karangahape Road Auckland,no_prices
Greville Dental,"18 Hauraki Crescent, Pinehill, Auckland 0632, New Zealand",09 478 7830,+64 9 478 7830,https://www.grevilledental.co.nz/,4.7,99,OPERATIONAL,https://maps.google.com/?cid=12197961471085151193&g_mp=Cidnb29nbGUubWFwcy5wbGFjZXMudjEuUGxhY2VzLlNlYXJjaFRleHQQAhgEIAA,Monday: 8:00 AM – 7:00 PM; Tuesday: 8:00 AM – 7:00 PM; Wednesday: 8:00 AM – 7:00 PM; Thursday: 8:00 AM – 7:00 PM; Friday: 8:00 AM – 5:00 PM; Saturday: Closed; Sunday: Closed,dental_clinic,Auckland,Beach Haven Auckland,no_prices
Griffin Dental World,"137 Kolmar Road, Papatoetoe, Auckland 2025, New Zealand",09 277 6602,+64 9 277 6602,http://www.griffindentalpapatoetoe.com/,4.8,20,OPERATIONAL,https://maps.google.com/?cid=17521724488742750078&g_mp=Cidnb29nbGUubWFwcy5wbGFjZXMudjEuUGxhY2VzLlNlYXJjaFRleHQQAhgEIAA,Monday: 9:00 AM – 4:30 PM; Tuesday: 9:00 AM – 4:30 PM; Wednesday: 9:00 AM – 3:00 PM; Thursday: 9:00 AM – 4:30 PM; Friday: 9:00 AM – 3:00 PM; Saturday: Closed; Sunday: Closed,dental_clinic,Auckland,Papatoetoe Auckland,no_prices
Guardian Dental,"141 Great South Road, Papatoetoe, Auckland 2025, New Zealand",022 006 0000,+64 22 006 0000,https://guardiandental.co.nz/,4,45,OPERATIONAL,https://maps.google.com/?cid=6832767596044070567&g_mp=Cidnb29nbGUubWFwcy5wbGFjZXMudjEuUGxhY2VzLlNlYXJjaFRleHQQAhgEIAA,,dental_clinic,Auckland,Papatoetoe Auckland,no_prices
Guardian Dental Care,"Shop 109a, Level 1 Above Food Court Westfield, Manukau City Centre, Auckland 2104, New Zealand",09 262 2240,+64 9 262 2240,https://guardiandentalcare.co.nz/,3.8,88,OPERATIONAL,https://maps.google.com/?cid=6190172073562563413&g_mp=Cidnb29nbGUubWFwcy5wbGFjZXMudjEuUGxhY2VzLlNlYXJjaFRleHQQAhgEIAA,Monday: 9:00 AM – 4:00 PM; Tuesday: 9:00 AM – 5:00 PM; Wednesday: 9:00 AM – 5:00 PM; Thursday: 9:00 AM – 5:00 PM; Friday: 9:00 AM – 6:00 PM; Saturday: 10:00 AM – 4:00 PM; Sunday: 10:00 AM – 4:00 PM,dental_clinic,Auckland,Manukau Auckland,no_prices
Hani Naoum Endodontist,"68 Beach Road, Auckland CBD, Auckland 1010, New Zealand",09 377 2922,+64 9 377 2922,http://www.endosol.co.nz/,4.5,8,OPERATIONAL,https://maps.google.com/?cid=8444219200751107104&g_mp=Cidnb29nbGUubWFwcy5wbGFjZXMudjEuUGxhY2VzLlNlYXJjaFRleHQQAhgEIAA,Monday: 8:30 AM – 5:00 PM; Tuesday: 8:30 AM – 5:00 PM; Wednesday: 8:30 AM – 3:00 PM; Thursday: 8:30 AM – 5:00 PM; Friday: 8:30 AM – 4:30 PM; Saturday: Closed; Sunday: Closed,dental_clinic,Auckland,Auckland CBD,no_prices
Harish Lala Endodontist,"134 Remuera Road, Remuera, Auckland 1050, New Zealand",09 361 7179,+64 9 361 7179,https://lumino.co.nz/dentists/harish-lala-endodontics/?utm_source=google_business_profile&utm_medium=organic,4.8,26,OPERATIONAL,https://maps.google.com/?cid=230623845544259374&g_mp=Cidnb29nbGUubWFwcy5wbGFjZXMudjEuUGxhY2VzLlNlYXJjaFRleHQQAhgEIAA,Monday: 7:00 AM – 5:00 PM; Tuesday: 7:00 AM – 5:00 PM; Wednesday: 7:00 AM – 5:00 PM; Thursday: 7:00 AM – 5:00 PM; Friday: Closed; Saturday: Closed; Sunday: Closed,dental_clinic,Auckland,Remuera Auckland,some_prices
Hauraki Smiles Dental Laboratory Ltd.,"39a Florence Avenue, Orewa 0931, New Zealand",09 428 3120,+64 9 428 3120,http://www.haurakismiles.co.nz/,5,2,OPERATIONAL,https://maps.google.com/?cid=8931452501762011895&g_mp=Cidnb29nbGUubWFwcy5wbGFjZXMudjEuUGxhY2VzLlNlYXJjaFRleHQQAhgEIAA,Monday: Open 24 hours; Tuesday: Open 24 hours; Wednesday: Open 24 hours; Thursday: Open 24 hours; Friday: Open 24 hours; Saturday: Open 24 hours; Sunday: Open 24 hours,dental_clinic,Auckland,Orewa Auckland,no_prices
Headspace Clinic - Dental hygiene & Aesthetics,"62 Queen Street, Warkworth 0910, New Zealand",09 955 7137,+64 9 955 7137,https://booking.au.hsone.app/soe/new?pid=NZWIS01#/perspectives/1,5,32,OPERATIONAL,https://maps.google.com/?cid=15775972813443902623&g_mp=Cidnb29nbGUubWFwcy5wbGFjZXMudjEuUGxhY2VzLlNlYXJjaFRleHQQAhgEIAA,Monday: 10:00 AM – 3:00 PM; Tuesday: 10:00 AM – 3:00 PM; Wednesday: Closed; Thursday: Closed; Friday: 9:00 AM – 4:00 PM; Saturday: Closed; Sunday: Closed,dental_clinic,Auckland,Algies Bay Auckland,no_prices
Helensville Dental Centre,"16 Commercial Road, Helensville 0800, New Zealand",09 420 8983,+64 9 420 8983,https://helensvilledentist.co.nz/,4.8,14,OPERATIONAL,https://maps.google.com/?cid=8477340557723038623&g_mp=Cidnb29nbGUubWFwcy5wbGFjZXMudjEuUGxhY2VzLlNlYXJjaFRleHQQAhgEIAA,Monday: 8:30 AM – 5:00 PM; Tuesday: 8:30 AM – 6:30 PM; Wednesday: 8:30 AM – 5:00 PM; Thursday: 8:30 AM – 5:00 PM; Friday: 8:30 AM – 5:00 PM; Saturday: Closed; Sunday: Closed,dental_clinic,Auckland,Helensville Auckland,no_prices
Hello Dental,"224 Kepa Road, Mission Bay, Auckland 1071, New Zealand",09 217 3115,+64 9 217 3115,https://www.hellodental.co.nz/,4.8,213,OPERATIONAL,https://maps.google.com/?cid=1015840886585453822&g_mp=Cidnb29nbGUubWFwcy5wbGFjZXMudjEuUGxhY2VzLlNlYXJjaFRleHQQAhgEIAA,Monday: 8:00 AM – 5:00 PM; Tuesday: 8:00 AM – 5:00 PM; Wednesday: 8:00 AM – 5:00 PM; Thursday: 8:00 AM – 5:00 PM; Friday: 8:00 AM – 5:00 PM; Saturday: Closed; Sunday: Closed,dental_clinic,Auckland,Remuera Auckland,no_prices
Henderson Dental Centre,"Level 1/361 Great North Road, Henderson, Auckland 0612, New Zealand",09 837 3663,+64 9 837 3663,,4.9,39,OPERATIONAL,https://maps.google.com/?cid=2574394821695525309&g_mp=Cidnb29nbGUubWFwcy5wbGFjZXMudjEuUGxhY2VzLlNlYXJjaFRleHQQAhgEIAA,Monday: Closed; Tuesday: 10:00 AM – 6:00 PM; Wednesday: Closed; Thursday: 10:00 AM – 6:00 PM; Friday: Closed; Saturday: 10:00 AM – 3:00 PM; Sunday: Closed,dental_clinic,Auckland,Glen Eden Auckland,no_prices
Henderson Dental Practice | Lumino The Dentists,"Level 1 Lincoln North Centre, Henderson, Auckland 0612, New Zealand",09 361 7157,+64 9 361 7157,https://lumino.co.nz/dentists/henderson-dental-practice/?utm_source=google_business_profile&utm_medium=organic,4.6,78,OPERATIONAL,https://maps.google.com/?cid=17623594671164017619&g_mp=Cidnb29nbGUubWFwcy5wbGFjZXMudjEuUGxhY2VzLlNlYXJjaFRleHQQAhgEIAA,Monday: 8:00 AM – 8:00 PM; Tuesday: 8:00 AM – 4:00 PM; Wednesday: 8:00 AM – 8:00 PM; Thursday: 8:00 AM – 4:00 PM; Friday: 8:00 AM – 4:00 PM; Saturday: Closed; Sunday: Closed,dental_clinic,Auckland,Henderson Auckland,some_prices
Henderson Intermediate Children's Community Dental Clinic,"50 Fairdene Avenue, Henderson, Auckland 0610, New Zealand",09 838 9751,+64 9 838 9751,https://servicefinder.co.nz/profile/Henderson-Intermediate-Children-s-Community-Dental-Clinic-99020,4.8,5,OPERATIONAL,https://maps.google.com/?cid=3107730413076613310&g_mp=Cidnb29nbGUubWFwcy5wbGFjZXMudjEuUGxhY2VzLlNlYXJjaFRleHQQAhgEIAA,Monday: 8:00 AM – 4:30 PM; Tuesday: 8:00 AM – 4:30 PM; Wednesday: 8:00 AM – 4:30 PM; Thursday: 8:00 AM – 4:30 PM; Friday: 8:00 AM – 4:30 PM; Saturday: Closed; Sunday: Closed,dental_clinic,Auckland,Henderson Auckland,no_prices
Henderson Medical Centre,"2 Montel Avenue, Henderson, Auckland 0612, New Zealand",09 837 1110,+64 9 837 1110,http://www.hendersonmedical.co.nz/,3.6,244,OPERATIONAL,https://maps.google.com/?cid=11645213870006466296&g_mp=Cidnb29nbGUubWFwcy5wbGFjZXMudjEuUGxhY2VzLlNlYXJjaFRleHQQAhgEIAA,Monday: 8:00 AM – 8:00 PM; Tuesday: 8:00 AM – 6:00 PM; Wednesday: 8:00 AM – 8:00 PM; Thursday: 8:00 AM – 6:00 PM; Friday: 8:00 AM – 5:00 PM; Saturday: Closed; Sunday: Closed,dental_clinic,Auckland,Henderson Auckland,no_prices
Henry Schein New Zealand,"243/249 Bush Road, Rosedale, Auckland 0632, New Zealand",09 414 0040,+64 9 414 0040,http://www.henryschein.co.nz/,5,3,OPERATIONAL,https://maps.google.com/?cid=16177571671604018214&g_mp=Cidnb29nbGUubWFwcy5wbGFjZXMudjEuUGxhY2VzLlNlYXJjaFRleHQQAhgEIAA,Monday: 8:00 AM – 5:00 PM; Tuesday: 8:00 AM – 5:00 PM; Wednesday: 8:00 AM – 5:00 PM; Thursday: 8:00 AM – 5:00 PM; Friday: 8:00 AM – 5:00 PM; Saturday: Closed; Sunday: Closed,dental_clinic,Auckland,Unsworth Heights Auckland,no_prices
Hibiscus Care Dental,"674 Whangaparaoa Road, Stanmore Bay, Auckland 0932, New Zealand",09 424 3005,+64 9 424 3005,http://hibiscuscaredental.co.nz/,4.9,51,OPERATIONAL,https://maps.google.com/?cid=9865236543873325780&g_mp=Cidnb29nbGUubWFwcy5wbGFjZXMudjEuUGxhY2VzLlNlYXJjaFRleHQQAhgEIAA,Monday: 9:00 AM – 5:00 PM; Tuesday: 9:00 AM – 5:00 PM; Wednesday: 9:00 AM – 5:00 PM; Thursday: 9:00 AM – 5:00 PM; Friday: 9:00 AM – 5:00 PM; Saturday: Closed; Sunday: Closed,dental_clinic,Auckland,Beach Haven Auckland,some_prices
Highland Park Dental Centre,"17c Aberfeldy Avenue, Highland Park, Auckland 2010, New Zealand",09 537 4641,+64 9 537 4641,https://highlandparkdental.co.nz/,4.6,26,OPERATIONAL,https://maps.google.com/?cid=354795335039674457&g_mp=Cidnb29nbGUubWFwcy5wbGFjZXMudjEuUGxhY2VzLlNlYXJjaFRleHQQAhgEIAA,Monday: 8:30 AM – 5:30 PM; Tuesday: 8:30 AM – 5:30 PM; Wednesday: 8:30 AM – 5:30 PM; Thursday: 8:30 AM – 6:00 PM; Friday: 8:30 AM – 5:30 PM; Saturday: 9:00 AM – 4:00 PM; Sunday: Closed,dental_clinic,Auckland,Bucklands Beach Auckland,no_prices
Hill Park Dental,"32A Dennis Avenue, Hillpark, Auckland 2102, New Zealand",0800 268 954,+64 800 268 954,http://hillparkdental.co.nz/,3.8,48,OPERATIONAL,https://maps.google.com/?cid=15312408476197642188&g_mp=Cidnb29nbGUubWFwcy5wbGFjZXMudjEuUGxhY2VzLlNlYXJjaFRleHQQAhgEIAA,Monday: 9:00 AM – 5:00 PM; Tuesday: 9:00 AM – 5:00 PM; Wednesday: 9:00 AM – 1:00 PM; Thursday: 9:00 AM – 5:00 PM; Friday: 9:00 AM – 5:00 PM; Saturday: 10:00 AM – 4:00 PM; Sunday: Closed,dental_clinic,Auckland,Manurewa Auckland,no_prices
HillPark Dental Avondale,"73 Rosebank Road, Avondale, Auckland 1026, New Zealand",0800 268 954,+64 800 268 954,http://www.hillparkdental.co.nz/,4.2,6,OPERATIONAL,https://maps.google.com/?cid=6776244964069336506&g_mp=Cidnb29nbGUubWFwcy5wbGFjZXMudjEuUGxhY2VzLlNlYXJjaFRleHQQAhgEIAA,Monday: 9:00 AM – 5:00 PM; Tuesday: 9:00 AM – 5:00 PM; Wednesday: 9:00 AM – 5:00 PM; Thursday: 9:00 AM – 5:00 PM; Friday: 9:00 AM – 5:00 PM; Saturday: 9:00 AM – 1:00 PM; Sunday: Closed,dental_clinic,Auckland,Avondale Auckland,no_prices
Hinemoa Street Dental,"80D Hinemoa Street, Birkenhead, Auckland 0626, New Zealand",0800 160 161,+64 800 160 161,https://affordabledentists.co.nz/,4.9,674,OPERATIONAL,https://maps.google.com/?cid=14487785209035007793&g_mp=Cidnb29nbGUubWFwcy5wbGFjZXMudjEuUGxhY2VzLlNlYXJjaFRleHQQAhgEIAA,Monday: 8:00 AM – 5:00 PM; Tuesday: 8:00 AM – 5:00 PM; Wednesday: 8:00 AM – 7:00 PM; Thursday: 8:00 AM – 7:00 PM; Friday: 8:00 AM – 4:00 PM; Saturday: 9:00 AM – 4:00 PM; Sunday: Closed,dental_clinic,Auckland,Auckland CBD,some_prices
Hobsonville Point Dental,"2b/160 Hobsonville Point Road, Hobsonville Point, Auckland 0616, New Zealand",09 320 0504,+64 9 320 0504,https://www.hobsonvillepointdental.co.nz/,5,105,OPERATIONAL,https://maps.google.com/?cid=4091670077253785763&g_mp=Cidnb29nbGUubWFwcy5wbGFjZXMudjEuUGxhY2VzLlNlYXJjaFRleHQQAhgEIAA,Monday: 8:00 AM – 5:00 PM; Tuesday: 8:00 AM – 7:00 PM; Wednesday: 8:00 AM – 5:00 PM; Thursday: 8:00 AM – 5:00 PM; Friday: 8:00 AM – 3:30 PM; Saturday: Closed; Sunday: Closed,dental_clinic,Auckland,Great Barrier Island Auckland,no_prices
Howick Dental Surgery,"6 Walter MacDonald Street, Howick, Auckland 2014, New Zealand",09 534 7465,+64 9 534 7465,https://www.howickdentalsurgery.co.nz/,4.9,936,OPERATIONAL,https://maps.google.com/?cid=12635533226043181492&g_mp=Cidnb29nbGUubWFwcy5wbGFjZXMudjEuUGxhY2VzLlNlYXJjaFRleHQQAhgEIAA,Monday: 8:30 AM – 5:00 PM; Tuesday: 8:30 AM – 5:00 PM; Wednesday: 8:30 AM – 5:00 PM; Thursday: 8:00 AM – 5:30 PM; Friday: 8:30 AM – 5:00 PM; Saturday: Closed; Sunday: Closed,dental_clinic,Auckland,Howick Auckland,no_prices
Howick Village Dental,"13 Cook Street, Howick, Auckland 2014, New Zealand",09 534 8931,+64 9 534 8931,http://www.howickvillagedental.co.nz/,4.7,49,OPERATIONAL,https://maps.google.com/?cid=9094264896301562107&g_mp=Cidnb29nbGUubWFwcy5wbGFjZXMudjEuUGxhY2VzLlNlYXJjaFRleHQQAhgEIAA,Monday: 8:30 AM – 5:00 PM; Tuesday: 8:30 AM – 7:00 PM; Wednesday: 8:30 AM – 5:00 PM; Thursday: 8:30 AM – 7:00 PM; Friday: 8:30 AM – 5:00 PM; Saturday: Closed; Sunday: Closed,dental_clinic,Auckland,Howick Auckland,no_prices
Howick Village Denture Studio,"6/10 Wellington Street, Howick, Auckland 2014, New Zealand",09 576 6987,+64 9 576 6987,https://howickdentures.co.nz/,4.8,12,OPERATIONAL,https://maps.google.com/?cid=4671132233579592418&g_mp=Cidnb29nbGUubWFwcy5wbGFjZXMudjEuUGxhY2VzLlNlYXJjaFRleHQQAhgEIAA,Monday: 7:30 AM – 4:00 PM; Tuesday: 7:30 AM – 4:00 PM; Wednesday: 8:30 AM – 3:30 PM; Thursday: 7:30 AM – 4:00 PM; Friday: 7:30 AM – 4:00 PM; Saturday: Closed; Sunday: Closed,dental_clinic,Auckland,Howick Auckland,no_prices
Hunters Corner Dental,"185 Great South Road, Papatoetoe, Auckland 2025, New Zealand",09 278 5635,+64 9 278 5635,https://www.hunterscornerdental.nz/?utm_source=gbp&utm_medium=organic&utm_campaign=gbp-listing,4,12,OPERATIONAL,https://maps.google.com/?cid=13358037149929583698&g_mp=Cidnb29nbGUubWFwcy5wbGFjZXMudjEuUGxhY2VzLlNlYXJjaFRleHQQAhgEIAA,Monday: 9:00 AM – 5:00 PM; Tuesday: 9:00 AM – 5:00 PM; Wednesday: 9:00 AM – 5:00 PM; Thursday: 9:00 AM – 5:00 PM; Friday: 9:00 AM – 5:00 PM; Saturday: Closed; Sunday: Closed,dental_clinic,Auckland,Papatoetoe Auckland,no_prices
Implants & Cosmetics Institute,"205 Great South Road, Greenlane, Auckland 1051, New Zealand",09 520 1521,+64 9 520 1521,http://www.gld.co.nz/,,,OPERATIONAL,https://maps.google.com/?cid=15881701376538209716&g_mp=Cidnb29nbGUubWFwcy5wbGFjZXMudjEuUGxhY2VzLlNlYXJjaFRleHQQAhgEIAA,,dental_clinic,Auckland,Leigh Auckland,no_prices
Inspire Dental,"1/28 Remuera Road, Newmarket, Auckland 1050, New Zealand",09 522 8090,+64 9 522 8090,http://www.inspiredental.co.nz/,4.8,29,OPERATIONAL,https://maps.google.com/?cid=8261163675317970397&g_mp=Cidnb29nbGUubWFwcy5wbGFjZXMudjEuUGxhY2VzLlNlYXJjaFRleHQQAhgEIAA,Monday: Closed; Tuesday: 9:00 AM – 5:00 PM; Wednesday: 9:00 AM – 5:00 PM; Thursday: 9:00 AM – 5:00 PM; Friday: 9:00 AM – 5:00 PM; Saturday: 9:30 AM – 4:00 PM; Sunday: Closed,dental_clinic,Auckland,Newmarket Auckland,no_prices
Institute of Dental Implants & Periodontics,"4/142 Broadway, Newmarket, Auckland 1023, New Zealand",09 524 9002,+64 9 524 9002,http://www.implantdentist.co.nz/,4.7,11,OPERATIONAL,https://maps.google.com/?cid=7089381133433785385&g_mp=Cidnb29nbGUubWFwcy5wbGFjZXMudjEuUGxhY2VzLlNlYXJjaFRleHQQAhgEIAA,Monday: 8:00 AM – 5:00 PM; Tuesday: 8:00 AM – 5:00 PM; Wednesday: 8:00 AM – 5:00 PM; Thursday: 8:00 AM – 5:00 PM; Friday: 8:00 AM – 5:00 PM; Saturday: Closed; Sunday: Closed,dental_clinic,Auckland,Newmarket Auckland,no_prices
Integrative Dental & Natural Health Centre,"9, Building # 3 - Unit #9/100 Bush Road, Rosedale, Auckland 0632, New Zealand",09 440 9585,+64 9 440 9585,http://www.dr-jacques-imbeau.com/,5,3,OPERATIONAL,https://maps.google.com/?cid=10845945553901991230&g_mp=Cidnb29nbGUubWFwcy5wbGFjZXMudjEuUGxhY2VzLlNlYXJjaFRleHQQAhgEIAA,,dental_clinic,Auckland,Albany Auckland,no_prices
Integrative Dental Medicine,"28 Davies Avenue, Manukau City Centre, Auckland 2104, New Zealand",09 263 7763,+64 9 263 7763,,,,OPERATIONAL,https://maps.google.com/?cid=15766585290450504631&g_mp=Cidnb29nbGUubWFwcy5wbGFjZXMudjEuUGxhY2VzLlNlYXJjaFRleHQQAhgEIAA,,dental_clinic,Auckland,Wiri Auckland,no_prices
Ivoclar Vivadent Ltd,"12 Omega Street, Rosedale, Auckland 0632, New Zealand",0508 486 252,+64 508 486 252,https://www.ivoclar.com/en_nz,5,2,OPERATIONAL,https://maps.google.com/?cid=9694575802297197490&g_mp=Cidnb29nbGUubWFwcy5wbGFjZXMudjEuUGxhY2VzLlNlYXJjaFRleHQQAhgEIAA,Monday: 8:30 AM – 5:00 PM; Tuesday: 8:30 AM – 5:00 PM; Wednesday: 8:30 AM – 5:00 PM; Thursday: 8:30 AM – 5:00 PM; Friday: 8:30 AM – 5:00 PM; Saturday: Closed; Sunday: Closed,dental_clinic,Auckland,Unsworth Heights Auckland,no_prices
JD Patel Dental Surgeon,"103 East Tamaki Road, Papatoetoe, Auckland 2025, New Zealand",09 278 2394,+64 9 278 2394,,4.5,32,OPERATIONAL,https://maps.google.com/?cid=185476414439511478&g_mp=Cidnb29nbGUubWFwcy5wbGFjZXMudjEuUGxhY2VzLlNlYXJjaFRleHQQAhgEIAA,Monday: 8:00 AM – 5:00 PM; Tuesday: 8:00 AM – 5:00 PM; Wednesday: 8:00 AM – 5:00 PM; Thursday: 8:00 AM – 5:00 PM; Friday: Closed; Saturday: Closed; Sunday: Closed,dental_clinic,Auckland,Papatoetoe Auckland,no_prices
JJ Dental Care,"NZ, 8A/331 Rosedale Road, Albany, Auckland 0632, New Zealand",09 418 4189,+64 9 418 4189,https://www.jjdentalcare.co.nz/,5,128,OPERATIONAL,https://maps.google.com/?cid=12936768565263173241&g_mp=Cidnb29nbGUubWFwcy5wbGFjZXMudjEuUGxhY2VzLlNlYXJjaFRleHQQAhgEIAA,Monday: 9:00 AM – 6:00 PM; Tuesday: 9:00 AM – 6:00 PM; Wednesday: 9:00 AM – 6:00 PM; Thursday: 9:00 AM – 7:00 PM; Friday: 9:00 AM – 6:00 PM; Saturday: 10:00 AM – 3:00 PM; Sunday: Closed,dental_clinic,Auckland,Albany Auckland,no_prices
JJY Dental Ltd,"g10/31 Northcroft Street, Takapuna, Auckland 0622, New Zealand",09 486 2875,+64 9 486 2875,,4.1,17,OPERATIONAL,https://maps.google.com/?cid=5494328344223012789&g_mp=Cidnb29nbGUubWFwcy5wbGFjZXMudjEuUGxhY2VzLlNlYXJjaFRleHQQAhgEIAA,Monday: 8:30 AM – 6:00 PM; Tuesday: 8:30 AM – 5:30 PM; Wednesday: 8:30 AM – 5:00 PM; Thursday: 8:30 AM – 6:00 PM; Friday: 8:30 AM – 5:30 PM; Saturday: Closed; Sunday: Closed,dental_clinic,Auckland,Takapuna Auckland,no_prices
Janice Sommerville Ltd,"5 Saint Marks Road, Remuera, Auckland 1050, New Zealand",09 524 7628,+64 9 524 7628,https://orthodontist.net.nz/,4.6,71,OPERATIONAL,https://maps.google.com/?cid=15714138429847076361&g_mp=Cidnb29nbGUubWFwcy5wbGFjZXMudjEuUGxhY2VzLlNlYXJjaFRleHQQAhgEIAA,Monday: 7:30 AM – 5:00 PM; Tuesday: 7:30 AM – 5:00 PM; Wednesday: 7:30 AM – 5:00 PM; Thursday: 7:30 AM – 5:00 PM; Friday: 7:30 AM – 12:30 PM; Saturday: Closed; Sunday: Closed,dental_clinic,Auckland,Newmarket Auckland,no_prices
Jervois Rd Dental Centre - Dr Graham Shaw,"204 Jervois Road, Herne Bay, Auckland 1011, New Zealand",0800 005 200,+64 800 005 200,http://www.dentalboutique.co.nz/,4.8,16,OPERATIONAL,https://maps.google.com/?cid=3053550705700816393&g_mp=Cidnb29nbGUubWFwcy5wbGFjZXMudjEuUGxhY2VzLlNlYXJjaFRleHQQAhgEIAA,,dental_clinic,Auckland,Ponsonby Auckland,no_prices
Joy Family Dental Clinic,"536 Mount Eden Road, Mount Eden, Auckland 1024, New Zealand",0210 365 717,+64 210 365 717,,4.2,17,OPERATIONAL,https://maps.google.com/?cid=15892249051817882553&g_mp=Cidnb29nbGUubWFwcy5wbGFjZXMudjEuUGxhY2VzLlNlYXJjaFRleHQQAhgEIAA,Monday: 9:00 AM – 5:00 PM; Tuesday: 9:00 AM – 5:00 PM; Wednesday: 9:00 AM – 5:00 PM; Thursday: 9:00 AM – 5:00 PM; Friday: 9:00 AM – 5:00 PM; Saturday: Closed; Sunday: Closed,dental_clinic,Auckland,Mount Eden Auckland,no_prices
K'ROAD MEDICAL CENTRE,"345 Karangahape Road, Auckland 1010, New Zealand",09 373 5041,+64 9 373 5041,https://www.healthpoint.co.nz/gps-accident-urgent-medical-care/gp/k-road-medical-centre/,3.2,39,OPERATIONAL,https://maps.google.com/?cid=12503052630081950805&g_mp=Cidnb29nbGUubWFwcy5wbGFjZXMudjEuUGxhY2VzLlNlYXJjaFRleHQQAhgEIAA,Monday: 9:00 AM – 5:30 PM; Tuesday: 9:00 AM – 5:00 PM; Wednesday: 9:00 AM – 4:00 PM; Thursday: 9:00 AM – 5:00 PM; Friday: 9:00 AM – 5:15 PM; Saturday: Closed; Sunday: Closed,dental_clinic,Auckland,Karangahape Road Auckland,no_prices
Karl Johnston,"Dental Centre Ground Floor/73 Symonds Street, Grafton, Auckland 1010, New Zealand",09 379 7380,+64 9 379 7380,http://www.justsmile.co.nz/,4.8,18,OPERATIONAL,https://maps.google.com/?cid=1834944628092776792&g_mp=Cidnb29nbGUubWFwcy5wbGFjZXMudjEuUGxhY2VzLlNlYXJjaFRleHQQAhgEIAA,Monday: 7:30 AM – 5:00 PM; Tuesday: 7:30 AM – 5:00 PM; Wednesday: 7:30 AM – 4:00 PM; Thursday: 7:30 AM – 6:00 PM; Friday: 7:30 AM – 2:00 PM; Saturday: Closed; Sunday: Closed,dental_clinic,Auckland,Auckland CBD,some_prices
Keith Nelson & Associates,"103 Franklin Road, Freemans Bay, Auckland 1011, New Zealand",09 378 0877,+64 9 378 0877,https://www.keithnelson.co.nz/,4.8,79,OPERATIONAL,https://maps.google.com/?cid=12248507998302615048&g_mp=Cidnb29nbGUubWFwcy5wbGFjZXMudjEuUGxhY2VzLlNlYXJjaFRleHQQAhgEIAA,Monday: 7:30 AM – 6:00 PM; Tuesday: 7:30 AM – 6:00 PM; Wednesday: 7:30 AM – 6:00 PM; Thursday: 7:30 AM – 6:00 PM; Friday: 7:30 AM – 6:00 PM; Saturday: 8:30 AM – 1:30 PM; Sunday: Closed,dental_clinic,Auckland,Auckland CBD,no_prices
Kelly John,"2 Fleet Street, Devonport, Auckland 0624, New Zealand",09 445 4574,+64 9 445 4574,,4,5,OPERATIONAL,https://maps.google.com/?cid=14812331386572904288&g_mp=Cidnb29nbGUubWFwcy5wbGFjZXMudjEuUGxhY2VzLlNlYXJjaFRleHQQAhgEIAA,,dental_clinic,Auckland,Devonport Auckland,no_prices
Kelston Dental Care,"4 Archibald Road, Kelston, Auckland 0602, New Zealand",09 818 5092,+64 9 818 5092,https://www.kelstondentalcare.nz/?utm_source=GMB,4.9,117,OPERATIONAL,https://maps.google.com/?cid=11593092305969568148&g_mp=Cidnb29nbGUubWFwcy5wbGFjZXMudjEuUGxhY2VzLlNlYXJjaFRleHQQAhgEIAA,Monday: 9:00 AM – 5:00 PM; Tuesday: 9:00 AM – 5:00 PM; Wednesday: 9:00 AM – 5:00 PM; Thursday: 9:00 AM – 7:00 PM; Friday: 9:00 AM – 5:00 PM; Saturday: 9:00 AM – 2:00 PM; Sunday: Closed,dental_clinic,Auckland,Glen Eden Auckland,no_prices
Kelston Mall,"16 West Coast Road, Glen Eden, Auckland 0602, New Zealand",09 818 4372,+64 9 818 4372,http://www.kelstonmall.co.nz/,3.9,1419,OPERATIONAL,https://maps.google.com/?cid=2131807310710348155&g_mp=Cidnb29nbGUubWFwcy5wbGFjZXMudjEuUGxhY2VzLlNlYXJjaFRleHQQAhgEIAA,Monday: 7:00 AM – 10:00 PM; Tuesday: 7:00 AM – 10:00 PM; Wednesday: 7:00 AM – 10:00 PM; Thursday: 7:00 AM – 10:00 PM; Friday: 7:00 AM – 10:00 PM; Saturday: 7:00 AM – 10:00 PM; Sunday: 7:00 AM – 10:00 PM,dental_clinic,Auckland,Glen Eden Auckland,no_prices
Kim's Dental Surgery,"1st floor/20A Link Drive, Glenfield, Auckland 0627, New Zealand",09 443 3539,+64 9 443 3539,,4.2,15,OPERATIONAL,https://maps.google.com/?cid=3129243752088588770&g_mp=Cidnb29nbGUubWFwcy5wbGFjZXMudjEuUGxhY2VzLlNlYXJjaFRleHQQAhgEIAA,Monday: 9:00 AM – 6:00 PM; Tuesday: 9:00 AM – 6:00 PM; Wednesday: 9:00 AM – 6:00 PM; Thursday: 9:00 AM – 6:00 PM; Friday: 9:00 AM – 6:00 PM; Saturday: 9:00 AM – 2:00 PM; Sunday: Closed,dental_clinic,Auckland,Glenfield Auckland,no_prices
Kingsland Pharmacy,"491 New North Road, Kingsland, Auckland 1021, New Zealand",09 849 2738,+64 9 849 2738,https://www.healthpoint.co.nz/pharmacy/pharmacy/kingsland-pharmacy/,3.8,23,OPERATIONAL,https://maps.google.com/?cid=6178076731497984554&g_mp=Cidnb29nbGUubWFwcy5wbGFjZXMudjEuUGxhY2VzLlNlYXJjaFRleHQQAhgEIAA,Monday: 8:30 AM – 6:00 PM; Tuesday: 8:30 AM – 6:00 PM; Wednesday: 8:30 AM – 6:00 PM; Thursday: 8:30 AM – 6:00 PM; Friday: 8:30 AM – 6:00 PM; Saturday: Closed; Sunday: Closed,dental_clinic,Auckland,Kingsland Auckland,no_prices
Kohimarama Dental Centre,"303 Kepa Road, Mission Bay, Auckland 1071, New Zealand",09 528 7996,+64 9 528 7996,http://www.kohimaramadental.co.nz/,4.8,11,OPERATIONAL,https://maps.google.com/?cid=377299895272914682&g_mp=Cidnb29nbGUubWFwcy5wbGFjZXMudjEuUGxhY2VzLlNlYXJjaFRleHQQAhgEIAA,Monday: 9:00 AM – 6:00 PM; Tuesday: 10:00 AM – 8:00 PM; Wednesday: 9:00 AM – 6:00 PM; Thursday: 10:00 AM – 8:00 PM; Friday: 9:00 AM – 6:00 PM; Saturday: Closed; Sunday: Closed,dental_clinic,Auckland,Freemans Bay Auckland,no_prices
Kowhai Coast Dental | Warkworth Dentist,"Kowhai House Level 3/4 Warkworth Street, Warkworth 0910, New Zealand",09 425 0346,+64 9 425 0346,https://www.kowhaicoastdental.co.nz/,4.9,171,OPERATIONAL,https://maps.google.com/?cid=3646046013905553440&g_mp=Cidnb29nbGUubWFwcy5wbGFjZXMudjEuUGxhY2VzLlNlYXJjaFRleHQQAhgEIAA,Monday: 8:00 AM – 4:45 PM; Tuesday: 8:00 AM – 4:45 PM; Wednesday: 8:00 AM – 4:45 PM; Thursday: 8:00 AM – 4:45 PM; Friday: 8:00 AM – 12:30 PM; Saturday: Closed; Sunday: Closed,dental_clinic,Auckland,Warkworth Auckland,no_prices
Lake Panorama Dental,"22 Lake Panorama Drive, Henderson, Auckland 0612, New Zealand",09 218 6000,+64 9 218 6000,http://www.lakepanoramadental.co.nz/,5,124,OPERATIONAL,https://maps.google.com/?cid=7861124355735712323&g_mp=Cidnb29nbGUubWFwcy5wbGFjZXMudjEuUGxhY2VzLlNlYXJjaFRleHQQAhgEIAA,Monday: 9:30 AM – 4:30 PM; Tuesday: 9:30 AM – 4:30 PM; Wednesday: 9:30 AM – 4:30 PM; Thursday: Closed; Friday: 9:30 AM – 4:30 PM; Saturday: 9:00 AM – 1:00 PM; Sunday: Closed,dental_clinic,Auckland,Henderson Auckland,no_prices
Lake Road Dentists,"161 Lake Road, Belmont, Auckland 0622, New Zealand",09 446 3361,+64 9 446 3361,,5,22,OPERATIONAL,https://maps.google.com/?cid=9144842717519202021&g_mp=Cidnb29nbGUubWFwcy5wbGFjZXMudjEuUGxhY2VzLlNlYXJjaFRleHQQAhgEIAA,Monday: 8:00 AM – 4:30 PM; Tuesday: 8:00 AM – 6:00 PM; Wednesday: 8:00 AM – 4:30 PM; Thursday: 8:00 AM – 4:30 PM; Friday: 8:00 AM – 2:00 PM; Saturday: Closed; Sunday: Closed,dental_clinic,Auckland,Takapuna Auckland,no_prices
Lambs Pharmacy & Natural Therapies Centre,"173 Karangahape Road-3774232, Tel 09, Fax 09 3774230/173 Karangahape Road, Auckland CBD, Auckland 1010, New Zealand",09 377 4230,+64 9 377 4230,https://www.healthpoint.co.nz/pharmacy/pharmacy/lambs-pharmacy-natural-therapies-centre,4.6,30,OPERATIONAL,https://maps.google.com/?cid=14040350583865115705&g_mp=Cidnb29nbGUubWFwcy5wbGFjZXMudjEuUGxhY2VzLlNlYXJjaFRleHQQAhgEIAA,Monday: 9:00 AM – 6:00 PM; Tuesday: 9:00 AM – 6:00 PM; Wednesday: 9:00 AM – 6:00 PM; Thursday: 9:00 AM – 7:00 PM; Friday: 9:00 AM – 6:00 PM; Saturday: 10:00 AM – 5:00 PM; Sunday: Closed,dental_clinic,Auckland,Karangahape Road Auckland,no_prices
Lance West's Rooms,"5 Saint Marks Road, Remuera, Auckland 1050, New Zealand",09 520 6223,+64 9 520 6223,http://www.lancewest.co.nz/,3.4,9,OPERATIONAL,https://maps.google.com/?cid=10120337152814844556&g_mp=Cidnb29nbGUubWFwcy5wbGFjZXMudjEuUGxhY2VzLlNlYXJjaFRleHQQAhgEIAA,Monday: 9:00 AM – 5:00 PM; Tuesday: 9:00 AM – 5:00 PM; Wednesday: 9:00 AM – 5:00 PM; Thursday: 9:00 AM – 5:00 PM; Friday: 9:00 AM – 5:00 PM; Saturday: Closed; Sunday: Closed,dental_clinic,Auckland,Newmarket Auckland,no_prices
Laser Clinics New Zealand - Takapuna,"15/17 Hurstmere Road, Takapuna, Auckland 0622, New Zealand",09 887 6994,+64 9 887 6994,https://www.laserclinicsnewzealand.co.nz/skin-care-clinic/takapuna/?utm_content=Laser+Clinics+New+Zealand+-+Takapuna+-+Auckland&utm_campaign=Google+My+Business&utm_medium=organic&utm_source=google&utm_term=plcid_2006429332567023306,4.6,214,OPERATIONAL,https://maps.google.com/?cid=13166032790488222278&g_mp=Cidnb29nbGUubWFwcy5wbGFjZXMudjEuUGxhY2VzLlNlYXJjaFRleHQQAhgEIAA,Monday: 9:00 AM – 6:00 PM; Tuesday: 9:00 AM – 6:00 PM; Wednesday: 9:00 AM – 7:00 PM; Thursday: 9:00 AM – 7:00 PM; Friday: 9:00 AM – 6:00 PM; Saturday: 9:00 AM – 5:00 PM; Sunday: 9:00 AM – 4:00 PM,dental_clinic,Auckland,Takapuna Auckland,no_prices
Leabank Dental,"92 Weymouth Road, Manurewa, Auckland 2102, New Zealand",027 882 5264,+64 27 882 5264,,4.7,36,OPERATIONAL,https://maps.google.com/?cid=9112876665798483772&g_mp=Cidnb29nbGUubWFwcy5wbGFjZXMudjEuUGxhY2VzLlNlYXJjaFRleHQQAhgEIAA,Monday: 9:00 AM – 7:00 PM; Tuesday: 9:00 AM – 7:00 PM; Wednesday: 9:00 AM – 6:30 PM; Thursday: 9:00 AM – 5:30 PM; Friday: 9:00 AM – 5:30 PM; Saturday: 9:00 AM – 5:30 PM; Sunday: 9:00 AM – 5:30 PM,dental_clinic,Auckland,Manurewa Auckland,no_prices
Lee Bernard Lee Dental,"19 Highland Park Drive, Highland Park, Auckland 2010, New Zealand",09 535 9477,+64 9 535 9477,,5,1,OPERATIONAL,https://maps.google.com/?cid=3397101915937319981&g_mp=Cidnb29nbGUubWFwcy5wbGFjZXMudjEuUGxhY2VzLlNlYXJjaFRleHQQAhgEIAA,"Monday: 9:00 AM – 12:00 PM; Tuesday: 9:00 AM – 12:00 PM, 1:00 – 5:00 PM; Wednesday: 9:00 AM – 12:00 PM; Thursday: Closed; Friday: Closed; Saturday: Closed; Sunday: Closed",dental_clinic,Auckland,Bucklands Beach Auckland,no_prices
Lee Geoff BDS,"7 Victoria Road, Devonport, Auckland 0624, New Zealand",09 445 3588,+64 9 445 3588,,,,OPERATIONAL,https://maps.google.com/?cid=4888363194502122396&g_mp=Cidnb29nbGUubWFwcy5wbGFjZXMudjEuUGxhY2VzLlNlYXJjaFRleHQQAhgEIAA,Monday: 8:00 AM – 3:00 PM; Tuesday: 8:00 AM – 3:00 PM; Wednesday: 8:00 AM – 3:00 PM; Thursday: 8:00 AM – 3:00 PM; Friday: 8:00 AM – 3:00 PM; Saturday: Closed; Sunday: Closed,dental_clinic,Auckland,Devonport Auckland,no_prices
Li & Lawson Dental,"36 Kitchener Street, Auckland CBD, Auckland 1010, New Zealand",09 302 2313,+64 9 302 2313,https://www.healthpoint.co.nz/dentistry/general-dentist/li-lawson-dental/,4.8,39,OPERATIONAL,https://maps.google.com/?cid=8372936552762793151&g_mp=Cidnb29nbGUubWFwcy5wbGFjZXMudjEuUGxhY2VzLlNlYXJjaFRleHQQAhgEIAA,Monday: 9:00 AM – 5:00 PM; Tuesday: 9:00 AM – 5:00 PM; Wednesday: 9:00 AM – 5:00 PM; Thursday: 9:00 AM – 5:00 PM; Friday: 9:00 AM – 12:00 PM; Saturday: 9:00 AM – 5:00 PM; Sunday: Closed,dental_clinic,Auckland,Auckland CBD,no_prices
Life Pharmacy Newmarket,"277 Broadway, Westfield Newmarket Shop S334/277 Broadway, Newmarket, Auckland 1023, New Zealand",09 524 0061,+64 9 524 0061,https://www.lifepharmacy.co.nz/?utm_source=google&utm_medium=google%20my%20business&utm_campaign=newmarket,3.5,91,OPERATIONAL,https://maps.google.com/?cid=8546645459880934834&g_mp=Cidnb29nbGUubWFwcy5wbGFjZXMudjEuUGxhY2VzLlNlYXJjaFRleHQQAhgEIAA,Monday: 9:00 AM – 7:00 PM; Tuesday: 9:00 AM – 7:00 PM; Wednesday: 9:00 AM – 7:00 PM; Thursday: 9:00 AM – 9:00 PM; Friday: 9:00 AM – 9:00 PM; Saturday: 9:00 AM – 7:00 PM; Sunday: 10:00 AM – 7:00 PM,dental_clinic,Auckland,Newmarket Auckland,no_prices
Life Pharmacy Orewa,"8 Tamariki Avenue, Orewa 0931, New Zealand",09 426 4087,+64 9 426 4087,https://lifepharmacyorewa.co.nz/?utm_source=Orewa&utm_medium=googleplaces,4.2,232,OPERATIONAL,https://maps.google.com/?cid=13870567398181957742&g_mp=Cidnb29nbGUubWFwcy5wbGFjZXMudjEuUGxhY2VzLlNlYXJjaFRleHQQAhgEIAA,Monday: 8:30 AM – 6:00 PM; Tuesday: 8:30 AM – 6:00 PM; Wednesday: 8:30 AM – 6:00 PM; Thursday: 8:30 AM – 6:00 PM; Friday: 8:30 AM – 6:00 PM; Saturday: 9:00 AM – 5:00 PM; Sunday: 10:00 AM – 4:00 PM,dental_clinic,Auckland,Orewa Auckland,no_prices
Lim Chhour,"184 Karangahape Road, Auckland CBD, Auckland 1010, New Zealand",09 307 0498,+64 9 307 0498,,3.8,1033,OPERATIONAL,https://maps.google.com/?cid=1575700888966319351&g_mp=Cidnb29nbGUubWFwcy5wbGFjZXMudjEuUGxhY2VzLlNlYXJjaFRleHQQAhgEIAA,Monday: 9:00 AM – 9:00 PM; Tuesday: 9:00 AM – 9:00 PM; Wednesday: 9:00 AM – 9:00 PM; Thursday: 9:00 AM – 9:00 PM; Friday: 9:00 AM – 9:00 PM; Saturday: 9:00 AM – 9:00 PM; Sunday: 9:00 AM – 9:00 PM,dental_clinic,Auckland,Karangahape Road Auckland,no_prices
Lincoln Dental (formerly CM Dental),"95 Lincoln Road, Henderson, Auckland 0610, New Zealand",09 835 3026,+64 9 835 3026,http://lincolndental.co.nz/,4.7,245,OPERATIONAL,https://maps.google.com/?cid=12307018874571808906&g_mp=Cidnb29nbGUubWFwcy5wbGFjZXMudjEuUGxhY2VzLlNlYXJjaFRleHQQAhgEIAA,Monday: 9:00 AM – 5:00 PM; Tuesday: 9:00 AM – 5:00 PM; Wednesday: 9:00 AM – 5:00 PM; Thursday: 9:00 AM – 5:00 PM; Friday: 9:00 AM – 5:00 PM; Saturday: Closed; Sunday: Closed,dental_clinic,Auckland,Henderson Auckland,no_prices
Loudon Dental - Manurewa,"4 Halver Road, Manurewa, Auckland 2102, New Zealand",09 267 8033,+64 9 267 8033,http://www.loudondental.co.nz/,4.9,194,OPERATIONAL,https://maps.google.com/?cid=10818000470229840960&g_mp=Cidnb29nbGUubWFwcy5wbGFjZXMudjEuUGxhY2VzLlNlYXJjaFRleHQQAhgEIAA,Monday: 8:00 AM – 5:30 PM; Tuesday: 8:00 AM – 5:30 PM; Wednesday: 8:00 AM – 5:00 PM; Thursday: 8:00 AM – 5:00 PM; Friday: 8:00 AM – 4:00 PM; Saturday: Closed; Sunday: Closed,dental_clinic,Auckland,Manurewa Auckland,no_prices
Luen Dental Centre,"9 Tobin Street, Pukekohe 2120, New Zealand",09 238 7587,+64 9 238 7587,http://luendentalcentre.co.nz/,4.7,9,OPERATIONAL,https://maps.google.com/?cid=11022151709369291186&g_mp=Cidnb29nbGUubWFwcy5wbGFjZXMudjEuUGxhY2VzLlNlYXJjaFRleHQQAhgEIAA,Monday: 8:30 AM – 5:30 PM; Tuesday: 8:30 AM – 5:30 PM; Wednesday: 8:30 AM – 5:30 PM; Thursday: 8:30 AM – 5:30 PM; Friday: 8:30 AM – 5:00 PM; Saturday: Closed; Sunday: Closed,dental_clinic,Auckland,Pukekohe,no_prices
Lumino City Dental at Quay Park,"68 Beach Road Level 2, Quay Park Health Centre, Quay Park Health Centre 2/68 Beach Road, Auckland CBD, Auckland 1010, New Zealand",09 919 2660,+64 9 919 2660,https://lumino.co.nz/dentists/city-dental-quay-park-auckland-cbd/?utm_source=google_business_profile&utm_medium=organic,4.8,159,OPERATIONAL,https://maps.google.com/?cid=16994687418647718947&g_mp=Cidnb29nbGUubWFwcy5wbGFjZXMudjEuUGxhY2VzLlNlYXJjaFRleHQQAhgEIAA,Monday: 8:00 AM – 8:00 PM; Tuesday: 8:00 AM – 8:00 PM; Wednesday: 8:00 AM – 8:00 PM; Thursday: 8:00 AM – 8:00 PM; Friday: 8:00 AM – 2:00 PM; Saturday: Closed; Sunday: Closed,dental_clinic,Auckland,Auckland CBD,some_prices
Lumino Dental on the Shore | Lumino The Dentists,"86a Bush Road, Albany, Auckland 0632, New Zealand",09 414 7733,+64 9 414 7733,https://lumino.co.nz/dentists/lumino-dental-on-the-shore/?utm_source=google_business_profile&utm_medium=organic,4.9,19,OPERATIONAL,https://maps.google.com/?cid=7626358142804514092&g_mp=Cidnb29nbGUubWFwcy5wbGFjZXMudjEuUGxhY2VzLlNlYXJjaFRleHQQAhgEIAA,Monday: 8:00 AM – 5:00 PM; Tuesday: 8:00 AM – 5:00 PM; Wednesday: 8:00 AM – 5:00 PM; Thursday: 8:00 AM – 6:00 PM; Friday: 8:00 AM – 3:00 PM; Saturday: Closed; Sunday: Closed,dental_clinic,Auckland,Albany Auckland,some_prices
Lumino Glenfield | Lumino The Dentists,"418 Glenfield Road, Glenfield, Auckland 0629, New Zealand",09 444 8779,+64 9 444 8779,https://lumino.co.nz/dentists/glenfield-dental-north-shore/?utm_source=google_business_profile&utm_medium=organic,4,28,OPERATIONAL,https://maps.google.com/?cid=14982519389196119856&g_mp=Cidnb29nbGUubWFwcy5wbGFjZXMudjEuUGxhY2VzLlNlYXJjaFRleHQQAhgEIAA,Monday: 8:30 AM – 5:00 PM; Tuesday: 8:30 AM – 5:00 PM; Wednesday: 8:30 AM – 5:00 PM; Thursday: 8:30 AM – 5:00 PM; Friday: 8:30 AM – 5:00 PM; Saturday: Closed; Sunday: Closed,dental_clinic,Auckland,Glenfield Auckland,some_prices
Lumino Implant Centre,"Level 1/134 Remuera Road, Remuera, Auckland 1050, New Zealand",09 361 7171,+64 9 361 7171,https://lumino.co.nz/treatments/cosmetic-dental-services/dental-implants/?utm_source=google_business_profile&utm_medium=organic,,,OPERATIONAL,https://maps.google.com/?cid=10581552432790840178&g_mp=Cidnb29nbGUubWFwcy5wbGFjZXMudjEuUGxhY2VzLlNlYXJjaFRleHQQAhgEIAA,Monday: 8:00 AM – 5:30 PM; Tuesday: 7:30 AM – 5:00 PM; Wednesday: 7:30 AM – 5:30 PM; Thursday: 7:30 AM – 4:00 PM; Friday: 7:30 AM – 1:30 PM; Saturday: Closed; Sunday: Closed,dental_clinic,Auckland,Remuera Auckland,some_prices
Lumino Implant Centre,"18 Tamariki Avenue, Orewa 0931, New Zealand",09 426 2251,+64 9 426 2251,,,,OPERATIONAL,https://maps.google.com/?cid=2186098903502043136&g_mp=Cidnb29nbGUubWFwcy5wbGFjZXMudjEuUGxhY2VzLlNlYXJjaFRleHQQAhgEIAA,,dental_clinic,Auckland,Orewa Auckland,no_prices
Lumino Long Bay | Lumino The Dentists,"G02/57 Glenvar Ridge Road, Long Bay, Auckland 0630, New Zealand",09 473 1400,+64 9 473 1400,https://lumino.co.nz/dentists/lumino-long-bay/?utm_source=google_business_profile&utm_medium=organic,4.1,33,OPERATIONAL,https://maps.google.com/?cid=18171563664698376991&g_mp=Cidnb29nbGUubWFwcy5wbGFjZXMudjEuUGxhY2VzLlNlYXJjaFRleHQQAhgEIAA,Monday: 8:00 AM – 5:00 PM; Tuesday: 8:00 AM – 5:00 PM; Wednesday: 8:00 AM – 5:00 PM; Thursday: 8:00 AM – 5:00 PM; Friday: 8:00 AM – 5:00 PM; Saturday: Closed; Sunday: Closed,dental_clinic,Auckland,Torbay Auckland,some_prices
Lumino Mount Eden Village | Lumino The Dentists,"520 Mount Eden Road, Mount Eden, Auckland 1024, New Zealand",09 630 0192,+64 9 630 0192,https://lumino.co.nz/dentists/lumino-mt-eden-village/?utm_source=google_business_profile&utm_medium=organic,4.6,68,OPERATIONAL,https://maps.google.com/?cid=12645016760671074697&g_mp=Cidnb29nbGUubWFwcy5wbGFjZXMudjEuUGxhY2VzLlNlYXJjaFRleHQQAhgEIAA,Monday: 8:30 AM – 5:30 PM; Tuesday: 8:30 AM – 5:30 PM; Wednesday: 8:30 AM – 5:30 PM; Thursday: 8:30 AM – 5:30 PM; Friday: 8:30 AM – 4:00 PM; Saturday: Closed; Sunday: Closed,dental_clinic,Auckland,Eden Terrace Auckland,some_prices
Lumino Rosedale | Lumino The Dentists,"59 Apollo Drive, Rosedale, Auckland 0632, New Zealand",09 476 9059,+64 9 476 9059,https://lumino.co.nz/dentists/lumino-rosedale/?utm_source=google_business_profile&utm_medium=organic,4.8,24,OPERATIONAL,https://maps.google.com/?cid=18282774896601991925&g_mp=Cidnb29nbGUubWFwcy5wbGFjZXMudjEuUGxhY2VzLlNlYXJjaFRleHQQAhgEIAA,Monday: 8:30 AM – 5:00 PM; Tuesday: 8:30 AM – 5:00 PM; Wednesday: 8:30 AM – 5:00 PM; Thursday: 8:30 AM – 5:00 PM; Friday: 8:30 AM – 5:00 PM; Saturday: Closed; Sunday: Closed,dental_clinic,Auckland,Rosedale Auckland,some_prices
Lumino Sanctuary Dental | Lumino The Dentists,"20/2 Bishop Dunn Place, Botany Downs, Auckland 2142, New Zealand",09 273 2173,+64 9 273 2173,https://lumino.co.nz/dentists/lumino-sanctuary-botany/?utm_source=google_business_profile&utm_medium=organic,4.8,49,OPERATIONAL,https://maps.google.com/?cid=759511680401329850&g_mp=Cidnb29nbGUubWFwcy5wbGFjZXMudjEuUGxhY2VzLlNlYXJjaFRleHQQAhgEIAA,Monday: 8:00 AM – 6:00 PM; Tuesday: 8:00 AM – 7:00 PM; Wednesday: 9:00 AM – 6:00 PM; Thursday: 9:00 AM – 7:00 PM; Friday: 9:00 AM – 4:00 PM; Saturday: Closed; Sunday: Closed,dental_clinic,Auckland,Flat Bush Auckland,some_prices
Lumino Seddon Street Pukekohe | Lumino The Dentists,"4/24-34 Seddon Street, Pukekohe, Auckland 2120, New Zealand",09 238 4619,+64 9 238 4619,https://lumino.co.nz/dentists/lumino-seddon-street/?utm_source=google_business_profile&utm_medium=organic,4.4,35,OPERATIONAL,https://maps.google.com/?cid=16789955901508826036&g_mp=Cidnb29nbGUubWFwcy5wbGFjZXMudjEuUGxhY2VzLlNlYXJjaFRleHQQAhgEIAA,Monday: 8:30 AM – 5:30 PM; Tuesday: 8:00 AM – 5:00 PM; Wednesday: 8:30 AM – 6:00 PM; Thursday: 8:00 AM – 5:30 PM; Friday: 8:00 AM – 4:00 PM; Saturday: Closed; Sunday: Closed,dental_clinic,Auckland,Pukekohe,some_prices
Lumino St Heliers | Lumino The Dentists,"413a Tamaki Drive, St Heliers, Auckland 1071, New Zealand",09 575 5814,+64 9 575 5814,https://lumino.co.nz/dentists/lumino-st-heliers/?utm_source=google_business_profile&utm_medium=organic,5,27,OPERATIONAL,https://maps.google.com/?cid=13027872927173741408&g_mp=Cidnb29nbGUubWFwcy5wbGFjZXMudjEuUGxhY2VzLlNlYXJjaFRleHQQAhgEIAA,Monday: 8:00 AM – 5:00 PM; Tuesday: 8:00 AM – 5:00 PM; Wednesday: 8:00 AM – 5:00 PM; Thursday: 8:00 AM – 5:00 PM; Friday: 8:30 AM – 2:30 PM; Saturday: Closed; Sunday: Closed,dental_clinic,Auckland,St Heliers Auckland,some_prices
Lumino The Dentists Mount Eden - Dominion Road,"388 Dominion Road, Mount Eden, Auckland 1024, New Zealand",09 361 7159,+64 9 361 7159,https://lumino.co.nz/dentists/lumino-mount-eden-dominion-road/?utm_source=google_business_profile&utm_medium=organic,4.3,91,OPERATIONAL,https://maps.google.com/?cid=2907999694461511300&g_mp=Cidnb29nbGUubWFwcy5wbGFjZXMudjEuUGxhY2VzLlNlYXJjaFRleHQQAhgEIAA,Monday: 8:30 AM – 5:00 PM; Tuesday: 8:30 AM – 5:00 PM; Wednesday: 8:30 AM – 7:00 PM; Thursday: 8:30 AM – 5:00 PM; Friday: 8:30 AM – 4:00 PM; Saturday: Closed; Sunday: Closed,dental_clinic,Auckland,Mount Eden Auckland,some_prices
Lumino The Dentists | New Lynn,"34 McCrae Way, New Lynn, Auckland 0600, New Zealand",09 361 7158,+64 9 361 7158,https://lumino.co.nz/dentists/new-lynn-dental-practice/?utm_source=google_business_profile&utm_medium=organic,4.7,97,OPERATIONAL,https://maps.google.com/?cid=14853443665432470996&g_mp=Cidnb29nbGUubWFwcy5wbGFjZXMudjEuUGxhY2VzLlNlYXJjaFRleHQQAhgEIAA,Monday: 9:00 AM – 7:00 PM; Tuesday: 8:00 AM – 3:00 PM; Wednesday: 8:00 AM – 4:00 PM; Thursday: 8:00 AM – 4:00 PM; Friday: 8:00 AM – 1:00 PM; Saturday: 8:00 AM – 1:00 PM; Sunday: Closed,dental_clinic,Auckland,New Lynn Auckland,some_prices
Lumino The Dentists | Support Office,"Aon Centre Level 11/29 Customs Street West, Auckland CBD, Auckland 1010, New Zealand",09 361 7100,+64 9 361 7100,https://lumino.co.nz/?utm_source=google_business_profile&utm_medium=organic,1.7,12,OPERATIONAL,https://maps.google.com/?cid=3747994387695659100&g_mp=Cidnb29nbGUubWFwcy5wbGFjZXMudjEuUGxhY2VzLlNlYXJjaFRleHQQAhgEIAA,Monday: 9:00 AM – 5:00 PM; Tuesday: 9:00 AM – 5:00 PM; Wednesday: 9:00 AM – 5:00 PM; Thursday: 9:00 AM – 5:00 PM; Friday: 9:00 AM – 5:00 PM; Saturday: Closed; Sunday: Closed,dental_clinic,Auckland,Auckland CBD,some_prices
Lumino The Dentists: Remuera Dental Centre,"351 Remuera Road, Remuera, Auckland 1050, New Zealand",09 524 7429,+64 9 524 7429,https://lumino.co.nz/dentists/remuera-dental-centre/?utm_source=google_business_profile&utm_medium=organic,3.6,38,OPERATIONAL,https://maps.google.com/?cid=14368817688540604490&g_mp=Cidnb29nbGUubWFwcy5wbGFjZXMudjEuUGxhY2VzLlNlYXJjaFRleHQQAhgEIAA,Monday: 8:15 AM – 5:00 PM; Tuesday: 8:15 AM – 5:00 PM; Wednesday: 8:15 AM – 5:00 PM; Thursday: 8:15 AM – 5:00 PM; Friday: 8:15 AM – 5:00 PM; Saturday: Closed; Sunday: Closed,dental_clinic,Auckland,Remuera Auckland,some_prices
Lumino Three Kings | Lumino The Dentists,"935b Mount Eden Road, Three Kings, Auckland 1042, New Zealand",09 638 3306,+64 9 638 3306,https://lumino.co.nz/dentists/lumino-three-kings/?utm_source=google_business_profile&utm_medium=organic,4.6,109,OPERATIONAL,https://maps.google.com/?cid=12209106097582357227&g_mp=Cidnb29nbGUubWFwcy5wbGFjZXMudjEuUGxhY2VzLlNlYXJjaFRleHQQAhgEIAA,Monday: 8:00 AM – 5:00 PM; Tuesday: 8:00 AM – 5:00 PM; Wednesday: 8:00 AM – 5:00 PM; Thursday: 9:00 AM – 6:00 PM; Friday: 8:00 AM – 4:00 PM; Saturday: Closed; Sunday: Closed,dental_clinic,Auckland,Mount Eden Auckland,some_prices
Lumino Waiuku | Lumino The Dentists,"2/26-30 Constable Road, Auckland, Waiuku 2123, New Zealand",09 235 8412,+64 9 235 8412,https://lumino.co.nz/dentists/lumino-waiuku/?utm_source=google_business_profile&utm_medium=organic,4.2,31,OPERATIONAL,https://maps.google.com/?cid=13147312660549899122&g_mp=Cidnb29nbGUubWFwcy5wbGFjZXMudjEuUGxhY2VzLlNlYXJjaFRleHQQAhgEIAA,Monday: 9:00 AM – 5:00 PM; Tuesday: 9:00 AM – 5:00 PM; Wednesday: 8:00 AM – 5:30 PM; Thursday: 9:00 AM – 5:00 PM; Friday: 9:00 AM – 4:30 PM; Saturday: Closed; Sunday: Closed,dental_clinic,Auckland,Waiuku,some_prices
Lunn Dental Spa,"110 Lunn Avenue, Remuera, Auckland 1072, New Zealand",09 570 6979,+64 9 570 6979,https://lunndentalspa.co.nz/,4.2,40,OPERATIONAL,https://maps.google.com/?cid=608686728523339498&g_mp=Cidnb29nbGUubWFwcy5wbGFjZXMudjEuUGxhY2VzLlNlYXJjaFRleHQQAhgEIAA,Monday: 8:00 AM – 6:00 PM; Tuesday: 8:00 AM – 6:00 PM; Wednesday: 8:00 AM – 6:00 PM; Thursday: 8:00 AM – 6:00 PM; Friday: 8:00 AM – 6:00 PM; Saturday: 8:00 AM – 6:00 PM; Sunday: Closed,dental_clinic,Auckland,Remuera Auckland,no_prices
Macleans Dentist,"219 Bucklands Beach Road, Bucklands Beach, Auckland 2012, New Zealand",09 534 0504,+64 9 534 0504,https://www.macleansdentist.co.nz/,4.4,115,OPERATIONAL,https://maps.google.com/?cid=5119958731413504219&g_mp=Cidnb29nbGUubWFwcy5wbGFjZXMudjEuUGxhY2VzLlNlYXJjaFRleHQQAhgEIAA,Monday: 8:00 AM – 4:00 PM; Tuesday: 8:00 AM – 4:00 PM; Wednesday: 8:00 AM – 4:00 PM; Thursday: 8:00 AM – 4:00 PM; Friday: 8:00 AM – 4:00 PM; Saturday: Closed; Sunday: Closed,dental_clinic,Auckland,Bucklands Beach Auckland,no_prices
"Mahi Dental, Warkworth","1/11 Fairwater Road, Warkworth 0910, New Zealand",09 422 2143,+64 9 422 2143,https://mahidental.co.nz/,5,90,OPERATIONAL,https://maps.google.com/?cid=1579694411560180641&g_mp=Cidnb29nbGUubWFwcy5wbGFjZXMudjEuUGxhY2VzLlNlYXJjaFRleHQQAhgEIAA,Monday: 8:30 AM – 5:00 PM; Tuesday: 8:30 AM – 5:00 PM; Wednesday: 8:30 AM – 5:00 PM; Thursday: 8:30 AM – 5:00 PM; Friday: 8:30 AM – 5:00 PM; Saturday: Closed; Sunday: Closed,dental_clinic,Auckland,Warkworth Auckland,no_prices
Mahu Dental - Manurewa,"6 Hill Road, Manurewa, Auckland 2102, New Zealand",09 268 2266,+64 9 268 2266,https://www.facebook.com/M%C4%81h%C5%AB-Dental-Manurewa-296056567242541/,4.6,109,OPERATIONAL,https://maps.google.com/?cid=6724467877576369591&g_mp=Cidnb29nbGUubWFwcy5wbGFjZXMudjEuUGxhY2VzLlNlYXJjaFRleHQQAhgEIAA,Monday: 9:00 AM – 5:00 PM; Tuesday: 9:00 AM – 5:00 PM; Wednesday: 9:00 AM – 5:00 PM; Thursday: 9:00 AM – 5:00 PM; Friday: 9:00 AM – 5:00 PM; Saturday: Closed; Sunday: Closed,dental_clinic,Auckland,Manurewa Auckland,no_prices
Mahu Dental - Otahuhu,"15 Station Road, Ōtāhuhu, Auckland 1062, New Zealand",09 217 0077,+64 9 217 0077,,4.9,106,OPERATIONAL,https://maps.google.com/?cid=948158948528497744&g_mp=Cidnb29nbGUubWFwcy5wbGFjZXMudjEuUGxhY2VzLlNlYXJjaFRleHQQAhgEIAA,Monday: 9:00 AM – 4:30 PM; Tuesday: 9:00 AM – 4:30 PM; Wednesday: 9:00 AM – 4:30 PM; Thursday: 9:00 AM – 4:30 PM; Friday: 9:00 AM – 4:30 PM; Saturday: Closed; Sunday: Closed,dental_clinic,Auckland,Otahuhu Auckland,no_prices
Mairangi Bay Dental Centre,"2 Hastings Road, Mairangi Bay, Auckland 0630, New Zealand",09 478 8800,+64 9 478 8800,,5,9,OPERATIONAL,https://maps.google.com/?cid=1110328651785641404&g_mp=Cidnb29nbGUubWFwcy5wbGFjZXMudjEuUGxhY2VzLlNlYXJjaFRleHQQAhgEIAA,Monday: 9:00 AM – 6:00 PM; Tuesday: 9:00 AM – 6:00 PM; Wednesday: 9:00 AM – 6:00 PM; Thursday: 9:00 AM – 6:00 PM; Friday: Closed; Saturday: Closed; Sunday: Closed,dental_clinic,Auckland,Mairangi Bay Auckland,no_prices
Malimali Dental,"1 Fleming Street, Onehunga, Auckland 1061, New Zealand",09 622 1224,+64 9 622 1224,https://www.facebook.com/Malimali-Dental-346826232133243/,4.9,164,OPERATIONAL,https://maps.google.com/?cid=1642820083371279619&g_mp=Cidnb29nbGUubWFwcy5wbGFjZXMudjEuUGxhY2VzLlNlYXJjaFRleHQQAhgEIAA,Monday: 9:00 AM – 5:00 PM; Tuesday: 9:00 AM – 5:00 PM; Wednesday: 9:00 AM – 5:00 PM; Thursday: 9:00 AM – 5:00 PM; Friday: 9:00 AM – 5:00 PM; Saturday: Closed; Sunday: Closed,dental_clinic,Auckland,Onehunga Auckland,no_prices
Mangere Community Health Centre,"10 Waddon Place, Māngere, Auckland 2022, New Zealand",09 259 3826,+64 9 259 3826,http://www.countiesmanukau.health.nz/,2.2,12,OPERATIONAL,https://maps.google.com/?cid=18349846588587990477&g_mp=Cidnb29nbGUubWFwcy5wbGFjZXMudjEuUGxhY2VzLlNlYXJjaFRleHQQAhgEIAA,Monday: 8:30 AM – 4:30 PM; Tuesday: 8:30 AM – 4:30 PM; Wednesday: 8:30 AM – 4:30 PM; Thursday: 8:30 AM – 4:30 PM; Friday: 8:30 AM – 4:30 PM; Saturday: Closed; Sunday: Closed,dental_clinic,Auckland,Mangere Auckland,no_prices
Mangere Dental Centre,"Mangere Town Centre, Bader Drive, Māngere, Auckland 2022, New Zealand",09 275 7754,+64 9 275 7754,http://www.mangeredentalcentre.co.nz/,4.5,32,OPERATIONAL,https://maps.google.com/?cid=8880226018179806760&g_mp=Cidnb29nbGUubWFwcy5wbGFjZXMudjEuUGxhY2VzLlNlYXJjaFRleHQQAhgEIAA,Monday: 8:00 AM – 4:00 PM; Tuesday: 8:00 AM – 4:00 PM; Wednesday: 8:00 AM – 4:00 PM; Thursday: 8:00 AM – 4:00 PM; Friday: 8:00 AM – 3:00 PM; Saturday: Closed; Sunday: Closed,dental_clinic,Auckland,Mangere Auckland,some_prices
Mangere Health Centre Doctors,"6 Waddon Place, Māngere, Manukau 2022, New Zealand",09 255 0600,+64 9 255 0600,https://mangerehealthcentre.co.nz/,3.7,47,OPERATIONAL,https://maps.google.com/?cid=12528298686921954189&g_mp=Cidnb29nbGUubWFwcy5wbGFjZXMudjEuUGxhY2VzLlNlYXJjaFRleHQQAhgEIAA,Monday: 8:00 AM – 5:00 PM; Tuesday: 8:00 AM – 5:00 PM; Wednesday: 8:00 AM – 5:00 PM; Thursday: 8:00 AM – 5:00 PM; Friday: 8:00 AM – 5:00 PM; Saturday: Closed; Sunday: Closed,dental_clinic,Auckland,Mangere Auckland,no_prices
Mangere Smilecare,"32 Canning Crescent, Māngere, Auckland 2022, New Zealand",09 869 2917,+64 9 869 2917,,,,OPERATIONAL,https://maps.google.com/?cid=2007939149011481331&g_mp=Cidnb29nbGUubWFwcy5wbGFjZXMudjEuUGxhY2VzLlNlYXJjaFRleHQQAhgEIAA,,dental_clinic,Auckland,Mangere Auckland,no_prices
Mangere Town Centre,"93 Bader Drive, Māngere, Auckland 2153, New Zealand",09 275 7078,+64 9 275 7078,http://mangeretowncentre.nz/,3.9,2573,OPERATIONAL,https://maps.google.com/?cid=3984349972484870907&g_mp=Cidnb29nbGUubWFwcy5wbGFjZXMudjEuUGxhY2VzLlNlYXJjaFRleHQQAhgEIAA,Monday: 7:00 AM – 5:30 PM; Tuesday: 7:00 AM – 5:30 PM; Wednesday: 7:00 AM – 5:30 PM; Thursday: 7:00 AM – 6:00 PM; Friday: 7:00 AM – 5:30 PM; Saturday: 7:00 AM – 5:00 PM; Sunday: Closed,dental_clinic,Auckland,Mangere Auckland,no_prices
Manukau City Medical Centre,"18 Manukau Station Road, Manukau City Centre, Auckland 2104, New Zealand",09 262 2011,+64 9 262 2011,https://manukaucitymedicalcentre.co.nz/,2.9,90,OPERATIONAL,https://maps.google.com/?cid=6058887671713826281&g_mp=Cidnb29nbGUubWFwcy5wbGFjZXMudjEuUGxhY2VzLlNlYXJjaFRleHQQAhgEIAA,Monday: 9:00 AM – 5:00 PM; Tuesday: 9:00 AM – 5:00 PM; Wednesday: 9:00 AM – 5:00 PM; Thursday: 9:00 AM – 5:00 PM; Friday: 9:00 AM – 5:00 PM; Saturday: 9:00 AM – 12:00 PM; Sunday: Closed,dental_clinic,Auckland,Wiri Auckland,no_prices
Manukau Family Doctors,"597 Great South Road, Manukau City Centre, Auckland 2104, New Zealand",09 277 5777,+64 9 277 5777,,3.7,101,OPERATIONAL,https://maps.google.com/?cid=8335761027136988630&g_mp=Cidnb29nbGUubWFwcy5wbGFjZXMudjEuUGxhY2VzLlNlYXJjaFRleHQQAhgEIAA,Monday: 9:00 AM – 5:00 PM; Tuesday: 9:00 AM – 5:00 PM; Wednesday: 9:00 AM – 5:00 PM; Thursday: 9:00 AM – 5:00 PM; Friday: 9:00 AM – 5:00 PM; Saturday: Closed; Sunday: Closed,dental_clinic,Auckland,Wiri Auckland,no_prices
Manukau Road Dental,"543 Manukau Road, Epsom, Auckland 1023, New Zealand",09 638 8199,+64 9 638 8199,http://mikechedentalgroup.co.nz/,4.3,58,OPERATIONAL,https://maps.google.com/?cid=3412867751380966121&g_mp=Cidnb29nbGUubWFwcy5wbGFjZXMudjEuUGxhY2VzLlNlYXJjaFRleHQQAhgEIAA,Monday: 8:30 AM – 5:30 PM; Tuesday: 8:30 AM – 5:30 PM; Wednesday: 8:30 AM – 7:00 PM; Thursday: 8:30 AM – 5:30 PM; Friday: 8:30 AM – 7:00 PM; Saturday: 8:00 AM – 5:00 PM; Sunday: Closed,dental_clinic,Auckland,Karangahape Road Auckland,no_prices
Manukau Superclinic,"901 Great South Road, Manurewa, Auckland 2104, New Zealand",09 277 1660,+64 9 277 1660,http://www.healthpoint.co.nz/manukau-superclinic/,4,220,OPERATIONAL,https://maps.google.com/?cid=17436703046788357594&g_mp=Cidnb29nbGUubWFwcy5wbGFjZXMudjEuUGxhY2VzLlNlYXJjaFRleHQQAhgEIAA,Monday: 7:30 AM – 6:00 PM; Tuesday: 7:30 AM – 6:00 PM; Wednesday: 7:30 AM – 6:00 PM; Thursday: 7:30 AM – 6:00 PM; Friday: 7:30 AM – 6:00 PM; Saturday: Closed; Sunday: Closed,dental_clinic,Auckland,Wiri Auckland,no_prices
Manukau Surgery Centre,"901 Great South Road, Manukau City Centre, Auckland 2104, New Zealand",09 277 1655,+64 9 277 1655,http://www.healthpoint.co.nz/manukau-superclinic/,4.6,28,OPERATIONAL,https://maps.google.com/?cid=16980612363899676245&g_mp=Cidnb29nbGUubWFwcy5wbGFjZXMudjEuUGxhY2VzLlNlYXJjaFRleHQQAhgEIAA,Monday: 8:00 AM – 6:00 PM; Tuesday: 8:00 AM – 6:00 PM; Wednesday: 8:00 AM – 6:00 PM; Thursday: 8:00 AM – 6:00 PM; Friday: 8:00 AM – 6:00 PM; Saturday: Closed; Sunday: Closed,dental_clinic,Auckland,Wiri Auckland,no_prices
Manurewa Dental Centre,"178 Great South Road, Manurewa, Auckland 2102, New Zealand",09 267 3861,+64 9 267 3861,http://www.manurewadental.co.nz/?utm_source=GMBListing+&utm_medium=Organic&utm_campaign=Google_my_Business&utm_id=GMB,4.4,34,OPERATIONAL,https://maps.google.com/?cid=12398317140922136817&g_mp=Cidnb29nbGUubWFwcy5wbGFjZXMudjEuUGxhY2VzLlNlYXJjaFRleHQQAhgEIAA,Monday: 8:30 AM – 7:00 PM; Tuesday: 8:00 AM – 5:00 PM; Wednesday: 8:00 AM – 5:00 PM; Thursday: 8:00 AM – 5:00 PM; Friday: 8:30 AM – 12:00 PM; Saturday: Closed; Sunday: Closed,dental_clinic,Auckland,Manurewa Auckland,some_prices
Manurewa Intermediate Dental Clinic,"76bRussell Road, Manurewa, Auckland 2102, New Zealand",09 268 8097,+64 9 268 8097,,4.4,5,OPERATIONAL,https://maps.google.com/?cid=810552499852479653&g_mp=Cidnb29nbGUubWFwcy5wbGFjZXMudjEuUGxhY2VzLlNlYXJjaFRleHQQAhgEIAA,,dental_clinic,Auckland,Manurewa Auckland,no_prices
Marina Dental Centre,"1/17 Clearwater Cove, West Harbour, Auckland 0618, New Zealand",09 416 5052,+64 9 416 5052,,,,OPERATIONAL,https://maps.google.com/?cid=9707905140902048017&g_mp=Cidnb29nbGUubWFwcy5wbGFjZXMudjEuUGxhY2VzLlNlYXJjaFRleHQQAhgEIAA,Monday: 10:00 AM – 6:00 PM; Tuesday: 10:00 AM – 6:00 PM; Wednesday: 10:00 AM – 6:00 PM; Thursday: 10:00 AM – 6:00 PM; Friday: 10:00 AM – 6:00 PM; Saturday: Closed; Sunday: Closed,dental_clinic,Auckland,West Harbour Auckland,no_prices
Marina Dentists Half Moon Bay,"Anchor Building 1 Ara-Tai Road, Half Moon Bay, Auckland 2012, New Zealand",09 535 1074,+64 9 535 1074,http://www.marinadentists.co.nz/,4.9,170,OPERATIONAL,https://maps.google.com/?cid=16359904225861121360&g_mp=Cidnb29nbGUubWFwcy5wbGFjZXMudjEuUGxhY2VzLlNlYXJjaFRleHQQAhgEIAA,Monday: 8:30 AM – 6:00 PM; Tuesday: 8:30 AM – 6:00 PM; Wednesday: 8:30 AM – 6:00 PM; Thursday: 8:30 AM – 6:00 PM; Friday: 8:30 AM – 6:00 PM; Saturday: 9:00 AM – 2:00 PM; Sunday: Closed,dental_clinic,Auckland,Bucklands Beach Auckland,no_prices
Massey Dental Centre,"388 Don Buck Road, Massey, Auckland 0614, New Zealand",09 833 9235,+64 9 833 9235,http://www.masseydental.co.nz/,4.7,41,OPERATIONAL,https://maps.google.com/?cid=8169903847232240556&g_mp=Cidnb29nbGUubWFwcy5wbGFjZXMudjEuUGxhY2VzLlNlYXJjaFRleHQQAhgEIAA,Monday: 11:00 AM – 6:00 PM; Tuesday: 11:00 AM – 6:00 PM; Wednesday: 9:00 AM – 4:30 PM; Thursday: 9:00 AM – 4:30 PM; Friday: 9:00 AM – 3:00 PM; Saturday: Closed; Sunday: Closed,dental_clinic,Auckland,Massey Auckland,no_prices
Massey Smiles,"5/575 Don Buck Road, Westgate, Auckland 0614, New Zealand",09 833 8182,+64 9 833 8182,https://www.massey-smiles.co.nz/,4.9,106,OPERATIONAL,https://maps.google.com/?cid=18102432301140855576&g_mp=Cidnb29nbGUubWFwcy5wbGFjZXMudjEuUGxhY2VzLlNlYXJjaFRleHQQAhgEIAA,Monday: 8:00 AM – 5:00 PM; Tuesday: 8:00 AM – 5:00 PM; Wednesday: 8:00 AM – 7:00 PM; Thursday: 8:00 AM – 7:00 PM; Friday: 8:00 AM – 5:00 PM; Saturday: 8:00 AM – 5:00 PM; Sunday: Closed,dental_clinic,Auckland,Massey Auckland,no_prices
Matheson Dental,"Westview Medical Centre Level 1/5 Glendale Road, Glen Eden, Auckland 0602, New Zealand",09 818 5350,+64 9 818 5350,http://www.mathesonsdentalsurgery.co.nz/,4.7,18,OPERATIONAL,https://maps.google.com/?cid=11268732479488796813&g_mp=Cidnb29nbGUubWFwcy5wbGFjZXMudjEuUGxhY2VzLlNlYXJjaFRleHQQAhgEIAA,Monday: 8:30 AM – 5:00 PM; Tuesday: 8:30 AM – 5:00 PM; Wednesday: 8:30 AM – 5:00 PM; Thursday: 8:30 AM – 5:00 PM; Friday: 8:30 AM – 4:00 PM; Saturday: Closed; Sunday: Closed,dental_clinic,Auckland,Glen Eden Auckland,no_prices
Max + Beresford Orthodontists,"116 Remuera Road, Remuera, Auckland 1050, New Zealand",09 520 0159,+64 9 520 0159,http://www.maxandberesford.co.nz/,4.1,74,OPERATIONAL,https://maps.google.com/?cid=12377559127904649943&g_mp=Cidnb29nbGUubWFwcy5wbGFjZXMudjEuUGxhY2VzLlNlYXJjaFRleHQQAhgEIAA,Monday: 8:30 AM – 5:30 PM; Tuesday: 8:30 AM – 5:30 PM; Wednesday: 8:30 AM – 5:30 PM; Thursday: 8:30 AM – 5:00 PM; Friday: 8:30 AM – 1:00 PM; Saturday: Closed; Sunday: Closed,dental_clinic,Auckland,Newmarket Auckland,no_prices
Maxcare Dental - Massey West,"9/3 Red Hills Road, Massey, Auckland 0614, New Zealand",09 600 2266,+64 9 600 2266,https://maxcaredental.co.nz/,4.8,346,OPERATIONAL,https://maps.google.com/?cid=1109930263126305524&g_mp=Cidnb29nbGUubWFwcy5wbGFjZXMudjEuUGxhY2VzLlNlYXJjaFRleHQQAhgEIAA,Monday: 9:00 AM – 5:00 PM; Tuesday: 9:00 AM – 5:00 PM; Wednesday: 9:00 AM – 5:00 PM; Thursday: 9:00 AM – 5:00 PM; Friday: 9:00 AM – 5:00 PM; Saturday: 9:00 AM – 5:00 PM; Sunday: 10:00 AM – 2:00 PM,dental_clinic,Auckland,Massey Auckland,no_prices
Maxcare Dental - Otahuhu,"6/217-225 Great South Road, Ōtāhuhu, Auckland 1062, New Zealand",09 600 2266,+64 9 600 2266,https://maxcaredental.co.nz/,4.9,872,OPERATIONAL,https://maps.google.com/?cid=14847214291646821183&g_mp=Cidnb29nbGUubWFwcy5wbGFjZXMudjEuUGxhY2VzLlNlYXJjaFRleHQQAhgEIAA,Monday: 9:00 AM – 5:00 PM; Tuesday: 9:00 AM – 5:00 PM; Wednesday: 9:00 AM – 5:00 PM; Thursday: 9:00 AM – 5:00 PM; Friday: 9:00 AM – 5:00 PM; Saturday: 9:00 AM – 5:00 PM; Sunday: 9:00 AM – 4:00 PM,dental_clinic,Auckland,Otahuhu Auckland,no_prices
McIntosh Dental Centre - Henderson,"43 Lincoln Road, Henderson, Auckland 0610, New Zealand",09 837 2598,+64 9 837 2598,http://www.mcintoshdental.co.nz/,4.7,95,OPERATIONAL,https://maps.google.com/?cid=11920433188364242&g_mp=Cidnb29nbGUubWFwcy5wbGFjZXMudjEuUGxhY2VzLlNlYXJjaFRleHQQAhgEIAA,Monday: 8:00 AM – 5:30 PM; Tuesday: 8:00 AM – 5:30 PM; Wednesday: 8:00 AM – 7:00 PM; Thursday: 8:00 AM – 5:00 PM; Friday: 8:00 AM – 5:00 PM; Saturday: 8:00 AM – 4:00 PM; Sunday: Closed,dental_clinic,Auckland,Karangahape Road Auckland,no_prices
Meadowbank Dental Centre,"93 Saint Johns Road, St Johns, Auckland 1072, New Zealand",09 528 3146,+64 9 528 3146,http://www.meadowbankdental.co.nz/?utm_source=GMBListing+&utm_medium=Organic&utm_campaign=Google_my_Business&utm_id=GMB,4.6,16,OPERATIONAL,https://maps.google.com/?cid=3287142300606068661&g_mp=Cidnb29nbGUubWFwcy5wbGFjZXMudjEuUGxhY2VzLlNlYXJjaFRleHQQAhgEIAA,,dental_clinic,Auckland,Remuera Auckland,no_prices
Medicines To Midnight,"160 Broadway, Newmarket, Auckland 1023, New Zealand",09 520 6634,+64 9 520 6634,https://www.medicinestomidnight.co.nz/,4.1,108,OPERATIONAL,https://maps.google.com/?cid=103108697252499839&g_mp=Cidnb29nbGUubWFwcy5wbGFjZXMudjEuUGxhY2VzLlNlYXJjaFRleHQQAhgEIAA,Monday: 9:30 AM – 12:00 AM; Tuesday: 9:30 AM – 12:00 AM; Wednesday: 9:30 AM – 12:00 AM; Thursday: 9:30 AM – 12:00 AM; Friday: 9:30 AM – 12:00 AM; Saturday: 9:30 AM – 12:00 AM; Sunday: 10:00 AM – 12:00 AM,dental_clinic,Auckland,Newmarket Auckland,no_prices
Metro Dental Care,"79 Queen Street, Auckland CBD, Auckland 1010, New Zealand",09 379 0296,+64 9 379 0296,,3.7,3,OPERATIONAL,https://maps.google.com/?cid=8936622669401104045&g_mp=Cidnb29nbGUubWFwcy5wbGFjZXMudjEuUGxhY2VzLlNlYXJjaFRleHQQAhgEIAA,Monday: 7:30 AM – 6:00 PM; Tuesday: 7:30 AM – 6:00 PM; Wednesday: 7:30 AM – 6:00 PM; Thursday: 7:30 AM – 6:00 PM; Friday: 7:30 AM – 6:00 PM; Saturday: Closed; Sunday: Closed,dental_clinic,Auckland,Auckland CBD,no_prices
Middlemore Hospital,"100 Hospital Road, Middlemore Hospital, Auckland 2025, New Zealand",09 276 0044,+64 9 276 0044,https://www.countiesmanukau.health.nz/,2.7,702,OPERATIONAL,https://maps.google.com/?cid=12978128590649783973&g_mp=Cidnb29nbGUubWFwcy5wbGFjZXMudjEuUGxhY2VzLlNlYXJjaFRleHQQAhgEIAA,Monday: Open 24 hours; Tuesday: Open 24 hours; Wednesday: Open 24 hours; Thursday: Open 24 hours; Friday: Open 24 hours; Saturday: Open 24 hours; Sunday: Open 24 hours,dental_clinic,Auckland,Wiri Auckland,no_prices
Milford Dentists,"170 Kitchener Road, Milford, Auckland 0620, New Zealand",09 489 6575,+64 9 489 6575,https://www.milforddentists.co.nz/,4.8,52,OPERATIONAL,https://maps.google.com/?cid=1235487893618581934&g_mp=Cidnb29nbGUubWFwcy5wbGFjZXMudjEuUGxhY2VzLlNlYXJjaFRleHQQAhgEIAA,Monday: 8:00 AM – 7:00 PM; Tuesday: 8:00 AM – 7:00 PM; Wednesday: 8:00 AM – 5:00 PM; Thursday: 8:00 AM – 5:00 PM; Friday: 8:00 AM – 5:00 PM; Saturday: Closed; Sunday: Closed,dental_clinic,Auckland,Takapuna Auckland,no_prices
Milk Orthodontics,"2 Nuffield Street Corner of Nuffield St and, Remuera Road, Newmarket, Auckland 1023, New Zealand",09 520 1880,+64 9 520 1880,https://www.milkorthodontics.co.nz/,5,69,OPERATIONAL,https://maps.google.com/?cid=16535372694050718188&g_mp=Cidnb29nbGUubWFwcy5wbGFjZXMudjEuUGxhY2VzLlNlYXJjaFRleHQQAhgEIAA,Monday: 8:00 AM – 5:00 PM; Tuesday: 8:00 AM – 5:00 PM; Wednesday: 8:00 AM – 5:00 PM; Thursday: 8:00 AM – 5:00 PM; Friday: 8:00 AM – 12:00 PM; Saturday: Closed; Sunday: Closed,dental_clinic,Auckland,Newmarket Auckland,no_prices
Millwater Dental,"Unit 21 Millwater Central, 175 Millwater Parkway, Silverdale 0992, New Zealand",09 972 1518,+64 9 972 1518,http://www.millwaterdental.co.nz/,4.7,22,OPERATIONAL,https://maps.google.com/?cid=8443402049495646295&g_mp=Cidnb29nbGUubWFwcy5wbGFjZXMudjEuUGxhY2VzLlNlYXJjaFRleHQQAhgEIAA,Monday: 8:00 AM – 6:00 PM; Tuesday: 8:00 AM – 6:00 PM; Wednesday: 8:00 AM – 6:00 PM; Thursday: 8:00 AM – 6:00 PM; Friday: 8:00 AM – 5:00 PM; Saturday: Closed; Sunday: Closed,dental_clinic,Auckland,Orewa Auckland,no_prices
Mint Dental,"171 Seddon Street, Pukekohe, Pukekohe, Auckland 2120, New Zealand",09 910 0500,+64 9 910 0500,https://mintdental.co.nz/,4.7,58,OPERATIONAL,https://maps.google.com/?cid=3915023361106040798&g_mp=Cidnb29nbGUubWFwcy5wbGFjZXMudjEuUGxhY2VzLlNlYXJjaFRleHQQAhgEIAA,Monday: 8:30 AM – 5:00 PM; Tuesday: 8:30 AM – 5:00 PM; Wednesday: 8:30 AM – 8:00 PM; Thursday: 8:30 AM – 5:00 PM; Friday: 8:30 AM – 5:00 PM; Saturday: 8:00 AM – 2:00 PM; Sunday: Closed,dental_clinic,Auckland,Pukekohe,no_prices
Mint Dental Hygiene / Nova Edgcombe,"424 Lake Road, Takapuna, Auckland 0622, New Zealand",021 230 6517,+64 21 230 6517,https://mintdentalhygiene.co.nz/,5,231,OPERATIONAL,https://maps.google.com/?cid=1365964917693488179&g_mp=Cidnb29nbGUubWFwcy5wbGFjZXMudjEuUGxhY2VzLlNlYXJjaFRleHQQAhgEIAA,Monday: 7:30 AM – 5:00 PM; Tuesday: 7:30 AM – 5:00 PM; Wednesday: 7:30 AM – 5:00 PM; Thursday: 7:30 AM – 5:00 PM; Friday: 7:30 AM – 4:30 PM; Saturday: Closed; Sunday: Closed,dental_clinic,Auckland,Takapuna Auckland,no_prices
Miracle Denture Clinic,"79 Shakespeare Road, Milford, Auckland 0620, New Zealand",09 489 6667,+64 9 489 6667,,5,11,OPERATIONAL,https://maps.google.com/?cid=4052436453779998504&g_mp=Cidnb29nbGUubWFwcy5wbGFjZXMudjEuUGxhY2VzLlNlYXJjaFRleHQQAhgEIAA,Monday: 8:30 AM – 5:30 PM; Tuesday: 8:30 AM – 5:30 PM; Wednesday: 8:30 AM – 5:30 PM; Thursday: 8:30 AM – 5:30 PM; Friday: 8:30 AM – 5:30 PM; Saturday: Closed; Sunday: Closed,dental_clinic,Auckland,Milford Auckland,no_prices
Mission Bay Dental,"17 Patteson Avenue, Mission Bay, Auckland 1071, New Zealand",09 528 6434,+64 9 528 6434,http://www.missiondental.co.nz/,4.3,10,OPERATIONAL,https://maps.google.com/?cid=15035469960389510067&g_mp=Cidnb29nbGUubWFwcy5wbGFjZXMudjEuUGxhY2VzLlNlYXJjaFRleHQQAhgEIAA,Monday: 8:00 AM – 5:00 PM; Tuesday: 8:00 AM – 5:00 PM; Wednesday: 8:00 AM – 8:00 PM; Thursday: 8:00 AM – 5:00 PM; Friday: 8:00 AM – 12:00 PM; Saturday: Closed; Sunday: Closed,dental_clinic,Auckland,Mission Bay Auckland,no_prices
Mitre 10 MEGA Manukau,"61 Lambie Drive, Manukau City Centre, Auckland 2104, New Zealand",09 262 3860,+64 9 262 3860,https://www.mitre10.co.nz/mega-manukau?utm_source=google&utm_medium=organic&utm_campaign=gbp-Mitre-10-MEGA-Manukau&utm_content=listing-39&store=39,4.3,1966,OPERATIONAL,https://maps.google.com/?cid=840850028825328217&g_mp=Cidnb29nbGUubWFwcy5wbGFjZXMudjEuUGxhY2VzLlNlYXJjaFRleHQQAhgEIAA,Monday: 7:00 AM – 7:00 PM; Tuesday: 7:00 AM – 7:00 PM; Wednesday: 7:00 AM – 7:00 PM; Thursday: 7:00 AM – 7:00 PM; Friday: 7:00 AM – 7:00 PM; Saturday: 7:00 AM – 7:00 PM; Sunday: 7:00 AM – 7:00 PM,dental_clinic,Auckland,Wiri Auckland,no_prices
Modern Dentures Limited,"58A King Street, Pukekohe 2120, New Zealand",09 238 9944,+64 9 238 9944,,5,1,OPERATIONAL,https://maps.google.com/?cid=15107923672441487239&g_mp=Cidnb29nbGUubWFwcy5wbGFjZXMudjEuUGxhY2VzLlNlYXJjaFRleHQQAhgEIAA,,dental_clinic,Auckland,Pukekohe,no_prices
Mokoia Road Dental Centre,"50a Mokoia Road, Birkenhead, Auckland 0626, New Zealand",09 480 9818,+64 9 480 9818,https://mokoiaroaddental.co.nz/,4.9,104,OPERATIONAL,https://maps.google.com/?cid=3789721614726724017&g_mp=Cidnb29nbGUubWFwcy5wbGFjZXMudjEuUGxhY2VzLlNlYXJjaFRleHQQAhgEIAA,Monday: 8:30 AM – 5:30 PM; Tuesday: 8:30 AM – 7:00 PM; Wednesday: 8:30 AM – 5:30 PM; Thursday: 8:30 AM – 7:00 PM; Friday: 8:30 AM – 5:30 PM; Saturday: 8:30 AM – 1:00 PM; Sunday: Closed,dental_clinic,Auckland,Birkenhead Auckland,no_prices
MoonStone Dental Care,"Unit K/101 Apollo Drive, Rosedale, Auckland 0632, New Zealand",09 475 6535,+64 9 475 6535,http://www.moonstonedentalcare.co.nz/,4.8,63,OPERATIONAL,https://maps.google.com/?cid=369494948807966282&g_mp=Cidnb29nbGUubWFwcy5wbGFjZXMudjEuUGxhY2VzLlNlYXJjaFRleHQQAhgEIAA,Monday: 8:30 AM – 5:00 PM; Tuesday: 8:30 AM – 5:00 PM; Wednesday: 8:30 AM – 5:00 PM; Thursday: 8:30 AM – 5:00 PM; Friday: 8:30 AM – 5:00 PM; Saturday: 9:30 AM – 2:00 PM; Sunday: Closed,dental_clinic,Auckland,Rosedale Auckland,no_prices
Mouth Matters,"19 Alpers Avenue, Epsom, Auckland 1023, New Zealand",09 524 0424,+64 9 524 0424,,,,OPERATIONAL,https://maps.google.com/?cid=7579146989106878132&g_mp=Cidnb29nbGUubWFwcy5wbGFjZXMudjEuUGxhY2VzLlNlYXJjaFRleHQQAhgEIAA,Monday: 8:00 AM – 5:00 PM; Tuesday: 8:00 AM – 5:00 PM; Wednesday: 8:00 AM – 5:00 PM; Thursday: 8:00 AM – 5:00 PM; Friday: 8:00 AM – 5:00 PM; Saturday: Closed; Sunday: Closed,dental_clinic,Auckland,Newmarket Auckland,no_prices
Mr M J Reardon,"120 Remuera Road, Remuera, Auckland 1050, New Zealand",,,,,,OPERATIONAL,https://maps.google.com/?cid=4397845422117468403&g_mp=Cidnb29nbGUubWFwcy5wbGFjZXMudjEuUGxhY2VzLlNlYXJjaFRleHQQAhgEIAA,,dental_clinic,Auckland,Remuera Auckland,no_prices
Mt Eden Road Dental Centre,"931 Mount Eden Road, Three Kings, Auckland 1024, New Zealand",09 638 9574,+64 9 638 9574,,4.1,27,OPERATIONAL,https://maps.google.com/?cid=16455932545694653445&g_mp=Cidnb29nbGUubWFwcy5wbGFjZXMudjEuUGxhY2VzLlNlYXJjaFRleHQQAhgEIAA,,dental_clinic,Auckland,Eden Terrace Auckland,no_prices
Mt Wellington Dentists,"627 Mount Wellington Highway, Mount Wellington, Auckland 1062, New Zealand",09 259 2122,+64 9 259 2122,,2.3,3,OPERATIONAL,https://maps.google.com/?cid=10777813419578532276&g_mp=Cidnb29nbGUubWFwcy5wbGFjZXMudjEuUGxhY2VzLlNlYXJjaFRleHQQAhgEIAA,,dental_clinic,Auckland,Mount Wellington Auckland,no_prices
My Dentist - Pakuranga,"11 Cortina Place, Pakuranga, Auckland 2010, New Zealand",09 218 8988,+64 9 218 8988,https://mydentist.nz/,4.8,83,OPERATIONAL,https://maps.google.com/?cid=10012403983334589230&g_mp=Cidnb29nbGUubWFwcy5wbGFjZXMudjEuUGxhY2VzLlNlYXJjaFRleHQQAhgEIAA,Monday: 9:00 AM – 5:00 PM; Tuesday: 9:00 AM – 5:00 PM; Wednesday: 9:00 AM – 5:00 PM; Thursday: 9:00 AM – 6:00 PM; Friday: 9:00 AM – 5:00 PM; Saturday: Closed; Sunday: Closed,dental_clinic,Auckland,Pakuranga Auckland,some_prices
MyDental Mangere Bridge,"25 Coronation Road, Māngere Bridge, Auckland 2022, New Zealand",09 242 1130,+64 9 242 1130,http://mydental.co.nz/,5,107,OPERATIONAL,https://maps.google.com/?cid=4480691637212007785&g_mp=Cidnb29nbGUubWFwcy5wbGFjZXMudjEuUGxhY2VzLlNlYXJjaFRleHQQAhgEIAA,Monday: 8:00 AM – 6:00 PM; Tuesday: 8:00 AM – 6:00 PM; Wednesday: 8:00 AM – 6:00 PM; Thursday: 8:00 AM – 6:00 PM; Friday: 8:00 AM – 6:00 PM; Saturday: 8:00 AM – 1:00 PM; Sunday: Closed,dental_clinic,Auckland,Mangere Auckland,no_prices
MyDental Papatoetoe,"Unit 7-8/65 Saint George Street, Papatoetoe, Auckland 2025, New Zealand",09 242 1110,+64 9 242 1110,http://mydental.co.nz/,4.9,88,OPERATIONAL,https://maps.google.com/?cid=10981328859854544618&g_mp=Cidnb29nbGUubWFwcy5wbGFjZXMudjEuUGxhY2VzLlNlYXJjaFRleHQQAhgEIAA,Monday: 9:00 AM – 5:00 PM; Tuesday: 9:00 AM – 5:00 PM; Wednesday: 9:00 AM – 5:00 PM; Thursday: 9:00 AM – 5:00 PM; Friday: 9:00 AM – 5:00 PM; Saturday: 8:00 AM – 1:00 PM; Sunday: Closed,dental_clinic,Auckland,Papatoetoe Auckland,no_prices
NSOMS (Oral & Maxillofacial Surgeons),"3 Broadway, Newmarket, Auckland 1023, New Zealand",09 486 7778,+64 9 486 7778,https://www.nsoms.co.nz/,4.6,70,OPERATIONAL,https://maps.google.com/?cid=7908289703207530048&g_mp=Cidnb29nbGUubWFwcy5wbGFjZXMudjEuUGxhY2VzLlNlYXJjaFRleHQQAhgEIAA,Monday: 7:30 AM – 4:30 PM; Tuesday: 7:30 AM – 4:30 PM; Wednesday: 7:30 AM – 4:30 PM; Thursday: 7:30 AM – 4:30 PM; Friday: 7:30 AM – 4:30 PM; Saturday: Closed; Sunday: Closed,dental_clinic,Auckland,Newmarket Auckland,no_prices
NSOMS (Oral & Maxillofacial Surgeons),"08/3 Akoranga Drive, Northcote, Auckland 0627, New Zealand",09 486 7778,+64 9 486 7778,https://www.nsoms.co.nz/,4.7,226,OPERATIONAL,https://maps.google.com/?cid=5569562581829413653&g_mp=Cidnb29nbGUubWFwcy5wbGFjZXMudjEuUGxhY2VzLlNlYXJjaFRleHQQAhgEIAA,Monday: 7:30 AM – 4:30 PM; Tuesday: 7:30 AM – 4:30 PM; Wednesday: 7:30 AM – 4:30 PM; Thursday: 7:30 AM – 4:30 PM; Friday: 7:30 AM – 4:30 PM; Saturday: Closed; Sunday: Closed,dental_clinic,Auckland,Takapuna Auckland,no_prices
Natural Smile EastMed Dental,"188 Saint Heliers Bay Road, St Heliers, Auckland 1071, New Zealand",09 585 0205,+64 9 585 0205,https://www.naturalsmile.co.nz/?utm_source=Google&utm_medium=Organic&utm_campaign=GBP&utm_term=Website,5,31,OPERATIONAL,https://maps.google.com/?cid=13830083633380613816&g_mp=Cidnb29nbGUubWFwcy5wbGFjZXMudjEuUGxhY2VzLlNlYXJjaFRleHQQAhgEIAA,Monday: 7:00 AM – 5:00 PM; Tuesday: 8:00 AM – 5:00 PM; Wednesday: 8:00 AM – 6:00 PM; Thursday: 8:00 AM – 5:00 PM; Friday: 8:00 AM – 3:00 PM; Saturday: Closed; Sunday: Closed,dental_clinic,Auckland,St Heliers Auckland,no_prices
Neo Dental Studio,"249 Dominion Road, Mount Eden, Auckland 1024, New Zealand",09 551 5871,+64 9 551 5871,https://www.neodentalstudio.co.nz/,4.9,92,OPERATIONAL,https://maps.google.com/?cid=4424774400169503049&g_mp=Cidnb29nbGUubWFwcy5wbGFjZXMudjEuUGxhY2VzLlNlYXJjaFRleHQQAhgEIAA,Monday: 9:00 AM – 4:00 PM; Tuesday: 9:00 AM – 4:00 PM; Wednesday: 9:00 AM – 4:00 PM; Thursday: 9:00 AM – 4:00 PM; Friday: 9:00 AM – 4:00 PM; Saturday: Closed; Sunday: Closed,dental_clinic,Auckland,Mount Eden Auckland,no_prices
New Lynn Dentists,"Totara Health Centre Level 1/1 McCrae Way, New Lynn, Auckland 0600, New Zealand",09 827 7430,+64 9 827 7430,,4.5,29,OPERATIONAL,https://maps.google.com/?cid=1705129602601464859&g_mp=Cidnb29nbGUubWFwcy5wbGFjZXMudjEuUGxhY2VzLlNlYXJjaFRleHQQAhgEIAA,Monday: 10:00 AM – 6:00 PM; Tuesday: 9:00 AM – 5:00 PM; Wednesday: 9:00 AM – 5:00 PM; Thursday: 9:00 AM – 5:00 PM; Friday: 10:00 AM – 7:00 PM; Saturday: 9:00 AM – 2:00 PM; Sunday: Closed,dental_clinic,Auckland,New Lynn Auckland,no_prices
New World,"11 Moana Avenue, Orewa 0931, New Zealand",09 427 0117,+64 9 427 0117,http://www.newworld.co.nz/,4.2,1141,OPERATIONAL,https://maps.google.com/?cid=8216162246219869736&g_mp=Cidnb29nbGUubWFwcy5wbGFjZXMudjEuUGxhY2VzLlNlYXJjaFRleHQQAhgEIAA,Monday: 7:00 AM – 9:00 PM; Tuesday: 7:00 AM – 9:00 PM; Wednesday: 7:00 AM – 9:00 PM; Thursday: 7:00 AM – 9:00 PM; Friday: 7:00 AM – 9:00 PM; Saturday: 7:00 AM – 9:00 PM; Sunday: 7:00 AM – 9:00 PM,dental_clinic,Auckland,Orewa Auckland,no_prices
New World Metro Queen Street,"125 Queen Street, Auckland CBD, Auckland 0620, New Zealand",09 300 5390,+64 9 300 5390,https://www.newworld.co.nz/,4,2491,OPERATIONAL,https://maps.google.com/?cid=7797842479130156976&g_mp=Cidnb29nbGUubWFwcy5wbGFjZXMudjEuUGxhY2VzLlNlYXJjaFRleHQQAhgEIAA,Monday: 7:00 AM – 9:00 PM; Tuesday: 7:00 AM – 9:00 PM; Wednesday: 7:00 AM – 9:00 PM; Thursday: 7:00 AM – 9:00 PM; Friday: 7:00 AM – 9:00 PM; Saturday: 9:30 AM – 9:00 PM; Sunday: 9:30 AM – 9:00 PM,dental_clinic,Auckland,Auckland CBD,no_prices
New World Newmarket,"42 Nuffield Street, Newmarket, Auckland 1023, New Zealand",09 558 2850,+64 9 558 2850,https://www.newworld.co.nz/,3.8,193,OPERATIONAL,https://maps.google.com/?cid=18395720445967066982&g_mp=Cidnb29nbGUubWFwcy5wbGFjZXMudjEuUGxhY2VzLlNlYXJjaFRleHQQAhgEIAA,Monday: 7:00 AM – 9:00 PM; Tuesday: 7:00 AM – 9:00 PM; Wednesday: 7:00 AM – 9:00 PM; Thursday: 7:00 AM – 9:00 PM; Friday: 7:00 AM – 9:00 PM; Saturday: 7:00 AM – 9:00 PM; Sunday: 7:00 AM – 9:00 PM,dental_clinic,Auckland,Newmarket Auckland,no_prices
New World Papakura,"29/31 East Street, Papakura, Auckland 2110, New Zealand",09 299 6503,+64 9 299 6503,http://www.newworld.co.nz/,4.3,1734,OPERATIONAL,https://maps.google.com/?cid=10059018508151747676&g_mp=Cidnb29nbGUubWFwcy5wbGFjZXMudjEuUGxhY2VzLlNlYXJjaFRleHQQAhgEIAA,Monday: 7:00 AM – 9:00 PM; Tuesday: 7:00 AM – 9:00 PM; Wednesday: 7:00 AM – 9:00 PM; Thursday: 7:00 AM – 9:00 PM; Friday: 7:00 AM – 9:00 PM; Saturday: 7:00 AM – 9:00 PM; Sunday: 7:00 AM – 9:00 PM,dental_clinic,Auckland,Papakura,no_prices
New World Remuera,"10 Clonbern Road, Remuera, Auckland 1050, New Zealand",09 520 3559,+64 9 520 3559,http://www.newworld.co.nz/upper-north-island/auckland/remuera/,4.1,939,OPERATIONAL,https://maps.google.com/?cid=18370077517588057131&g_mp=Cidnb29nbGUubWFwcy5wbGFjZXMudjEuUGxhY2VzLlNlYXJjaFRleHQQAhgEIAA,Monday: 7:00 AM – 10:00 PM; Tuesday: 7:00 AM – 10:00 PM; Wednesday: 7:00 AM – 10:00 PM; Thursday: 7:00 AM – 10:00 PM; Friday: 7:00 AM – 10:00 PM; Saturday: 7:00 AM – 10:00 PM; Sunday: 7:00 AM – 10:00 PM,dental_clinic,Auckland,Remuera Auckland,no_prices
New World Supermarket Devonport,"35 Bartley Terrace, Devonport, Auckland 0624, New Zealand",09 445 1217,+64 9 445 1217,http://www.newworld.co.nz/,4.2,921,OPERATIONAL,https://maps.google.com/?cid=10749987447737922310&g_mp=Cidnb29nbGUubWFwcy5wbGFjZXMudjEuUGxhY2VzLlNlYXJjaFRleHQQAhgEIAA,Monday: 7:00 AM – 10:00 PM; Tuesday: 7:00 AM – 10:00 PM; Wednesday: 7:00 AM – 10:00 PM; Thursday: 7:00 AM – 10:00 PM; Friday: 7:00 AM – 10:00 PM; Saturday: 7:00 AM – 10:00 PM; Sunday: 7:00 AM – 10:00 PM,dental_clinic,Auckland,Devonport Auckland,no_prices
New Zealand Dental Association,"195 Main Highway, Ellerslie South, Auckland 1051, New Zealand",09 579 8001,+64 9 579 8001,http://www.nzda.org.nz/,4.2,25,OPERATIONAL,https://maps.google.com/?cid=16105605769554888991&g_mp=Cidnb29nbGUubWFwcy5wbGFjZXMudjEuUGxhY2VzLlNlYXJjaFRleHQQAhgEIAA,Monday: 8:00 AM – 5:00 PM; Tuesday: 8:00 AM – 5:00 PM; Wednesday: 8:00 AM – 5:00 PM; Thursday: 8:00 AM – 5:00 PM; Friday: 8:00 AM – 5:00 PM; Saturday: Closed; Sunday: Closed,dental_clinic,Auckland,Leigh Auckland,no_prices
NewAlign (HQ),"3B Piermark Drive, Rosedale, Auckland 0632, New Zealand",0800 639 254,+64 800 639 254,http://www.newalign.co.nz/,5,1,OPERATIONAL,https://maps.google.com/?cid=3983690139077074161&g_mp=Cidnb29nbGUubWFwcy5wbGFjZXMudjEuUGxhY2VzLlNlYXJjaFRleHQQAhgEIAA,Monday: 9:00 AM – 5:00 PM; Tuesday: 9:00 AM – 5:00 PM; Wednesday: 9:00 AM – 5:00 PM; Thursday: 9:00 AM – 5:00 PM; Friday: 9:00 AM – 5:00 PM; Saturday: Closed; Sunday: Closed,dental_clinic,Auckland,Unsworth Heights Auckland,no_prices
Newmarket Dental Group,"Cnr Broadway & Teed Street, Newmarket, Auckland 1023, New Zealand",09 520 0734,+64 9 520 0734,https://newmarketdentalgroup.co.nz/,4.9,19,OPERATIONAL,https://maps.google.com/?cid=10970510268275076285&g_mp=Cidnb29nbGUubWFwcy5wbGFjZXMudjEuUGxhY2VzLlNlYXJjaFRleHQQAhgEIAA,Monday: 8:00 AM – 5:00 PM; Tuesday: 8:00 AM – 5:00 PM; Wednesday: 8:00 AM – 5:00 PM; Thursday: 8:00 AM – 5:00 PM; Friday: 8:00 AM – 5:00 PM; Saturday: Closed; Sunday: Closed,dental_clinic,Auckland,Auckland CBD,no_prices
Newmarket Dental Studio,"Level, Level 2/142 Broadway, Newmarket, Auckland 1023, New Zealand",09 368 1815,+64 9 368 1815,http://www.newmarketdentalstudio.co.nz/,,,OPERATIONAL,https://maps.google.com/?cid=12695831748757320766&g_mp=Cidnb29nbGUubWFwcy5wbGFjZXMudjEuUGxhY2VzLlNlYXJjaFRleHQQAhgEIAA,Monday: 8:00 AM – 5:00 PM; Tuesday: 8:00 AM – 5:00 PM; Wednesday: 8:00 AM – 5:00 PM; Thursday: 8:00 AM – 5:00 PM; Friday: 8:00 AM – 5:00 PM; Saturday: Closed; Sunday: Closed,dental_clinic,Auckland,Newmarket Auckland,no_prices
Newmarket Family Dental Care,"38 Broadway, Newmarket, Auckland 1023, New Zealand",09 529 9273,+64 9 529 9273,http://newmarketfamilydentist.co.nz/,4.9,91,OPERATIONAL,https://maps.google.com/?cid=8887433320715531207&g_mp=Cidnb29nbGUubWFwcy5wbGFjZXMudjEuUGxhY2VzLlNlYXJjaFRleHQQAhgEIAA,Monday: 8:30 AM – 5:00 PM; Tuesday: 8:30 AM – 5:00 PM; Wednesday: 8:30 AM – 5:00 PM; Thursday: 8:30 AM – 5:00 PM; Friday: 8:30 AM – 4:00 PM; Saturday: 9:00 AM – 3:00 PM; Sunday: Closed,dental_clinic,Auckland,Auckland CBD,no_prices
Newton Pharmacy Sport and Health,"283 Karangahape Road, Auckland CBD, Auckland 1010, New Zealand",09 373 2559,+64 9 373 2559,https://www.newtonpharmacy.co.nz/,4.9,17,OPERATIONAL,https://maps.google.com/?cid=4044981335495642234&g_mp=Cidnb29nbGUubWFwcy5wbGFjZXMudjEuUGxhY2VzLlNlYXJjaFRleHQQAhgEIAA,Monday: 9:00 AM – 6:00 PM; Tuesday: 9:00 AM – 6:00 PM; Wednesday: 9:00 AM – 6:30 PM; Thursday: 9:00 AM – 6:30 PM; Friday: 9:00 AM – 6:00 PM; Saturday: 9:30 AM – 6:00 PM; Sunday: Closed,dental_clinic,Auckland,Karangahape Road Auckland,no_prices
Niho Ma Teeth Whitening & More,"Lincoln Road, Henderson, Auckland 0610, New Zealand",,,http://www.nihoma.co.nz/,5,55,OPERATIONAL,https://maps.google.com/?cid=17283475027343505550&g_mp=Cidnb29nbGUubWFwcy5wbGFjZXMudjEuUGxhY2VzLlNlYXJjaFRleHQQAhgEIAA,Monday: Closed; Tuesday: Closed; Wednesday: Closed; Thursday: Closed; Friday: Closed; Saturday: Closed; Sunday: 9:00 AM – 5:00 PM,dental_clinic,Auckland,Henderson Auckland,no_prices
Noble Dental Specialists Remuera,"31 Peach Parade, Remuera, Auckland 1050, New Zealand",09 524 2855,+64 9 524 2855,https://www.nobledental.co.nz/?utm_source=Google&utm_medium=Organic&utm_campaign=gbp-remuera-website-link,5,88,OPERATIONAL,https://maps.google.com/?cid=14630552283837056265&g_mp=Cidnb29nbGUubWFwcy5wbGFjZXMudjEuUGxhY2VzLlNlYXJjaFRleHQQAhgEIAA,Monday: 7:00 AM – 5:00 PM; Tuesday: 8:00 AM – 5:00 PM; Wednesday: 8:00 AM – 5:00 PM; Thursday: 7:00 AM – 5:00 PM; Friday: 8:00 AM – 4:00 PM; Saturday: Closed; Sunday: Closed,dental_clinic,Auckland,Remuera Auckland,some_prices
Noble Dental Specialists Takapuna,"BDO Takapuna Tower, 19 Como Street, Takapuna, Auckland 0622, New Zealand",09 486 6996,+64 9 486 6996,https://www.nobledental.co.nz/?utm_source=Google&utm_medium=Organic&utm_campaign=gbp-takapuna-website-link,4.8,88,OPERATIONAL,https://maps.google.com/?cid=6222854806729412384&g_mp=Cidnb29nbGUubWFwcy5wbGFjZXMudjEuUGxhY2VzLlNlYXJjaFRleHQQAhgEIAA,Monday: 8:00 AM – 5:00 PM; Tuesday: 8:00 AM – 5:00 PM; Wednesday: 8:00 AM – 5:00 PM; Thursday: 8:00 AM – 5:00 PM; Friday: 8:00 AM – 5:00 PM; Saturday: Closed; Sunday: Closed,dental_clinic,Auckland,Takapuna Auckland,some_prices
North Shore Dental,"761 Beach Road, Browns Bay, Auckland 0630, New Zealand",09 478 7442,+64 9 478 7442,http://www.northshoredental.co.nz/,4.9,761,OPERATIONAL,https://maps.google.com/?cid=2154203007972482640&g_mp=Cidnb29nbGUubWFwcy5wbGFjZXMudjEuUGxhY2VzLlNlYXJjaFRleHQQAhgEIAA,Monday: 8:00 AM – 6:00 PM; Tuesday: 8:00 AM – 5:00 PM; Wednesday: 8:00 AM – 5:00 PM; Thursday: 8:00 AM – 5:00 PM; Friday: 8:00 AM – 5:00 PM; Saturday: Closed; Sunday: Closed,dental_clinic,Auckland,Beach Haven Auckland,no_prices
North Shore Orthodontics,"14 Auburn Street, Takapuna, Auckland 0622, New Zealand",09 488 7488,+64 9 488 7488,http://www.northshoreortho.co.nz/,5,268,OPERATIONAL,https://maps.google.com/?cid=186186843158419809&g_mp=Cidnb29nbGUubWFwcy5wbGFjZXMudjEuUGxhY2VzLlNlYXJjaFRleHQQAhgEIAA,Monday: 8:00 AM – 5:30 PM; Tuesday: 8:00 AM – 5:30 PM; Wednesday: 8:00 AM – 5:30 PM; Thursday: 8:00 AM – 5:30 PM; Friday: Closed; Saturday: Closed; Sunday: Closed,dental_clinic,Auckland,Takapuna Auckland,no_prices
North Shore Periodontics,"414 Lake Road, Hauraki, Auckland 0622, New Zealand",09 486 6770,+64 9 486 6770,http://www.nsperio.co.nz/about-us/,5,1,OPERATIONAL,https://maps.google.com/?cid=15500619163254474537&g_mp=Cidnb29nbGUubWFwcy5wbGFjZXMudjEuUGxhY2VzLlNlYXJjaFRleHQQAhgEIAA,Monday: 7:30 AM – 5:00 PM; Tuesday: 7:30 AM – 5:00 PM; Wednesday: 7:30 AM – 5:00 PM; Thursday: 7:30 AM – 5:00 PM; Friday: 7:30 AM – 5:00 PM; Saturday: Closed; Sunday: Closed,dental_clinic,Auckland,Takapuna Auckland,no_prices
North Shore Prosthodontics,"Level 1/412 Lake Road, Takapuna, Auckland 0622, New Zealand",09 489 9005,+64 9 489 9005,http://northshoreprosthodontist.com/?utm_source=google&utm_medium=wix_google_business_profile&utm_campaign=9321371455347954301,5,1,OPERATIONAL,https://maps.google.com/?cid=7611877874266780544&g_mp=Cidnb29nbGUubWFwcy5wbGFjZXMudjEuUGxhY2VzLlNlYXJjaFRleHQQAhgEIAA,Monday: 7:30 AM – 4:30 PM; Tuesday: 7:30 AM – 4:30 PM; Wednesday: 7:30 AM – 4:30 PM; Thursday: 7:30 AM – 4:30 PM; Friday: 7:30 AM – 3:00 PM; Saturday: Closed; Sunday: Closed,dental_clinic,Auckland,Takapuna Auckland,no_prices
Northcote Dental Centre,"26 Kawana Street, Northcote, Auckland 0627, New Zealand",09 480 5931,+64 9 480 5931,https://www.northcotedental.co.nz/,4.6,104,OPERATIONAL,https://maps.google.com/?cid=10988177013077194584&g_mp=Cidnb29nbGUubWFwcy5wbGFjZXMudjEuUGxhY2VzLlNlYXJjaFRleHQQAhgEIAA,Monday: 9:00 AM – 6:00 PM; Tuesday: 9:00 AM – 5:00 PM; Wednesday: 9:00 AM – 5:00 PM; Thursday: 9:00 AM – 5:00 PM; Friday: 9:00 AM – 4:30 PM; Saturday: 9:00 AM – 1:00 PM; Sunday: Closed,dental_clinic,Auckland,Northcote Auckland,no_prices
Northcote Family Dentist,"46 Lake Road, Northcote, Auckland 0627, New Zealand",027 900 0004,+64 27 900 0004,https://northcotedentist.co.nz/,5,16,OPERATIONAL,https://maps.google.com/?cid=5604678490105888747&g_mp=Cidnb29nbGUubWFwcy5wbGFjZXMudjEuUGxhY2VzLlNlYXJjaFRleHQQAhgEIAA,Monday: 10:00 AM – 5:00 PM; Tuesday: 10:00 AM – 5:00 PM; Wednesday: 10:00 AM – 5:00 PM; Thursday: 10:00 AM – 5:00 PM; Friday: 10:00 AM – 5:00 PM; Saturday: Closed; Sunday: Closed,dental_clinic,Auckland,Northcote Auckland,no_prices
Northcross Intermediate dental clinic,"10 Sartors Avenue, Northcross, Auckland 0630, New Zealand",09 479 4236,+64 9 479 4236,,5,6,OPERATIONAL,https://maps.google.com/?cid=13711255512923522490&g_mp=Cidnb29nbGUubWFwcy5wbGFjZXMudjEuUGxhY2VzLlNlYXJjaFRleHQQAhgEIAA,Monday: 8:00 AM – 4:30 PM; Tuesday: 8:00 AM – 4:30 PM; Wednesday: 8:00 AM – 4:30 PM; Thursday: 8:00 AM – 4:30 PM; Friday: 8:00 AM – 4:30 PM; Saturday: Closed; Sunday: Closed,dental_clinic,Auckland,Torbay Auckland,no_prices
Northmed Dental,"12/3 Akoranga Drive, Northcote, Auckland 0627, New Zealand",09 884 8620,+64 9 884 8620,https://northmeddental.co.nz/?utm_source=gbp&utm_medium=organic,4.9,392,OPERATIONAL,https://maps.google.com/?cid=3172996532970704724&g_mp=Cidnb29nbGUubWFwcy5wbGFjZXMudjEuUGxhY2VzLlNlYXJjaFRleHQQAhgEIAA,Monday: 9:00 AM – 6:30 PM; Tuesday: 9:00 AM – 6:30 PM; Wednesday: 9:00 AM – 7:00 PM; Thursday: 9:00 AM – 7:00 PM; Friday: 9:00 AM – 7:00 PM; Saturday: 9:00 AM – 4:00 PM; Sunday: 9:00 AM – 5:00 PM,dental_clinic,Auckland,Takapuna Auckland,some_prices
Northmed Dental,"512 East Coast Road, Windsor Park, Auckland 0630, New Zealand",09 886 4565,+64 9 886 4565,https://northmeddental.co.nz/services/?utm_source=GMB&utm_medium=Website&utm_campaign=Bays,4.9,79,OPERATIONAL,https://maps.google.com/?cid=14244746224555227163&g_mp=Cidnb29nbGUubWFwcy5wbGFjZXMudjEuUGxhY2VzLlNlYXJjaFRleHQQAhgEIAA,Monday: 9:00 AM – 5:00 PM; Tuesday: 9:00 AM – 5:00 PM; Wednesday: 9:00 AM – 5:00 PM; Thursday: 9:00 AM – 5:00 PM; Friday: 9:00 AM – 5:00 PM; Saturday: 9:00 AM – 5:00 PM; Sunday: Closed,dental_clinic,Auckland,Mairangi Bay Auckland,some_prices
Northmed Dental OTAHUHU,"9 Avenue Road, Ōtāhuhu, Auckland 1062, New Zealand",09 886 7037,+64 9 886 7037,https://www.northmeddental.co.nz/,5,24,OPERATIONAL,https://maps.google.com/?cid=1055378822377462583&g_mp=Cidnb29nbGUubWFwcy5wbGFjZXMudjEuUGxhY2VzLlNlYXJjaFRleHQQAhgEIAA,,dental_clinic,Auckland,Otahuhu Auckland,some_prices
Nova Dental Care,"7 O'Shannessey Street, Papakura, Auckland 2110, New Zealand",09 298 7501,+64 9 298 7501,https://www.novadental.co.nz/,4.9,304,OPERATIONAL,https://maps.google.com/?cid=12254660359483870636&g_mp=Cidnb29nbGUubWFwcy5wbGFjZXMudjEuUGxhY2VzLlNlYXJjaFRleHQQAhgEIAA,Monday: 8:00 AM – 5:00 PM; Tuesday: 8:00 AM – 5:00 PM; Wednesday: 8:00 AM – 5:00 PM; Thursday: 8:00 AM – 5:00 PM; Friday: 8:00 AM – 5:00 PM; Saturday: 8:00 AM – 5:00 PM; Sunday: Closed,dental_clinic,Auckland,Papakura,no_prices
OMS Specialists - Mr Richard Cobb & Mr Ryan Smit (Oral & Maxillo-Facial Surgeons),"121 Carlton Gore Road, Newmarket, Auckland 1023, New Zealand",09 477 0058,+64 9 477 0058,http://www.oms.nz/,4.9,102,OPERATIONAL,https://maps.google.com/?cid=14168728383511918811&g_mp=Cidnb29nbGUubWFwcy5wbGFjZXMudjEuUGxhY2VzLlNlYXJjaFRleHQQAhgEIAA,Monday: 7:30 AM – 5:00 PM; Tuesday: 7:30 AM – 5:00 PM; Wednesday: 7:30 AM – 5:00 PM; Thursday: 7:30 AM – 5:00 PM; Friday: 7:30 AM – 5:00 PM; Saturday: Closed; Sunday: Closed,dental_clinic,Auckland,Newmarket Auckland,no_prices
OTAHUHU DENTAL CARE,"357 Great South Road, Ōtāhuhu, Auckland 1062, New Zealand",09 276 7564,+64 9 276 7564,https://otahuhudental.co.nz/?utm_source=google-business&utm_medium=organic,3.7,53,OPERATIONAL,https://maps.google.com/?cid=8586630505262295273&g_mp=Cidnb29nbGUubWFwcy5wbGFjZXMudjEuUGxhY2VzLlNlYXJjaFRleHQQAhgEIAA,Monday: 8:30 AM – 6:30 PM; Tuesday: 8:30 AM – 6:00 PM; Wednesday: 8:30 AM – 6:30 PM; Thursday: 8:30 AM – 5:00 PM; Friday: 8:30 AM – 6:00 PM; Saturday: 8:30 AM – 4:00 PM; Sunday: Closed,dental_clinic,Auckland,Otahuhu Auckland,no_prices
Ocean View Dental,"12 Ocean View Road, Northcote, Auckland 0627, New Zealand",09 419 5555,+64 9 419 5555,http://www.ourdentist.co.nz/,4.7,107,OPERATIONAL,https://maps.google.com/?cid=10706304124005550596&g_mp=Cidnb29nbGUubWFwcy5wbGFjZXMudjEuUGxhY2VzLlNlYXJjaFRleHQQAhgEIAA,Monday: 9:00 AM – 5:00 PM; Tuesday: 9:00 AM – 5:00 PM; Wednesday: 9:00 AM – 5:00 PM; Thursday: 9:00 AM – 5:00 PM; Friday: 9:00 AM – 5:00 PM; Saturday: Closed; Sunday: Closed,dental_clinic,Auckland,Northcote Auckland,some_prices
Omega Dental,"96 Clevedon Road, Papakura, Auckland 2110, New Zealand",09 600 1707,+64 9 600 1707,https://omegadental.co.nz/,4.9,272,OPERATIONAL,https://maps.google.com/?cid=5484312104937875170&g_mp=Cidnb29nbGUubWFwcy5wbGFjZXMudjEuUGxhY2VzLlNlYXJjaFRleHQQAhgEIAA,Monday: 8:30 AM – 5:00 PM; Tuesday: 8:30 AM – 6:00 PM; Wednesday: 8:30 AM – 5:00 PM; Thursday: 8:30 AM – 5:00 PM; Friday: 8:30 AM – 5:00 PM; Saturday: Closed; Sunday: Closed,dental_clinic,Auckland,Papakura,no_prices
OneHealth Accident & Medical Care,"122 Remuera Road, Remuera, Auckland 1050, New Zealand",09 522 2800,+64 9 522 2800,http://www.onehealth.co.nz/,3.3,176,OPERATIONAL,https://maps.google.com/?cid=165448624557589284&g_mp=Cidnb29nbGUubWFwcy5wbGFjZXMudjEuUGxhY2VzLlNlYXJjaFRleHQQAhgEIAA,Monday: 8:00 AM – 8:00 PM; Tuesday: 8:00 AM – 8:00 PM; Wednesday: 8:00 AM – 8:00 PM; Thursday: 8:00 AM – 8:00 PM; Friday: 8:00 AM – 8:00 PM; Saturday: 8:00 AM – 8:00 PM; Sunday: 8:00 AM – 8:00 PM,dental_clinic,Auckland,Remuera Auckland,no_prices
Onehealth Dental,"122 Remuera Road, Remuera, Auckland 1049, New Zealand",09 524 8834,+64 9 524 8834,https://onehealthdental.co.nz/,4.8,45,OPERATIONAL,https://maps.google.com/?cid=12187721208011728004&g_mp=Cidnb29nbGUubWFwcy5wbGFjZXMudjEuUGxhY2VzLlNlYXJjaFRleHQQAhgEIAA,Monday: 8:30 AM – 5:00 PM; Tuesday: 8:30 AM – 5:00 PM; Wednesday: 8:30 AM – 5:00 PM; Thursday: 8:30 AM – 5:00 PM; Friday: 8:30 AM – 5:00 PM; Saturday: 9:00 AM – 3:30 PM; Sunday: Closed,dental_clinic,Auckland,Remuera Auckland,no_prices
Onehunga Dental Centre,"Medical Centre Building 73 Church Street, Onehunga, Auckland 1061, New Zealand",09 636 6227,+64 9 636 6227,http://www.odc.co.nz/,4.7,25,OPERATIONAL,https://maps.google.com/?cid=448890705072050378&g_mp=Cidnb29nbGUubWFwcy5wbGFjZXMudjEuUGxhY2VzLlNlYXJjaFRleHQQAhgEIAA,Monday: 8:00 AM – 5:30 PM; Tuesday: 8:00 AM – 6:00 PM; Wednesday: 8:00 AM – 5:30 PM; Thursday: 8:00 AM – 7:00 PM; Friday: 8:00 AM – 5:30 PM; Saturday: Closed; Sunday: Closed,dental_clinic,Auckland,Onehunga Auckland,no_prices
Onehunga Dentists,"Near Onehunga Police station 130 Onehunga Mall, Onehunga, Auckland 1061, New Zealand",09 636 0034,+64 9 636 0034,http://www.onehungadentists.com/,4.7,16,OPERATIONAL,https://maps.google.com/?cid=8207337529094458512&g_mp=Cidnb29nbGUubWFwcy5wbGFjZXMudjEuUGxhY2VzLlNlYXJjaFRleHQQAhgEIAA,Monday: 9:00 AM – 9:00 PM; Tuesday: 9:00 AM – 9:00 PM; Wednesday: 9:00 AM – 9:00 PM; Thursday: 9:00 AM – 9:00 PM; Friday: 6:00 – 9:00 PM; Saturday: 9:00 AM – 5:00 PM; Sunday: Closed,dental_clinic,Auckland,Onehunga Auckland,no_prices
Oneroa Dental Surgery,"Pendragon Mall 9/118 Ocean View Road, Oneroa, Waiheke Island 1081, New Zealand",09 372 6849,+64 9 372 6849,https://www.oneroadental.co.nz/,4.9,17,OPERATIONAL,https://maps.google.com/?cid=15666259171765466286&g_mp=Cidnb29nbGUubWFwcy5wbGFjZXMudjEuUGxhY2VzLlNlYXJjaFRleHQQAhgEIAA,Monday: 8:00 AM – 6:00 PM; Tuesday: 8:00 AM – 6:00 PM; Wednesday: 8:00 AM – 6:00 PM; Thursday: 8:00 AM – 6:00 PM; Friday: 8:00 AM – 4:00 PM; Saturday: Closed; Sunday: Closed,dental_clinic,Auckland,Waiheke Island Auckland,no_prices
Orakei Children's Community Dental Clinic,"8b Ngaio Street, Orakei, Auckland 1071, New Zealand",09 520 0603,+64 9 520 0603,,2.6,5,OPERATIONAL,https://maps.google.com/?cid=18206564037962614589&g_mp=Cidnb29nbGUubWFwcy5wbGFjZXMudjEuUGxhY2VzLlNlYXJjaFRleHQQAhgEIAA,Monday: 7:30 AM – 4:00 PM; Tuesday: 7:30 AM – 4:00 PM; Wednesday: 7:30 AM – 4:00 PM; Thursday: 7:30 AM – 4:00 PM; Friday: 7:30 AM – 4:00 PM; Saturday: Closed; Sunday: Closed,dental_clinic,Auckland,Remuera Auckland,no_prices
Oral Dynamics Denture Clinic,"137 Abbotts Way, Remuera, Auckland 1050, New Zealand",09 217 3068,+64 9 217 3068,http://www.oraldynamics.co.nz/denture-clinic,3.4,8,OPERATIONAL,https://maps.google.com/?cid=5912486567106509263&g_mp=Cidnb29nbGUubWFwcy5wbGFjZXMudjEuUGxhY2VzLlNlYXJjaFRleHQQAhgEIAA,Monday: 9:00 AM – 5:00 PM; Tuesday: 9:00 AM – 5:00 PM; Wednesday: 9:00 AM – 5:00 PM; Thursday: 9:00 AM – 5:00 PM; Friday: 9:00 AM – 5:00 PM; Saturday: 9:00 AM – 5:00 PM; Sunday: 9:00 AM – 5:00 PM,dental_clinic,Auckland,Remuera Auckland,no_prices
Oral Surgery Associates,"Ascot Central, level 1/7 Ellerslie Racecourse Drive, Remuera, Auckland 1051, New Zealand",09 529 5910,+64 9 529 5910,https://lumino.co.nz/dentists/oral-surgery-associates-remuera/?utm_source=google_business_profile&utm_medium=organic,3.9,66,OPERATIONAL,https://maps.google.com/?cid=1767813701976869398&g_mp=Cidnb29nbGUubWFwcy5wbGFjZXMudjEuUGxhY2VzLlNlYXJjaFRleHQQAhgEIAA,Monday: 8:00 AM – 4:00 PM; Tuesday: 8:00 AM – 4:00 PM; Wednesday: 8:00 AM – 4:00 PM; Thursday: 8:00 AM – 4:00 PM; Friday: 9:00 AM – 3:30 PM; Saturday: Closed; Sunday: Closed,dental_clinic,Auckland,Remuera Auckland,some_prices
OralCare+ Online Dental Supply Store,"243/249 Bush Road, Rosedale, Auckland 0632, New Zealand",,,http://www.oralcareplus.co.nz/,5,1,OPERATIONAL,https://maps.google.com/?cid=1543138385077589700&g_mp=Cidnb29nbGUubWFwcy5wbGFjZXMudjEuUGxhY2VzLlNlYXJjaFRleHQQAhgEIAA,Monday: 8:00 AM – 4:30 PM; Tuesday: 8:00 AM – 4:30 PM; Wednesday: 8:00 AM – 4:30 PM; Thursday: 8:00 AM – 4:30 PM; Friday: 8:00 AM – 4:30 PM; Saturday: Closed; Sunday: Closed,dental_clinic,Auckland,Unsworth Heights Auckland,no_prices
Oralart Dental Ceramics,"c/40 Constellation Drive, Rosedale, Auckland 0632, New Zealand",09 478 3373,+64 9 478 3373,http://www.oralart.co.nz/,4.2,10,OPERATIONAL,https://maps.google.com/?cid=4976680514000363752&g_mp=Cidnb29nbGUubWFwcy5wbGFjZXMudjEuUGxhY2VzLlNlYXJjaFRleHQQAhgEIAA,Monday: 8:00 AM – 5:00 PM; Tuesday: 8:00 AM – 5:00 PM; Wednesday: 8:00 AM – 5:00 PM; Thursday: 8:00 AM – 5:00 PM; Friday: 8:00 AM – 5:00 PM; Saturday: Closed; Sunday: Closed,dental_clinic,Auckland,Unsworth Heights Auckland,no_prices
Oraltec - A Division of Pharmaco (NZ) Ltd,"16 Parkway Drive, Mairangi Bay, Auckland 0632, New Zealand",09 478 2229,+64 9 478 2229,http://www.oraltec.co.nz/,5,2,OPERATIONAL,https://maps.google.com/?cid=9781968373569414113&g_mp=Cidnb29nbGUubWFwcy5wbGFjZXMudjEuUGxhY2VzLlNlYXJjaFRleHQQAhgEIAA,Monday: 8:30 AM – 5:00 PM; Tuesday: 8:30 AM – 5:00 PM; Wednesday: 8:30 AM – 5:00 PM; Thursday: 8:30 AM – 5:00 PM; Friday: 8:30 AM – 5:00 PM; Saturday: Closed; Sunday: Closed,dental_clinic,Auckland,Unsworth Heights Auckland,no_prices
Oratia District Children Dental Clinic,"565 West Coast Road, Oratia, Auckland 0604, New Zealand",0800 825 583,+64 800 825 583,http://www.letstalkteeth.co.nz/,,,OPERATIONAL,https://maps.google.com/?cid=15448044459994218286&g_mp=Cidnb29nbGUubWFwcy5wbGFjZXMudjEuUGxhY2VzLlNlYXJjaFRleHQQAhgEIAA,Monday: 8:30 AM – 4:00 PM; Tuesday: 8:30 AM – 4:00 PM; Wednesday: 8:30 AM – 4:00 PM; Thursday: 8:30 AM – 4:00 PM; Friday: 8:30 AM – 4:00 PM; Saturday: Closed; Sunday: Closed,dental_clinic,Auckland,Glen Eden Auckland,no_prices
Orewa Beach Veterinary Clinic,"39 Florence Avenue, Orewa 0931, New Zealand",09 426 9950,+64 9 426 9950,https://www.orewabeachvetclinic.co.nz/?utm_source=google&utm_medium=organic&utm_campaign=gmb,4.8,209,OPERATIONAL,https://maps.google.com/?cid=9635373332059876523&g_mp=Cidnb29nbGUubWFwcy5wbGFjZXMudjEuUGxhY2VzLlNlYXJjaFRleHQQAhgEIAA,Monday: 8:00 AM – 6:00 PM; Tuesday: 8:00 AM – 6:00 PM; Wednesday: 8:00 AM – 6:00 PM; Thursday: 8:00 AM – 6:00 PM; Friday: 8:00 AM – 5:00 PM; Saturday: 9:00 AM – 12:30 PM; Sunday: Closed,dental_clinic,Auckland,Orewa Auckland,no_prices
Orewa Dental Centre,"26A Tamariki Avenue, Orewa 0931, New Zealand",09 426 4866,+64 9 426 4866,http://www.orewadc.co.nz/,4.7,13,OPERATIONAL,https://maps.google.com/?cid=9275009925711945329&g_mp=Cidnb29nbGUubWFwcy5wbGFjZXMudjEuUGxhY2VzLlNlYXJjaFRleHQQAhgEIAA,Monday: 8:00 AM – 5:00 PM; Tuesday: 8:00 AM – 5:00 PM; Wednesday: 8:00 AM – 5:00 PM; Thursday: 8:00 AM – 5:00 PM; Friday: 8:00 AM – 4:00 PM; Saturday: Closed; Sunday: Closed,dental_clinic,Auckland,Orewa Auckland,no_prices
Orewa Medical Centre,"Orewa Medical Plaza 8D Tamariki Avenue, Stanmore Bay, Orewa 0931, New Zealand",09 426 5437,+64 9 426 5437,https://orewamedicalcentre.co.nz/,3.4,67,OPERATIONAL,https://maps.google.com/?cid=7808502469165513340&g_mp=Cidnb29nbGUubWFwcy5wbGFjZXMudjEuUGxhY2VzLlNlYXJjaFRleHQQAhgEIAA,Monday: 8:10 AM – 5:00 PM; Tuesday: 8:10 AM – 5:00 PM; Wednesday: 8:10 AM – 5:00 PM; Thursday: 8:10 AM – 5:00 PM; Friday: 8:10 AM – 5:00 PM; Saturday: Closed; Sunday: Closed,dental_clinic,Auckland,Orewa Auckland,no_prices
Orewa Vet Hospital,"19 Moenui Avenue, Auckland 0931, New Zealand",09 426 5407,+64 9 426 5407,https://orewavethospital.co.nz/,4.6,92,OPERATIONAL,https://maps.google.com/?cid=6332776653464281064&g_mp=Cidnb29nbGUubWFwcy5wbGFjZXMudjEuUGxhY2VzLlNlYXJjaFRleHQQAhgEIAA,Monday: 8:00 AM – 5:30 PM; Tuesday: 8:00 AM – 5:30 PM; Wednesday: 8:00 AM – 5:30 PM; Thursday: 8:00 AM – 5:30 PM; Friday: 8:00 AM – 5:30 PM; Saturday: 9:00 AM – 12:00 PM; Sunday: Closed,dental_clinic,Auckland,Orewa Auckland,no_prices
Ormiston Dental Centre Flat Bush | Lumino The Dentists,"Level 2, Ormiston Hospital, 125 Ormiston Road, Flat Bush, Auckland 2019, New Zealand",09 272 8178,+64 9 272 8178,https://lumino.co.nz/dentists/ormiston-dental-centre-flat-bush/?utm_source=google_business_profile&utm_medium=organic,3.6,28,OPERATIONAL,https://maps.google.com/?cid=12122186143653490331&g_mp=Cidnb29nbGUubWFwcy5wbGFjZXMudjEuUGxhY2VzLlNlYXJjaFRleHQQAhgEIAA,Monday: 8:00 AM – 5:00 PM; Tuesday: 8:00 AM – 5:00 PM; Wednesday: 8:00 AM – 5:00 PM; Thursday: 8:00 AM – 5:00 PM; Friday: 9:00 AM – 5:00 PM; Saturday: Closed; Sunday: Closed,dental_clinic,Auckland,Flat Bush Auckland,some_prices
Osstem Implant New Zealand,"Unit 10/6 Omega Street, Rosedale, Auckland 0632, New Zealand",09 600 1500,+64 9 600 1500,http://www.osstem.co.nz/,5,6,OPERATIONAL,https://maps.google.com/?cid=14589060269202950184&g_mp=Cidnb29nbGUubWFwcy5wbGFjZXMudjEuUGxhY2VzLlNlYXJjaFRleHQQAhgEIAA,Monday: 9:00 AM – 6:00 PM; Tuesday: 9:00 AM – 6:00 PM; Wednesday: 9:00 AM – 6:00 PM; Thursday: 9:00 AM – 6:00 PM; Friday: 9:00 AM – 6:00 PM; Saturday: Closed; Sunday: Closed,dental_clinic,Auckland,Unsworth Heights Auckland,no_prices
Otahuhu Budget Dental Care,"3/115 Church Street, Ōtāhuhu, Auckland 1061, New Zealand",09 276 5211,+64 9 276 5211,https://otahuhumainstreet.co.nz/places/otahuhu-budget-dental-care/,4.3,19,OPERATIONAL,https://maps.google.com/?cid=5361035193849787602&g_mp=Cidnb29nbGUubWFwcy5wbGFjZXMudjEuUGxhY2VzLlNlYXJjaFRleHQQAhgEIAA,Monday: 8:30 AM – 5:00 PM; Tuesday: 8:30 AM – 5:00 PM; Wednesday: 8:30 AM – 5:00 PM; Thursday: 8:30 AM – 5:00 PM; Friday: 8:30 AM – 5:00 PM; Saturday: 9:00 AM – 3:00 PM; Sunday: Closed,dental_clinic,Auckland,Otahuhu Auckland,no_prices
Otahuhu Primary Children's Community Dental Clinic,"225a Great South Road, Ōtāhuhu, Auckland 1062, New Zealand",09 276 6633,+64 9 276 6633,http://www.ards.co.nz/,4,4,OPERATIONAL,https://maps.google.com/?cid=18251000905055423347&g_mp=Cidnb29nbGUubWFwcy5wbGFjZXMudjEuUGxhY2VzLlNlYXJjaFRleHQQAhgEIAA,Monday: 8:00 AM – 4:30 PM; Tuesday: 8:00 AM – 4:30 PM; Wednesday: 8:00 AM – 4:30 PM; Thursday: 8:00 AM – 4:30 PM; Friday: 8:00 AM – 4:30 PM; Saturday: Closed; Sunday: Closed,dental_clinic,Auckland,Otahuhu Auckland,no_prices
Otara Dental Centre,"Unit 4/3 Watford Street, Ōtara, Auckland 2023, New Zealand",09 274 9451,+64 9 274 9451,http://www.dentist.co.nz/dentist-detail/auckland/otara-dental-centre/A18014904,3.8,19,OPERATIONAL,https://maps.google.com/?cid=15361022411014524759&g_mp=Cidnb29nbGUubWFwcy5wbGFjZXMudjEuUGxhY2VzLlNlYXJjaFRleHQQAhgEIAA,Monday: 9:00 AM – 4:00 PM; Tuesday: 9:00 AM – 4:00 PM; Wednesday: 9:00 AM – 4:00 PM; Thursday: 9:00 AM – 4:00 PM; Friday: 9:00 AM – 3:00 PM; Saturday: Closed; Sunday: Closed,dental_clinic,Auckland,Ōtara Auckland,no_prices
PAK'nSAVE Manukau,"6 Cavendish Drive, Manukau City Centre, Auckland 2104, New Zealand",09 263 6888,+64 9 263 6888,https://www.paknsave.co.nz/upper-north-island/auckland/manukau/?utm_source=GBP&utm_medium=GBP&utm_campaign=PAK%27nSAVE%20Manukau&utm_id=PAK%27nSAVE%20Manukau,4,4003,OPERATIONAL,https://maps.google.com/?cid=15021346047834974467&g_mp=Cidnb29nbGUubWFwcy5wbGFjZXMudjEuUGxhY2VzLlNlYXJjaFRleHQQAhgEIAA,Monday: 8:00 AM – 11:00 PM; Tuesday: 8:00 AM – 11:00 PM; Wednesday: 8:00 AM – 11:00 PM; Thursday: 8:00 AM – 11:00 PM; Friday: 8:00 AM – 11:00 PM; Saturday: 8:00 AM – 10:00 PM; Sunday: 8:00 AM – 10:00 PM,dental_clinic,Auckland,Clover Park Auckland,no_prices
PAK'nSAVE Māngere,"44 Orly Avenue, Māngere, Auckland 2022, New Zealand",09 256 7530,+64 9 256 7530,https://www.paknsave.co.nz/upper-north-island/auckland/mangere/?utm_source=GBP&utm_medium=GBP&utm_campaign=PAK%27nSAVE%20M%3Fngere&utm_id=PAK%27nSAVE%20M%3Fngere,4,2377,OPERATIONAL,https://maps.google.com/?cid=1350736518335389803&g_mp=Cidnb29nbGUubWFwcy5wbGFjZXMudjEuUGxhY2VzLlNlYXJjaFRleHQQAhgEIAA,Monday: 7:00 AM – 10:00 PM; Tuesday: 7:00 AM – 10:00 PM; Wednesday: 7:00 AM – 10:00 PM; Thursday: 7:00 AM – 10:00 PM; Friday: 7:00 AM – 10:00 PM; Saturday: 7:00 AM – 10:00 PM; Sunday: 7:00 AM – 10:00 PM,dental_clinic,Auckland,Mangere Auckland,no_prices
PAK'nSAVE Papakura,"331 Great South Road, Takanini, Auckland 2112, New Zealand",09 295 0012,+64 9 295 0012,https://www.paknsave.co.nz/upper-north-island/auckland/papakura/?utm_source=GBP&utm_medium=GBP&utm_campaign=PAK%27nSAVE%20Papakura&utm_id=PAK%27nSAVE%20Papakura,4.2,3059,OPERATIONAL,https://maps.google.com/?cid=7763242035470451231&g_mp=Cidnb29nbGUubWFwcy5wbGFjZXMudjEuUGxhY2VzLlNlYXJjaFRleHQQAhgEIAA,Monday: 7:30 AM – 10:00 PM; Tuesday: 7:30 AM – 10:00 PM; Wednesday: 7:30 AM – 10:00 PM; Thursday: 7:30 AM – 10:00 PM; Friday: 7:30 AM – 10:00 PM; Saturday: 7:30 AM – 10:00 PM; Sunday: 7:30 AM – 10:00 PM,dental_clinic,Auckland,Papakura,no_prices
Pacifica Dental,"147 Great South Road, Manurewa, Manukau 1051, New Zealand",09 269 7074,+64 9 269 7074,,3.4,10,OPERATIONAL,https://maps.google.com/?cid=17084313361687189762&g_mp=Cidnb29nbGUubWFwcy5wbGFjZXMudjEuUGxhY2VzLlNlYXJjaFRleHQQAhgEIAA,Monday: 9:00 AM – 5:00 PM; Tuesday: 9:00 AM – 5:00 PM; Wednesday: 9:00 AM – 5:00 PM; Thursday: 9:00 AM – 5:00 PM; Friday: 9:00 AM – 5:00 PM; Saturday: 9:00 AM – 5:00 PM; Sunday: Closed,dental_clinic,Auckland,Manurewa Auckland,no_prices
Pakuranga Dental Surgery,"219 Pakuranga Road, Pakuranga, Auckland 2010, New Zealand",09 576 6720,+64 9 576 6720,https://www.pakurangadental.net.nz/,5,6,OPERATIONAL,https://maps.google.com/?cid=15248781132618048381&g_mp=Cidnb29nbGUubWFwcy5wbGFjZXMudjEuUGxhY2VzLlNlYXJjaFRleHQQAhgEIAA,Monday: 8:30 AM – 5:00 PM; Tuesday: 8:30 AM – 5:00 PM; Wednesday: 8:30 AM – 5:00 PM; Thursday: 8:30 AM – 5:00 PM; Friday: 8:30 AM – 5:00 PM; Saturday: Closed; Sunday: Closed,dental_clinic,Auckland,Pakuranga Auckland,no_prices
Pakuranga Intermediate Children Community Dental Clinic,"41B Reeves Road, Pakuranga, Auckland 2010, New Zealand",,,,5,1,OPERATIONAL,https://maps.google.com/?cid=11265812842219181490&g_mp=Cidnb29nbGUubWFwcy5wbGFjZXMudjEuUGxhY2VzLlNlYXJjaFRleHQQAhgEIAA,,dental_clinic,Auckland,Pakuranga Auckland,no_prices
Panmure Dental Centre,"Panmure, Auckland 1072, New Zealand",09 527 2580,+64 9 527 2580,,5,8,OPERATIONAL,https://maps.google.com/?cid=8784564158906154530&g_mp=Cidnb29nbGUubWFwcy5wbGFjZXMudjEuUGxhY2VzLlNlYXJjaFRleHQQAhgEIAA,Monday: Closed; Tuesday: 8:30 AM – 5:30 PM; Wednesday: Closed; Thursday: 8:30 AM – 1:00 PM; Friday: 8:30 AM – 12:30 PM; Saturday: Closed; Sunday: Closed,dental_clinic,Auckland,Panmure Auckland,no_prices
Panmure Dentists,"188 Queens Road, Panmure, Auckland 1072, New Zealand",09 570 1764,+64 9 570 1764,https://panmuredentists.co.nz/,4.9,111,OPERATIONAL,https://maps.google.com/?cid=8438578034923614661&g_mp=Cidnb29nbGUubWFwcy5wbGFjZXMudjEuUGxhY2VzLlNlYXJjaFRleHQQAhgEIAA,Monday: 9:00 AM – 5:00 PM; Tuesday: 9:00 AM – 5:00 PM; Wednesday: 9:00 AM – 5:00 PM; Thursday: 9:00 AM – 5:00 PM; Friday: 9:00 AM – 5:00 PM; Saturday: Closed; Sunday: Closed,dental_clinic,Auckland,Panmure Auckland,no_prices
Papakura Child And Adolescent Community Dental Clinic,"56 Beach Road, Pahurehure, Auckland 2113, New Zealand",09 299 8112,+64 9 299 8112,http://www.waitematadhb.govt.nz/home/ards,4.7,3,OPERATIONAL,https://maps.google.com/?cid=1812226622384975820&g_mp=Cidnb29nbGUubWFwcy5wbGFjZXMudjEuUGxhY2VzLlNlYXJjaFRleHQQAhgEIAA,Monday: 8:00 AM – 4:30 PM; Tuesday: 8:00 AM – 4:30 PM; Wednesday: 8:00 AM – 4:30 PM; Thursday: 8:00 AM – 4:30 PM; Friday: 8:00 AM – 4:30 PM; Saturday: Closed; Sunday: Closed,dental_clinic,Auckland,Papakura,no_prices
Papakura Dental,"205/207 Great South Road, Papakura, Auckland 2110, New Zealand",09 299 2030,+64 9 299 2030,http://papakuradental.co.nz/,4.4,7,OPERATIONAL,https://maps.google.com/?cid=5903713401749642222&g_mp=Cidnb29nbGUubWFwcy5wbGFjZXMudjEuUGxhY2VzLlNlYXJjaFRleHQQAhgEIAA,Monday: 9:30 AM – 5:30 PM; Tuesday: 9:30 AM – 5:30 PM; Wednesday: 9:30 AM – 5:30 PM; Thursday: 9:30 AM – 5:30 PM; Friday: 9:30 AM – 6:30 PM; Saturday: 9:30 AM – 3:00 PM; Sunday: Closed,dental_clinic,Auckland,Papakura,no_prices
Papakura Normal Primary School,"49 Walters Road, Papakura, Auckland 2110, New Zealand",09 295 0530,+64 9 295 0530,http://www.papnormal.school.nz/,,,OPERATIONAL,https://maps.google.com/?cid=3418201675407725358&g_mp=Cidnb29nbGUubWFwcy5wbGFjZXMudjEuUGxhY2VzLlNlYXJjaFRleHQQAhgEIAA,Monday: 8:30 AM – 3:30 PM; Tuesday: 8:30 AM – 3:30 PM; Wednesday: 8:30 AM – 3:30 PM; Thursday: 8:30 AM – 3:30 PM; Friday: 8:30 AM – 3:30 PM; Saturday: Closed; Sunday: Closed,dental_clinic,Auckland,Papakura,no_prices
Papatoetoe Dental Care,"43 Tui Road, Papatoetoe, Auckland 2025, New Zealand",09 278 5819,+64 9 278 5819,http://www.papatoetoedentalcare.co.nz/,4.5,11,OPERATIONAL,https://maps.google.com/?cid=16333698317511233912&g_mp=Cidnb29nbGUubWFwcy5wbGFjZXMudjEuUGxhY2VzLlNlYXJjaFRleHQQAhgEIAA,Monday: 8:00 AM – 7:30 PM; Tuesday: 8:00 AM – 7:30 PM; Wednesday: 8:00 AM – 7:30 PM; Thursday: 8:00 AM – 7:30 PM; Friday: 9:00 AM – 5:00 PM; Saturday: 9:00 AM – 1:30 PM; Sunday: Closed,dental_clinic,Auckland,Papatoetoe Auckland,no_prices
Papatoetoe Dental Centre,"375 Great South Road, Papatoetoe, Auckland 2025, New Zealand",09 278 4830,+64 9 278 4830,http://www.papatoetoedental.co.nz/,4.4,35,OPERATIONAL,https://maps.google.com/?cid=14737130889639369161&g_mp=Cidnb29nbGUubWFwcy5wbGFjZXMudjEuUGxhY2VzLlNlYXJjaFRleHQQAhgEIAA,Monday: 9:00 AM – 5:00 PM; Tuesday: 9:00 AM – 5:00 PM; Wednesday: 9:00 AM – 5:00 PM; Thursday: 9:00 AM – 5:00 PM; Friday: 9:00 AM – 5:00 PM; Saturday: 10:00 AM – 3:00 PM; Sunday: Closed,dental_clinic,Auckland,Papatoetoe Auckland,some_prices
Papatoetoe Family Dentist,"133 Kolmar Road, Papatoetoe, Auckland 2025, New Zealand",09 279 9100,+64 9 279 9100,http://www.papatoetoefamilydentist.co.nz/,4.5,58,OPERATIONAL,https://maps.google.com/?cid=17721703907613047902&g_mp=Cidnb29nbGUubWFwcy5wbGFjZXMudjEuUGxhY2VzLlNlYXJjaFRleHQQAhgEIAA,Monday: 9:00 AM – 5:00 PM; Tuesday: 9:00 AM – 5:00 PM; Wednesday: 9:00 AM – 5:00 PM; Thursday: 9:00 AM – 5:00 PM; Friday: 9:00 AM – 5:00 PM; Saturday: 9:00 AM – 5:00 PM; Sunday: Closed,dental_clinic,Auckland,Papatoetoe Auckland,no_prices
Papatoetoe North Child And Adolescent Community Dental Clinic,"25 Graeme Avenue, Māngere East, Auckland 2024, New Zealand",09 278 4816,+64 9 278 4816,,,,OPERATIONAL,https://maps.google.com/?cid=16148238566346187229&g_mp=Cidnb29nbGUubWFwcy5wbGFjZXMudjEuUGxhY2VzLlNlYXJjaFRleHQQAhgEIAA,,dental_clinic,Auckland,Papatoetoe Auckland,no_prices
Patrick Wong Prosthodontics,"BDO Tower Level 3/19 Como Street, Takapuna, Auckland 0622, New Zealand",09 416 0085,+64 9 416 0085,http://www.prostho.co.nz/,5,3,OPERATIONAL,https://maps.google.com/?cid=4208022332608757029&g_mp=Cidnb29nbGUubWFwcy5wbGFjZXMudjEuUGxhY2VzLlNlYXJjaFRleHQQAhgEIAA,Monday: 8:00 AM – 5:00 PM; Tuesday: 8:00 AM – 5:00 PM; Wednesday: 8:00 AM – 5:00 PM; Thursday: 8:00 AM – 5:00 PM; Friday: 8:00 AM – 5:00 PM; Saturday: Closed; Sunday: Closed,dental_clinic,Auckland,Takapuna Auckland,no_prices
Pearl Dental Centre Remuera | Lumino The Dentists,"Level 1/134 Remuera Road, Remuera, Auckland 1050, New Zealand",09 361 7168,+64 9 361 7168,https://lumino.co.nz/dentists/pearl-dental-centre-remuera/?utm_source=google_business_profile&utm_medium=organic,5,17,OPERATIONAL,https://maps.google.com/?cid=1821272460992996446&g_mp=Cidnb29nbGUubWFwcy5wbGFjZXMudjEuUGxhY2VzLlNlYXJjaFRleHQQAhgEIAA,Monday: 8:00 AM – 5:00 PM; Tuesday: 8:00 AM – 5:00 PM; Wednesday: 8:00 AM – 5:00 PM; Thursday: 8:00 AM – 5:00 PM; Friday: 8:00 AM – 5:00 PM; Saturday: Closed; Sunday: Closed,dental_clinic,Auckland,Remuera Auckland,some_prices
Penrose Clinic,"766 Great South Road, Penrose, Auckland 1061, New Zealand",09 579 4784,+64 9 579 4784,https://www.healthpoint.co.nz/doctors/gp/penrose-clinic/,3.9,15,OPERATIONAL,https://maps.google.com/?cid=7195190830404511372&g_mp=Cidnb29nbGUubWFwcy5wbGFjZXMudjEuUGxhY2VzLlNlYXJjaFRleHQQAhgEIAA,Monday: 8:00 AM – 5:30 PM; Tuesday: 8:00 AM – 5:30 PM; Wednesday: 8:00 AM – 5:30 PM; Thursday: 8:00 AM – 5:30 PM; Friday: 8:00 AM – 5:30 PM; Saturday: Closed; Sunday: Closed,dental_clinic,Auckland,Penrose Auckland,no_prices
Penrose Dental,"367 Great South Road, Penrose, Auckland 1051, New Zealand",09 579 8956,+64 9 579 8956,http://www.penrosedental.co.nz/,4.9,111,OPERATIONAL,https://maps.google.com/?cid=5103721994982288401&g_mp=Cidnb29nbGUubWFwcy5wbGFjZXMudjEuUGxhY2VzLlNlYXJjaFRleHQQAhgEIAA,Monday: 8:15 AM – 5:00 PM; Tuesday: 7:30 AM – 4:00 PM; Wednesday: 8:15 AM – 5:00 PM; Thursday: 7:30 AM – 4:00 PM; Friday: Closed; Saturday: Closed; Sunday: Closed,dental_clinic,Auckland,Remuera Auckland,no_prices
PerioCARE,"Unit J/100 Bush Road, Albany, Auckland 0632, New Zealand",09 414 7722,+64 9 414 7722,https://lumino.co.nz/dentists/periocare/?utm_source=google_business_profile&utm_medium=organic,4.8,40,OPERATIONAL,https://maps.google.com/?cid=2476731348790739464&g_mp=Cidnb29nbGUubWFwcy5wbGFjZXMudjEuUGxhY2VzLlNlYXJjaFRleHQQAhgEIAA,Monday: Closed; Tuesday: 8:00 AM – 5:30 PM; Wednesday: 8:00 AM – 8:30 PM; Thursday: 8:00 AM – 5:30 PM; Friday: 8:00 AM – 4:30 PM; Saturday: Closed; Sunday: Closed,dental_clinic,Auckland,Albany Auckland,some_prices
Peter Ng - Dental Surgeon,"575 Sandringham Road, Sandringham, Auckland 1025, New Zealand",09 846 1703,+64 9 846 1703,http://www.sandringhamdental.co.nz/,5,1,OPERATIONAL,https://maps.google.com/?cid=8282159752380989705&g_mp=Cidnb29nbGUubWFwcy5wbGFjZXMudjEuUGxhY2VzLlNlYXJjaFRleHQQAhgEIAA,Monday: 8:30 AM – 5:15 PM; Tuesday: 8:30 AM – 5:15 PM; Wednesday: 8:30 AM – 5:15 PM; Thursday: 8:30 AM – 5:15 PM; Friday: 8:30 AM – 5:15 PM; Saturday: Closed; Sunday: Closed,dental_clinic,Auckland,Sandringham Auckland,no_prices
Petermanuson dental surgery Ltd,"109 Bentley Avenue, Glenfield, Auckland 0629, New Zealand",09 444 0415,+64 9 444 0415,http://www.dentistglenfield.co.nz/,4.5,21,OPERATIONAL,https://maps.google.com/?cid=17239977716794796040&g_mp=Cidnb29nbGUubWFwcy5wbGFjZXMudjEuUGxhY2VzLlNlYXJjaFRleHQQAhgEIAA,Monday: 9:30 AM – 5:00 PM; Tuesday: 9:30 AM – 5:00 PM; Wednesday: Closed; Thursday: 9:30 AM – 5:00 PM; Friday: 9:30 AM – 5:00 PM; Saturday: Closed; Sunday: Closed,dental_clinic,Auckland,Glenfield Auckland,no_prices
Petstock Takapuna,"3 Barrys Point Road, Takapuna, Auckland 0622, New Zealand",09 485 3003,+64 9 485 3003,https://www.petstock.co.nz/store/petstock-takapuna-8006,4.6,325,OPERATIONAL,https://maps.google.com/?cid=15320536421890010655&g_mp=Cidnb29nbGUubWFwcy5wbGFjZXMudjEuUGxhY2VzLlNlYXJjaFRleHQQAhgEIAA,Monday: 8:30 AM – 6:00 PM; Tuesday: 8:30 AM – 6:00 PM; Wednesday: 8:30 AM – 6:00 PM; Thursday: 8:30 AM – 6:00 PM; Friday: 8:30 AM – 6:00 PM; Saturday: 8:30 AM – 5:00 PM; Sunday: 9:00 AM – 5:00 PM,dental_clinic,Auckland,Takapuna Auckland,no_prices
Polish and White Teeth Whitening By A Registered Hygienist,"69H Almorah Road, Epsom, Auckland 1023, New Zealand",021 153 1734,+64 21 153 1734,https://www.polishandwhite.co.nz/,5,36,OPERATIONAL,https://maps.google.com/?cid=15832832126212707963&g_mp=Cidnb29nbGUubWFwcy5wbGFjZXMudjEuUGxhY2VzLlNlYXJjaFRleHQQAhgEIAA,Monday: 9:00 AM – 5:00 PM; Tuesday: 9:00 AM – 5:00 PM; Wednesday: 9:00 AM – 5:00 PM; Thursday: 9:00 AM – 5:00 PM; Friday: 9:00 AM – 5:00 PM; Saturday: 10:00 AM – 12:00 PM; Sunday: Closed,dental_clinic,Auckland,Newmarket Auckland,no_prices
Ponsonby Accident & Emergency Dental,"1/1 Prosford Street, Ponsonby, Auckland 1011, New Zealand",09 376 9222,+64 9 376 9222,https://www.ponsonbyaedental.co.nz/,4.5,45,OPERATIONAL,https://maps.google.com/?cid=16527434470702057235&g_mp=Cidnb29nbGUubWFwcy5wbGFjZXMudjEuUGxhY2VzLlNlYXJjaFRleHQQAhgEIAA,Monday: 9:00 AM – 6:00 PM; Tuesday: 9:00 AM – 1:00 PM; Wednesday: 9:00 AM – 6:00 PM; Thursday: 9:00 AM – 6:00 PM; Friday: 9:00 AM – 6:00 PM; Saturday: Closed; Sunday: 9:00 AM – 6:00 PM,dental_clinic,Auckland,Auckland CBD,no_prices
Ponsonby Dental Boutique,"Corner of Franklin & Ponsonby Roads 183 Ponsonby Road, Ponsonby, Auckland 1011, New Zealand",09 377 7700,+64 9 377 7700,http://www.183ponsonbydental.co.nz/,4.9,61,OPERATIONAL,https://maps.google.com/?cid=3789109546989356557&g_mp=Cidnb29nbGUubWFwcy5wbGFjZXMudjEuUGxhY2VzLlNlYXJjaFRleHQQAhgEIAA,Monday: 9:00 AM – 5:00 PM; Tuesday: 9:00 AM – 5:00 PM; Wednesday: 9:00 AM – 5:00 PM; Thursday: 9:00 AM – 5:00 PM; Friday: 9:00 AM – 5:00 PM; Saturday: Closed; Sunday: Closed,dental_clinic,Auckland,Auckland CBD,no_prices
Ponsonby Dentist | Lumino The Dentists,"Level 1/114 Ponsonby Road, Grey Lynn, Auckland 1011, New Zealand",09 361 2060,+64 9 361 2060,https://lumino.co.nz/dentists/ponsonby-dentist/?utm_source=google_business_profile&utm_medium=organic,3.9,85,OPERATIONAL,https://maps.google.com/?cid=9060722054583213503&g_mp=Cidnb29nbGUubWFwcy5wbGFjZXMudjEuUGxhY2VzLlNlYXJjaFRleHQQAhgEIAA,Monday: 7:30 AM – 4:30 PM; Tuesday: 7:30 AM – 7:00 PM; Wednesday: 7:30 AM – 4:30 PM; Thursday: 7:30 AM – 4:30 PM; Friday: 7:30 AM – 5:00 PM; Saturday: 8:00 AM – 5:00 PM; Sunday: Closed,dental_clinic,Auckland,Auckland CBD,some_prices
Ponsonby Teeth,"213 Ponsonby Road, Ponsonby, Auckland 1011, New Zealand",09 953 4093,+64 9 953 4093,https://www.ponsonbyteeth.co.nz/,4.8,65,OPERATIONAL,https://maps.google.com/?cid=11273247512139927312&g_mp=Cidnb29nbGUubWFwcy5wbGFjZXMudjEuUGxhY2VzLlNlYXJjaFRleHQQAhgEIAA,Monday: 8:00 AM – 7:00 PM; Tuesday: 8:00 AM – 7:00 PM; Wednesday: 8:00 AM – 7:00 PM; Thursday: 8:00 AM – 7:00 PM; Friday: 8:00 AM – 4:00 PM; Saturday: 8:30 AM – 4:00 PM; Sunday: Closed,dental_clinic,Auckland,Auckland CBD,no_prices
Prestige Dental,"3/3 Brian Smith Drive, Silverdale 0932, New Zealand",09 553 6490,+64 9 553 6490,https://prestigedental.co.nz/,4.8,30,OPERATIONAL,https://maps.google.com/?cid=7095990922307442508&g_mp=Cidnb29nbGUubWFwcy5wbGFjZXMudjEuUGxhY2VzLlNlYXJjaFRleHQQAhgEIAA,Monday: 8:30 AM – 5:00 PM; Tuesday: 8:30 AM – 5:00 PM; Wednesday: 8:30 AM – 5:00 PM; Thursday: 8:30 AM – 5:00 PM; Friday: 8:30 AM – 5:00 PM; Saturday: Closed; Sunday: Closed,dental_clinic,Auckland,Silverdale Auckland,no_prices
Primecare Dental Highland Park,"5 Aviemore Dr, Highland Park, Auckland, Highland Park Drive, Highland Park, Auckland 2010, New Zealand",09 535 9529,+64 9 535 9529,https://primecaredental.co.nz/contact-us/highland-park-east-auckland/,4.7,236,OPERATIONAL,https://maps.google.com/?cid=18239465195683325487&g_mp=Cidnb29nbGUubWFwcy5wbGFjZXMudjEuUGxhY2VzLlNlYXJjaFRleHQQAhgEIAA,Monday: 8:00 AM – 6:00 PM; Tuesday: 8:00 AM – 6:00 PM; Wednesday: 8:00 AM – 6:00 PM; Thursday: 8:00 AM – 6:00 PM; Friday: 8:00 AM – 6:00 PM; Saturday: 8:00 AM – 6:00 PM; Sunday: Closed,dental_clinic,Auckland,Newmarket Auckland,no_prices
Prisca Dental Centre,"68 Saint George Street, Papatoetoe, Auckland 2025, New Zealand",09 278 3430,+64 9 278 3430,https://www.priscadentalcentre.co.nz/,4.9,46,OPERATIONAL,https://maps.google.com/?cid=14340377537497880774&g_mp=Cidnb29nbGUubWFwcy5wbGFjZXMudjEuUGxhY2VzLlNlYXJjaFRleHQQAhgEIAA,Monday: 9:00 AM – 5:00 PM; Tuesday: 9:00 AM – 5:00 PM; Wednesday: 9:00 AM – 5:00 PM; Thursday: 9:00 AM – 5:00 PM; Friday: 9:00 AM – 5:00 PM; Saturday: Closed; Sunday: Closed,dental_clinic,Auckland,Papatoetoe Auckland,no_prices
Pristine Dental,"3/30 Kolmar Road, Papatoetoe, Auckland 2025, New Zealand",0210 230 7900,+64 210 230 7900,https://www.pristinedental.co.nz/contact-us/,4.7,12,OPERATIONAL,https://maps.google.com/?cid=8397040258790627145&g_mp=Cidnb29nbGUubWFwcy5wbGFjZXMudjEuUGxhY2VzLlNlYXJjaFRleHQQAhgEIAA,Monday: 10:00 AM – 4:00 PM; Tuesday: 10:00 AM – 4:00 PM; Wednesday: 10:00 AM – 4:00 PM; Thursday: 10:00 AM – 4:00 PM; Friday: Closed; Saturday: Closed; Sunday: Closed,dental_clinic,Auckland,Papatoetoe Auckland,no_prices
Project Dentistry,"Level 1/124 Hurstmere Road, Takapuna, Auckland 0622, New Zealand",09 666 1393,+64 9 666 1393,http://www.projectdentistry.com/,5,2,OPERATIONAL,https://maps.google.com/?cid=9439050940463811153&g_mp=Cidnb29nbGUubWFwcy5wbGFjZXMudjEuUGxhY2VzLlNlYXJjaFRleHQQAhgEIAA,Monday: 9:00 AM – 6:00 PM; Tuesday: 9:00 AM – 6:00 PM; Wednesday: 9:00 AM – 6:00 PM; Thursday: 9:00 AM – 6:00 PM; Friday: 9:00 AM – 6:00 PM; Saturday: Closed; Sunday: Closed,dental_clinic,Auckland,Takapuna Auckland,no_prices
Pt Chevalier Family Dentist,"2 Carrington Road, Point Chevalier, Auckland 1025, New Zealand",09 846 7777,+64 9 846 7777,https://www.pcfd.co.nz/?utm_source=Google&utm_medium=Organic&utm_campaign=GBP&utm_term=Website,4.4,380,OPERATIONAL,https://maps.google.com/?cid=6352210100759955511&g_mp=Cidnb29nbGUubWFwcy5wbGFjZXMudjEuUGxhY2VzLlNlYXJjaFRleHQQAhgEIAA,Monday: 8:30 AM – 6:00 PM; Tuesday: 8:30 AM – 6:00 PM; Wednesday: 8:30 AM – 6:00 PM; Thursday: 9:00 AM – 6:00 PM; Friday: 9:00 AM – 4:30 PM; Saturday: 9:00 AM – 4:00 PM; Sunday: Closed,dental_clinic,Auckland,Clover Park Auckland,no_prices
Pt England Children's Community Dental Clinic,"130a Point England Road, Point England, Auckland 1072, New Zealand",09 570 4309,+64 9 570 4309,,3.4,10,OPERATIONAL,https://maps.google.com/?cid=16647253857157509450&g_mp=Cidnb29nbGUubWFwcy5wbGFjZXMudjEuUGxhY2VzLlNlYXJjaFRleHQQAhgEIAA,,dental_clinic,Auckland,Point England Auckland,no_prices
Puhinui Medical Centre,"149 Puhinui Road, Papatoetoe, Puhinui 2104, New Zealand",09 278 7733,+64 9 278 7733,https://www.healthpoint.co.nz/gps-accident-urgent-medical-care/gp/puhinui-medical-centre/,4.1,13,OPERATIONAL,https://maps.google.com/?cid=11818962364984585624&g_mp=Cidnb29nbGUubWFwcy5wbGFjZXMudjEuUGxhY2VzLlNlYXJjaFRleHQQAhgEIAA,Monday: 9:00 AM – 4:00 PM; Tuesday: 9:00 AM – 4:00 PM; Wednesday: 9:00 AM – 4:00 PM; Thursday: 9:00 AM – 4:00 PM; Friday: 9:00 AM – 4:00 PM; Saturday: Closed; Sunday: Closed,dental_clinic,Auckland,Wiri Auckland,no_prices
Pukekohe Dental,"190 King Street, Pukekohe 2120, New Zealand",09 238 6490,+64 9 238 6490,http://www.pukekohedental.co.nz/,4.8,105,OPERATIONAL,https://maps.google.com/?cid=3525739685731607481&g_mp=Cidnb29nbGUubWFwcy5wbGFjZXMudjEuUGxhY2VzLlNlYXJjaFRleHQQAhgEIAA,Monday: 8:00 AM – 5:00 PM; Tuesday: 8:00 AM – 5:00 PM; Wednesday: 8:00 AM – 5:00 PM; Thursday: 8:00 AM – 5:00 PM; Friday: 8:00 AM – 3:00 PM; Saturday: 9:00 AM – 2:00 PM; Sunday: Closed,dental_clinic,Auckland,Pukekohe,no_prices
Pukekohe Hospital,"1-37 Tuakau Road, Pukekohe 2120, New Zealand",09 237 0600,+64 9 237 0600,http://www.healthpoint.co.nz/pukekohe-hospital/,4.6,28,OPERATIONAL,https://maps.google.com/?cid=10622322331820058771&g_mp=Cidnb29nbGUubWFwcy5wbGFjZXMudjEuUGxhY2VzLlNlYXJjaFRleHQQAhgEIAA,Monday: 8:00 AM – 8:00 PM; Tuesday: 8:00 AM – 8:00 PM; Wednesday: 8:00 AM – 8:00 PM; Thursday: 8:00 AM – 8:00 PM; Friday: 8:00 AM – 8:00 PM; Saturday: 8:00 AM – 8:00 PM; Sunday: 8:00 AM – 8:00 PM,dental_clinic,Auckland,Pukekohe,no_prices
Pukekohe Intermediate Dental Clinic,"2 A Edinburgh Street, Pukekohe 2120, New Zealand",09 237 1070,+64 9 237 1070,http://www.ards.co.nz/,5,3,OPERATIONAL,https://maps.google.com/?cid=6150697320375448679&g_mp=Cidnb29nbGUubWFwcy5wbGFjZXMudjEuUGxhY2VzLlNlYXJjaFRleHQQAhgEIAA,Monday: 8:00 AM – 4:30 PM; Tuesday: 8:00 AM – 4:30 PM; Wednesday: 8:00 AM – 4:30 PM; Thursday: 8:00 AM – 4:30 PM; Friday: 8:00 AM – 4:30 PM; Saturday: Closed; Sunday: Closed,dental_clinic,Auckland,Pukekohe,no_prices
Pure Oral Health,"126 Picton Street, Howick, Auckland 2014, New Zealand",09 532 8884,+64 9 532 8884,https://www.pureoralhealth.co.nz/,,,OPERATIONAL,https://maps.google.com/?cid=12721619608751649282&g_mp=Cidnb29nbGUubWFwcy5wbGFjZXMudjEuUGxhY2VzLlNlYXJjaFRleHQQAhgEIAA,Monday: 8:00 AM – 5:00 PM; Tuesday: 8:00 AM – 5:00 PM; Wednesday: 10:00 AM – 7:00 PM; Thursday: 8:30 AM – 8:00 PM; Friday: 8:30 AM – 2:00 PM; Saturday: 9:00 AM – 4:00 PM; Sunday: Closed,dental_clinic,Auckland,Bucklands Beach Auckland,no_prices
Quality Dental,"3D Delta Avenue, New Lynn, Auckland 0600, New Zealand",09 827 0078,+64 9 827 0078,https://qualitydental.co.nz/,4.9,147,OPERATIONAL,https://maps.google.com/?cid=15414402482939968471&g_mp=Cidnb29nbGUubWFwcy5wbGFjZXMudjEuUGxhY2VzLlNlYXJjaFRleHQQAhgEIAA,Monday: 9:00 AM – 3:30 PM; Tuesday: 9:00 AM – 3:30 PM; Wednesday: 9:00 AM – 3:30 PM; Thursday: 9:00 AM – 3:30 PM; Friday: 9:00 AM – 3:30 PM; Saturday: 9:00 AM – 1:30 PM; Sunday: 9:00 AM – 1:00 PM,dental_clinic,Auckland,New Lynn Auckland,no_prices
Quay Park Specialist Day Hospital,"Quay Park Specialist Day Hospital Level 2, 2/68 Beach Road, Auckland CBD, Auckland 1010, New Zealand",09 919 2500,+64 9 919 2500,https://www.quayparksurgical.co.nz/,4.1,18,OPERATIONAL,https://maps.google.com/?cid=6728152281819195818&g_mp=Cidnb29nbGUubWFwcy5wbGFjZXMudjEuUGxhY2VzLlNlYXJjaFRleHQQAhgEIAA,Monday: Closed; Tuesday: 7:00 AM – 5:00 PM; Wednesday: 7:00 AM – 5:00 PM; Thursday: 7:00 AM – 5:00 PM; Friday: 7:00 AM – 5:00 PM; Saturday: Closed; Sunday: Closed,dental_clinic,Auckland,Auckland CBD,no_prices
Quay Street Dental,"10/8 Quay Street, Auckland CBD, Auckland 1010, New Zealand",09 379 4888,+64 9 379 4888,http://www.quaystreetdental.co.nz/,4.8,175,OPERATIONAL,https://maps.google.com/?cid=18213725601146388615&g_mp=Cidnb29nbGUubWFwcy5wbGFjZXMudjEuUGxhY2VzLlNlYXJjaFRleHQQAhgEIAA,Monday: 8:00 AM – 5:00 PM; Tuesday: 8:00 AM – 5:00 PM; Wednesday: 8:00 AM – 5:00 PM; Thursday: 8:00 AM – 5:00 PM; Friday: 8:00 AM – 5:00 PM; Saturday: Closed; Sunday: Closed,dental_clinic,Auckland,Auckland CBD,no_prices
Queen Street Dental,"131 Queen Street, Pukekohe 2120, New Zealand",09 238 8343,+64 9 238 8343,http://www.queenstreetdental.co.nz/,4.6,19,OPERATIONAL,https://maps.google.com/?cid=13218847434171964711&g_mp=Cidnb29nbGUubWFwcy5wbGFjZXMudjEuUGxhY2VzLlNlYXJjaFRleHQQAhgEIAA,Monday: 9:00 AM – 5:00 PM; Tuesday: 9:00 AM – 5:00 PM; Wednesday: 9:00 AM – 5:00 PM; Thursday: 9:00 AM – 5:00 PM; Friday: 9:00 AM – 2:30 PM; Saturday: Open 24 hours; Sunday: Closed,dental_clinic,Auckland,Pukekohe,no_prices
Queen Street Dental Centre,"Level 1/87 Queen Street, Auckland CBD, Auckland 1010, New Zealand",09 373 2456,+64 9 373 2456,https://www.queenstdentist.com/,4.9,20,OPERATIONAL,https://maps.google.com/?cid=2232408021547439888&g_mp=Cidnb29nbGUubWFwcy5wbGFjZXMudjEuUGxhY2VzLlNlYXJjaFRleHQQAhgEIAA,Monday: 8:00 AM – 5:00 PM; Tuesday: 8:00 AM – 5:00 PM; Wednesday: 8:00 AM – 5:00 PM; Thursday: 8:00 AM – 5:00 PM; Friday: 8:00 AM – 5:00 PM; Saturday: Closed; Sunday: Closed,dental_clinic,Auckland,Auckland CBD,no_prices
Race Dental New Zealand,"20/24 Crummer Road, Grey Lynn, Auckland 1021, New Zealand",09 887 0327,+64 9 887 0327,http://racedental.co.nz/,5,3,OPERATIONAL,https://maps.google.com/?cid=1491284884124614177&g_mp=Cidnb29nbGUubWFwcy5wbGFjZXMudjEuUGxhY2VzLlNlYXJjaFRleHQQAhgEIAA,Monday: 8:00 AM – 4:00 PM; Tuesday: 8:00 AM – 4:00 PM; Wednesday: 8:00 AM – 4:00 PM; Thursday: 8:00 AM – 4:00 PM; Friday: 8:00 AM – 4:00 PM; Saturday: Closed; Sunday: Closed,dental_clinic,Auckland,Kingsland Auckland,no_prices
Ranfurly Dental Care,"235 Manukau Road, Epsom, Auckland 1023, New Zealand",09 630 8965,+64 9 630 8965,http://www.ranfurlydental.co.nz/,4.7,21,OPERATIONAL,https://maps.google.com/?cid=8110247553195171505&g_mp=Cidnb29nbGUubWFwcy5wbGFjZXMudjEuUGxhY2VzLlNlYXJjaFRleHQQAhgEIAA,Monday: 8:30 AM – 6:00 PM; Tuesday: 8:00 AM – 5:00 PM; Wednesday: 8:00 AM – 6:00 PM; Thursday: 8:00 AM – 5:00 PM; Friday: 9:00 AM – 4:00 PM; Saturday: Closed; Sunday: Closed,dental_clinic,Auckland,Remuera Auckland,no_prices
Re Dental Clinic,"1 Jervois Road, Herne Bay, Auckland 1011, New Zealand",09 600 1739,+64 9 600 1739,http://www.re-dental.co.nz/?utm_source=Google&utm_medium=GBP&utm_campaign=gbp,5,110,OPERATIONAL,https://maps.google.com/?cid=808740769092609403&g_mp=Cidnb29nbGUubWFwcy5wbGFjZXMudjEuUGxhY2VzLlNlYXJjaFRleHQQAhgEIAA,Monday: 8:30 AM – 5:00 PM; Tuesday: 8:30 AM – 5:00 PM; Wednesday: 10:30 AM – 7:00 PM; Thursday: 9:00 AM – 7:00 PM; Friday: 8:30 AM – 5:00 PM; Saturday: Closed; Sunday: Closed,dental_clinic,Auckland,Auckland CBD,some_prices
Riverside Dental Warkworth,"Unit G/11 Neville Street, Entrance via Warkworth Street, Warkworth 0910, New Zealand",09 422 3214,+64 9 422 3214,https://www.riversidedentalwarkworthseena.co.nz/,4.8,98,OPERATIONAL,https://maps.google.com/?cid=14508979764238998644&g_mp=Cidnb29nbGUubWFwcy5wbGFjZXMudjEuUGxhY2VzLlNlYXJjaFRleHQQAhgEIAA,Monday: 8:30 AM – 5:00 PM; Tuesday: 8:30 AM – 5:00 PM; Wednesday: 8:30 AM – 5:00 PM; Thursday: 8:30 AM – 5:00 PM; Friday: 8:30 AM – 5:00 PM; Saturday: Closed; Sunday: Closed,dental_clinic,Auckland,Warkworth Auckland,no_prices
Riverside Dental Warkworth - Dr Seena,"UnitG, 11Neville Street, Warkworth 0910, New Zealand",09 422 3214,+64 9 422 3214,https://www.riversidedentalwarkworthseena.co.nz/,5,5,OPERATIONAL,https://maps.google.com/?cid=13342178845933488338&g_mp=Cidnb29nbGUubWFwcy5wbGFjZXMudjEuUGxhY2VzLlNlYXJjaFRleHQQAhgEIAA,Monday: 8:30 AM – 5:00 PM; Tuesday: 8:30 AM – 5:00 PM; Wednesday: 8:30 AM – 5:00 PM; Thursday: 8:30 AM – 5:00 PM; Friday: 8:30 AM – 5:00 PM; Saturday: Closed; Sunday: Closed,dental_clinic,Auckland,Warkworth Auckland,no_prices
Rockfield Dental Centre,"86 Rockfield Road, Penrose, Auckland 1061, New Zealand",09 579 4180,+64 9 579 4180,http://www.dentist.co.nz/dentist-detail/auckland/rockfield-dental-centre/A11006719,4.7,26,OPERATIONAL,https://maps.google.com/?cid=7276463017540826486&g_mp=Cidnb29nbGUubWFwcy5wbGFjZXMudjEuUGxhY2VzLlNlYXJjaFRleHQQAhgEIAA,Monday: 9:00 AM – 7:00 PM; Tuesday: 8:30 AM – 5:00 PM; Wednesday: 7:30 AM – 4:30 PM; Thursday: 8:30 AM – 5:00 PM; Friday: 8:30 AM – 5:00 PM; Saturday: Closed; Sunday: Closed,dental_clinic,Auckland,Ellerslie Auckland,no_prices
Rosedale Dental,"372 Rosedale Road, Rosedale, Auckland 0632, New Zealand",09 414 2934,+64 9 414 2934,http://albanydentist.co.nz/,4.8,101,OPERATIONAL,https://maps.google.com/?cid=15036279688194745558&g_mp=Cidnb29nbGUubWFwcy5wbGFjZXMudjEuUGxhY2VzLlNlYXJjaFRleHQQAhgEIAA,Monday: 9:00 AM – 5:00 PM; Tuesday: 9:00 AM – 6:30 PM; Wednesday: 9:00 AM – 5:00 PM; Thursday: 8:00 AM – 5:00 PM; Friday: 9:00 AM – 4:00 PM; Saturday: Closed; Sunday: Closed,dental_clinic,Auckland,Albany Auckland,no_prices
Royal Oak Dental Centre,"792a Manukau Road, Royal Oak, Auckland 1023, New Zealand",09 625 7069,+64 9 625 7069,https://www.royaloakdental.co.nz/,4.2,59,OPERATIONAL,https://maps.google.com/?cid=1638419199895247000&g_mp=Cidnb29nbGUubWFwcy5wbGFjZXMudjEuUGxhY2VzLlNlYXJjaFRleHQQAhgEIAA,Monday: 8:30 AM – 5:00 PM; Tuesday: 8:30 AM – 5:00 PM; Wednesday: 8:30 AM – 5:00 PM; Thursday: 8:30 AM – 5:00 PM; Friday: 8:30 AM – 5:00 PM; Saturday: Closed; Sunday: Closed,dental_clinic,Auckland,Royal Oak Auckland,no_prices
Royal Road Dental,"177 Royal Road, Massey, Auckland 0614, New Zealand",09 833 7597,+64 9 833 7597,http://www.royalroaddental.co.nz/,4.6,54,OPERATIONAL,https://maps.google.com/?cid=4668014187371013205&g_mp=Cidnb29nbGUubWFwcy5wbGFjZXMudjEuUGxhY2VzLlNlYXJjaFRleHQQAhgEIAA,Monday: 8:00 AM – 5:00 PM; Tuesday: 9:00 AM – 5:00 PM; Wednesday: 8:00 AM – 5:00 PM; Thursday: 8:30 AM – 5:00 PM; Friday: 9:00 AM – 3:30 PM; Saturday: Closed; Sunday: Closed,dental_clinic,Auckland,Karangahape Road Auckland,no_prices
SIMONS Otahuhu Dentists,"42 Hall Avenue, Ōtāhuhu, Auckland 1062, New Zealand",09 276 2022,+64 9 276 2022,,2.6,5,OPERATIONAL,https://maps.google.com/?cid=9091316787653661964&g_mp=Cidnb29nbGUubWFwcy5wbGFjZXMudjEuUGxhY2VzLlNlYXJjaFRleHQQAhgEIAA,Monday: 9:00 AM – 5:00 PM; Tuesday: 9:00 AM – 5:00 PM; Wednesday: 9:00 AM – 5:00 PM; Thursday: 9:00 AM – 5:00 PM; Friday: 9:00 AM – 5:00 PM; Saturday: 9:00 AM – 2:00 PM; Sunday: Closed,dental_clinic,Auckland,Otahuhu Auckland,no_prices
Saint Heliers Dental Centre,"St Heliers, Auckland 1071, New Zealand",,,,,,OPERATIONAL,https://maps.google.com/?cid=11617522800874603281&g_mp=Cidnb29nbGUubWFwcy5wbGFjZXMudjEuUGxhY2VzLlNlYXJjaFRleHQQAhgEIAA,,dental_clinic,Auckland,St Heliers Auckland,no_prices
Sandringham Central Dental Care,"532 Sandringham Road, Sandringham, Auckland 1025, New Zealand",09 815 7205,+64 9 815 7205,https://www.sandringhamdentists.com/,4.6,25,OPERATIONAL,https://maps.google.com/?cid=5733128297131607894&g_mp=Cidnb29nbGUubWFwcy5wbGFjZXMudjEuUGxhY2VzLlNlYXJjaFRleHQQAhgEIAA,Monday: 9:00 AM – 5:00 PM; Tuesday: 9:00 AM – 5:00 PM; Wednesday: 9:00 AM – 5:00 PM; Thursday: 9:00 AM – 5:00 PM; Friday: 9:00 AM – 5:00 PM; Saturday: 9:00 AM – 5:00 PM; Sunday: Closed,dental_clinic,Auckland,Mount Eden Auckland,no_prices
Sandringham Dental Centre,"575 Sandringham Road, Sandringham, Auckland 1025, New Zealand",09 846 1703,+64 9 846 1703,https://sandringhamdental.com/,5,10,OPERATIONAL,https://maps.google.com/?cid=9852004810444686864&g_mp=Cidnb29nbGUubWFwcy5wbGFjZXMudjEuUGxhY2VzLlNlYXJjaFRleHQQAhgEIAA,Monday: 9:00 AM – 5:30 PM; Tuesday: 9:00 AM – 5:30 PM; Wednesday: 9:00 AM – 5:30 PM; Thursday: 9:00 AM – 5:30 PM; Friday: 9:00 AM – 5:30 PM; Saturday: Closed; Sunday: Closed,dental_clinic,Auckland,Sandringham Auckland,no_prices
Sandringham Health Centre,"542-544 Sandringham Road, Sandringham, Auckland 1025, New Zealand",09 849 2111,+64 9 849 2111,http://www.ethc.co.nz/94/sandringham,1.4,9,OPERATIONAL,https://maps.google.com/?cid=5614467094148791482&g_mp=Cidnb29nbGUubWFwcy5wbGFjZXMudjEuUGxhY2VzLlNlYXJjaFRleHQQAhgEIAA,Monday: 8:00 AM – 5:30 PM; Tuesday: 8:00 AM – 5:30 PM; Wednesday: 8:00 AM – 5:30 PM; Thursday: 8:00 AM – 5:30 PM; Friday: 8:00 AM – 5:30 PM; Saturday: 8:00 AM – 1:00 PM; Sunday: Closed,dental_clinic,Auckland,Sandringham Auckland,no_prices
Sapphire Dental,"126a Main Highway, Ellerslie, Auckland 1051, New Zealand",09 579 4746,+64 9 579 4746,https://sapphiredental.co.nz/,5,17,OPERATIONAL,https://maps.google.com/?cid=3776459465862319511&g_mp=Cidnb29nbGUubWFwcy5wbGFjZXMudjEuUGxhY2VzLlNlYXJjaFRleHQQAhgEIAA,Monday: 9:30 AM – 5:30 PM; Tuesday: Closed; Wednesday: 9:00 AM – 1:00 PM; Thursday: Closed; Friday: 9:30 AM – 6:30 PM; Saturday: 9:30 AM – 3:30 PM; Sunday: Closed,dental_clinic,Auckland,Remuera Auckland,no_prices
Sapphire Dental,"126A Main Highway, Ellerslie, Auckland 1051, New Zealand",09 579 4746,+64 9 579 4746,http://sapphiredental.co.nz/,5,1,OPERATIONAL,https://maps.google.com/?cid=2005925556702665181&g_mp=Cidnb29nbGUubWFwcy5wbGFjZXMudjEuUGxhY2VzLlNlYXJjaFRleHQQAhgEIAA,Monday: 9:30 AM – 6:00 PM; Tuesday: 9:30 AM – 6:00 PM; Wednesday: 9:30 AM – 6:00 PM; Thursday: 9:30 AM – 6:00 PM; Friday: 9:30 AM – 6:00 PM; Saturday: 10:30 AM – 3:30 PM; Sunday: Closed,dental_clinic,Auckland,Ellerslie Auckland,no_prices
School Dental Clinic,"29A Kaurilands Road, Titirangi, Auckland 0604, New Zealand",,,,5,1,OPERATIONAL,https://maps.google.com/?cid=2957499518668107671&g_mp=Cidnb29nbGUubWFwcy5wbGFjZXMudjEuUGxhY2VzLlNlYXJjaFRleHQQAhgEIAA,,dental_clinic,Auckland,Glen Eden Auckland,no_prices
Seaside Dental Laboratory & Denture Clinic,"443 Lake Road, Corner Of, Bracken Avenue, Takapuna, Takapuna Beach 0622, New Zealand",09 489 6663,+64 9 489 6663,http://seasidelab.com/,4.6,8,OPERATIONAL,https://maps.google.com/?cid=16675807211666795786&g_mp=Cidnb29nbGUubWFwcy5wbGFjZXMudjEuUGxhY2VzLlNlYXJjaFRleHQQAhgEIAA,Monday: 9:30 AM – 6:00 PM; Tuesday: 9:30 AM – 6:00 PM; Wednesday: 9:30 AM – 6:00 PM; Thursday: 9:30 AM – 6:00 PM; Friday: 9:30 AM – 5:00 PM; Saturday: Closed; Sunday: Closed,dental_clinic,Auckland,Takapuna Auckland,no_prices
Seddon Medical Centre,"13A Hall Street, Pukekohe 2120, New Zealand",09 237 0055,+64 9 237 0055,http://www.healthpoint.co.nz/doctors/gp/seddon-medical/,2.9,110,OPERATIONAL,https://maps.google.com/?cid=6292146824192423442&g_mp=Cidnb29nbGUubWFwcy5wbGFjZXMudjEuUGxhY2VzLlNlYXJjaFRleHQQAhgEIAA,Monday: 8:30 AM – 5:00 PM; Tuesday: 8:30 AM – 5:00 PM; Wednesday: 8:30 AM – 5:00 PM; Thursday: 8:30 AM – 5:00 PM; Friday: 8:30 AM – 5:00 PM; Saturday: Closed; Sunday: Closed,dental_clinic,Auckland,Pukekohe,no_prices
Serenity Dental Group,"43 Apollo Drive, Rosedale, Auckland 0632, New Zealand",09 479 3580,+64 9 479 3580,http://www.serenitydental.co.nz/,4.4,16,OPERATIONAL,https://maps.google.com/?cid=14111475774965092093&g_mp=Cidnb29nbGUubWFwcy5wbGFjZXMudjEuUGxhY2VzLlNlYXJjaFRleHQQAhgEIAA,Monday: 9:30 AM – 4:30 PM; Tuesday: 9:30 AM – 4:30 PM; Wednesday: 9:30 AM – 4:30 PM; Thursday: 9:30 AM – 4:30 PM; Friday: 9:30 AM – 4:30 PM; Saturday: Closed; Sunday: Closed,dental_clinic,Auckland,Rosedale Auckland,no_prices
Shakespeare Orthodontics Takapuna,"39 Taharoto Road, Takapuna, Auckland 0622, New Zealand",09 216 6888,+64 9 216 6888,https://www.shakespeareortho.co.nz/orthodontist-takapuna/,4.9,251,OPERATIONAL,https://maps.google.com/?cid=14052494201564929456&g_mp=Cidnb29nbGUubWFwcy5wbGFjZXMudjEuUGxhY2VzLlNlYXJjaFRleHQQAhgEIAA,Monday: 8:30 AM – 5:00 PM; Tuesday: 8:30 AM – 5:00 PM; Wednesday: 8:30 AM – 5:00 PM; Thursday: 8:30 AM – 5:00 PM; Friday: 8:30 AM – 4:00 PM; Saturday: Closed; Sunday: Closed,dental_clinic,Auckland,Takapuna Auckland,no_prices
Shankar Pasupati Dentist,"16 Auburn Street, Takapuna, Auckland 0622, New Zealand",09 488 7373,+64 9 488 7373,,,,OPERATIONAL,https://maps.google.com/?cid=4939734527553592145&g_mp=Cidnb29nbGUubWFwcy5wbGFjZXMudjEuUGxhY2VzLlNlYXJjaFRleHQQAhgEIAA,,dental_clinic,Auckland,Takapuna Auckland,no_prices
Shine Dental Limited,"574 Great South Road, Manukau City Centre, Auckland 2025, New Zealand",09 277 6644,+64 9 277 6644,https://www.shinedental.co.nz/,4.2,50,OPERATIONAL,https://maps.google.com/?cid=17635065727112337020&g_mp=Cidnb29nbGUubWFwcy5wbGFjZXMudjEuUGxhY2VzLlNlYXJjaFRleHQQAhgEIAA,Monday: 9:00 AM – 5:00 PM; Tuesday: 9:00 AM – 5:00 PM; Wednesday: 9:00 AM – 5:00 PM; Thursday: 11:00 AM – 7:00 PM; Friday: 9:00 AM – 5:00 PM; Saturday: 9:00 AM – 2:00 PM; Sunday: Closed,dental_clinic,Auckland,Manukau Auckland,no_prices
Shorecare,"78-94 Taharoto Road, Takapuna, Auckland 0622, New Zealand",09 410 9971,+64 9 410 9971,,1.7,6,OPERATIONAL,https://maps.google.com/?cid=17001611966467639444&g_mp=Cidnb29nbGUubWFwcy5wbGFjZXMudjEuUGxhY2VzLlNlYXJjaFRleHQQAhgEIAA,,dental_clinic,Auckland,Takapuna Auckland,no_prices
Shorecare Urgent Care Smales Farm,"Smales Farm 74 Taharoto Road, Takapuna, Auckland 0622, New Zealand",09 486 7777,+64 9 486 7777,http://www.shorecare.co.nz/,3.5,728,OPERATIONAL,https://maps.google.com/?cid=7011335837138287696&g_mp=Cidnb29nbGUubWFwcy5wbGFjZXMudjEuUGxhY2VzLlNlYXJjaFRleHQQAhgEIAA,Monday: Open 24 hours; Tuesday: Open 24 hours; Wednesday: Open 24 hours; Thursday: Open 24 hours; Friday: Open 24 hours; Saturday: Open 24 hours; Sunday: Open 24 hours,dental_clinic,Auckland,Takapuna Auckland,no_prices
Shoreline Dental Surgery,"212 Kitchener Road, Milford, Auckland 0620, New Zealand",09 489 6626,+64 9 489 6626,,,,OPERATIONAL,https://maps.google.com/?cid=2539511117630892023&g_mp=Cidnb29nbGUubWFwcy5wbGFjZXMudjEuUGxhY2VzLlNlYXJjaFRleHQQAhgEIAA,,dental_clinic,Auckland,Milford Auckland,no_prices
Silverdale Family Dentists,"7 Polarity Rise, Silverdale 0932, New Zealand",09 972 1406,+64 9 972 1406,http://www.silverdaledental.co.nz/,4.6,80,OPERATIONAL,https://maps.google.com/?cid=10988867687530665728&g_mp=Cidnb29nbGUubWFwcy5wbGFjZXMudjEuUGxhY2VzLlNlYXJjaFRleHQQAhgEIAA,Monday: 8:30 AM – 7:00 PM; Tuesday: 8:30 AM – 7:00 PM; Wednesday: 8:30 AM – 7:00 PM; Thursday: 8:30 AM – 5:30 PM; Friday: 8:30 AM – 5:00 PM; Saturday: 8:30 AM – 2:00 PM; Sunday: Closed,dental_clinic,Auckland,Kingsland Auckland,no_prices
Silverdale Medical,"7 Polarity Rise, Silverdale 0932, New Zealand",09 427 9997,+64 9 427 9997,http://www.silverdalemedical.co.nz/,2.8,252,OPERATIONAL,https://maps.google.com/?cid=7325905713488797402&g_mp=Cidnb29nbGUubWFwcy5wbGFjZXMudjEuUGxhY2VzLlNlYXJjaFRleHQQAhgEIAA,Monday: 8:00 AM – 8:00 PM; Tuesday: 8:00 AM – 8:00 PM; Wednesday: 8:00 AM – 8:00 PM; Thursday: 8:00 AM – 8:00 PM; Friday: 8:00 AM – 8:00 PM; Saturday: 8:00 AM – 8:00 PM; Sunday: 8:00 AM – 8:00 PM,dental_clinic,Auckland,Silverdale Auckland,no_prices
Simon Hill Dental,"2nd Floor/2 Dodson Avenue, Milford, Auckland 0620, New Zealand",09 489 8354,+64 9 489 8354,,,,OPERATIONAL,https://maps.google.com/?cid=13283147089922457312&g_mp=Cidnb29nbGUubWFwcy5wbGFjZXMudjEuUGxhY2VzLlNlYXJjaFRleHQQAhgEIAA,Monday: 8:30 AM – 8:00 PM; Tuesday: 9:00 AM – 7:00 PM; Wednesday: 8:30 AM – 8:00 PM; Thursday: 8:30 AM – 7:00 PM; Friday: 8:30 AM – 7:00 PM; Saturday: 9:00 AM – 2:00 PM; Sunday: Closed,dental_clinic,Auckland,Milford Auckland,no_prices
Sleep Dentistry New Zealand,"182 West Coast Road, Glen Eden, Auckland 0602, New Zealand",09 818 8855,+64 9 818 8855,,,,OPERATIONAL,https://maps.google.com/?cid=630224853831141894&g_mp=Cidnb29nbGUubWFwcy5wbGFjZXMudjEuUGxhY2VzLlNlYXJjaFRleHQQAhgEIAA,,dental_clinic,Auckland,Glen Eden Auckland,no_prices
SmartDentist,"41A Kittiwake Drive, Schnapper Rock, Auckland 0632, New Zealand",09 888 2201,+64 9 888 2201,https://www.smartdentist.co.nz/,5,35,OPERATIONAL,https://maps.google.com/?cid=4098642107594626381&g_mp=Cidnb29nbGUubWFwcy5wbGFjZXMudjEuUGxhY2VzLlNlYXJjaFRleHQQAhgEIAA,Monday: Closed; Tuesday: 7:00 AM – 5:00 PM; Wednesday: 7:00 AM – 5:00 PM; Thursday: 7:00 AM – 7:00 PM; Friday: Closed; Saturday: 7:00 AM – 12:00 PM; Sunday: Closed,dental_clinic,Auckland,Albany Auckland,no_prices
SmartSmile,"267 Pakuranga Road, Pakuranga, Auckland 2010, New Zealand",09 576 7676,+64 9 576 7676,http://www.smartsmile.co.nz/,5,1,OPERATIONAL,https://maps.google.com/?cid=2659086951598651959&g_mp=Cidnb29nbGUubWFwcy5wbGFjZXMudjEuUGxhY2VzLlNlYXJjaFRleHQQAhgEIAA,Monday: 8:00 AM – 5:00 PM; Tuesday: 8:00 AM – 5:00 PM; Wednesday: 8:00 AM – 5:00 PM; Thursday: 8:00 AM – 5:00 PM; Friday: 8:00 AM – 2:00 PM; Saturday: Closed; Sunday: Closed,dental_clinic,Auckland,Pakuranga Auckland,no_prices
Smile Boutique,"348 Ponsonby Road, Ponsonby, Auckland 1011, New Zealand",09 200 0267,+64 9 200 0267,https://smileboutique.co.nz/,4.3,6,OPERATIONAL,https://maps.google.com/?cid=3106821279139684060&g_mp=Cidnb29nbGUubWFwcy5wbGFjZXMudjEuUGxhY2VzLlNlYXJjaFRleHQQAhgEIAA,Monday: Closed; Tuesday: Closed; Wednesday: 10:00 AM – 6:00 PM; Thursday: 10:00 AM – 6:00 PM; Friday: 10:00 AM – 6:00 PM; Saturday: 10:00 AM – 6:00 PM; Sunday: 10:00 AM – 6:00 PM,dental_clinic,Auckland,Ponsonby Auckland,no_prices
Smile Dental,"Rosedale Road, Albany, Auckland 0632, New Zealand",09 477 3795,+64 9 477 3795,https://www.smiledental.co.nz/,3,4,OPERATIONAL,https://maps.google.com/?cid=16218142170585033306&g_mp=Cidnb29nbGUubWFwcy5wbGFjZXMudjEuUGxhY2VzLlNlYXJjaFRleHQQAhgEIAA,,dental_clinic,Auckland,Rosedale Auckland,some_prices
Smile Dental - Albany,"119 Apollo Drive, Albany, Auckland 0632, New Zealand",0800 476 453,+64 800 476 453,https://www.smiledental.co.nz/,4.5,378,OPERATIONAL,https://maps.google.com/?cid=17405670498299281782&g_mp=Cidnb29nbGUubWFwcy5wbGFjZXMudjEuUGxhY2VzLlNlYXJjaFRleHQQAhgEIAA,Monday: 9:00 AM – 5:00 PM; Tuesday: 9:00 AM – 6:00 PM; Wednesday: 9:00 AM – 6:00 PM; Thursday: 9:00 AM – 6:00 PM; Friday: 10:00 AM – 6:00 PM; Saturday: 10:00 AM – 6:00 PM; Sunday: 10:00 AM – 6:00 PM,dental_clinic,Auckland,Albany Auckland,some_prices
Smile Dental - Avondale,"256 Rosebank Road, Avondale, Auckland 1026, New Zealand",0800 476 453,+64 800 476 453,https://www.smiledental.co.nz/,4.9,106,OPERATIONAL,https://maps.google.com/?cid=9851148920947753273&g_mp=Cidnb29nbGUubWFwcy5wbGFjZXMudjEuUGxhY2VzLlNlYXJjaFRleHQQAhgEIAA,Monday: 9:00 AM – 3:30 PM; Tuesday: 9:00 AM – 3:30 PM; Wednesday: 9:00 AM – 5:00 PM; Thursday: 9:00 AM – 3:30 PM; Friday: Closed; Saturday: Closed; Sunday: Closed,dental_clinic,Auckland,Avondale Auckland,some_prices
Smile Dental - Beachlands,"129 Beachlands Road, Beachlands, Auckland 2018, New Zealand",0800 476 453,+64 800 476 453,https://www.smiledental.co.nz/,4.9,140,OPERATIONAL,https://maps.google.com/?cid=10837058923275753096&g_mp=Cidnb29nbGUubWFwcy5wbGFjZXMudjEuUGxhY2VzLlNlYXJjaFRleHQQAhgEIAA,Monday: 9:30 AM – 5:00 PM; Tuesday: 9:00 AM – 6:00 PM; Wednesday: 10:00 AM – 6:00 PM; Thursday: 10:00 AM – 6:00 PM; Friday: 10:00 AM – 6:00 PM; Saturday: Closed; Sunday: Closed,dental_clinic,Auckland,Beachlands Auckland,some_prices
Smile Dental - Glenfield,"Shop 356, Glenfield Mall, Corner Glenfield Road and, Downing Street, Glenfield, Auckland 0629, New Zealand",0800 476 453,+64 800 476 453,https://www.smiledental.co.nz/,4.4,32,OPERATIONAL,https://maps.google.com/?cid=13395151083637857711&g_mp=Cidnb29nbGUubWFwcy5wbGFjZXMudjEuUGxhY2VzLlNlYXJjaFRleHQQAhgEIAA,Monday: 9:00 AM – 6:00 PM; Tuesday: 9:00 AM – 6:00 PM; Wednesday: 9:00 AM – 6:00 PM; Thursday: 9:00 AM – 7:00 PM; Friday: 9:00 AM – 7:00 PM; Saturday: 9:00 AM – 6:00 PM; Sunday: 10:00 AM – 5:30 PM,dental_clinic,Auckland,Glenfield Auckland,some_prices
Smile Dental - Henderson,"8/6 Pioneer Street, Henderson, Auckland 0612, New Zealand",0800 476 453,+64 800 476 453,https://www.smiledental.co.nz/,4.4,480,OPERATIONAL,https://maps.google.com/?cid=7526150555509863311&g_mp=Cidnb29nbGUubWFwcy5wbGFjZXMudjEuUGxhY2VzLlNlYXJjaFRleHQQAhgEIAA,Monday: 9:00 AM – 5:00 PM; Tuesday: 9:00 AM – 5:00 PM; Wednesday: 9:00 AM – 5:00 PM; Thursday: 9:00 AM – 5:00 PM; Friday: 9:00 AM – 5:00 PM; Saturday: 9:00 AM – 5:00 PM; Sunday: Closed,dental_clinic,Auckland,Glen Eden Auckland,some_prices
Smile Dental - Kelston,"16 West Coast Road, Glen Eden, Auckland 0602, New Zealand",0800 476 453,+64 800 476 453,https://www.smiledental.co.nz/,4.4,109,OPERATIONAL,https://maps.google.com/?cid=14816676352377593812&g_mp=Cidnb29nbGUubWFwcy5wbGFjZXMudjEuUGxhY2VzLlNlYXJjaFRleHQQAhgEIAA,Monday: 9:00 AM – 5:00 PM; Tuesday: 9:00 AM – 5:00 PM; Wednesday: 9:00 AM – 5:00 PM; Thursday: 9:00 AM – 5:00 PM; Friday: Closed; Saturday: Closed; Sunday: Closed,dental_clinic,Auckland,Glen Eden Auckland,some_prices
Smile Dental - Mangere,"359 Massey Road, Māngere East, Auckland 2024, New Zealand",0800 476 453,+64 800 476 453,https://www.smiledental.co.nz/,4.8,126,OPERATIONAL,https://maps.google.com/?cid=7261922490444812650&g_mp=Cidnb29nbGUubWFwcy5wbGFjZXMudjEuUGxhY2VzLlNlYXJjaFRleHQQAhgEIAA,Monday: 9:00 AM – 5:00 PM; Tuesday: 9:00 AM – 5:00 PM; Wednesday: 9:00 AM – 5:00 PM; Thursday: 9:00 AM – 5:00 PM; Friday: 9:00 AM – 5:00 PM; Saturday: Closed; Sunday: Closed,dental_clinic,Auckland,Mangere Auckland,some_prices
Smile Dental - Manukau,"18 Manukau Station Road, Manukau City Centre, Manukau 2104, New Zealand",0800 476 453,+64 800 476 453,https://www.smiledental.co.nz/,4.7,374,OPERATIONAL,https://maps.google.com/?cid=16946703325409502004&g_mp=Cidnb29nbGUubWFwcy5wbGFjZXMudjEuUGxhY2VzLlNlYXJjaFRleHQQAhgEIAA,Monday: 9:00 AM – 6:00 PM; Tuesday: 9:00 AM – 6:00 PM; Wednesday: 9:00 AM – 6:00 PM; Thursday: 9:00 AM – 6:00 PM; Friday: 9:00 AM – 6:00 PM; Saturday: Closed; Sunday: Closed,dental_clinic,Auckland,Manukau Auckland,some_prices
Smile Dental - Onehunga Dentist,"281B Onehunga Mall, Onehunga, Auckland 1061, New Zealand",09 634 1100,+64 9 634 1100,https://www.smiledental.co.nz/,4.9,203,OPERATIONAL,https://maps.google.com/?cid=14249582105004695651&g_mp=Cidnb29nbGUubWFwcy5wbGFjZXMudjEuUGxhY2VzLlNlYXJjaFRleHQQAhgEIAA,Monday: 9:00 AM – 5:00 PM; Tuesday: 9:00 AM – 7:00 PM; Wednesday: 9:00 AM – 5:00 PM; Thursday: 9:00 AM – 6:00 PM; Friday: 9:00 AM – 5:00 PM; Saturday: Closed; Sunday: Closed,dental_clinic,Auckland,Onehunga Auckland,some_prices
Smile Dental - Papakura,"06/18 O'Shannessey Street, Papakura, Auckland 2110, New Zealand",0800 476 453,+64 800 476 453,https://www.smiledental.co.nz/,4.5,232,OPERATIONAL,https://maps.google.com/?cid=9477826136600602460&g_mp=Cidnb29nbGUubWFwcy5wbGFjZXMudjEuUGxhY2VzLlNlYXJjaFRleHQQAhgEIAA,Monday: 9:30 AM – 6:00 PM; Tuesday: 9:30 AM – 6:00 PM; Wednesday: 9:15 AM – 6:00 PM; Thursday: 9:30 AM – 6:00 PM; Friday: 9:15 AM – 6:00 PM; Saturday: 9:15 AM – 6:00 PM; Sunday: Closed,dental_clinic,Auckland,Papakura,some_prices
Smile Dental - Queen Street - Auckland CBD,"2/246 Queen Street, Auckland CBD, Auckland 1010, New Zealand",0800 476 453,+64 800 476 453,http://smiledental.co.nz/,4.7,1260,OPERATIONAL,https://maps.google.com/?cid=3794320053947191746&g_mp=Cidnb29nbGUubWFwcy5wbGFjZXMudjEuUGxhY2VzLlNlYXJjaFRleHQQAhgEIAA,Monday: 9:00 AM – 6:00 PM; Tuesday: 9:00 AM – 6:00 PM; Wednesday: 9:00 AM – 6:00 PM; Thursday: 9:00 AM – 6:00 PM; Friday: 9:00 AM – 6:00 PM; Saturday: 9:00 AM – 6:00 PM; Sunday: 9:00 AM – 6:00 PM,dental_clinic,Auckland,Auckland CBD,some_prices
Smile Dental - Ranui,"419 Swanson Road, Ranui, Auckland 0612, New Zealand",0800 476 453,+64 800 476 453,https://www.smiledental.co.nz/,4.4,134,OPERATIONAL,https://maps.google.com/?cid=5123757195645359865&g_mp=Cidnb29nbGUubWFwcy5wbGFjZXMudjEuUGxhY2VzLlNlYXJjaFRleHQQAhgEIAA,Monday: 9:15 AM – 6:00 PM; Tuesday: 9:15 AM – 6:00 PM; Wednesday: 9:30 AM – 5:30 PM; Thursday: 9:30 AM – 5:30 PM; Friday: 9:30 AM – 5:30 PM; Saturday: Closed; Sunday: Closed,dental_clinic,Auckland,Henderson Auckland,some_prices
Smile Dental - Sylvia Park - Mt Wellington,"Level 1, 3 Te Kehu Way, 280 Mount Wellington Highway, Mount Wellington, Auckland 1060, New Zealand",0800 476 453,+64 800 476 453,https://www.smiledental.co.nz/,4.6,587,OPERATIONAL,https://maps.google.com/?cid=9061585996809454348&g_mp=Cidnb29nbGUubWFwcy5wbGFjZXMudjEuUGxhY2VzLlNlYXJjaFRleHQQAhgEIAA,Monday: 9:00 AM – 6:00 PM; Tuesday: 9:00 AM – 6:00 PM; Wednesday: 9:00 AM – 6:00 PM; Thursday: 9:00 AM – 6:00 PM; Friday: 9:00 AM – 6:00 PM; Saturday: 9:00 AM – 6:00 PM; Sunday: 10:00 AM – 6:00 PM,dental_clinic,Auckland,Penrose Auckland,some_prices
Smile Dental - Takanini,"30 Walters Road, Takanini, Auckland 2112, New Zealand",0800 476 453,+64 800 476 453,https://www.smiledental.co.nz/,4.7,235,OPERATIONAL,https://maps.google.com/?cid=4509548364994014748&g_mp=Cidnb29nbGUubWFwcy5wbGFjZXMudjEuUGxhY2VzLlNlYXJjaFRleHQQAhgEIAA,Monday: 9:00 AM – 6:00 PM; Tuesday: 9:15 AM – 6:00 PM; Wednesday: 9:00 AM – 6:00 PM; Thursday: 9:00 AM – 6:00 PM; Friday: 9:00 AM – 6:00 PM; Saturday: 9:00 AM – 6:00 PM; Sunday: Closed,dental_clinic,Auckland,Papakura,some_prices
Smile Dental - Te Atatu,"202 Edmonton Road, Te Atatū South, Auckland 0610, New Zealand",0800 476 453,+64 800 476 453,https://www.smiledental.co.nz/,4.8,84,OPERATIONAL,https://maps.google.com/?cid=481153737380843233&g_mp=Cidnb29nbGUubWFwcy5wbGFjZXMudjEuUGxhY2VzLlNlYXJjaFRleHQQAhgEIAA,Monday: 9:00 AM – 4:00 PM; Tuesday: 9:00 AM – 6:00 PM; Wednesday: 9:00 AM – 6:00 PM; Thursday: Closed; Friday: Closed; Saturday: Closed; Sunday: Closed,dental_clinic,Auckland,Henderson Auckland,some_prices
Smile Dental: Ormiston Dentists,"level 1/211 Ormiston Road, Flat Bush, Auckland 2019, New Zealand",0800 476 453,+64 800 476 453,http://smiledental.co.nz/,3.9,22,OPERATIONAL,https://maps.google.com/?cid=8503316154472339512&g_mp=Cidnb29nbGUubWFwcy5wbGFjZXMudjEuUGxhY2VzLlNlYXJjaFRleHQQAhgEIAA,,dental_clinic,Auckland,Flat Bush Auckland,some_prices
Smile Store,"36 Arrenway Drive, Rosedale, Auckland 0632, New Zealand",0800 800 085,+64 800 800 085,http://www.smilestore.co.nz/,4.9,27,OPERATIONAL,https://maps.google.com/?cid=5916849664033120765&g_mp=Cidnb29nbGUubWFwcy5wbGFjZXMudjEuUGxhY2VzLlNlYXJjaFRleHQQAhgEIAA,Monday: 9:00 AM – 5:00 PM; Tuesday: 9:00 AM – 5:00 PM; Wednesday: 9:00 AM – 5:00 PM; Thursday: 9:00 AM – 5:00 PM; Friday: 9:00 AM – 5:00 PM; Saturday: Closed; Sunday: Closed,dental_clinic,Auckland,Unsworth Heights Auckland,no_prices
Smile Studio Orewa | Lumino The Dentists,"Tamariki Plaza Unit B/18 Tamariki Avenue, Orewa 0931, New Zealand",09 426 2251,+64 9 426 2251,https://lumino.co.nz/dentists/smile-studio-orewa/?utm_source=google_business_profile&utm_medium=organic,4.8,41,OPERATIONAL,https://maps.google.com/?cid=12559954286593850143&g_mp=Cidnb29nbGUubWFwcy5wbGFjZXMudjEuUGxhY2VzLlNlYXJjaFRleHQQAhgEIAA,Monday: 8:30 AM – 7:00 PM; Tuesday: 8:00 AM – 5:00 PM; Wednesday: 8:30 AM – 5:00 PM; Thursday: 8:30 AM – 7:00 PM; Friday: 8:30 AM – 5:00 PM; Saturday: Closed; Sunday: Closed,dental_clinic,Auckland,Orewa Auckland,some_prices
SmilePath - New Zealand,"Harbourview Building Suit A, Floor 8/152 Quay Street, Auckland CBD, Auckland 1010, New Zealand",09 985 3502,+64 9 985 3502,https://smilepath.nz/,4.2,53,OPERATIONAL,https://maps.google.com/?cid=2326938082850306566&g_mp=Cidnb29nbGUubWFwcy5wbGFjZXMudjEuUGxhY2VzLlNlYXJjaFRleHQQAhgEIAA,,dental_clinic,Auckland,Auckland CBD,no_prices
South Auckland Dental,"21 Hall Avenue, Ōtāhuhu, Auckland 1062, New Zealand",09 270 0200,+64 9 270 0200,https://www.aucklanddental.co.nz/,4.4,40,OPERATIONAL,https://maps.google.com/?cid=1897187256956831465&g_mp=Cidnb29nbGUubWFwcy5wbGFjZXMudjEuUGxhY2VzLlNlYXJjaFRleHQQAhgEIAA,Monday: 9:00 AM – 6:00 PM; Tuesday: 9:00 AM – 5:00 PM; Wednesday: 9:00 AM – 5:30 PM; Thursday: 9:00 AM – 6:00 PM; Friday: 9:00 AM – 5:00 PM; Saturday: Closed; Sunday: Closed,dental_clinic,Auckland,Otahuhu Auckland,no_prices
Southern Cross Auckland Surgical Centre,"9 Saint Marks Road, Remuera, Auckland 1050, New Zealand",09 925 4700,+64 9 925 4700,https://healthcare.southerncross.co.nz/auckland-surgical-centre,4.5,61,OPERATIONAL,https://maps.google.com/?cid=5561280955320731895&g_mp=Cidnb29nbGUubWFwcy5wbGFjZXMudjEuUGxhY2VzLlNlYXJjaFRleHQQAhgEIAA,Monday: 9:00 AM – 8:00 PM; Tuesday: 9:00 AM – 8:00 PM; Wednesday: 9:00 AM – 8:00 PM; Thursday: 9:00 AM – 8:00 PM; Friday: 9:00 AM – 8:00 PM; Saturday: Closed; Sunday: Closed,dental_clinic,Auckland,Remuera Auckland,no_prices
Southern Cross Dental NZ (Auckland Office),"Level 1/6 Auburn Street, Grafton, Auckland 1023, New Zealand",09 379 9778,+64 9 379 9778,https://scdlab.co.nz/,5,2,OPERATIONAL,https://maps.google.com/?cid=11679010544600707331&g_mp=Cidnb29nbGUubWFwcy5wbGFjZXMudjEuUGxhY2VzLlNlYXJjaFRleHQQAhgEIAA,Monday: 8:30 AM – 5:00 PM; Tuesday: 8:30 AM – 5:00 PM; Wednesday: 8:30 AM – 5:00 PM; Thursday: 8:30 AM – 5:00 PM; Friday: 8:30 AM – 5:00 PM; Saturday: Closed; Sunday: Closed,dental_clinic,Auckland,Auckland CBD,no_prices
Southern Dental Specialists,"4 Halver Road, Manurewa, Auckland 2102, New Zealand",09 269 7115,+64 9 269 7115,http://southerndental.co.nz/,3.7,3,OPERATIONAL,https://maps.google.com/?cid=5594002215907440312&g_mp=Cidnb29nbGUubWFwcy5wbGFjZXMudjEuUGxhY2VzLlNlYXJjaFRleHQQAhgEIAA,Monday: 8:00 AM – 5:30 PM; Tuesday: 8:00 AM – 5:30 PM; Wednesday: 8:00 AM – 5:00 PM; Thursday: 8:00 AM – 5:00 PM; Friday: 9:00 AM – 4:00 PM; Saturday: Closed; Sunday: Closed,dental_clinic,Auckland,Wiri Auckland,no_prices
Specialist Endodontist,"414 Lake Road, Takapuna, Auckland 0622, New Zealand",,,,5,3,OPERATIONAL,https://maps.google.com/?cid=11723367343483001123&g_mp=Cidnb29nbGUubWFwcy5wbGFjZXMudjEuUGxhY2VzLlNlYXJjaFRleHQQAhgEIAA,Monday: 8:30 AM – 5:00 PM; Tuesday: 8:30 AM – 5:00 PM; Wednesday: 8:30 AM – 5:00 PM; Thursday: 8:30 AM – 5:00 PM; Friday: 8:30 AM – 5:00 PM; Saturday: Closed; Sunday: Closed,dental_clinic,Auckland,Takapuna Auckland,no_prices
St Heliers Dental Group,"162 Saint Heliers Bay Road, St Heliers, Auckland 1071, New Zealand",09 575 9590,+64 9 575 9590,http://www.shdg.co.nz/,5,10,OPERATIONAL,https://maps.google.com/?cid=6804412470962391698&g_mp=Cidnb29nbGUubWFwcy5wbGFjZXMudjEuUGxhY2VzLlNlYXJjaFRleHQQAhgEIAA,Monday: 8:00 AM – 5:00 PM; Tuesday: 8:00 AM – 5:00 PM; Wednesday: 8:00 AM – 5:00 PM; Thursday: 8:00 AM – 8:00 PM; Friday: 8:00 AM – 5:00 PM; Saturday: Closed; Sunday: Closed,dental_clinic,Auckland,St Heliers Auckland,no_prices
St Michaels Clinic Dental Surgery,"118 Remuera Road, Remuera, Auckland 1050, New Zealand",09 529 9273,+64 9 529 9273,,,,OPERATIONAL,https://maps.google.com/?cid=3081151229607819829&g_mp=Cidnb29nbGUubWFwcy5wbGFjZXMudjEuUGxhY2VzLlNlYXJjaFRleHQQAhgEIAA,,dental_clinic,Auckland,Newmarket Auckland,no_prices
St Patrick's Square Medical and Dental Centre,"33 Wyndham Street, Auckland CBD, Auckland 1010, New Zealand",09 302 2495,+64 9 302 2495,,5,1,OPERATIONAL,https://maps.google.com/?cid=17175761610490643623&g_mp=Cidnb29nbGUubWFwcy5wbGFjZXMudjEuUGxhY2VzLlNlYXJjaFRleHQQAhgEIAA,,dental_clinic,Auckland,Auckland CBD,no_prices
Stanmore Bay Dental Studio,"7/651 Whangaparaoa Road, Stanmore Bay, Whangaparāoa 0930, New Zealand",09 424 0651,+64 9 424 0651,https://www.dentalstudio.nz/,5,343,OPERATIONAL,https://maps.google.com/?cid=15063923476595044286&g_mp=Cidnb29nbGUubWFwcy5wbGFjZXMudjEuUGxhY2VzLlNlYXJjaFRleHQQAhgEIAA,Monday: 8:30 AM – 5:30 PM; Tuesday: 8:30 AM – 5:30 PM; Wednesday: 8:30 AM – 5:30 PM; Thursday: 8:30 AM – 5:30 PM; Friday: 8:30 AM – 5:30 PM; Saturday: Closed; Sunday: Closed,dental_clinic,Auckland,Gulf Harbour Auckland,no_prices
Stanmore Bay Denture Service,"unit g/592 Whangaparaoa Road, Stanmore Bay, Whangaparāoa 0932, New Zealand",09 424 7004,+64 9 424 7004,http://www.stanmorebaydentures.co.nz/,4.8,5,OPERATIONAL,https://maps.google.com/?cid=18215960560426468943&g_mp=Cidnb29nbGUubWFwcy5wbGFjZXMudjEuUGxhY2VzLlNlYXJjaFRleHQQAhgEIAA,Monday: 9:00 AM – 5:00 PM; Tuesday: 9:00 AM – 5:00 PM; Wednesday: 9:00 AM – 5:00 PM; Thursday: 9:00 AM – 5:00 PM; Friday: 9:00 AM – 1:00 PM; Saturday: Closed; Sunday: Closed,dental_clinic,Auckland,Stanmore Bay Auckland,no_prices
Star Dental,"44, Unit B/46 Constellation Drive, Rosedale, Auckland 0632, New Zealand",09 478 9466,+64 9 478 9466,https://stardental.co.nz/,4.9,128,OPERATIONAL,https://maps.google.com/?cid=12325543642211111315&g_mp=Cidnb29nbGUubWFwcy5wbGFjZXMudjEuUGxhY2VzLlNlYXJjaFRleHQQAhgEIAA,Monday: Closed; Tuesday: 9:00 AM – 5:30 PM; Wednesday: 9:00 AM – 5:30 PM; Thursday: 9:00 AM – 5:30 PM; Friday: 9:00 AM – 5:30 PM; Saturday: 9:00 AM – 5:30 PM; Sunday: Closed,dental_clinic,Auckland,Birkdale Auckland,no_prices
Stonefields Children’s Community Dental Clinic,"65 Stonemason Avenue, Mount Wellington, Auckland 1072, New Zealand",09 570 8915,+64 9 570 8915,https://www.waitematadhb.govt.nz/home/ards/,2.8,18,OPERATIONAL,https://maps.google.com/?cid=18396804885452660697&g_mp=Cidnb29nbGUubWFwcy5wbGFjZXMudjEuUGxhY2VzLlNlYXJjaFRleHQQAhgEIAA,Monday: 8:00 AM – 4:30 PM; Tuesday: 8:00 AM – 4:30 PM; Wednesday: 8:00 AM – 4:30 PM; Thursday: 8:00 AM – 4:30 PM; Friday: 8:00 AM – 4:30 PM; Saturday: Closed; Sunday: Closed,dental_clinic,Auckland,Mount Wellington Auckland,no_prices
Studio Pilates International Newmarket,"Level 1/255 Broadway, Newmarket, Auckland 1023, New Zealand",027 317 2880,+64 27 317 2880,https://www.studiopilates.com/studios/newmarket/,4.9,167,OPERATIONAL,https://maps.google.com/?cid=17095343490450796129&g_mp=Cidnb29nbGUubWFwcy5wbGFjZXMudjEuUGxhY2VzLlNlYXJjaFRleHQQAhgEIAA,Monday: 6:30 AM – 7:00 PM; Tuesday: 6:30 AM – 7:00 PM; Wednesday: 6:30 AM – 7:00 PM; Thursday: 6:30 AM – 8:00 PM; Friday: 6:30 AM – 1:00 PM; Saturday: 7:15 AM – 2:00 PM; Sunday: 8:15 – 11:30 AM,dental_clinic,Auckland,Newmarket Auckland,no_prices
Sunnynook Dentist,"117 Sunnynook Road, Forrest Hill, Auckland 0620, New Zealand",09 449 2006,+64 9 449 2006,https://www.sunnynookdentist.co.nz/,4.9,192,OPERATIONAL,https://maps.google.com/?cid=10032575563457912713&g_mp=Cidnb29nbGUubWFwcy5wbGFjZXMudjEuUGxhY2VzLlNlYXJjaFRleHQQAhgEIAA,Monday: 9:00 AM – 5:00 PM; Tuesday: 9:00 AM – 5:00 PM; Wednesday: 9:00 AM – 5:00 PM; Thursday: 9:00 AM – 5:00 PM; Friday: 9:00 AM – 5:00 PM; Saturday: 9:00 AM – 3:00 PM; Sunday: Closed,dental_clinic,Auckland,Forrest Hill Auckland,some_prices
Sunset Dental Care,"326 Sunset Road, Windsor Park, Auckland 0632, New Zealand",09 478 2112,+64 9 478 2112,https://sunsetdentalcare.co.nz/,5,75,OPERATIONAL,https://maps.google.com/?cid=14761267274768387362&g_mp=Cidnb29nbGUubWFwcy5wbGFjZXMudjEuUGxhY2VzLlNlYXJjaFRleHQQAhgEIAA,Monday: 8:00 AM – 5:00 PM; Tuesday: 8:00 AM – 5:00 PM; Wednesday: 8:00 AM – 7:00 PM; Thursday: 8:00 AM – 7:00 PM; Friday: 8:00 AM – 5:00 PM; Saturday: Closed; Sunday: Closed,dental_clinic,Auckland,Kingsland Auckland,some_prices
Swanson Dental,"49 Swanson Road, Henderson, Auckland 0610, New Zealand",09 837 0031,+64 9 837 0031,http://www.swansondental.co.nz/,4.7,126,OPERATIONAL,https://maps.google.com/?cid=8944303920963905255&g_mp=Cidnb29nbGUubWFwcy5wbGFjZXMudjEuUGxhY2VzLlNlYXJjaFRleHQQAhgEIAA,Monday: 9:00 AM – 5:00 PM; Tuesday: 9:00 AM – 5:00 PM; Wednesday: 9:00 AM – 5:00 PM; Thursday: 9:00 AM – 5:00 PM; Friday: 9:00 AM – 5:00 PM; Saturday: Closed; Sunday: Closed,dental_clinic,Auckland,Henderson Auckland,no_prices
Sylvia Park Children's Community Dental Clinic,"23 Longford Street, Mount Wellington, Auckland 1060, New Zealand",09 570 9310,+64 9 570 9310,https://servicefinder.co.nz/profile/Sylvia-Park-Primary-Children-s-Community-Dental-Clinic-99067,5,2,OPERATIONAL,https://maps.google.com/?cid=14201339331220368329&g_mp=Cidnb29nbGUubWFwcy5wbGFjZXMudjEuUGxhY2VzLlNlYXJjaFRleHQQAhgEIAA,,dental_clinic,Auckland,Mount Wellington Auckland,no_prices
Sylvia Park Shopping Centre,"286 Mount Wellington Highway, Mount Wellington, Auckland 1060, New Zealand",09 570 3777,+64 9 570 3777,https://www.sylviapark.com/,4.4,19827,OPERATIONAL,https://maps.google.com/?cid=3522939885294238734&g_mp=Cidnb29nbGUubWFwcy5wbGFjZXMudjEuUGxhY2VzLlNlYXJjaFRleHQQAhgEIAA,Monday: 9:00 AM – 7:00 PM; Tuesday: 9:00 AM – 7:00 PM; Wednesday: 9:00 AM – 7:00 PM; Thursday: 9:00 AM – 9:00 PM; Friday: 9:00 AM – 9:00 PM; Saturday: 9:00 AM – 7:00 PM; Sunday: 9:00 AM – 7:00 PM,dental_clinic,Auckland,Mount Wellington Auckland,no_prices
Symonds Street Dental Centre,"Ground Floor/73 Symonds Street, Grafton, Auckland 1010, New Zealand",09 379 7380,+64 9 379 7380,http://www.justsmile.co.nz/,5,198,OPERATIONAL,https://maps.google.com/?cid=14970110955409742868&g_mp=Cidnb29nbGUubWFwcy5wbGFjZXMudjEuUGxhY2VzLlNlYXJjaFRleHQQAhgEIAA,Monday: 7:30 AM – 5:00 PM; Tuesday: 7:30 AM – 5:00 PM; Wednesday: 7:30 AM – 4:00 PM; Thursday: 7:30 AM – 6:00 PM; Friday: 7:30 AM – 2:00 PM; Saturday: Closed; Sunday: Closed,dental_clinic,Auckland,Auckland CBD,some_prices
TMP Stevens Dental Surgery,"70 Wood Street, Papakura, Auckland 2110, New Zealand",09 298 5164,+64 9 298 5164,https://www.healthpoint.co.nz/dentistry/general-dentist/tmp-stevens-dental-surgery/,4.3,17,OPERATIONAL,https://maps.google.com/?cid=17618498930180039622&g_mp=Cidnb29nbGUubWFwcy5wbGFjZXMudjEuUGxhY2VzLlNlYXJjaFRleHQQAhgEIAA,Monday: 8:00 AM – 5:00 PM; Tuesday: 8:00 AM – 5:00 PM; Wednesday: 8:00 AM – 5:00 PM; Thursday: 8:00 AM – 5:00 PM; Friday: 8:00 AM – 5:00 PM; Saturday: 8:00 AM – 1:00 PM; Sunday: Closed,dental_clinic,Auckland,Papakura,no_prices
Takanini Dental Care,"Unit 17/108 Great South Road, Takanini, Auckland 2112, New Zealand",09 296 2636,+64 9 296 2636,https://www.takaninidental.co.nz/,4.5,82,OPERATIONAL,https://maps.google.com/?cid=15752153243018870547&g_mp=Cidnb29nbGUubWFwcy5wbGFjZXMudjEuUGxhY2VzLlNlYXJjaFRleHQQAhgEIAA,Monday: 8:30 AM – 6:00 PM; Tuesday: 8:30 AM – 6:00 PM; Wednesday: 8:30 AM – 5:00 PM; Thursday: 8:30 AM – 6:00 PM; Friday: 8:30 AM – 5:00 PM; Saturday: 8:30 AM – 3:00 PM; Sunday: Closed,dental_clinic,Auckland,Wiri Auckland,no_prices
Takapuna Como Street | Lumino The Dentists,"19 Como Street, Takapuna, Auckland 0622, New Zealand",09 361 7156,+64 9 361 7156,https://lumino.co.nz/dentists/takapuna-como-street/?utm_source=google_business_profile&utm_medium=organic,4.6,98,OPERATIONAL,https://maps.google.com/?cid=9594458235798946904&g_mp=Cidnb29nbGUubWFwcy5wbGFjZXMudjEuUGxhY2VzLlNlYXJjaFRleHQQAhgEIAA,Monday: 7:30 AM – 7:00 PM; Tuesday: 7:30 AM – 7:00 PM; Wednesday: 8:00 AM – 7:00 PM; Thursday: 7:30 AM – 6:00 PM; Friday: 8:00 AM – 4:00 PM; Saturday: 8:00 AM – 3:00 PM; Sunday: Closed,dental_clinic,Auckland,Takapuna Auckland,some_prices
Takapuna Dentists,"431 Lake Road, Takapuna, Auckland 0622, New Zealand",09 489 7574,+64 9 489 7574,https://takapunadentists.co.nz/,5,54,OPERATIONAL,https://maps.google.com/?cid=16551271627287138129&g_mp=Cidnb29nbGUubWFwcy5wbGFjZXMudjEuUGxhY2VzLlNlYXJjaFRleHQQAhgEIAA,Monday: 8:00 AM – 5:00 PM; Tuesday: 8:00 AM – 5:00 PM; Wednesday: 8:00 AM – 5:00 PM; Thursday: 8:00 AM – 5:00 PM; Friday: 8:00 AM – 5:00 PM; Saturday: Closed; Sunday: Closed,dental_clinic,Auckland,Takapuna Auckland,no_prices
Takapuna Health,"1/3 Anzac Street, Takapuna, Auckland 0622, New Zealand",09 486 5482,+64 9 486 5482,http://www.takapunahealth.co.nz/,3.6,48,OPERATIONAL,https://maps.google.com/?cid=4945636353021528502&g_mp=Cidnb29nbGUubWFwcy5wbGFjZXMudjEuUGxhY2VzLlNlYXJjaFRleHQQAhgEIAA,Monday: 8:00 AM – 5:30 PM; Tuesday: 8:00 AM – 5:30 PM; Wednesday: 8:00 AM – 5:30 PM; Thursday: 8:00 AM – 5:30 PM; Friday: 8:00 AM – 5:00 PM; Saturday: Closed; Sunday: Closed,dental_clinic,Auckland,Takapuna Auckland,no_prices
Takapuna Orthodontic Group,"2 Byron Avenue, Takapuna, Auckland 0622, New Zealand",09 486 3461,+64 9 486 3461,http://www.takapunaorthodonticgroup.co.nz/?utm_source=google&utm_medium=GMB,5,43,OPERATIONAL,https://maps.google.com/?cid=14851141727307806738&g_mp=Cidnb29nbGUubWFwcy5wbGFjZXMudjEuUGxhY2VzLlNlYXJjaFRleHQQAhgEIAA,Monday: 8:00 AM – 3:00 PM; Tuesday: 8:00 AM – 5:00 PM; Wednesday: 8:00 AM – 5:00 PM; Thursday: 8:00 AM – 5:00 PM; Friday: 8:00 AM – 5:00 PM; Saturday: Closed; Sunday: Closed,dental_clinic,Auckland,Takapuna Auckland,no_prices
Tam Dental Group - Cosmetic + General Dentistry,"18 Morrow Street, Newmarket, Auckland 1023, New Zealand",09 524 8399,+64 9 524 8399,https://www.clarencetam.co.nz/,5,22,OPERATIONAL,https://maps.google.com/?cid=9058902895237096494&g_mp=Cidnb29nbGUubWFwcy5wbGFjZXMudjEuUGxhY2VzLlNlYXJjaFRleHQQAhgEIAA,Monday: 8:00 AM – 4:30 PM; Tuesday: 8:00 AM – 4:30 PM; Wednesday: 8:00 AM – 4:30 PM; Thursday: 8:00 AM – 4:30 PM; Friday: 8:00 AM – 1:00 PM; Saturday: Closed; Sunday: Closed,dental_clinic,Auckland,Newmarket Auckland,some_prices
Tam Dental Group - Cosmetic + General Dentistry,"2A Fleet Street, Devonport, Auckland 0624, New Zealand",09 445 4574,+64 9 445 4574,https://www.clarencetam.co.nz/,4.7,13,OPERATIONAL,https://maps.google.com/?cid=2055603887748894348&g_mp=Cidnb29nbGUubWFwcy5wbGFjZXMudjEuUGxhY2VzLlNlYXJjaFRleHQQAhgEIAA,Monday: 8:00 AM – 4:30 PM; Tuesday: Closed; Wednesday: 8:00 AM – 4:30 PM; Thursday: 8:00 AM – 4:30 PM; Friday: Closed; Saturday: 8:30 AM – 5:00 PM; Sunday: Closed,dental_clinic,Auckland,Devonport Auckland,some_prices
Te Atatu Dental,"40 Te Atatu Road, Te Atatū Peninsula, Auckland 0610, New Zealand",09 393 9989,+64 9 393 9989,https://teatatudental.co.nz/,5,32,OPERATIONAL,https://maps.google.com/?cid=32012739540562938&g_mp=Cidnb29nbGUubWFwcy5wbGFjZXMudjEuUGxhY2VzLlNlYXJjaFRleHQQAhgEIAA,Monday: 9:00 AM – 5:00 PM; Tuesday: 9:00 AM – 5:00 PM; Wednesday: 11:00 AM – 7:00 PM; Thursday: 9:00 AM – 5:00 PM; Friday: 9:00 AM – 5:00 PM; Saturday: 10:00 AM – 2:00 PM; Sunday: Closed,dental_clinic,Auckland,Glen Eden Auckland,some_prices
Te Huruhi School Dental Clinic,"7 Donald Bruce Road, Surfdale, Waiheke Island 1081, New Zealand",,,,,,OPERATIONAL,https://maps.google.com/?cid=14207383742979241217&g_mp=Cidnb29nbGUubWFwcy5wbGFjZXMudjEuUGxhY2VzLlNlYXJjaFRleHQQAhgEIAA,,dental_clinic,Auckland,Waiheke Island Auckland,no_prices
Teeth Movers & More Limited,"Unit O/239 Rosedale Road, Rosedale, Auckland 0632, New Zealand",09 869 5059,+64 9 869 5059,https://teethmovers.co.nz/,5,7,OPERATIONAL,https://maps.google.com/?cid=14440195732439591234&g_mp=Cidnb29nbGUubWFwcy5wbGFjZXMudjEuUGxhY2VzLlNlYXJjaFRleHQQAhgEIAA,Monday: 10:30 AM – 5:00 PM; Tuesday: 10:30 AM – 5:00 PM; Wednesday: 10:30 AM – 5:00 PM; Thursday: 10:30 AM – 5:00 PM; Friday: 10:30 AM – 5:00 PM; Saturday: Closed; Sunday: Closed,dental_clinic,Auckland,Unsworth Heights Auckland,no_prices
Teeth Whitening Associates,"Auckland CBD, Auckland 1010, New Zealand",021 237 4553,+64 21 237 4553,http://www.teethwhitening.net.nz/,5,1,OPERATIONAL,https://maps.google.com/?cid=5487598774584939071&g_mp=Cidnb29nbGUubWFwcy5wbGFjZXMudjEuUGxhY2VzLlNlYXJjaFRleHQQAhgEIAA,,dental_clinic,Auckland,Auckland CBD,no_prices
Teeth Whitening Auckland,"120 Remuera Road, Remuera, Auckland 1050, New Zealand",09 520 0654,+64 9 520 0654,http://www.aucklandteethwhitening.co.nz/,4,1,OPERATIONAL,https://maps.google.com/?cid=15333080944421649655&g_mp=Cidnb29nbGUubWFwcy5wbGFjZXMudjEuUGxhY2VzLlNlYXJjaFRleHQQAhgEIAA,Monday: 8:30 AM – 5:00 PM; Tuesday: 8:30 AM – 6:00 PM; Wednesday: 9:00 AM – 2:00 PM; Thursday: 8:30 AM – 7:00 PM; Friday: 8:30 AM – 2:00 PM; Saturday: Closed; Sunday: Closed,dental_clinic,Auckland,Newmarket Auckland,no_prices
Telos Dental Technology,"855 Whangaparaoa Road, Manly, Whangaparāoa 0930, New Zealand",,,https://www.telosdentaltechnology.com/,5,1,OPERATIONAL,https://maps.google.com/?cid=14602722709946274243&g_mp=Cidnb29nbGUubWFwcy5wbGFjZXMudjEuUGxhY2VzLlNlYXJjaFRleHQQAhgEIAA,Monday: 9:00 AM – 4:00 PM; Tuesday: 9:00 AM – 4:00 PM; Wednesday: 9:00 AM – 4:00 PM; Thursday: 9:00 AM – 4:00 PM; Friday: 9:00 AM – 4:00 PM; Saturday: Closed; Sunday: Closed,dental_clinic,Auckland,Manly Auckland,no_prices
Tend Constellation Drive Urgent Care Medical Centre,"5 Home Place, Rosedale, Auckland 0632, New Zealand",09 479 7770,+64 9 479 7770,https://www.tend.nz/locations/tend-constellation-drive?utm_source=google&utm_medium=organic&utm_campaign=gbp,4.3,951,OPERATIONAL,https://maps.google.com/?cid=7776921267867978912&g_mp=Cidnb29nbGUubWFwcy5wbGFjZXMudjEuUGxhY2VzLlNlYXJjaFRleHQQAhgEIAA,Monday: 8:00 AM – 6:30 PM; Tuesday: 8:00 AM – 6:30 PM; Wednesday: 8:00 AM – 6:30 PM; Thursday: 8:00 AM – 6:30 PM; Friday: 8:00 AM – 6:30 PM; Saturday: 8:00 AM – 6:30 PM; Sunday: 8:00 AM – 6:30 PM,dental_clinic,Auckland,Unsworth Heights Auckland,no_prices
Tend Kingsland Medical Centre,"Unit A/317 New North Road, Kingsland, Auckland 1021, New Zealand",09 300 5076,+64 9 300 5076,https://www.tend.nz/locations/tend-kingsland?utm_source=google&utm_medium=organic&utm_campaign=gbp,3.9,131,OPERATIONAL,https://maps.google.com/?cid=7546791384718017132&g_mp=Cidnb29nbGUubWFwcy5wbGFjZXMudjEuUGxhY2VzLlNlYXJjaFRleHQQAhgEIAA,Monday: 8:00 AM – 5:30 PM; Tuesday: 8:00 AM – 5:30 PM; Wednesday: 8:00 AM – 5:30 PM; Thursday: 8:00 AM – 5:30 PM; Friday: 8:00 AM – 5:30 PM; Saturday: Closed; Sunday: Closed,dental_clinic,Auckland,Kingsland Auckland,no_prices
The Cosmetic Clinic Glenfield,"Shop 343 Glenfield Mall Cnr Glenfield Road &, Downing Street, Glenfield, Auckland 0629, New Zealand",09 353 0710,+64 9 353 0710,https://www.thecosmeticclinic.co.nz/?utm_source=google&utm_medium=organic&utm_campaign=gmb&utm_term=website+link,4.9,340,OPERATIONAL,https://maps.google.com/?cid=9228780733812589764&g_mp=Cidnb29nbGUubWFwcy5wbGFjZXMudjEuUGxhY2VzLlNlYXJjaFRleHQQAhgEIAA,Monday: 9:00 AM – 6:00 PM; Tuesday: 9:00 AM – 6:00 PM; Wednesday: 9:00 AM – 6:00 PM; Thursday: 9:00 AM – 9:00 PM; Friday: 9:00 AM – 9:00 PM; Saturday: 9:00 AM – 6:00 PM; Sunday: 10:00 AM – 5:30 PM,dental_clinic,Auckland,Glenfield Auckland,no_prices
The Cosmetic Clinic Milford,"Milford Shopping Centre Shop M-154D/24 Milford Road, Milford, Auckland 0620, New Zealand",09 600 3810,+64 9 600 3810,https://www.thecosmeticclinic.co.nz/?utm_source=google&utm_medium=organic&utm_campaign=gmb&utm_term=website+link,4.6,51,OPERATIONAL,https://maps.google.com/?cid=11472073946743643422&g_mp=Cidnb29nbGUubWFwcy5wbGFjZXMudjEuUGxhY2VzLlNlYXJjaFRleHQQAhgEIAA,Monday: 9:00 AM – 5:30 PM; Tuesday: 9:00 AM – 5:30 PM; Wednesday: 9:00 AM – 5:30 PM; Thursday: 9:00 AM – 7:00 PM; Friday: 9:00 AM – 5:30 PM; Saturday: 9:00 AM – 5:30 PM; Sunday: 10:00 AM – 5:00 PM,dental_clinic,Auckland,Milford Auckland,no_prices
The Cosmetic Clinic Newmarket,"S219, Westfield Newmarket – 309, Broadway, Newmarket, Auckland 1023, New Zealand",09 220 5373,+64 9 220 5373,https://www.thecosmeticclinic.co.nz/?utm_source=google&utm_medium=organic&utm_campaign=gmb&utm_term=website+link,4.8,461,OPERATIONAL,https://maps.google.com/?cid=2204246152565581588&g_mp=Cidnb29nbGUubWFwcy5wbGFjZXMudjEuUGxhY2VzLlNlYXJjaFRleHQQAhgEIAA,Monday: 9:00 AM – 7:00 PM; Tuesday: 9:00 AM – 7:00 PM; Wednesday: 9:00 AM – 7:00 PM; Thursday: 9:00 AM – 9:00 PM; Friday: 9:00 AM – 9:00 PM; Saturday: 9:00 AM – 7:00 PM; Sunday: 10:00 AM – 7:00 PM,dental_clinic,Auckland,Newmarket Auckland,no_prices
The Cosmetic Clinic Ponsonby,"63 Ponsonby Road, Ponsonby, Auckland 1011, New Zealand",09 220 6000,+64 9 220 6000,https://www.thecosmeticclinic.co.nz/?utm_source=google&utm_medium=organic&utm_campaign=gmb&utm_term=website+link,4.9,154,OPERATIONAL,https://maps.google.com/?cid=857766486106155295&g_mp=Cidnb29nbGUubWFwcy5wbGFjZXMudjEuUGxhY2VzLlNlYXJjaFRleHQQAhgEIAA,Monday: 10:00 AM – 6:30 PM; Tuesday: 9:00 AM – 6:30 PM; Wednesday: 9:00 AM – 6:30 PM; Thursday: 9:00 AM – 7:00 PM; Friday: 9:00 AM – 6:00 PM; Saturday: 9:00 AM – 6:00 PM; Sunday: 10:00 AM – 3:00 PM,dental_clinic,Auckland,Ponsonby Auckland,no_prices
The Cosmetic Clinic Queen Street,"246 Queen Street, Auckland CBD, Auckland 1010, New Zealand",09 220 4366,+64 9 220 4366,https://www.thecosmeticclinic.co.nz/?utm_source=google&utm_medium=organic&utm_campaign=gmb&utm_term=website+link,4.8,295,OPERATIONAL,https://maps.google.com/?cid=11034331739084228739&g_mp=Cidnb29nbGUubWFwcy5wbGFjZXMudjEuUGxhY2VzLlNlYXJjaFRleHQQAhgEIAA,Monday: 10:00 AM – 6:00 PM; Tuesday: 9:00 AM – 7:30 PM; Wednesday: 9:00 AM – 7:30 PM; Thursday: 9:00 AM – 7:30 PM; Friday: 9:00 AM – 6:00 PM; Saturday: 10:00 AM – 5:30 PM; Sunday: Closed,dental_clinic,Auckland,Auckland CBD,no_prices
The Cosmetic Clinic Westfield Manukau,"Manukau Station Road, Manukau City Centre, Auckland 2104, New Zealand",09 393 9366,+64 9 393 9366,https://www.thecosmeticclinic.co.nz/?utm_source=google&utm_medium=organic&utm_campaign=gmb&utm_term=website+link,4.9,1344,OPERATIONAL,https://maps.google.com/?cid=2541540497377371531&g_mp=Cidnb29nbGUubWFwcy5wbGFjZXMudjEuUGxhY2VzLlNlYXJjaFRleHQQAhgEIAA,Monday: 9:00 AM – 6:00 PM; Tuesday: 9:00 AM – 6:00 PM; Wednesday: 9:00 AM – 6:00 PM; Thursday: 9:00 AM – 9:00 PM; Friday: 9:00 AM – 9:00 PM; Saturday: 9:00 AM – 6:00 PM; Sunday: 10:00 AM – 5:30 PM,dental_clinic,Auckland,Wiri Auckland,no_prices
The Dental Bach,"B13/584 Whangaparaoa Road, New World retail complex, Stanmore Bay, Whangaparāoa 0932, New Zealand",09 424 1111,+64 9 424 1111,http://thedentalbach.co.nz/,4.7,89,OPERATIONAL,https://maps.google.com/?cid=11919397088785891840&g_mp=Cidnb29nbGUubWFwcy5wbGFjZXMudjEuUGxhY2VzLlNlYXJjaFRleHQQAhgEIAA,Monday: 8:30 AM – 7:00 PM; Tuesday: 8:30 AM – 5:30 PM; Wednesday: 8:30 AM – 7:00 PM; Thursday: 8:30 AM – 5:30 PM; Friday: 8:30 AM – 5:30 PM; Saturday: 10:00 AM – 2:00 PM; Sunday: Closed,dental_clinic,Auckland,Whangaparaoa Auckland,some_prices
The Dental Centre Browns Bay,"1/19 Bute Road, Browns Bay, Auckland 0630, New Zealand",09 479 7710,+64 9 479 7710,http://www.brownsbaydental.co.nz/,4.6,24,OPERATIONAL,https://maps.google.com/?cid=6125048812315842371&g_mp=Cidnb29nbGUubWFwcy5wbGFjZXMudjEuUGxhY2VzLlNlYXJjaFRleHQQAhgEIAA,Monday: 8:00 AM – 4:30 PM; Tuesday: 8:00 AM – 5:30 PM; Wednesday: 8:00 AM – 5:30 PM; Thursday: 8:00 AM – 4:30 PM; Friday: 8:00 AM – 12:30 PM; Saturday: Closed; Sunday: Closed,dental_clinic,Auckland,Beach Haven Auckland,no_prices
The Dental Company Pukekohe | Lumino The Dentists,"11 West Street, Pukekohe 2120, New Zealand",09 238 0438,+64 9 238 0438,https://lumino.co.nz/dentists/the-dental-company-pukekohe/?utm_source=google%20my%20business&utm_medium=organic,3.7,32,OPERATIONAL,https://maps.google.com/?cid=3327402661773497042&g_mp=Cidnb29nbGUubWFwcy5wbGFjZXMudjEuUGxhY2VzLlNlYXJjaFRleHQQAhgEIAA,Monday: 9:00 AM – 5:00 PM; Tuesday: 9:00 AM – 5:00 PM; Wednesday: 9:00 AM – 5:00 PM; Thursday: 9:00 AM – 5:00 PM; Friday: 9:00 AM – 12:00 PM; Saturday: Closed; Sunday: Closed,dental_clinic,Auckland,Pukekohe,some_prices
The Dental Experts,"38 Barrys Point Road, Takapuna, Auckland 0622, New Zealand",09 486 1605,+64 9 486 1605,http://www.thedentalexperts.co.nz/,5,107,OPERATIONAL,https://maps.google.com/?cid=407065525191275410&g_mp=Cidnb29nbGUubWFwcy5wbGFjZXMudjEuUGxhY2VzLlNlYXJjaFRleHQQAhgEIAA,Monday: 8:00 AM – 6:00 PM; Tuesday: 8:00 AM – 5:00 PM; Wednesday: 8:00 AM – 5:00 PM; Thursday: 8:00 AM – 6:00 PM; Friday: 8:00 AM – 4:00 PM; Saturday: Closed; Sunday: Closed,dental_clinic,Auckland,Takapuna Auckland,no_prices
The Dental Practice,"739 Chapel Road, Botany Downs, Auckland 2016, New Zealand",09 272 8182,+64 9 272 8182,http://www.dentalpractice.co.nz/,4.5,31,OPERATIONAL,https://maps.google.com/?cid=2607540573912917314&g_mp=Cidnb29nbGUubWFwcy5wbGFjZXMudjEuUGxhY2VzLlNlYXJjaFRleHQQAhgEIAA,Monday: 9:00 AM – 6:00 PM; Tuesday: 9:00 AM – 7:00 PM; Wednesday: 9:00 AM – 7:00 PM; Thursday: 9:00 AM – 6:00 PM; Friday: 9:00 AM – 4:00 PM; Saturday: Closed; Sunday: Closed,dental_clinic,Auckland,Bucklands Beach Auckland,no_prices
"The Dental Suite, Silverdale","6/44 Silverdale Street, Silverdale 0932, New Zealand",09 426 5262,+64 9 426 5262,http://www.dentalsuite.co.nz/,4.8,62,OPERATIONAL,https://maps.google.com/?cid=5134189865835113411&g_mp=Cidnb29nbGUubWFwcy5wbGFjZXMudjEuUGxhY2VzLlNlYXJjaFRleHQQAhgEIAA,Monday: 8:30 AM – 5:30 PM; Tuesday: 8:30 AM – 5:30 PM; Wednesday: 8:30 AM – 5:30 PM; Thursday: 8:30 AM – 5:30 PM; Friday: 8:30 AM – 5:30 PM; Saturday: 8:30 AM – 3:30 PM; Sunday: Closed,dental_clinic,Auckland,Silverdale Auckland,no_prices
The Dentist Highbrook,"31 Highbrook Drive, East Tāmaki, Auckland 2013, New Zealand",0274 469 600,+64 274 469 600,https://thedentistnz.nz/?utm_source=Google&utm_medium=Organic&utm_campaign=GBP&utm_term=Website,4.2,39,OPERATIONAL,https://maps.google.com/?cid=10388441946849528441&g_mp=Cidnb29nbGUubWFwcy5wbGFjZXMudjEuUGxhY2VzLlNlYXJjaFRleHQQAhgEIAA,Monday: 8:00 AM – 5:00 PM; Tuesday: 8:00 AM – 5:00 PM; Wednesday: 8:00 AM – 5:00 PM; Thursday: 8:00 AM – 5:00 PM; Friday: 8:00 AM – 5:00 PM; Saturday: Closed; Sunday: Closed,dental_clinic,Auckland,Wiri Auckland,some_prices
The Denture Centre,"45 Clyde Road, Browns Bay, Auckland 0630, New Zealand",09 479 2220,+64 9 479 2220,,5,5,OPERATIONAL,https://maps.google.com/?cid=1741612251934566658&g_mp=Cidnb29nbGUubWFwcy5wbGFjZXMudjEuUGxhY2VzLlNlYXJjaFRleHQQAhgEIAA,Monday: 9:00 AM – 5:30 PM; Tuesday: 9:00 AM – 5:30 PM; Wednesday: 9:00 AM – 5:30 PM; Thursday: 9:00 AM – 5:30 PM; Friday: 9:00 AM – 5:30 PM; Saturday: Closed; Sunday: Closed,dental_clinic,Auckland,Browns Bay Auckland,no_prices
The Denture Man,"257C Great South Road, Papakura, Auckland 2110, New Zealand",09 972 2545,+64 9 972 2545,https://www.thedentureman.nz/,4.2,22,OPERATIONAL,https://maps.google.com/?cid=15247184864552361600&g_mp=Cidnb29nbGUubWFwcy5wbGFjZXMudjEuUGxhY2VzLlNlYXJjaFRleHQQAhgEIAA,Monday: 9:00 AM – 5:00 PM; Tuesday: 9:00 AM – 5:00 PM; Wednesday: 9:00 AM – 5:00 PM; Thursday: 9:00 AM – 5:00 PM; Friday: 9:00 AM – 5:00 PM; Saturday: Closed; Sunday: Closed,dental_clinic,Auckland,Papakura,no_prices
The Denture Man,"234 King Street, Pukekohe 2120, New Zealand",027 347 3246,+64 27 347 3246,,4.2,5,OPERATIONAL,https://maps.google.com/?cid=10292756287534340885&g_mp=Cidnb29nbGUubWFwcy5wbGFjZXMudjEuUGxhY2VzLlNlYXJjaFRleHQQAhgEIAA,,dental_clinic,Auckland,Pukekohe,no_prices
The Denture Place Orewa,"Moana Avenue, Orewa 0931, New Zealand",09 424 3222,+64 9 424 3222,http://www.thedentureplace.co.nz/,5,4,OPERATIONAL,https://maps.google.com/?cid=14253072585733620105&g_mp=Cidnb29nbGUubWFwcy5wbGFjZXMudjEuUGxhY2VzLlNlYXJjaFRleHQQAhgEIAA,Monday: 9:00 AM – 5:00 PM; Tuesday: 9:00 AM – 5:00 PM; Wednesday: 9:00 AM – 5:00 PM; Thursday: 9:00 AM – 5:00 PM; Friday: 9:00 AM – 5:00 PM; Saturday: Closed; Sunday: Closed,dental_clinic,Auckland,Orewa Auckland,no_prices
The Fono City Healthcare Centre,"33 Wyndham Street, Auckland CBD, Auckland 1010, New Zealand",09 302 2496,+64 9 302 2496,https://thefono.org/,4.2,153,OPERATIONAL,https://maps.google.com/?cid=2480122043673785899&g_mp=Cidnb29nbGUubWFwcy5wbGFjZXMudjEuUGxhY2VzLlNlYXJjaFRleHQQAhgEIAA,Monday: 8:30 AM – 5:00 PM; Tuesday: 8:30 AM – 5:00 PM; Wednesday: 8:30 AM – 5:00 PM; Thursday: 8:30 AM – 5:00 PM; Friday: 8:30 AM – 5:00 PM; Saturday: Closed; Sunday: Closed,dental_clinic,Auckland,Auckland CBD,no_prices
The Fono Henderson Healthcare Centre,"411 Great North Road, Henderson, Auckland 0612, New Zealand",09 837 1780,+64 9 837 1780,https://thefono.org/,2.9,85,OPERATIONAL,https://maps.google.com/?cid=9897245383322055617&g_mp=Cidnb29nbGUubWFwcy5wbGFjZXMudjEuUGxhY2VzLlNlYXJjaFRleHQQAhgEIAA,Monday: 8:30 AM – 7:00 PM; Tuesday: 8:30 AM – 7:00 PM; Wednesday: 8:30 AM – 7:00 PM; Thursday: 8:30 AM – 7:00 PM; Friday: 8:30 AM – 5:00 PM; Saturday: Closed; Sunday: Closed,dental_clinic,Auckland,Henderson Auckland,no_prices
The Fono Manurewa Healthcare Centre,"7 Halver Road, Hillpark, Auckland 2102, New Zealand",0800 366 648,+64 800 366 648,https://thefono.org/,2.7,59,OPERATIONAL,https://maps.google.com/?cid=16733897254295594002&g_mp=Cidnb29nbGUubWFwcy5wbGFjZXMudjEuUGxhY2VzLlNlYXJjaFRleHQQAhgEIAA,Monday: 8:30 AM – 5:00 PM; Tuesday: 8:30 AM – 5:00 PM; Wednesday: 8:30 AM – 5:00 PM; Thursday: 8:30 AM – 5:00 PM; Friday: 8:30 AM – 5:00 PM; Saturday: Closed; Sunday: Closed,dental_clinic,Auckland,Manurewa Auckland,no_prices
The Franklin Dental Centre,"9 Tobin Street, Pukekohe 2120, New Zealand",09 238 9656,+64 9 238 9656,https://franklindentalcentre.co.nz/,4.5,30,OPERATIONAL,https://maps.google.com/?cid=8012541040677665291&g_mp=Cidnb29nbGUubWFwcy5wbGFjZXMudjEuUGxhY2VzLlNlYXJjaFRleHQQAhgEIAA,Monday: 9:00 AM – 5:00 PM; Tuesday: 9:00 AM – 5:00 PM; Wednesday: 9:00 AM – 5:00 PM; Thursday: 9:00 AM – 5:00 PM; Friday: 9:00 AM – 5:00 PM; Saturday: 9:00 AM – 5:00 PM; Sunday: Closed,dental_clinic,Auckland,Pukekohe,no_prices
The Oral Care Company Ltd,"120 Remuera Road, Remuera, Auckland 1050, New Zealand",09 524 2494,+64 9 524 2494,http://www.oralcare.co.nz/,5,4,OPERATIONAL,https://maps.google.com/?cid=14343482443122367547&g_mp=Cidnb29nbGUubWFwcy5wbGFjZXMudjEuUGxhY2VzLlNlYXJjaFRleHQQAhgEIAA,Monday: 7:00 AM – 6:00 PM; Tuesday: 7:00 AM – 6:00 PM; Wednesday: 7:00 AM – 6:00 PM; Thursday: 7:00 AM – 6:00 PM; Friday: 7:00 AM – 6:00 PM; Saturday: Closed; Sunday: Closed,dental_clinic,Auckland,Newmarket Auckland,no_prices
The Tooth Company Britomart,"54 Customs Street East, Auckland CBD, Auckland 1010, New Zealand",09 379 0099,+64 9 379 0099,http://www.thetoothcompany.co.nz/,4.7,62,OPERATIONAL,https://maps.google.com/?cid=305329263338186006&g_mp=Cidnb29nbGUubWFwcy5wbGFjZXMudjEuUGxhY2VzLlNlYXJjaFRleHQQAhgEIAA,Monday: Closed; Tuesday: 8:00 AM – 2:00 PM; Wednesday: 8:00 AM – 5:00 PM; Thursday: 8:00 AM – 6:00 PM; Friday: 8:00 AM – 4:00 PM; Saturday: Closed; Sunday: Closed,dental_clinic,Auckland,Auckland CBD,some_prices
The Tooth Company Eastridge,"Eastridge Shopping Centre Shop 27/215 Kepa Road, Mission Bay, Auckland 1071, New Zealand",09 521 2021,+64 9 521 2021,https://thetoothcompany.co.nz/,4.8,126,OPERATIONAL,https://maps.google.com/?cid=837231721343455882&g_mp=Cidnb29nbGUubWFwcy5wbGFjZXMudjEuUGxhY2VzLlNlYXJjaFRleHQQAhgEIAA,Monday: 8:00 AM – 8:00 PM; Tuesday: 8:00 AM – 8:00 PM; Wednesday: 8:00 AM – 8:00 PM; Thursday: 8:00 AM – 8:00 PM; Friday: 9:00 AM – 4:00 PM; Saturday: 9:00 AM – 4:00 PM; Sunday: 9:00 AM – 4:00 PM,dental_clinic,Auckland,Freemans Bay Auckland,some_prices
The Tooth Company Grey Lynn,"Unit B/274 Richmond Road, Grey Lynn, Auckland 1021, New Zealand",09 361 1110,+64 9 361 1110,https://thetoothcompany.co.nz/grey-lynn/,5,87,OPERATIONAL,https://maps.google.com/?cid=7557930184937131289&g_mp=Cidnb29nbGUubWFwcy5wbGFjZXMudjEuUGxhY2VzLlNlYXJjaFRleHQQAhgEIAA,Monday: 8:30 AM – 8:00 PM; Tuesday: 8:30 AM – 5:00 PM; Wednesday: 8:30 AM – 8:00 PM; Thursday: 8:30 AM – 8:00 PM; Friday: 9:00 AM – 4:00 PM; Saturday: 9:00 AM – 4:00 PM; Sunday: 10:00 AM – 5:00 PM,dental_clinic,Auckland,Ponsonby Auckland,some_prices
The Tooth Company Kids Smales Farm,"Shop 2B, Smales Farm, AIA House Ground Floor/74 Taharoto Road, Takapuna, Auckland 0622, New Zealand",09 410 9971,+64 9 410 9971,http://thetoothcompanykids.co.nz/,5,1,OPERATIONAL,https://maps.google.com/?cid=12081434037697324177&g_mp=Cidnb29nbGUubWFwcy5wbGFjZXMudjEuUGxhY2VzLlNlYXJjaFRleHQQAhgEIAA,Monday: 8:30 AM – 5:00 PM; Tuesday: Closed; Wednesday: 8:30 AM – 5:00 PM; Thursday: Closed; Friday: Closed; Saturday: 9:00 AM – 4:00 PM; Sunday: Closed,dental_clinic,Auckland,Takapuna Auckland,no_prices
The Tooth Company Smales Farm,"2B/74 Taharoto Road GF AIA House, Smales Farm, Takapuna, Auckland 0622, New Zealand",09 410 9971,+64 9 410 9971,http://www.thetoothcompany.co.nz/,4.5,94,OPERATIONAL,https://maps.google.com/?cid=14858788725939427312&g_mp=Cidnb29nbGUubWFwcy5wbGFjZXMudjEuUGxhY2VzLlNlYXJjaFRleHQQAhgEIAA,Monday: 8:00 AM – 8:00 PM; Tuesday: 8:00 AM – 8:00 PM; Wednesday: 8:00 AM – 8:00 PM; Thursday: 8:00 AM – 8:00 PM; Friday: 9:00 AM – 4:00 PM; Saturday: 9:00 AM – 4:00 PM; Sunday: 9:00 AM – 4:00 PM,dental_clinic,Auckland,Kingsland Auckland,some_prices
The Tooth Doctor,"Lower Ground - Northcare Accident and Medical 5 Home Place, Rosedale, Auckland 0632, New Zealand",09 873 3751,+64 9 873 3751,http://www.thetoothdoctor.co.nz/,5,199,OPERATIONAL,https://maps.google.com/?cid=7149264740723809899&g_mp=Cidnb29nbGUubWFwcy5wbGFjZXMudjEuUGxhY2VzLlNlYXJjaFRleHQQAhgEIAA,Monday: 8:00 AM – 4:00 PM; Tuesday: 7:30 AM – 4:00 PM; Wednesday: 8:00 AM – 6:00 PM; Thursday: 8:00 AM – 6:00 PM; Friday: 8:00 AM – 4:00 PM; Saturday: Closed; Sunday: Closed,dental_clinic,Auckland,Birkdale Auckland,no_prices
The Vet Centre Pukekohe,"11 Edinburgh Street, Pukekohe 2120, New Zealand",09 238 6897,+64 9 238 6897,https://www.vetcentre.co.nz/,4.7,319,OPERATIONAL,https://maps.google.com/?cid=11308347971335520920&g_mp=Cidnb29nbGUubWFwcy5wbGFjZXMudjEuUGxhY2VzLlNlYXJjaFRleHQQAhgEIAA,Monday: 7:30 AM – 6:00 PM; Tuesday: 7:30 AM – 6:00 PM; Wednesday: 7:30 AM – 6:00 PM; Thursday: 7:30 AM – 6:00 PM; Friday: 7:30 AM – 6:00 PM; Saturday: 8:30 AM – 2:00 PM; Sunday: Closed,dental_clinic,Auckland,Pukekohe,no_prices
The Warehouse Manukau,"35 Cavendish Drive, Manukau City Centre, Auckland 2104, New Zealand",09 262 1187,+64 9 262 1187,https://www.thewarehouse.co.nz/stores/manukau.html?utm_source=organic&utm_medium=gmb&utm_campaign=store_location,3.9,1739,OPERATIONAL,https://maps.google.com/?cid=2057469414865716904&g_mp=Cidnb29nbGUubWFwcy5wbGFjZXMudjEuUGxhY2VzLlNlYXJjaFRleHQQAhgEIAA,Monday: 8:00 AM – 12:00 AM; Tuesday: 8:00 AM – 12:00 AM; Wednesday: 8:00 AM – 12:00 AM; Thursday: 8:00 AM – 12:00 AM; Friday: 8:00 AM – 12:00 AM; Saturday: 8:00 AM – 12:00 AM; Sunday: 8:00 AM – 12:00 AM,dental_clinic,Auckland,Wiri Auckland,no_prices
The Warehouse Newmarket,"64-74 Broadway, Newmarket, Auckland 1023, New Zealand",09 523 1995,+64 9 523 1995,https://www.thewarehouse.co.nz/stores/newmarket.html?utm_source=organic&utm_medium=gmb&utm_campaign=store_location,3.9,979,OPERATIONAL,https://maps.google.com/?cid=10110866966793404845&g_mp=Cidnb29nbGUubWFwcy5wbGFjZXMudjEuUGxhY2VzLlNlYXJjaFRleHQQAhgEIAA,Monday: 8:00 AM – 9:00 PM; Tuesday: 8:00 AM – 9:00 PM; Wednesday: 8:00 AM – 9:00 PM; Thursday: 8:00 AM – 9:00 PM; Friday: 8:00 AM – 9:00 PM; Saturday: 8:00 AM – 9:00 PM; Sunday: 8:00 AM – 9:00 PM,dental_clinic,Auckland,Newmarket Auckland,no_prices
The Whitening Co Ponsonby Studio - Auckland Teeth Whitening,"4 Ponsonby Road, Ponsonby, Auckland 1011, New Zealand",0800 294 4836,+64 800 294 4836,http://www.whiteningco.nz/,4.9,139,OPERATIONAL,https://maps.google.com/?cid=6600954483807521755&g_mp=Cidnb29nbGUubWFwcy5wbGFjZXMudjEuUGxhY2VzLlNlYXJjaFRleHQQAhgEIAA,Monday: 9:00 AM – 6:00 PM; Tuesday: 9:00 AM – 9:00 PM; Wednesday: 10:00 AM – 6:00 PM; Thursday: 9:00 AM – 9:00 PM; Friday: 10:00 AM – 6:00 PM; Saturday: 9:00 AM – 4:00 PM; Sunday: 10:00 AM – 2:00 PM,dental_clinic,Auckland,Auckland CBD,no_prices
Thompson Dental,"377 Mount Albert Road, Mount Roskill, Auckland 1041, New Zealand",09 620 8066,+64 9 620 8066,https://thompsondental.co.nz/,4.9,55,OPERATIONAL,https://maps.google.com/?cid=6437968365007149630&g_mp=Cidnb29nbGUubWFwcy5wbGFjZXMudjEuUGxhY2VzLlNlYXJjaFRleHQQAhgEIAA,Monday: 8:15 AM – 5:15 PM; Tuesday: 8:15 AM – 5:15 PM; Wednesday: 8:15 AM – 5:15 PM; Thursday: 8:15 AM – 5:15 PM; Friday: 8:15 AM – 4:00 PM; Saturday: Closed; Sunday: Closed,dental_clinic,Auckland,Mount Eden Auckland,no_prices
Three Kings Accident and Medical Clinic,"536 Mount Albert Road, Mount Roskill, Auckland 1042, New Zealand",09 625 2999,+64 9 625 2999,http://www.threekings.co.nz/,3,264,OPERATIONAL,https://maps.google.com/?cid=11518591510315552861&g_mp=Cidnb29nbGUubWFwcy5wbGFjZXMudjEuUGxhY2VzLlNlYXJjaFRleHQQAhgEIAA,Monday: 8:00 AM – 8:00 PM; Tuesday: 8:00 AM – 8:00 PM; Wednesday: 8:00 AM – 8:00 PM; Thursday: 8:00 AM – 8:00 PM; Friday: 8:00 AM – 8:00 PM; Saturday: 8:00 AM – 8:00 PM; Sunday: 8:00 AM – 8:00 PM,dental_clinic,Auckland,Kingsland Auckland,no_prices
Three Kings Dental Centre,"536 Mount Albert Road, Three Kings, Auckland 1042, New Zealand",09 625 7175,+64 9 625 7175,http://www.3kingsdental.co.nz/,4.7,34,OPERATIONAL,https://maps.google.com/?cid=14656798877233069186&g_mp=Cidnb29nbGUubWFwcy5wbGFjZXMudjEuUGxhY2VzLlNlYXJjaFRleHQQAhgEIAA,Monday: 9:00 AM – 5:30 PM; Tuesday: 9:00 AM – 6:00 PM; Wednesday: 9:00 AM – 5:30 PM; Thursday: 9:00 AM – 5:30 PM; Friday: 9:00 AM – 6:00 PM; Saturday: 9:00 AM – 3:00 PM; Sunday: Closed,dental_clinic,Auckland,Kingsland Auckland,no_prices
Ti Rakau Dental Centre,"316 Ti Rakau Drive, Burswood, Auckland 2013, New Zealand",09 273 8911,+64 9 273 8911,https://www.tirakaudental.co.nz/,4.6,159,OPERATIONAL,https://maps.google.com/?cid=3688768762901352524&g_mp=Cidnb29nbGUubWFwcy5wbGFjZXMudjEuUGxhY2VzLlNlYXJjaFRleHQQAhgEIAA,Monday: 7:30 AM – 5:30 PM; Tuesday: 7:30 AM – 5:30 PM; Wednesday: 7:30 AM – 5:30 PM; Thursday: 7:30 AM – 5:30 PM; Friday: 7:30 AM – 5:30 PM; Saturday: 8:30 AM – 5:30 PM; Sunday: Closed,dental_clinic,Auckland,Pakuranga Auckland,no_prices
Ti Rakau OMS,"Pakuranga Medical Centre Level 1/11 Cortina Place, Pakuranga, Auckland 2010, New Zealand",09 280 3322,+64 9 280 3322,http://www.troms.nz/,4.9,258,OPERATIONAL,https://maps.google.com/?cid=12616751343472376520&g_mp=Cidnb29nbGUubWFwcy5wbGFjZXMudjEuUGxhY2VzLlNlYXJjaFRleHQQAhgEIAA,Monday: 7:30 AM – 4:00 PM; Tuesday: 7:30 AM – 4:00 PM; Wednesday: 7:30 AM – 4:00 PM; Thursday: 7:30 AM – 4:00 PM; Friday: Closed; Saturday: Closed; Sunday: Closed,dental_clinic,Auckland,Pakuranga Auckland,no_prices
Tino Pai Family Dental,"190 Onehunga Mall, Onehunga, Auckland 1061, New Zealand",,,https://www.tinopaidental.co.nz/,5,5,OPERATIONAL,https://maps.google.com/?cid=12490632434153825331&g_mp=Cidnb29nbGUubWFwcy5wbGFjZXMudjEuUGxhY2VzLlNlYXJjaFRleHQQAhgEIAA,Monday: 3:00 – 6:00 PM; Tuesday: 4:00 – 6:00 PM; Wednesday: Closed; Thursday: 4:00 – 7:00 PM; Friday: 1:00 – 5:00 PM; Saturday: 10:00 AM – 2:00 PM; Sunday: Closed,dental_clinic,Auckland,Onehunga Auckland,no_prices
Titirangi Dental Centre,"421 Titirangi Road, Titirangi, Auckland 0604, New Zealand",09 817 6057,+64 9 817 6057,http://www.tooth.co.nz/,4.6,98,OPERATIONAL,https://maps.google.com/?cid=12654707850344772311&g_mp=Cidnb29nbGUubWFwcy5wbGFjZXMudjEuUGxhY2VzLlNlYXJjaFRleHQQAhgEIAA,Monday: 8:00 AM – 5:00 PM; Tuesday: 8:00 AM – 6:00 PM; Wednesday: 8:00 AM – 6:00 PM; Thursday: 8:00 AM – 5:00 PM; Friday: 8:00 AM – 2:30 PM; Saturday: Closed; Sunday: Closed,dental_clinic,Auckland,Glen Eden Auckland,no_prices
Titirangi Smiles,"410 Titirangi Road Titirangi Studios, Titirangi, Auckland 0604, New Zealand",09 218 5007,+64 9 218 5007,http://www.titirangismiles.co.nz/,5,75,OPERATIONAL,https://maps.google.com/?cid=2839945164936256848&g_mp=Cidnb29nbGUubWFwcy5wbGFjZXMudjEuUGxhY2VzLlNlYXJjaFRleHQQAhgEIAA,Monday: 7:30 AM – 5:00 PM; Tuesday: 7:30 AM – 5:00 PM; Wednesday: 7:30 AM – 6:00 PM; Thursday: 12:00 – 8:00 PM; Friday: 8:00 AM – 4:00 PM; Saturday: Closed; Sunday: Closed,dental_clinic,Auckland,Glen Eden Auckland,no_prices
Titirangi Village Dental Care,"429 Titirangi Road, Titirangi, Auckland 0604, New Zealand",09 817 8012,+64 9 817 8012,http://www.titirangivillagedental.co.nz/,4.9,53,OPERATIONAL,https://maps.google.com/?cid=2066717469326513614&g_mp=Cidnb29nbGUubWFwcy5wbGFjZXMudjEuUGxhY2VzLlNlYXJjaFRleHQQAhgEIAA,Monday: 8:00 AM – 5:00 PM; Tuesday: 8:00 AM – 5:00 PM; Wednesday: 8:00 AM – 5:00 PM; Thursday: 8:00 AM – 5:00 PM; Friday: 8:00 AM – 5:00 PM; Saturday: Closed; Sunday: Closed,dental_clinic,Auckland,Glen Eden Auckland,no_prices
Tooth Care Pukekohe,"166 King Street, Pukekohe 2120, New Zealand",09 238 2343,+64 9 238 2343,https://toothcarepukekohe.co.nz/,4.5,112,OPERATIONAL,https://maps.google.com/?cid=18340853115386602247&g_mp=Cidnb29nbGUubWFwcy5wbGFjZXMudjEuUGxhY2VzLlNlYXJjaFRleHQQAhgEIAA,Monday: 9:00 AM – 6:00 PM; Tuesday: 9:00 AM – 6:00 PM; Wednesday: 9:00 AM – 6:00 PM; Thursday: 9:00 AM – 6:00 PM; Friday: 9:00 AM – 6:00 PM; Saturday: 11:00 AM – 6:00 PM; Sunday: 11:00 AM – 6:00 PM,dental_clinic,Auckland,Pukekohe,no_prices
Tooth Maker,"3E Tait Place, Rosedale, Auckland 0632, New Zealand",021 216 9801,+64 21 216 9801,,5,1,OPERATIONAL,https://maps.google.com/?cid=5705334054046797934&g_mp=Cidnb29nbGUubWFwcy5wbGFjZXMudjEuUGxhY2VzLlNlYXJjaFRleHQQAhgEIAA,Monday: 9:00 AM – 5:00 PM; Tuesday: 9:00 AM – 5:00 PM; Wednesday: 9:00 AM – 5:00 PM; Thursday: 9:00 AM – 5:00 PM; Friday: 9:00 AM – 5:00 PM; Saturday: Closed; Sunday: Closed,dental_clinic,Auckland,Unsworth Heights Auckland,no_prices
Torbay Community Doctor,"987 Beach Road, Torbay, Auckland 0630, New Zealand",09 473 9594,+64 9 473 9594,http://www.healthpoint.co.nz/doctors/gp/torbay-community-doctors/,4,4,OPERATIONAL,https://maps.google.com/?cid=14521272906956960994&g_mp=Cidnb29nbGUubWFwcy5wbGFjZXMudjEuUGxhY2VzLlNlYXJjaFRleHQQAhgEIAA,Monday: 8:00 AM – 5:30 PM; Tuesday: 8:00 AM – 5:30 PM; Wednesday: 8:00 AM – 5:30 PM; Thursday: 8:00 AM – 5:30 PM; Friday: Closed; Saturday: Closed; Sunday: Closed,dental_clinic,Auckland,Torbay Auckland,no_prices
Torbay Medical Centre,"1042 Beach Road, Torbay, Auckland 0630, New Zealand",09 477 9000,+64 9 477 9000,http://www.torbaymedical.co.nz/,3.1,74,OPERATIONAL,https://maps.google.com/?cid=12451549587803571306&g_mp=Cidnb29nbGUubWFwcy5wbGFjZXMudjEuUGxhY2VzLlNlYXJjaFRleHQQAhgEIAA,Monday: 8:00 AM – 5:00 PM; Tuesday: 8:00 AM – 5:00 PM; Wednesday: 8:00 AM – 5:00 PM; Thursday: 8:00 AM – 5:00 PM; Friday: 8:00 AM – 5:00 PM; Saturday: Closed; Sunday: Closed,dental_clinic,Auckland,Torbay Auckland,no_prices
Trafalgar Family Dental Clinic : Onehunga Dentist,"109a Trafalgar Street, Onehunga, Auckland 1061, New Zealand",09 622 0516,+64 9 622 0516,https://www.trafalgarfamilydental.co.nz/?utm_source=google%20my%20business&utm_medium=organic,4.8,73,OPERATIONAL,https://maps.google.com/?cid=8308834530743558211&g_mp=Cidnb29nbGUubWFwcy5wbGFjZXMudjEuUGxhY2VzLlNlYXJjaFRleHQQAhgEIAA,Monday: 9:00 AM – 5:00 PM; Tuesday: 9:00 AM – 5:00 PM; Wednesday: 9:00 AM – 5:00 PM; Thursday: 9:00 AM – 5:00 PM; Friday: 9:00 AM – 5:00 PM; Saturday: 9:00 AM – 4:00 PM; Sunday: Closed,dental_clinic,Auckland,Onehunga Auckland,no_prices
Trevor Webster Ltd,"110 Remuera Road, Remuera, Auckland 1050, New Zealand",09 523 3676,+64 9 523 3676,http://www.nzbraces.co.nz/,5,13,OPERATIONAL,https://maps.google.com/?cid=1442226870433216969&g_mp=Cidnb29nbGUubWFwcy5wbGFjZXMudjEuUGxhY2VzLlNlYXJjaFRleHQQAhgEIAA,Monday: 7:45 AM – 5:30 PM; Tuesday: 7:45 AM – 5:30 PM; Wednesday: 7:45 AM – 5:30 PM; Thursday: 7:45 AM – 5:30 PM; Friday: Closed; Saturday: Closed; Sunday: Closed,dental_clinic,Auckland,Remuera Auckland,no_prices
Tuakau Dental Centre,"53 George Street, Tuakau 2121, New Zealand",09 237 8150,+64 9 237 8150,https://www.tuakaudentalcentre.co.nz/,4.9,40,OPERATIONAL,https://maps.google.com/?cid=11935693499675574060&g_mp=Cidnb29nbGUubWFwcy5wbGFjZXMudjEuUGxhY2VzLlNlYXJjaFRleHQQAhgEIAA,Monday: 9:00 AM – 5:00 PM; Tuesday: 9:00 AM – 5:00 PM; Wednesday: 9:00 AM – 5:00 PM; Thursday: 9:00 AM – 5:00 PM; Friday: 9:00 AM – 5:00 PM; Saturday: 8:30 AM – 1:00 PM; Sunday: Closed,dental_clinic,Auckland,Tuakau,no_prices
Unichem Browns Road Pharmacy,"235E Browns Road, Manurewa, Auckland 2102, New Zealand",09 268 4527,+64 9 268 4527,http://www.unichem.co.nz/storelocator/store?id=2535814302&sid=2123,4.1,46,OPERATIONAL,https://maps.google.com/?cid=15417290987304290227&g_mp=Cidnb29nbGUubWFwcy5wbGFjZXMudjEuUGxhY2VzLlNlYXJjaFRleHQQAhgEIAA,Monday: 8:00 AM – 8:00 PM; Tuesday: 8:00 AM – 8:00 PM; Wednesday: 8:00 AM – 8:00 PM; Thursday: 8:00 AM – 8:00 PM; Friday: 8:00 AM – 8:00 PM; Saturday: 8:00 AM – 8:00 PM; Sunday: 8:00 AM – 8:00 PM,dental_clinic,Auckland,Wiri Auckland,no_prices
Unichem Dawson Road Pharmacy,"124 Dawson Road, Flat Bush, Auckland 2023, New Zealand",09 274 8816,+64 9 274 8816,http://www.unichem.co.nz/storelocator/store?id=2535814309&sid=Hunua,3.7,44,OPERATIONAL,https://maps.google.com/?cid=10432745361703349167&g_mp=Cidnb29nbGUubWFwcy5wbGFjZXMudjEuUGxhY2VzLlNlYXJjaFRleHQQAhgEIAA,Monday: 8:00 AM – 8:00 PM; Tuesday: 8:00 AM – 8:00 PM; Wednesday: 8:00 AM – 8:00 PM; Thursday: 8:00 AM – 8:00 PM; Friday: 8:00 AM – 8:00 PM; Saturday: 8:00 AM – 8:00 PM; Sunday: 8:00 AM – 8:00 PM,dental_clinic,Auckland,Clover Park Auckland,no_prices
Unichem Mangere Pharmacy,"12 Waddon Place, Māngere, Auckland 2022, New Zealand",09 265 4929,+64 9 265 4929,http://www.unichem.co.nz/storelocator/store?id=2535814306&sid=Pollok,3.2,52,OPERATIONAL,https://maps.google.com/?cid=10073965105197209274&g_mp=Cidnb29nbGUubWFwcy5wbGFjZXMudjEuUGxhY2VzLlNlYXJjaFRleHQQAhgEIAA,Monday: 8:00 AM – 8:00 PM; Tuesday: 8:00 AM – 8:00 PM; Wednesday: 8:00 AM – 8:00 PM; Thursday: 8:00 AM – 8:00 PM; Friday: 8:00 AM – 8:00 PM; Saturday: 8:00 AM – 8:00 PM; Sunday: 8:00 AM – 8:00 PM,dental_clinic,Auckland,Mangere Auckland,no_prices
Unichem Pukekohe Pharmacy,"16 West Street, Pukekohe 2110, New Zealand",09 238 7690,+64 9 238 7690,http://unichempukekohe.co.nz/,4.2,82,OPERATIONAL,https://maps.google.com/?cid=12173872074338336906&g_mp=Cidnb29nbGUubWFwcy5wbGFjZXMudjEuUGxhY2VzLlNlYXJjaFRleHQQAhgEIAA,Monday: 8:00 AM – 7:00 PM; Tuesday: 8:00 AM – 7:00 PM; Wednesday: 8:00 AM – 7:00 PM; Thursday: 8:00 AM – 7:00 PM; Friday: 8:00 AM – 7:00 PM; Saturday: 8:00 AM – 3:00 PM; Sunday: 9:00 AM – 2:00 PM,dental_clinic,Auckland,Pukekohe,no_prices
Unichem Queen Street Pharmacy,"262 Queen Street, Auckland CBD, Auckland 1010, New Zealand",09 375 1537,+64 9 375 1537,http://www.unichem.co.nz/,4,98,OPERATIONAL,https://maps.google.com/?cid=2925952336677658358&g_mp=Cidnb29nbGUubWFwcy5wbGFjZXMudjEuUGxhY2VzLlNlYXJjaFRleHQQAhgEIAA,Monday: 9:00 AM – 7:00 PM; Tuesday: 9:00 AM – 7:00 PM; Wednesday: 9:00 AM – 7:00 PM; Thursday: 9:00 AM – 7:00 PM; Friday: 9:00 AM – 7:00 PM; Saturday: 10:00 AM – 6:00 PM; Sunday: 10:00 AM – 6:00 PM,dental_clinic,Auckland,Auckland CBD,no_prices
Unichem Rangatira Pharmacy,"340 Rangatira Road, Beach Haven, Auckland 0626, New Zealand",09 483 6022,+64 9 483 6022,https://www.rangatirapharmacy.co.nz/,4.7,23,OPERATIONAL,https://maps.google.com/?cid=15885731894928236617&g_mp=Cidnb29nbGUubWFwcy5wbGFjZXMudjEuUGxhY2VzLlNlYXJjaFRleHQQAhgEIAA,Monday: 9:00 AM – 5:30 PM; Tuesday: 9:00 AM – 5:30 PM; Wednesday: 9:00 AM – 5:30 PM; Thursday: 9:00 AM – 5:30 PM; Friday: 9:00 AM – 6:00 PM; Saturday: 9:00 AM – 12:00 PM; Sunday: Closed,dental_clinic,Auckland,Beach Haven Auckland,no_prices
Unichem Torbay Pharmacy,"1040 Beach Road, Torbay, Auckland 0630, New Zealand",09 473 9629,+64 9 473 9629,http://www.torbaypharmacy.co.nz/,4.3,47,OPERATIONAL,https://maps.google.com/?cid=8059880260584740941&g_mp=Cidnb29nbGUubWFwcy5wbGFjZXMudjEuUGxhY2VzLlNlYXJjaFRleHQQAhgEIAA,Monday: 8:30 AM – 6:00 PM; Tuesday: 8:30 AM – 6:00 PM; Wednesday: 8:30 AM – 6:00 PM; Thursday: 8:30 AM – 6:00 PM; Friday: 8:30 AM – 6:00 PM; Saturday: 9:30 AM – 4:00 PM; Sunday: Closed,dental_clinic,Auckland,Torbay Auckland,no_prices
VS Dental Studio,"5/142 Stancombe Road, Flat Bush, Auckland 2016, New Zealand",09 666 9200,+64 9 666 9200,https://vsdental.co.nz/,4.3,10,OPERATIONAL,https://maps.google.com/?cid=11380444250516037002&g_mp=Cidnb29nbGUubWFwcy5wbGFjZXMudjEuUGxhY2VzLlNlYXJjaFRleHQQAhgEIAA,Monday: 9:00 AM – 5:00 PM; Tuesday: 9:00 AM – 5:00 PM; Wednesday: 9:00 AM – 5:00 PM; Thursday: 9:00 AM – 5:00 PM; Friday: 9:00 AM – 5:00 PM; Saturday: 9:00 AM – 5:00 PM; Sunday: 9:00 AM – 5:00 PM,dental_clinic,Auckland,Flat Bush Auckland,no_prices
Viva Dental Birkenhead | Lumino The Dentists,"182 Hinemoa Street, Birkenhead, Auckland 0626, New Zealand",09 480 7265,+64 9 480 7265,https://lumino.co.nz/dentists/viva-dental-birkenhead/?utm_source=google_business_profile&utm_medium=organic,4.3,46,OPERATIONAL,https://maps.google.com/?cid=14626757661946338902&g_mp=Cidnb29nbGUubWFwcy5wbGFjZXMudjEuUGxhY2VzLlNlYXJjaFRleHQQAhgEIAA,Monday: 9:00 AM – 5:00 PM; Tuesday: 9:00 AM – 5:00 PM; Wednesday: 9:00 AM – 5:00 PM; Thursday: 9:00 AM – 8:00 PM; Friday: 9:00 AM – 5:00 PM; Saturday: 9:00 AM – 3:00 PM; Sunday: Closed,dental_clinic,Auckland,Birkenhead Auckland,some_prices
Viva Dental Care,"1280 Dominion Road, Mount Roskill, Auckland 1041, New Zealand",022 617 6654,+64 22 617 6654,https://www.vivadentalcare.co.nz/,,,OPERATIONAL,https://maps.google.com/?cid=14996960104487570943&g_mp=Cidnb29nbGUubWFwcy5wbGFjZXMudjEuUGxhY2VzLlNlYXJjaFRleHQQAhgEIAA,Monday: 9:00 AM – 5:00 PM; Tuesday: 9:00 AM – 5:00 PM; Wednesday: 9:00 AM – 5:00 PM; Thursday: 9:00 AM – 5:00 PM; Friday: 9:00 AM – 5:00 PM; Saturday: 9:00 AM – 5:00 PM; Sunday: Closed,dental_clinic,Auckland,Mount Eden Auckland,no_prices
W M Dental,"40A Constellation Drive, Rosedale, Auckland 0632, New Zealand",09 478 5233,+64 9 478 5233,http://www.wmdental.co.nz/,4.9,72,OPERATIONAL,https://maps.google.com/?cid=16641445977886145940&g_mp=Cidnb29nbGUubWFwcy5wbGFjZXMudjEuUGxhY2VzLlNlYXJjaFRleHQQAhgEIAA,Monday: 8:00 AM – 5:00 PM; Tuesday: 8:00 AM – 7:30 PM; Wednesday: 8:00 AM – 5:00 PM; Thursday: 8:00 AM – 7:30 PM; Friday: 8:00 AM – 4:00 PM; Saturday: Closed; Sunday: Closed,dental_clinic,Auckland,Rosedale Auckland,some_prices
Waiata Shores Dental,"7/2 Te Napi Drive, Takanini, Auckland 2112, New Zealand",09 391 7777,+64 9 391 7777,http://www.wsd.nz/,4.8,169,OPERATIONAL,https://maps.google.com/?cid=809327432935061282&g_mp=Cidnb29nbGUubWFwcy5wbGFjZXMudjEuUGxhY2VzLlNlYXJjaFRleHQQAhgEIAA,Monday: 8:30 AM – 5:00 PM; Tuesday: 8:30 AM – 5:00 PM; Wednesday: 8:30 AM – 6:00 PM; Thursday: 8:30 AM – 6:00 PM; Friday: 8:30 AM – 5:30 PM; Saturday: 8:00 AM – 5:00 PM; Sunday: Closed,dental_clinic,Auckland,Manurewa Auckland,no_prices
Waiheke Dental Centre,"2 Putiki Road, Ostend, Waiheke Island 1081, New Zealand",09 372 7422,+64 9 372 7422,https://waihekedental.co.nz/,4.9,12,OPERATIONAL,https://maps.google.com/?cid=10217059029770050117&g_mp=Cidnb29nbGUubWFwcy5wbGFjZXMudjEuUGxhY2VzLlNlYXJjaFRleHQQAhgEIAA,Monday: 9:15 AM – 5:00 PM; Tuesday: 8:30 AM – 7:30 PM; Wednesday: 9:00 AM – 5:00 PM; Thursday: 8:00 AM – 7:30 PM; Friday: 8:00 AM – 2:00 PM; Saturday: Closed; Sunday: Closed,dental_clinic,Auckland,Waiheke Island Auckland,no_prices
Wairau Park Dental Centre | Lumino The Dentists,"1 Totaravale Drive, Wairau Valley, Glenfield 0627, New Zealand",09 444 0522,+64 9 444 0522,https://lumino.co.nz/dentists/wairau-park-dental-centre/?utm_source=google_business_profile&utm_medium=organic,4.1,47,OPERATIONAL,https://maps.google.com/?cid=10206643972637009519&g_mp=Cidnb29nbGUubWFwcy5wbGFjZXMudjEuUGxhY2VzLlNlYXJjaFRleHQQAhgEIAA,Monday: 8:00 AM – 5:00 PM; Tuesday: 8:00 AM – 5:00 PM; Wednesday: 8:00 AM – 5:00 PM; Thursday: 8:00 AM – 5:00 PM; Friday: Closed; Saturday: Closed; Sunday: Closed,dental_clinic,Auckland,Glenfield Auckland,some_prices
Wakaaranga School Dental Clinic,"Manukau/18 Butley Drive, Farm Cove, Auckland 2012, New Zealand",0800 825 583,+64 800 825 583,https://www.wakaaranga.school.nz/dental-care,3.7,3,OPERATIONAL,https://maps.google.com/?cid=9355399070468121724&g_mp=Cidnb29nbGUubWFwcy5wbGFjZXMudjEuUGxhY2VzLlNlYXJjaFRleHQQAhgEIAA,Monday: 8:00 AM – 4:30 PM; Tuesday: 8:00 AM – 4:30 PM; Wednesday: 8:00 AM – 4:30 PM; Thursday: 8:00 AM – 4:30 PM; Friday: 8:00 AM – 4:30 PM; Saturday: Closed; Sunday: Closed,dental_clinic,Auckland,Bucklands Beach Auckland,no_prices
Warkworth Dental Practice,"6 Morpeth Street, Warkworth 0910, New Zealand",09 425 8476,+64 9 425 8476,https://warkworthdental.co.nz/,4.6,37,OPERATIONAL,https://maps.google.com/?cid=12829254752933929399&g_mp=Cidnb29nbGUubWFwcy5wbGFjZXMudjEuUGxhY2VzLlNlYXJjaFRleHQQAhgEIAA,Monday: 8:00 AM – 5:00 PM; Tuesday: 8:00 AM – 5:00 PM; Wednesday: 8:00 AM – 5:00 PM; Thursday: 8:00 AM – 5:00 PM; Friday: 8:00 AM – 4:00 PM; Saturday: Closed; Sunday: Closed,dental_clinic,Auckland,Warkworth Auckland,no_prices
Watson Gilbert Specialist Prosthodontist,"5 Saint Marks Road, Remuera, Auckland 1050, New Zealand",09 522 6562,+64 9 522 6562,http://www.aucklandprosthodontist.co.nz/,5,6,OPERATIONAL,https://maps.google.com/?cid=10314314222087108059&g_mp=Cidnb29nbGUubWFwcy5wbGFjZXMudjEuUGxhY2VzLlNlYXJjaFRleHQQAhgEIAA,Monday: 8:00 AM – 5:00 PM; Tuesday: 8:00 AM – 5:00 PM; Wednesday: 8:00 AM – 5:00 PM; Thursday: 8:00 AM – 5:00 PM; Friday: 8:00 AM – 5:00 PM; Saturday: Closed; Sunday: Closed,dental_clinic,Auckland,Newmarket Auckland,no_prices
Wesley Intermediate Children's Community Dental Clinic,"Sandringham, Auckland 1041, New Zealand",09 620 2564,+64 9 620 2564,http://www.ards.co.nz/,5,6,OPERATIONAL,https://maps.google.com/?cid=7593090942080513803&g_mp=Cidnb29nbGUubWFwcy5wbGFjZXMudjEuUGxhY2VzLlNlYXJjaFRleHQQAhgEIAA,Monday: 8:00 AM – 4:30 PM; Tuesday: 8:00 AM – 4:30 PM; Wednesday: 8:00 AM – 4:30 PM; Thursday: 8:00 AM – 4:30 PM; Friday: 8:00 AM – 4:30 PM; Saturday: Closed; Sunday: Closed,dental_clinic,Auckland,Sandringham Auckland,no_prices
West Harbour Dental,"58 Hobsonville Road, West Harbour, Auckland 0618, New Zealand",09 416 9619,+64 9 416 9619,http://www.whdental.co.nz/,4.8,47,OPERATIONAL,https://maps.google.com/?cid=9930451144562796391&g_mp=Cidnb29nbGUubWFwcy5wbGFjZXMudjEuUGxhY2VzLlNlYXJjaFRleHQQAhgEIAA,Monday: 9:00 AM – 5:30 PM; Tuesday: 9:00 AM – 7:00 PM; Wednesday: 9:00 AM – 7:00 PM; Thursday: 9:00 AM – 5:30 PM; Friday: 9:00 AM – 5:30 PM; Saturday: 9:00 AM – 5:30 PM; Sunday: Closed,dental_clinic,Auckland,West Harbour Auckland,no_prices
Westgate Dental Centre,"16/6 Maki Street, Massey, North, Auckland 0614, New Zealand",09 832 2998,+64 9 832 2998,https://www.asmile.co.nz/,4.8,29,OPERATIONAL,https://maps.google.com/?cid=2229957097184704862&g_mp=Cidnb29nbGUubWFwcy5wbGFjZXMudjEuUGxhY2VzLlNlYXJjaFRleHQQAhgEIAA,Monday: 9:00 AM – 5:00 PM; Tuesday: 9:00 AM – 5:00 PM; Wednesday: 9:00 AM – 5:00 PM; Thursday: 9:00 AM – 7:00 PM; Friday: 9:00 AM – 5:00 PM; Saturday: 9:00 AM – 5:00 PM; Sunday: Closed,dental_clinic,Auckland,Massey Auckland,some_prices
Westlake Dental Specialists,"15 Shea Terrace, Takapuna, Auckland 0622, New Zealand",09 489 2745,+64 9 489 2745,http://www.molar.co.nz/,4.9,46,OPERATIONAL,https://maps.google.com/?cid=15825571848396259245&g_mp=Cidnb29nbGUubWFwcy5wbGFjZXMudjEuUGxhY2VzLlNlYXJjaFRleHQQAhgEIAA,Monday: 7:30 AM – 4:30 PM; Tuesday: 7:30 AM – 4:30 PM; Wednesday: 7:30 AM – 4:30 PM; Thursday: 7:30 AM – 4:30 PM; Friday: 7:30 AM – 4:30 PM; Saturday: Closed; Sunday: Closed,dental_clinic,Auckland,Takapuna Auckland,no_prices
Westview Medical Centre,"5 Glendale Road, Glen Eden, Auckland 0602, New Zealand",09 818 7111,+64 9 818 7111,https://westviewmedical.co.nz/,3.1,94,OPERATIONAL,https://maps.google.com/?cid=1882863215718754358&g_mp=Cidnb29nbGUubWFwcy5wbGFjZXMudjEuUGxhY2VzLlNlYXJjaFRleHQQAhgEIAA,Monday: 8:30 AM – 5:30 PM; Tuesday: 8:30 AM – 5:30 PM; Wednesday: 8:30 AM – 5:30 PM; Thursday: 8:30 AM – 5:30 PM; Friday: 8:30 AM – 5:30 PM; Saturday: Closed; Sunday: Closed,dental_clinic,Auckland,Glen Eden Auckland,no_prices
Whanau Ora Community Clinic,"258 Puhinui Road, Papatoetoe, Auckland 2025, New Zealand",0800 367 942,+64 800 367 942,https://www.whanauoracommunity.com/,3.4,30,OPERATIONAL,https://maps.google.com/?cid=1859308865723290214&g_mp=Cidnb29nbGUubWFwcy5wbGFjZXMudjEuUGxhY2VzLlNlYXJjaFRleHQQAhgEIAA,Monday: 9:00 AM – 4:30 PM; Tuesday: 9:00 AM – 4:30 PM; Wednesday: 9:00 AM – 4:30 PM; Thursday: 9:00 AM – 4:30 PM; Friday: 9:00 AM – 4:30 PM; Saturday: Closed; Sunday: Closed,dental_clinic,Auckland,Wiri Auckland,no_prices
Whangaparaoa Dental Centre,"719 Whangaparaoa Road, Manly, Whangaparāoa 0930, New Zealand",09 424 5294,+64 9 424 5294,http://www.whangaparaoadental.co.nz/,4.3,12,OPERATIONAL,https://maps.google.com/?cid=7564532580241807854&g_mp=Cidnb29nbGUubWFwcy5wbGFjZXMudjEuUGxhY2VzLlNlYXJjaFRleHQQAhgEIAA,Monday: 8:30 AM – 5:00 PM; Tuesday: 8:30 AM – 5:00 PM; Wednesday: 8:30 AM – 5:00 PM; Thursday: 8:30 AM – 5:00 PM; Friday: 8:30 AM – 5:00 PM; Saturday: 9:30 AM – 1:00 PM; Sunday: Closed,dental_clinic,Auckland,Beach Haven Auckland,no_prices
White Cross - Henderson 24/7,"131 Lincoln Road, Henderson, Auckland 0610, New Zealand",09 836 3336,+64 9 836 3336,https://www.whitecross.co.nz/clinics/henderson-24-7/?utm_source=google&utm_medium=gmb&utm_campaign=gmb_trial,2.1,418,OPERATIONAL,https://maps.google.com/?cid=6405506895392545491&g_mp=Cidnb29nbGUubWFwcy5wbGFjZXMudjEuUGxhY2VzLlNlYXJjaFRleHQQAhgEIAA,Monday: Open 24 hours; Tuesday: Open 24 hours; Wednesday: Open 24 hours; Thursday: Open 24 hours; Friday: Open 24 hours; Saturday: Open 24 hours; Sunday: Open 24 hours,dental_clinic,Auckland,Henderson Auckland,no_prices
White Cross - Otahuhu Urgent Care Clinic,"15 Station Road, Ōtāhuhu, Auckland 1062, New Zealand",09 276 3000,+64 9 276 3000,,3,99,OPERATIONAL,https://maps.google.com/?cid=12133618880158977580&g_mp=Cidnb29nbGUubWFwcy5wbGFjZXMudjEuUGxhY2VzLlNlYXJjaFRleHQQAhgEIAA,Monday: 8:00 AM – 8:00 PM; Tuesday: 8:00 AM – 8:00 PM; Wednesday: 8:00 AM – 8:00 PM; Thursday: 8:00 AM – 8:00 PM; Friday: 8:00 AM – 8:00 PM; Saturday: 8:00 AM – 8:00 PM; Sunday: 8:00 AM – 8:00 PM,dental_clinic,Auckland,Otahuhu Auckland,no_prices
White Cross Dental,"131 Lincoln Road, Henderson, Auckland 0610, New Zealand",09 837 2915,+64 9 837 2915,http://dentisthenderson.co.nz/,4.5,156,OPERATIONAL,https://maps.google.com/?cid=2058802230570027045&g_mp=Cidnb29nbGUubWFwcy5wbGFjZXMudjEuUGxhY2VzLlNlYXJjaFRleHQQAhgEIAA,Monday: 8:00 AM – 7:00 PM; Tuesday: 8:00 AM – 7:00 PM; Wednesday: 8:00 AM – 7:00 PM; Thursday: 8:00 AM – 7:00 PM; Friday: 8:00 AM – 5:00 PM; Saturday: 8:00 AM – 5:00 PM; Sunday: 8:30 AM – 5:00 PM,dental_clinic,Auckland,Kingsland Auckland,no_prices
White Cross Dental St Lukes,"52 Saint Lukes Road, Mount Albert, Auckland 1025, New Zealand",09 849 2262,+64 9 849 2262,http://www.dentiststlukes.co.nz/,3.9,43,OPERATIONAL,https://maps.google.com/?cid=12597719074669421073&g_mp=Cidnb29nbGUubWFwcy5wbGFjZXMudjEuUGxhY2VzLlNlYXJjaFRleHQQAhgEIAA,Monday: 8:00 AM – 7:00 PM; Tuesday: 8:00 AM – 8:00 PM; Wednesday: 8:00 AM – 7:00 PM; Thursday: 8:00 AM – 4:00 PM; Friday: 8:00 AM – 7:00 PM; Saturday: 8:00 AM – 4:00 PM; Sunday: 8:00 AM – 4:00 PM,dental_clinic,Auckland,Auckland CBD,no_prices
White Smile Takapuna | Lumino The Dentists,"15-17 Hurstmere Road, Takapuna, Auckland 0622, New Zealand",09 486 0080,+64 9 486 0080,https://lumino.co.nz/dentists/white-smile-dental-takapuna/?utm_source=google_business_profile&utm_medium=organic,4.6,134,OPERATIONAL,https://maps.google.com/?cid=15300279456099346733&g_mp=Cidnb29nbGUubWFwcy5wbGFjZXMudjEuUGxhY2VzLlNlYXJjaFRleHQQAhgEIAA,Monday: 8:30 AM – 5:00 PM; Tuesday: 8:30 AM – 5:00 PM; Wednesday: 8:30 AM – 5:00 PM; Thursday: 8:30 AM – 5:00 PM; Friday: Closed; Saturday: Closed; Sunday: Closed,dental_clinic,Auckland,Takapuna Auckland,some_prices
Wiri Family Doctors,"10/792 Great South Road, Wiri, Auckland 2104, New Zealand",09 263 6622,+64 9 263 6622,https://health365.co.nz/SGAccount/LogOn,3.9,35,OPERATIONAL,https://maps.google.com/?cid=2846950177323837121&g_mp=Cidnb29nbGUubWFwcy5wbGFjZXMudjEuUGxhY2VzLlNlYXJjaFRleHQQAhgEIAA,Monday: 9:00 AM – 5:30 PM; Tuesday: 9:00 AM – 5:30 PM; Wednesday: 9:00 AM – 5:30 PM; Thursday: 9:00 AM – 5:30 PM; Friday: 9:00 AM – 5:30 PM; Saturday: 9:00 AM – 1:00 PM; Sunday: Closed,dental_clinic,Auckland,Wiri Auckland,no_prices
Woolworths Auckland City,"76 Quay Street, Auckland CBD, Auckland 1010, New Zealand",09 373 5017,+64 9 373 5017,https://www.woolworths.co.nz/store-finder/9094/auckland/auckland-city-woolworths?utm_source=google&utm_medium=organic&utm_campaign=gmb&utm_term=woolworths-auckland-city,4.1,4525,OPERATIONAL,https://maps.google.com/?cid=12622878509038908173&g_mp=Cidnb29nbGUubWFwcy5wbGFjZXMudjEuUGxhY2VzLlNlYXJjaFRleHQQAhgEIAA,Monday: 7:00 AM – 10:00 PM; Tuesday: 7:00 AM – 10:00 PM; Wednesday: 7:00 AM – 10:00 PM; Thursday: 7:00 AM – 10:00 PM; Friday: 7:00 AM – 10:00 PM; Saturday: 7:00 AM – 10:00 PM; Sunday: 7:00 AM – 10:00 PM,dental_clinic,Auckland,Auckland CBD,no_prices
Woolworths Manukau,"652 Great South Road, Manukau City Centre, Auckland 2104, New Zealand",09 263 9765,+64 9 263 9765,https://www.woolworths.co.nz/store-finder/9161/manukau/manukau-woolworths?utm_source=google&utm_medium=organic&utm_campaign=gmb&utm_term=woolworths-manukau,4.1,2804,OPERATIONAL,https://maps.google.com/?cid=1482865136815193797&g_mp=Cidnb29nbGUubWFwcy5wbGFjZXMudjEuUGxhY2VzLlNlYXJjaFRleHQQAhgEIAA,Monday: 7:00 AM – 10:00 PM; Tuesday: 7:00 AM – 10:00 PM; Wednesday: 7:00 AM – 10:00 PM; Thursday: 7:00 AM – 10:00 PM; Friday: 7:00 AM – 10:00 PM; Saturday: 7:00 AM – 10:00 PM; Sunday: 7:00 AM – 10:00 PM,dental_clinic,Auckland,Clover Park Auckland,no_prices
Woolworths Mt Eden,"Cnr Valley &, Dominion Road, Mount Eden, Auckland 1024, New Zealand",09 638 7164,+64 9 638 7164,https://www.woolworths.co.nz/store-finder/9235/mt-eden-auckland/mount-eden-woolworths?utm_source=google&utm_medium=organic&utm_campaign=gmb&utm_term=woolworths-mt-eden,4.2,3277,OPERATIONAL,https://maps.google.com/?cid=7095014495799948562&g_mp=Cidnb29nbGUubWFwcy5wbGFjZXMudjEuUGxhY2VzLlNlYXJjaFRleHQQAhgEIAA,Monday: 6:00 AM – 11:00 PM; Tuesday: 6:00 AM – 11:00 PM; Wednesday: 6:00 AM – 11:00 PM; Thursday: 6:00 AM – 11:00 PM; Friday: 6:00 AM – 11:00 PM; Saturday: 6:00 AM – 11:00 PM; Sunday: 6:00 AM – 11:00 PM,dental_clinic,Auckland,Mount Eden Auckland,no_prices
Woolworths Newmarket,"Level 3, Westfield Newmarket 277 Broadway, Newmarket, Auckland 1023, New Zealand",09 520 3231,+64 9 520 3231,https://www.woolworths.co.nz/stores/auckland/newmarket-cd?utm_source=google&utm_medium=organic&utm_campaign=gmb&utm_term=woolworths-newmarket,4.2,1225,OPERATIONAL,https://maps.google.com/?cid=1242113584361322775&g_mp=Cidnb29nbGUubWFwcy5wbGFjZXMudjEuUGxhY2VzLlNlYXJjaFRleHQQAhgEIAA,Monday: 7:00 AM – 10:00 PM; Tuesday: 7:00 AM – 10:00 PM; Wednesday: 7:00 AM – 10:00 PM; Thursday: 7:00 AM – 10:00 PM; Friday: 7:00 AM – 10:00 PM; Saturday: 7:00 AM – 10:00 PM; Sunday: 7:00 AM – 10:00 PM,dental_clinic,Auckland,Newmarket Auckland,no_prices
YES Dental,"134 Remuera Road, Remuera, Auckland 1050, New Zealand",09 638 3424,+64 9 638 3424,http://yesdental.co.nz/,4.7,11,OPERATIONAL,https://maps.google.com/?cid=11693308590976962113&g_mp=Cidnb29nbGUubWFwcy5wbGFjZXMudjEuUGxhY2VzLlNlYXJjaFRleHQQAhgEIAA,Monday: 9:00 AM – 5:00 PM; Tuesday: 8:30 AM – 5:00 PM; Wednesday: 9:00 AM – 5:00 PM; Thursday: 9:00 AM – 5:00 PM; Friday: 9:00 AM – 2:00 PM; Saturday: Closed; Sunday: Closed,dental_clinic,Auckland,Remuera Auckland,no_prices
Yagot Dental Centre,"68 Saint George Street, Papatoetoe, Auckland 2025, New Zealand",09 278 3430,+64 9 278 3430,,4.5,6,OPERATIONAL,https://maps.google.com/?cid=5335615578260134219&g_mp=Cidnb29nbGUubWFwcy5wbGFjZXMudjEuUGxhY2VzLlNlYXJjaFRleHQQAhgEIAA,Monday: 9:00 AM – 4:00 PM; Tuesday: 9:00 AM – 4:00 PM; Wednesday: 9:00 AM – 4:00 PM; Thursday: 9:00 AM – 1:00 PM; Friday: Closed; Saturday: Closed; Sunday: Closed,dental_clinic,Auckland,Papatoetoe Auckland,no_prices
Young Dental Centre,"21 Saint Johns Road, Meadowbank, Auckland 1072, New Zealand",09 521 2115,+64 9 521 2115,,5,4,OPERATIONAL,https://maps.google.com/?cid=8410624139856451525&g_mp=Cidnb29nbGUubWFwcy5wbGFjZXMudjEuUGxhY2VzLlNlYXJjaFRleHQQAhgEIAA,,dental_clinic,Auckland,Remuera Auckland,no_prices
Young Edmund B.D.S,"21 Saint Johns Road, Meadowbank, Auckland 1072, New Zealand",09 521 2115,+64 9 521 2115,,5,2,OPERATIONAL,https://maps.google.com/?cid=18105083766133561571&g_mp=Cidnb29nbGUubWFwcy5wbGFjZXMudjEuUGxhY2VzLlNlYXJjaFRleHQQAhgEIAA,,dental_clinic,Auckland,Remuera Auckland,no_prices
Your Hygienist Warkworth,"62 Queen Street, Warkworth 0910, New Zealand",0210 603 640,+64 210 603 640,https://hygienist.nz/,5,37,OPERATIONAL,https://maps.google.com/?cid=9242425343985347336&g_mp=Cidnb29nbGUubWFwcy5wbGFjZXMudjEuUGxhY2VzLlNlYXJjaFRleHQQAhgEIAA,Monday: Closed; Tuesday: Closed; Wednesday: 9:00 AM – 5:00 PM; Thursday: 9:00 AM – 5:00 PM; Friday: Closed; Saturday: 9:30 AM – 2:00 PM; Sunday: Closed,dental_clinic,Auckland,Warkworth Auckland,no_prices
Ziggy Chan,"35 O'Shannessey Street, Papakura, Auckland 2110, New Zealand",09 213 0732,+64 9 213 0732,,5,8,OPERATIONAL,https://maps.google.com/?cid=1531918876027736431&g_mp=Cidnb29nbGUubWFwcy5wbGFjZXMudjEuUGxhY2VzLlNlYXJjaFRleHQQAhgEIAA,Monday: 8:30 AM – 5:00 PM; Tuesday: 8:30 AM – 5:00 PM; Wednesday: 8:30 AM – 4:30 PM; Thursday: 8:30 AM – 4:30 PM; Friday: Closed; Saturday: Closed; Sunday: Closed,dental_clinic,Auckland,Papakura,no_prices
dental clinic,"4 Pettit Place, Manukau City Centre, Auckland 2025, New Zealand",,,,,,OPERATIONAL,https://maps.google.com/?cid=16113839692759484708&g_mp=Cidnb29nbGUubWFwcy5wbGFjZXMudjEuUGxhY2VzLlNlYXJjaFRleHQQAhgEIAA,,dental_clinic,Auckland,Manukau Auckland,no_prices
laser lifeCARE institute,"32 Mahuhu Crescent, Auckland CBD, Auckland 1010, New Zealand",09 377 2012,+64 9 377 2012,http://www.lasersmile.co.nz/,4.8,40,OPERATIONAL,https://maps.google.com/?cid=12820402243563646437&g_mp=Cidnb29nbGUubWFwcy5wbGFjZXMudjEuUGxhY2VzLlNlYXJjaFRleHQQAhgEIAA,Monday: 10:00 AM – 6:00 PM; Tuesday: 10:00 AM – 7:00 PM; Wednesday: 10:00 AM – 5:00 PM; Thursday: 10:00 AM – 7:00 PM; Friday: Closed; Saturday: Closed; Sunday: Closed,dental_clinic,Auckland,Auckland CBD,no_prices
parking Child Dental Clinic,"5C Browns Road, Manurewa, Auckland 2102, New Zealand",,,,5,1,OPERATIONAL,https://maps.google.com/?cid=8821893945861088553&g_mp=Cidnb29nbGUubWFwcy5wbGFjZXMudjEuUGxhY2VzLlNlYXJjaFRleHQQAhgEIAA,,dental_clinic,Auckland,Wiri Auckland,no_prices
seddon dental,"13a Hall Street, Pukekohe 2120, New Zealand",09 237 0055,+64 9 237 0055,http://www.seddondental.nz/,5,15,OPERATIONAL,https://maps.google.com/?cid=8884672849255793657&g_mp=Cidnb29nbGUubWFwcy5wbGFjZXMudjEuUGxhY2VzLlNlYXJjaFRleHQQAhgEIAA,Monday: 9:30 AM – 4:00 PM; Tuesday: 9:30 AM – 4:00 PM; Wednesday: 9:30 AM – 4:00 PM; Thursday: Closed; Friday: 9:30 AM – 4:00 PM; Saturday: Closed; Sunday: Closed,dental_clinic,Auckland,Pukekohe,no_prices
silverdale childrens dental clinic,"170 Millwater Parkway, Stanmore Bay, Silverdale 0992, New Zealand",09 426 8470,+64 9 426 8470,,3.6,12,OPERATIONAL,https://maps.google.com/?cid=11178614669398990604&g_mp=Cidnb29nbGUubWFwcy5wbGFjZXMudjEuUGxhY2VzLlNlYXJjaFRleHQQAhgEIAA,Monday: 8:00 AM – 4:30 PM; Tuesday: 8:00 AM – 4:30 PM; Wednesday: 8:00 AM – 4:30 PM; Thursday: 8:00 AM – 4:30 PM; Friday: 8:00 AM – 4:30 PM; Saturday: Closed; Sunday: Closed,dental_clinic,Auckland,Silverdale Auckland,no_prices
supertooth,"3b/400 George Bolt Memorial Drive, Auckland Airport, Auckland 2022, New Zealand",09 964 0508,+64 9 964 0508,http://www.supertooth.co.nz/,5,58,OPERATIONAL,https://maps.google.com/?cid=1832964116018849806&g_mp=Cidnb29nbGUubWFwcy5wbGFjZXMudjEuUGxhY2VzLlNlYXJjaFRleHQQAhgEIAA,,dental_clinic,Auckland,Mangere Auckland,no_prices
接睫毛 La Bises Beauty Clinic and Spa Newmarket,"12 Kent Street, Newmarket, Auckland 1023, New Zealand",022 189 3586,+64 22 189 3586,https://labisesbeauty.co.nz/,4.8,1100,OPERATIONAL,https://maps.google.com/?cid=6826890685760223082&g_mp=Cidnb29nbGUubWFwcy5wbGFjZXMudjEuUGxhY2VzLlNlYXJjaFRleHQQAhgEIAA,Monday: 10:00 AM – 7:00 PM; Tuesday: 10:00 AM – 7:00 PM; Wednesday: 9:30 AM – 7:00 PM; Thursday: 9:30 AM – 7:00 PM; Friday: 9:30 AM – 7:00 PM; Saturday: 9:30 AM – 7:00 PM; Sunday: 10:00 AM – 7:00 PM,dental_clinic,Auckland,Newmarket Auckland,no_prices
2nd Avenue Health Centre,"19 Second Avenue, Tauranga 3110, New Zealand",07 577 0010,+64 7 577 0010,https://www.accidenthealth.co.nz/,2.8,50,OPERATIONAL,https://maps.google.com/?cid=16108740118510909185&g_mp=Cidnb29nbGUubWFwcy5wbGFjZXMudjEuUGxhY2VzLlNlYXJjaFRleHQQAhgEIAA,Monday: 8:00 AM – 8:00 PM; Tuesday: 8:00 AM – 8:00 PM; Wednesday: 8:00 AM – 8:00 PM; Thursday: 8:00 AM – 8:00 PM; Friday: 8:00 AM – 8:00 PM; Saturday: 8:00 AM – 8:00 PM; Sunday: 8:00 AM – 8:00 PM,dental_clinic,Bay of Plenty,Tauranga,no_prices
Absolute Dental Limited - Kawerau,"Kawerau 3127, New Zealand",07 323 6530,+64 7 323 6530,http://www.absolutedental.co.nz/,4.8,16,OPERATIONAL,https://maps.google.com/?cid=10042860956864766450&g_mp=Cidnb29nbGUubWFwcy5wbGFjZXMudjEuUGxhY2VzLlNlYXJjaFRleHQQAhgEIAA,Monday: 8:00 AM – 5:00 PM; Tuesday: 8:00 AM – 5:00 PM; Wednesday: 8:00 AM – 5:00 PM; Thursday: 8:00 AM – 5:00 PM; Friday: 8:00 AM – 5:00 PM; Saturday: Closed; Sunday: Closed,dental_clinic,Bay of Plenty,Kawerau,no_prices
Absolute Dental Limited - Ngongotaha,"284 Ngongotaha Road, Ngongotahā, Rotorua 3010, New Zealand",07 357 2280,+64 7 357 2280,http://www.absolutedental.co.nz/,3.8,5,OPERATIONAL,https://maps.google.com/?cid=7290589127897655879&g_mp=Cidnb29nbGUubWFwcy5wbGFjZXMudjEuUGxhY2VzLlNlYXJjaFRleHQQAhgEIAA,Monday: 8:00 AM – 5:00 PM; Tuesday: 8:00 AM – 5:00 PM; Wednesday: 8:00 AM – 5:00 PM; Thursday: 8:00 AM – 5:00 PM; Friday: 8:00 AM – 5:00 PM; Saturday: Closed; Sunday: Closed,dental_clinic,Bay of Plenty,Rotorua,no_prices
Absolute Dental Limited - Rotorua,"164 Old Taupo Road, Utuhina, Rotorua 3015, New Zealand",07 348 3882,+64 7 348 3882,http://www.absolutedental.co.nz/,4.3,44,OPERATIONAL,https://maps.google.com/?cid=5125200818660636523&g_mp=Cidnb29nbGUubWFwcy5wbGFjZXMudjEuUGxhY2VzLlNlYXJjaFRleHQQAhgEIAA,Monday: 8:00 AM – 5:00 PM; Tuesday: 8:00 AM – 5:00 PM; Wednesday: 8:00 AM – 5:00 PM; Thursday: 8:00 AM – 5:00 PM; Friday: 8:00 AM – 5:00 PM; Saturday: 8:00 AM – 5:00 PM; Sunday: Closed,dental_clinic,Bay of Plenty,Rotorua,no_prices
Accident & HealthCare,"19 Second Avenue, Tauranga 3110, New Zealand",07 577 0010,+64 7 577 0010,https://www.accidenthealth.co.nz/,3.2,198,OPERATIONAL,https://maps.google.com/?cid=12385196733337615767&g_mp=Cidnb29nbGUubWFwcy5wbGFjZXMudjEuUGxhY2VzLlNlYXJjaFRleHQQAhgEIAA,Monday: 8:00 AM – 8:00 PM; Tuesday: 8:00 AM – 8:00 PM; Wednesday: 8:00 AM – 8:00 PM; Thursday: 8:00 AM – 8:00 PM; Friday: 8:00 AM – 8:00 PM; Saturday: 8:00 AM – 8:00 PM; Sunday: 8:00 AM – 8:00 PM,dental_clinic,Bay of Plenty,Tauranga,no_prices
Adrian Cable Dental,"2 Willow Street, Tauranga 3310, New Zealand",07 578 4984,+64 7 578 4984,,4.3,6,OPERATIONAL,https://maps.google.com/?cid=14975716660104908212&g_mp=Cidnb29nbGUubWFwcy5wbGFjZXMudjEuUGxhY2VzLlNlYXJjaFRleHQQAhgEIAA,Monday: 7:30 AM – 4:00 PM; Tuesday: 7:30 AM – 4:00 PM; Wednesday: 7:30 AM – 2:00 PM; Thursday: 7:30 AM – 4:00 PM; Friday: 7:30 AM – 3:00 PM; Saturday: Closed; Sunday: Closed,dental_clinic,Bay of Plenty,Tauranga,no_prices
Affordable Denture Papamoa,"26 Gravatt Road, Papamoa Beach, Tauranga 3118, New Zealand",,,https://www.instagram.com/affordable_denture_nz/,,,OPERATIONAL,https://maps.google.com/?cid=16220668119922536554&g_mp=Cidnb29nbGUubWFwcy5wbGFjZXMudjEuUGxhY2VzLlNlYXJjaFRleHQQAhgEIAA,Monday: Closed; Tuesday: Closed; Wednesday: Closed; Thursday: Closed; Friday: Closed; Saturday: 8:00 AM – 5:00 PM; Sunday: 8:00 AM – 5:00 PM,dental_clinic,Bay of Plenty,Papamoa,no_prices
Affordable Denture Rotorua,"5 Tarawera Road, Lynmore, Rotorua 3010, New Zealand",0800 368 873,+64 800 368 873,https://www.instagram.com/affordable_denture_nz/,5,6,OPERATIONAL,https://maps.google.com/?cid=8013822719812012087&g_mp=Cidnb29nbGUubWFwcy5wbGFjZXMudjEuUGxhY2VzLlNlYXJjaFRleHQQAhgEIAA,Monday: 9:00 AM – 5:30 PM; Tuesday: 9:00 AM – 5:30 PM; Wednesday: 9:00 AM – 5:30 PM; Thursday: 9:00 AM – 5:30 PM; Friday: 9:00 AM – 5:30 PM; Saturday: Closed; Sunday: Closed,dental_clinic,Bay of Plenty,Rotorua,no_prices
Andrew Newsom Dental,"38 Cliff Road, Tauranga 3110, New Zealand",07 579 7758,+64 7 579 7758,http://www.andrewnewsom.co.nz/,5,3,OPERATIONAL,https://maps.google.com/?cid=9432992941157164112&g_mp=Cidnb29nbGUubWFwcy5wbGFjZXMudjEuUGxhY2VzLlNlYXJjaFRleHQQAhgEIAA,Monday: 8:00 AM – 5:00 PM; Tuesday: 8:00 AM – 5:00 PM; Wednesday: 8:00 AM – 5:00 PM; Thursday: 8:00 AM – 5:00 PM; Friday: 8:00 AM – 1:00 PM; Saturday: Closed; Sunday: Closed,dental_clinic,Bay of Plenty,Tauranga,no_prices
Arataki Community Dental Clinic,"4 Kaimanawa Street, Mount Maunganui 3116, New Zealand",07 575 3498,+64 7 575 3498,,,,OPERATIONAL,https://maps.google.com/?cid=13113219816745696204&g_mp=Cidnb29nbGUubWFwcy5wbGFjZXMudjEuUGxhY2VzLlNlYXJjaFRleHQQAhgEIAA,Monday: 8:00 AM – 4:30 PM; Tuesday: 8:00 AM – 4:30 PM; Wednesday: 8:00 AM – 4:30 PM; Thursday: 8:00 AM – 4:30 PM; Friday: 8:00 AM – 4:30 PM; Saturday: Closed; Sunday: Closed,dental_clinic,Bay of Plenty,Tauranga,no_prices
Bay Orthodontics,"178 Fourteenth Avenue, Tauranga South, Tauranga 3112, New Zealand",07 577 0916,+64 7 577 0916,https://lumino.co.nz/dentists/bay-orthodontics-tauranga/?utm_source=google_business_profile&utm_medium=organic,4.6,13,OPERATIONAL,https://maps.google.com/?cid=7145377916908320033&g_mp=Cidnb29nbGUubWFwcy5wbGFjZXMudjEuUGxhY2VzLlNlYXJjaFRleHQQAhgEIAA,Monday: 8:00 AM – 5:00 PM; Tuesday: 8:00 AM – 5:00 PM; Wednesday: 8:00 AM – 5:00 PM; Thursday: 8:00 AM – 5:00 PM; Friday: 8:00 AM – 5:00 PM; Saturday: Closed; Sunday: Closed,dental_clinic,Bay of Plenty,Tauranga,some_prices
Bay Orthodontics,"32 Landing Road, Whakatāne 3120, New Zealand",07 577 0916,+64 7 577 0916,https://www.bayorthodontics.co.nz/?utm_source=google_business_profile&utm_medium=organic,,,OPERATIONAL,https://maps.google.com/?cid=8145181079082279783&g_mp=Cidnb29nbGUubWFwcy5wbGFjZXMudjEuUGxhY2VzLlNlYXJjaFRleHQQAhgEIAA,,dental_clinic,Bay of Plenty,Edgecumbe,some_prices
Bay Vets,"40 Bridge Street, Edgecumbe 3120, New Zealand",07 304 9184,+64 7 304 9184,http://bayvets.net.nz/,4.8,88,OPERATIONAL,https://maps.google.com/?cid=7324361857447859173&g_mp=Cidnb29nbGUubWFwcy5wbGFjZXMudjEuUGxhY2VzLlNlYXJjaFRleHQQAhgEIAA,Monday: 8:00 AM – 5:00 PM; Tuesday: 8:00 AM – 5:00 PM; Wednesday: 8:00 AM – 5:00 PM; Thursday: 8:00 AM – 5:00 PM; Friday: 8:00 AM – 5:00 PM; Saturday: Closed; Sunday: Closed,dental_clinic,Bay of Plenty,Edgecumbe,no_prices
Baywide Smiles Dental,"5/1334 Cameron Road, Gate Pa, Tauranga 3112, New Zealand",07 578 4622,+64 7 578 4622,https://www.baywidesmiles.co.nz/,4.9,74,OPERATIONAL,https://maps.google.com/?cid=9139871962593998068&g_mp=Cidnb29nbGUubWFwcy5wbGFjZXMudjEuUGxhY2VzLlNlYXJjaFRleHQQAhgEIAA,Monday: 8:30 AM – 5:00 PM; Tuesday: 8:30 AM – 5:00 PM; Wednesday: 8:30 AM – 5:00 PM; Thursday: 8:30 AM – 5:00 PM; Friday: 8:30 AM – 5:00 PM; Saturday: 9:30 AM – 3:00 PM; Sunday: Closed,dental_clinic,Bay of Plenty,Tauranga,some_prices
Bethlehem Dentists Tauranga | Lumino The Dentists,"16 Bethlehem Road, Bethlehem, Tauranga 3110, New Zealand",07 579 1669,+64 7 579 1669,https://lumino.co.nz/dentists/bethlehem-dentists-tauranga/?utm_source=google_business_profile&utm_medium=organic,4.2,30,OPERATIONAL,https://maps.google.com/?cid=14539587094531047059&g_mp=Cidnb29nbGUubWFwcy5wbGFjZXMudjEuUGxhY2VzLlNlYXJjaFRleHQQAhgEIAA,Monday: 8:00 AM – 5:00 PM; Tuesday: 8:00 AM – 5:00 PM; Wednesday: 8:00 AM – 5:00 PM; Thursday: 8:00 AM – 5:00 PM; Friday: 8:00 AM – 4:00 PM; Saturday: Closed; Sunday: Closed,dental_clinic,Bay of Plenty,Tauranga,some_prices
Beyond Dental Papamoa,"7/33 Toorea Street, Papamoa Beach, Tauranga 3187, New Zealand",07 987 2825,+64 7 987 2825,https://beyonddental.co.nz/,5,264,OPERATIONAL,https://maps.google.com/?cid=18301274378786599792&g_mp=Cidnb29nbGUubWFwcy5wbGFjZXMudjEuUGxhY2VzLlNlYXJjaFRleHQQAhgEIAA,Monday: 8:00 AM – 5:00 PM; Tuesday: 8:00 AM – 5:00 PM; Wednesday: 8:00 AM – 5:00 PM; Thursday: 8:00 AM – 6:30 PM; Friday: 8:00 AM – 5:00 PM; Saturday: 8:00 AM – 2:30 PM; Sunday: Closed,dental_clinic,Bay of Plenty,Tauranga,full_prices
Brush Dental Tauranga,"87 Fraser Street, Tauranga South, Tauranga 3112, New Zealand",07 213 0232,+64 7 213 0232,https://www.brushdental.co.nz/contact,5,11,OPERATIONAL,https://maps.google.com/?cid=10117397365785567261&g_mp=Cidnb29nbGUubWFwcy5wbGFjZXMudjEuUGxhY2VzLlNlYXJjaFRleHQQAhgEIAA,Monday: 8:00 AM – 5:00 PM; Tuesday: 8:00 AM – 5:00 PM; Wednesday: 8:00 AM – 5:00 PM; Thursday: 8:00 AM – 5:00 PM; Friday: 8:00 AM – 5:00 PM; Saturday: Closed; Sunday: Closed,dental_clinic,Bay of Plenty,Tauranga,no_prices
Chris Bell Dental - Dentures Tauranga,"98 Fourteenth Avenue, Tauranga South, Tauranga 3112, New Zealand",07 575 2656,+64 7 575 2656,https://belldental.co.nz/,4.6,11,OPERATIONAL,https://maps.google.com/?cid=14554776297547846696&g_mp=Cidnb29nbGUubWFwcy5wbGFjZXMudjEuUGxhY2VzLlNlYXJjaFRleHQQAhgEIAA,Monday: 8:30 AM – 5:00 PM; Tuesday: 8:30 AM – 5:00 PM; Wednesday: 8:30 AM – 5:00 PM; Thursday: 8:30 AM – 5:00 PM; Friday: 8:30 AM – 1:00 PM; Saturday: Closed; Sunday: Closed,dental_clinic,Bay of Plenty,Tauranga,no_prices
City Dental On The Park Tauranga | Lumino The Dentists,"14 Cameron Road, Tauranga 3110, New Zealand",07 578 8325,+64 7 578 8325,https://lumino.co.nz/dentists/city-dental-on-the-park-tauranga/?utm_source=google_business_profile&utm_medium=organic,4.4,24,OPERATIONAL,https://maps.google.com/?cid=15279705683945133267&g_mp=Cidnb29nbGUubWFwcy5wbGFjZXMudjEuUGxhY2VzLlNlYXJjaFRleHQQAhgEIAA,Monday: 8:30 AM – 5:00 PM; Tuesday: 8:00 AM – 5:00 PM; Wednesday: 8:00 AM – 5:00 PM; Thursday: 8:00 AM – 6:00 PM; Friday: 8:00 AM – 4:00 PM; Saturday: Closed; Sunday: Closed,dental_clinic,Bay of Plenty,Tauranga,some_prices
Clinico Denture & Hearing - Rotorua,"10/100 Fairy Springs Road, Fairy Springs, Rotorua 3015, New Zealand",0800 112 324,+64 800 112 324,http://www.clinico.co.nz/,5,3,OPERATIONAL,https://maps.google.com/?cid=3140687967225139843&g_mp=Cidnb29nbGUubWFwcy5wbGFjZXMudjEuUGxhY2VzLlNlYXJjaFRleHQQAhgEIAA,Monday: 8:00 AM – 4:30 PM; Tuesday: 8:00 AM – 4:30 PM; Wednesday: 8:00 AM – 4:30 PM; Thursday: 8:00 AM – 4:30 PM; Friday: 8:00 AM – 4:30 PM; Saturday: Closed; Sunday: Closed,dental_clinic,Bay of Plenty,Rotorua,no_prices
Community Dental Services,"889 Cameron Road, Gate Pa, Tauranga 3112, New Zealand",,,,,,OPERATIONAL,https://maps.google.com/?cid=16362266428507293338&g_mp=Cidnb29nbGUubWFwcy5wbGFjZXMudjEuUGxhY2VzLlNlYXJjaFRleHQQAhgEIAA,,dental_clinic,Bay of Plenty,Tauranga,no_prices
Complete Dental,"Upstairs next Lucky Lotto Shop 1203 Tutanekai Street, Rotorua 3010, New Zealand",07 348 4288,+64 7 348 4288,https://www.completedental.co.nz/,4.6,36,OPERATIONAL,https://maps.google.com/?cid=18047974704151455430&g_mp=Cidnb29nbGUubWFwcy5wbGFjZXMudjEuUGxhY2VzLlNlYXJjaFRleHQQAhgEIAA,Monday: 8:30 AM – 5:00 PM; Tuesday: 8:30 AM – 7:00 PM; Wednesday: 8:30 AM – 5:00 PM; Thursday: 8:30 AM – 5:00 PM; Friday: 8:30 AM – 5:00 PM; Saturday: Closed; Sunday: Closed,dental_clinic,Bay of Plenty,Rotorua,no_prices
Complete Dental Care,"205 Chadwick Road, Greerton, Tauranga 3112, New Zealand",07 578 7215,+64 7 578 7215,http://www.completedentalcare.co.nz/,3.8,115,OPERATIONAL,https://maps.google.com/?cid=12080626555950360557&g_mp=Cidnb29nbGUubWFwcy5wbGFjZXMudjEuUGxhY2VzLlNlYXJjaFRleHQQAhgEIAA,Monday: 8:30 AM – 5:00 PM; Tuesday: 8:30 AM – 5:00 PM; Wednesday: 8:30 AM – 5:00 PM; Thursday: 8:30 AM – 5:00 PM; Friday: 8:30 AM – 5:00 PM; Saturday: Closed; Sunday: Closed,dental_clinic,Bay of Plenty,Tauranga,no_prices
Corson Dental,"2 Willow Street, Tauranga 3110, New Zealand",07 578 3243,+64 7 578 3243,http://www.corsondental.co.nz/,4.7,15,OPERATIONAL,https://maps.google.com/?cid=8101857785112040814&g_mp=Cidnb29nbGUubWFwcy5wbGFjZXMudjEuUGxhY2VzLlNlYXJjaFRleHQQAhgEIAA,Monday: 8:00 AM – 5:00 PM; Tuesday: 8:00 AM – 6:00 PM; Wednesday: 8:00 AM – 6:00 PM; Thursday: 8:00 AM – 6:00 PM; Friday: 8:00 AM – 5:00 PM; Saturday: Closed; Sunday: Closed,dental_clinic,Bay of Plenty,Tauranga,some_prices
Denta Care,"30 Maranui Street, Mount Maunganui 3116, New Zealand",07 575 2345,+64 7 575 2345,http://www.dentacaredentist.co.nz/,4.6,48,OPERATIONAL,https://maps.google.com/?cid=8043301672476427295&g_mp=Cidnb29nbGUubWFwcy5wbGFjZXMudjEuUGxhY2VzLlNlYXJjaFRleHQQAhgEIAA,Monday: 8:30 AM – 5:30 PM; Tuesday: 8:30 AM – 5:30 PM; Wednesday: 8:30 AM – 5:30 PM; Thursday: 8:30 AM – 5:30 PM; Friday: 8:30 AM – 5:30 PM; Saturday: Closed; Sunday: Closed,dental_clinic,Bay of Plenty,Tauranga,no_prices
Dental Associates Papamoa,"26 Gravatt Road, Papamoa Beach, Tauranga 3118, New Zealand",07 574 3844,+64 7 574 3844,http://dap.net.nz/,4.8,69,OPERATIONAL,https://maps.google.com/?cid=9096919053960205819&g_mp=Cidnb29nbGUubWFwcy5wbGFjZXMudjEuUGxhY2VzLlNlYXJjaFRleHQQAhgEIAA,Monday: 8:30 AM – 5:00 PM; Tuesday: 8:30 AM – 5:00 PM; Wednesday: 8:30 AM – 5:00 PM; Thursday: 8:30 AM – 5:00 PM; Friday: 8:30 AM – 5:00 PM; Saturday: Closed; Sunday: Closed,dental_clinic,Bay of Plenty,Tauranga,no_prices
Dental Implant Centre,"Cliff Road, Tauranga 3110, New Zealand",07 929 7384,+64 7 929 7384,http://www.dentalimplantcentre.co.nz/about-us/,,,OPERATIONAL,https://maps.google.com/?cid=11890988873375873707&g_mp=Cidnb29nbGUubWFwcy5wbGFjZXMudjEuUGxhY2VzLlNlYXJjaFRleHQQAhgEIAA,Monday: 8:00 AM – 5:00 PM; Tuesday: 8:00 AM – 5:00 PM; Wednesday: 8:00 AM – 5:00 PM; Thursday: 8:00 AM – 5:00 PM; Friday: 8:00 AM – 5:00 PM; Saturday: Closed; Sunday: Closed,dental_clinic,Bay of Plenty,Tauranga,some_prices
Dental Monitoring Unit,"1224 Tutanekai Street, Rotorua 3010, New Zealand",,,,,,OPERATIONAL,https://maps.google.com/?cid=16244910191404696996&g_mp=Cidnb29nbGUubWFwcy5wbGFjZXMudjEuUGxhY2VzLlNlYXJjaFRleHQQAhgEIAA,,dental_clinic,Bay of Plenty,Rotorua,no_prices
Dental Solutions,"36 Cameron Road, Tauranga 3110, New Zealand",07 578 4409,+64 7 578 4409,https://www.gr8smile.co.nz/,4.9,47,OPERATIONAL,https://maps.google.com/?cid=4563483808660378736&g_mp=Cidnb29nbGUubWFwcy5wbGFjZXMudjEuUGxhY2VzLlNlYXJjaFRleHQQAhgEIAA,Monday: 8:00 AM – 5:00 PM; Tuesday: 8:00 AM – 6:30 PM; Wednesday: 8:00 AM – 5:00 PM; Thursday: 8:00 AM – 5:00 PM; Friday: 8:00 AM – 4:00 PM; Saturday: Closed; Sunday: Closed,dental_clinic,Bay of Plenty,Tauranga,no_prices
DentalPlus Mount Maunganui | Dentist & Orthodontics,"41 Girven Road, Mount Maunganui 3116, New Zealand",07 575 5808,+64 7 575 5808,https://dentalplus.co.nz/,4.9,120,OPERATIONAL,https://maps.google.com/?cid=4110649061531949254&g_mp=Cidnb29nbGUubWFwcy5wbGFjZXMudjEuUGxhY2VzLlNlYXJjaFRleHQQAhgEIAA,Monday: 8:00 AM – 5:00 PM; Tuesday: 8:00 AM – 5:00 PM; Wednesday: 8:00 AM – 5:00 PM; Thursday: 8:00 AM – 5:00 PM; Friday: 8:00 AM – 4:00 PM; Saturday: Closed; Sunday: Closed,dental_clinic,Bay of Plenty,Tauranga,no_prices
Dentalis Group,"41 Kakahoroa Drive, Whakatāne 3120, New Zealand",0800 007 700,+64 800 007 700,http://www.dentalis.co.nz/,,,OPERATIONAL,https://maps.google.com/?cid=1100862053564518916&g_mp=Cidnb29nbGUubWFwcy5wbGFjZXMudjEuUGxhY2VzLlNlYXJjaFRleHQQAhgEIAA,Monday: 10:00 AM – 5:00 PM; Tuesday: 10:00 AM – 5:00 PM; Wednesday: 10:00 AM – 5:00 PM; Thursday: 10:00 AM – 5:00 PM; Friday: 10:00 AM – 5:00 PM; Saturday: Closed; Sunday: Closed,dental_clinic,Bay of Plenty,Whakatāne,no_prices
Denture Link Rotorua,"1185 Hinemoa Street, Central, Rotorua 3010, New Zealand",0210 248 9776,+64 210 248 9776,https://www.denturelink.co.nz/,,,OPERATIONAL,https://maps.google.com/?cid=3650161858377655416&g_mp=Cidnb29nbGUubWFwcy5wbGFjZXMudjEuUGxhY2VzLlNlYXJjaFRleHQQAhgEIAA,Monday: 11:00 AM – 5:00 PM; Tuesday: 11:00 AM – 5:00 PM; Wednesday: Closed; Thursday: Closed; Friday: Closed; Saturday: 11:00 AM – 2:00 PM; Sunday: Closed,dental_clinic,Bay of Plenty,Rotorua,no_prices
Denturecraft Opotiki,"44 Brabant Street, Opotiki, Ōpōtiki 3221, New Zealand",0210 912 2276,+64 210 912 2276,,5,1,OPERATIONAL,https://maps.google.com/?cid=5715268187587693506&g_mp=Cidnb29nbGUubWFwcy5wbGFjZXMudjEuUGxhY2VzLlNlYXJjaFRleHQQAhgEIAA,Monday: 9:00 AM – 5:00 PM; Tuesday: 9:00 AM – 5:00 PM; Wednesday: 9:00 AM – 5:00 PM; Thursday: 9:00 AM – 5:00 PM; Friday: 9:00 AM – 3:00 PM; Saturday: Closed; Sunday: Closed,dental_clinic,Bay of Plenty,Ōpōtiki,no_prices
Dentures Tauranga Ltd,"213 State Highway 2, Bethlehem, Tauranga 3110, New Zealand",0800 402 402,+64 800 402 402,https://www.denturestauranga.co.nz/,5,51,OPERATIONAL,https://maps.google.com/?cid=13661899604937046052&g_mp=Cidnb29nbGUubWFwcy5wbGFjZXMudjEuUGxhY2VzLlNlYXJjaFRleHQQAhgEIAA,Monday: 9:00 AM – 5:00 PM; Tuesday: 9:00 AM – 7:00 PM; Wednesday: 9:00 AM – 5:00 PM; Thursday: 9:00 AM – 5:00 PM; Friday: 9:00 AM – 3:00 PM; Saturday: Closed; Sunday: Closed,dental_clinic,Bay of Plenty,Tauranga,no_prices
Dr DL Booyse,"41 Girven Road, Mount Maunganui 3116, New Zealand",,,https://dentalplus.co.nz/,5,6,OPERATIONAL,https://maps.google.com/?cid=17803926114273412695&g_mp=Cidnb29nbGUubWFwcy5wbGFjZXMudjEuUGxhY2VzLlNlYXJjaFRleHQQAhgEIAA,Monday: 8:00 AM – 5:00 PM; Tuesday: 8:00 AM – 5:00 PM; Wednesday: 8:00 AM – 5:00 PM; Thursday: 8:00 AM – 5:00 PM; Friday: 8:00 AM – 4:00 PM; Saturday: Closed; Sunday: Closed,dental_clinic,Bay of Plenty,Mount Maunganui,no_prices
Dr Gary Davies - Brush Dental,"87 Fraser Street, Tauranga South, Tauranga 3112, New Zealand",07 213 0232,+64 7 213 0232,http://www.brushdental.co.nz/,5,13,OPERATIONAL,https://maps.google.com/?cid=18378205101329047157&g_mp=Cidnb29nbGUubWFwcy5wbGFjZXMudjEuUGxhY2VzLlNlYXJjaFRleHQQAhgEIAA,Monday: 8:00 AM – 5:15 PM; Tuesday: 8:00 AM – 5:15 PM; Wednesday: 8:00 AM – 5:15 PM; Thursday: 8:00 AM – 5:15 PM; Friday: 8:30 AM – 5:15 PM; Saturday: Closed; Sunday: Closed,dental_clinic,Bay of Plenty,Tauranga,no_prices
Duncan Dental 11th Ave (moved to 186 Fraser Street),"120 Eleventh Avenue, Tauranga 3110, New Zealand",07 578 6228,+64 7 578 6228,https://www.duncandental.co.nz/186-fraser-steeet-tauranga,4.2,31,OPERATIONAL,https://maps.google.com/?cid=10718994505892724698&g_mp=Cidnb29nbGUubWFwcy5wbGFjZXMudjEuUGxhY2VzLlNlYXJjaFRleHQQAhgEIAA,Monday: 8:00 AM – 5:00 PM; Tuesday: 8:00 AM – 5:00 PM; Wednesday: 8:00 AM – 5:00 PM; Thursday: 8:00 AM – 5:00 PM; Friday: 8:00 AM – 5:00 PM; Saturday: 9:00 AM – 1:00 PM; Sunday: Closed,dental_clinic,Bay of Plenty,Tauranga,no_prices
Duncan Dental Fraser Street,"186 Fraser Street, Tauranga South, Tauranga 3112, New Zealand",07 578 6228,+64 7 578 6228,https://www.duncandental.co.nz/186-fraser-steeet-tauranga,3.7,3,OPERATIONAL,https://maps.google.com/?cid=7303692447803183202&g_mp=Cidnb29nbGUubWFwcy5wbGFjZXMudjEuUGxhY2VzLlNlYXJjaFRleHQQAhgEIAA,Monday: 8:00 AM – 5:00 PM; Tuesday: 8:00 AM – 5:00 PM; Wednesday: 8:00 AM – 5:00 PM; Thursday: 8:00 AM – 5:00 PM; Friday: 8:00 AM – 5:00 PM; Saturday: Closed; Sunday: Closed,dental_clinic,Bay of Plenty,Tauranga,no_prices
ER Dental at Omokoroa,"2/170 Omokoroa Road, Omokoroa, Ōmokoroa 3114, New Zealand",07 548 2320,+64 7 548 2320,https://www.erdental.co.nz/er-dental-omokoroa/,5,92,OPERATIONAL,https://maps.google.com/?cid=12552354436112342268&g_mp=Cidnb29nbGUubWFwcy5wbGFjZXMudjEuUGxhY2VzLlNlYXJjaFRleHQQAhgEIAA,Monday: 8:00 AM – 5:00 PM; Tuesday: 8:00 AM – 5:00 PM; Wednesday: 8:00 AM – 5:00 PM; Thursday: 8:00 AM – 5:00 PM; Friday: 8:00 AM – 5:00 PM; Saturday: Closed; Sunday: Closed,dental_clinic,Bay of Plenty,Ōmokoroa,some_prices
ER Dental at Pyes Pa,"10/83 Pyes Pa Road, Pyes Pa, Tauranga 3112, New Zealand",07 577 1478,+64 7 577 1478,https://www.erdental.co.nz/er-dental-pyes-pa/,4.9,414,OPERATIONAL,https://maps.google.com/?cid=13801913042252237909&g_mp=Cidnb29nbGUubWFwcy5wbGFjZXMudjEuUGxhY2VzLlNlYXJjaFRleHQQAhgEIAA,Monday: 8:00 AM – 5:00 PM; Tuesday: 8:00 AM – 5:00 PM; Wednesday: 8:00 AM – 5:00 PM; Thursday: 8:00 AM – 5:00 PM; Friday: 8:00 AM – 5:00 PM; Saturday: Closed; Sunday: Closed,dental_clinic,Bay of Plenty,Tauranga,some_prices
ER Dental at Seventh,"52 Seventh Avenue, Tauranga 3110, New Zealand",07 578 3305,+64 7 578 3305,https://www.erdental.co.nz/er-dental-seventh-avenue/,4.9,180,OPERATIONAL,https://maps.google.com/?cid=10925001759143679766&g_mp=Cidnb29nbGUubWFwcy5wbGFjZXMudjEuUGxhY2VzLlNlYXJjaFRleHQQAhgEIAA,Monday: 8:00 AM – 5:00 PM; Tuesday: 8:00 AM – 5:00 PM; Wednesday: 8:00 AM – 5:00 PM; Thursday: 8:00 AM – 5:00 PM; Friday: 8:00 AM – 5:00 PM; Saturday: Closed; Sunday: Closed,dental_clinic,Bay of Plenty,Tauranga,some_prices
East Bay Dental,"9 Simpkins Street, Whakatāne 3120, New Zealand",07 308 5279,+64 7 308 5279,http://www.eastbaydental.co.nz/,4.7,18,OPERATIONAL,https://maps.google.com/?cid=10916748202940655200&g_mp=Cidnb29nbGUubWFwcy5wbGFjZXMudjEuUGxhY2VzLlNlYXJjaFRleHQQAhgEIAA,,dental_clinic,Bay of Plenty,Whakatāne,no_prices
East Bay Dental Opotiki,"82 Bridge Street, Ōpōtiki 3122, New Zealand",07 308 5279,+64 7 308 5279,https://www.opotiki.info/business/east-bay-dental-opotiki,5,6,OPERATIONAL,https://maps.google.com/?cid=1816763859593372229&g_mp=Cidnb29nbGUubWFwcy5wbGFjZXMudjEuUGxhY2VzLlNlYXJjaFRleHQQAhgEIAA,,dental_clinic,Bay of Plenty,Ōpōtiki,no_prices
Edgecumbe College,"100 College Road, Edgecumbe 3120, New Zealand",07 304 8211,+64 7 304 8211,https://www.rangitaikicollege.school.nz/,,,OPERATIONAL,https://maps.google.com/?cid=3898558900600679435&g_mp=Cidnb29nbGUubWFwcy5wbGFjZXMudjEuUGxhY2VzLlNlYXJjaFRleHQQAhgEIAA,Monday: 7:30 AM – 5:00 PM; Tuesday: 7:30 AM – 5:00 PM; Wednesday: 7:30 AM – 5:00 PM; Thursday: 7:30 AM – 5:00 PM; Friday: 7:30 AM – 5:00 PM; Saturday: Closed; Sunday: Closed,dental_clinic,Bay of Plenty,Edgecumbe,no_prices
Edgecumbe Pharmacy,"Riverslea Mall 26 College Road, Edgecumbe 3120, New Zealand",07 304 9734,+64 7 304 9734,,4,63,OPERATIONAL,https://maps.google.com/?cid=551957872059220911&g_mp=Cidnb29nbGUubWFwcy5wbGFjZXMudjEuUGxhY2VzLlNlYXJjaFRleHQQAhgEIAA,Monday: 8:30 AM – 5:00 PM; Tuesday: 8:30 AM – 4:30 PM; Wednesday: 8:30 AM – 5:00 PM; Thursday: 8:30 AM – 5:00 PM; Friday: 8:30 AM – 5:00 PM; Saturday: Closed; Sunday: Closed,dental_clinic,Bay of Plenty,Edgecumbe,no_prices
Endodontist,"2 Willow Street, Tauranga 3110, New Zealand",07 577 1422,+64 7 577 1422,http://www.bayendo.co.nz/,5,1,OPERATIONAL,https://maps.google.com/?cid=7733515844931304504&g_mp=Cidnb29nbGUubWFwcy5wbGFjZXMudjEuUGxhY2VzLlNlYXJjaFRleHQQAhgEIAA,Monday: 8:30 AM – 5:00 PM; Tuesday: 8:30 AM – 5:00 PM; Wednesday: 8:30 AM – 5:00 PM; Thursday: 8:30 AM – 5:00 PM; Friday: 8:30 AM – 4:00 PM; Saturday: Closed; Sunday: Closed,dental_clinic,Bay of Plenty,Tauranga,no_prices
Fairy Dentures,"371 River Road, Kawerau 3127, New Zealand",07 323 8555,+64 7 323 8555,,,,OPERATIONAL,https://maps.google.com/?cid=8455335122672463726&g_mp=Cidnb29nbGUubWFwcy5wbGFjZXMudjEuUGxhY2VzLlNlYXJjaFRleHQQAhgEIAA,,dental_clinic,Bay of Plenty,Kawerau,no_prices
Fiona Paterson Dentist,"233 Maunganui Road, Mount Maunganui 3116, New Zealand",07 571 2860,+64 7 571 2860,http://www.gardensdental.co.nz/,5,88,OPERATIONAL,https://maps.google.com/?cid=1235466633076133685&g_mp=Cidnb29nbGUubWFwcy5wbGFjZXMudjEuUGxhY2VzLlNlYXJjaFRleHQQAhgEIAA,Monday: 8:00 AM – 4:30 PM; Tuesday: 8:00 AM – 4:30 PM; Wednesday: 8:00 AM – 4:30 PM; Thursday: 8:00 AM – 4:30 PM; Friday: 8:00 AM – 1:00 PM; Saturday: Closed; Sunday: Closed,dental_clinic,Bay of Plenty,Tauranga,some_prices
Gentle Dental KatiKati,"17 Main Road, KatiKati, Katikati 3129, New Zealand",07 549 3262,+64 7 549 3262,https://www.katigentledental.com/,4.8,34,OPERATIONAL,https://maps.google.com/?cid=14601807950401899325&g_mp=Cidnb29nbGUubWFwcy5wbGFjZXMudjEuUGxhY2VzLlNlYXJjaFRleHQQAhgEIAA,Monday: 8:30 AM – 4:00 PM; Tuesday: 8:30 AM – 4:30 PM; Wednesday: 8:30 AM – 4:30 PM; Thursday: 8:00 AM – 4:30 PM; Friday: 8:00 AM – 2:00 PM; Saturday: Closed; Sunday: Closed,dental_clinic,Bay of Plenty,Katikati,no_prices
Greerton Dental Laboratory (NZCDP),"128 Chadwick Road, Greerton, Tauranga 3112, New Zealand",07 578 9659,+64 7 578 9659,,4.1,25,OPERATIONAL,https://maps.google.com/?cid=7330632040912616905&g_mp=Cidnb29nbGUubWFwcy5wbGFjZXMudjEuUGxhY2VzLlNlYXJjaFRleHQQAhgEIAA,Monday: 9:00 AM – 4:00 PM; Tuesday: 9:00 AM – 5:00 PM; Wednesday: 9:00 AM – 5:00 PM; Thursday: 9:00 AM – 5:00 PM; Friday: 9:00 AM – 4:00 PM; Saturday: Closed; Sunday: Closed,dental_clinic,Bay of Plenty,Tauranga,no_prices
Holmes Dental,"233 Maunganui Road, Mount Maunganui 3116, New Zealand",07 571 2860,+64 7 571 2860,https://www.holmesdental.co.nz/,5,17,OPERATIONAL,https://maps.google.com/?cid=9510126955687585773&g_mp=Cidnb29nbGUubWFwcy5wbGFjZXMudjEuUGxhY2VzLlNlYXJjaFRleHQQAhgEIAA,Monday: 8:00 AM – 4:30 PM; Tuesday: 8:00 AM – 4:30 PM; Wednesday: 8:00 AM – 4:30 PM; Thursday: 8:00 AM – 4:30 PM; Friday: 8:00 AM – 1:00 PM; Saturday: Closed; Sunday: Closed,dental_clinic,Bay of Plenty,Tauranga,no_prices
Kaimai Dentures,"Te Hou Hou Crescent, Papamoa Beach, Tauranga 3118, New Zealand",027 541 9466,+64 27 541 9466,,4.4,7,OPERATIONAL,https://maps.google.com/?cid=5218014132694695828&g_mp=Cidnb29nbGUubWFwcy5wbGFjZXMudjEuUGxhY2VzLlNlYXJjaFRleHQQAhgEIAA,Monday: 9:00 AM – 6:00 PM; Tuesday: 9:00 AM – 6:00 PM; Wednesday: 9:00 AM – 6:00 PM; Thursday: 9:00 AM – 6:00 PM; Friday: 9:00 AM – 6:00 PM; Saturday: Closed; Sunday: Closed,dental_clinic,Bay of Plenty,Papamoa,no_prices
Kuirau Dental,"1370 Pukuatua Street, Rotorua 3010, New Zealand",07 349 2279,+64 7 349 2279,http://www.dentist.co.nz/dentist-detail/rotorua/kuirau-dental/A11006472,4.8,21,OPERATIONAL,https://maps.google.com/?cid=9355301405417991537&g_mp=Cidnb29nbGUubWFwcy5wbGFjZXMudjEuUGxhY2VzLlNlYXJjaFRleHQQAhgEIAA,,dental_clinic,Bay of Plenty,Rotorua,no_prices
Lake View Dental Laboratory,"1180 Amohia Street, Rotorua 3010, New Zealand",07 348 3368,+64 7 348 3368,https://www.lakeviewdental.co.nz/?utm_source=local&utm_medium=rotorua&utm_campaign=GMB,5,3,OPERATIONAL,https://maps.google.com/?cid=5378436251476857644&g_mp=Cidnb29nbGUubWFwcy5wbGFjZXMudjEuUGxhY2VzLlNlYXJjaFRleHQQAhgEIAA,Monday: 9:00 AM – 5:00 PM; Tuesday: 9:00 AM – 5:00 PM; Wednesday: 9:00 AM – 5:00 PM; Thursday: 8:30 AM – 5:00 PM; Friday: 9:00 AM – 5:00 PM; Saturday: Closed; Sunday: Closed,dental_clinic,Bay of Plenty,Rotorua,no_prices
Lakes Care Dental,"1172 Arawa Street, Rotorua 3010, New Zealand",07 348 8888,+64 7 348 8888,https://lakescaredental.co.nz/,4.4,34,OPERATIONAL,https://maps.google.com/?cid=15776756253649846779&g_mp=Cidnb29nbGUubWFwcy5wbGFjZXMudjEuUGxhY2VzLlNlYXJjaFRleHQQAhgEIAA,Monday: 8:00 AM – 4:30 PM; Tuesday: 8:00 AM – 4:30 PM; Wednesday: 8:00 AM – 4:30 PM; Thursday: 8:00 AM – 4:30 PM; Friday: 8:00 AM – 4:30 PM; Saturday: Closed; Sunday: Closed,dental_clinic,Bay of Plenty,Rotorua,some_prices
Lakes Dental Pyes Pa,"200 Lakes Boulevard, Pyes Pa, Tauranga 3112, New Zealand",07 578 5221,+64 7 578 5221,https://www.lakesdental.co.nz/,5,8,OPERATIONAL,https://maps.google.com/?cid=8452335251977810190&g_mp=Cidnb29nbGUubWFwcy5wbGFjZXMudjEuUGxhY2VzLlNlYXJjaFRleHQQAhgEIAA,Monday: 9:00 AM – 5:00 PM; Tuesday: 9:00 AM – 5:00 PM; Wednesday: 9:00 AM – 5:00 PM; Thursday: 9:00 AM – 5:00 PM; Friday: 9:00 AM – 5:00 PM; Saturday: 9:00 AM – 1:00 PM; Sunday: Closed,dental_clinic,Bay of Plenty,Tauranga,no_prices
Lakes PrimeCare,"1165 Tutanekai Street, Rotorua 3010, New Zealand",07 348 1000,+64 7 348 1000,https://lakesprimecare.nz/,3.2,117,OPERATIONAL,https://maps.google.com/?cid=12597233463286342430&g_mp=Cidnb29nbGUubWFwcy5wbGFjZXMudjEuUGxhY2VzLlNlYXJjaFRleHQQAhgEIAA,Monday: 8:00 AM – 8:00 PM; Tuesday: 8:00 AM – 8:00 PM; Wednesday: 8:00 AM – 8:00 PM; Thursday: 8:00 AM – 8:00 PM; Friday: 8:00 AM – 8:00 PM; Saturday: 8:00 AM – 8:00 PM; Sunday: 8:00 AM – 8:00 PM,dental_clinic,Bay of Plenty,Rotorua,no_prices
Lumino The Dentists Rotorua - InCity Haupapa Street,"1178 Haupapa Street, Rotorua 3010, New Zealand",07 348 8286,+64 7 348 8286,https://lumino.co.nz/dentists/incity-dental-rotorua/?utm_source=google_business_profile&utm_medium=organic,4.5,39,OPERATIONAL,https://maps.google.com/?cid=76674907984767038&g_mp=Cidnb29nbGUubWFwcy5wbGFjZXMudjEuUGxhY2VzLlNlYXJjaFRleHQQAhgEIAA,Monday: 8:00 AM – 4:30 PM; Tuesday: 8:00 AM – 4:30 PM; Wednesday: 8:00 AM – 4:30 PM; Thursday: 8:00 AM – 4:30 PM; Friday: 8:00 AM – 4:30 PM; Saturday: Closed; Sunday: Closed,dental_clinic,Bay of Plenty,Rotorua,some_prices
Lumino The Dentists Rotorua - Ranolf Street,"1206 Ranolf Street, Rotorua 3010, New Zealand",07 348 4787,+64 7 348 4787,https://lumino.co.nz/dentists/rotorua-dental-centre/?utm_source=google_business_profile&utm_medium=organic,4.2,17,OPERATIONAL,https://maps.google.com/?cid=3194024800030766003&g_mp=Cidnb29nbGUubWFwcy5wbGFjZXMudjEuUGxhY2VzLlNlYXJjaFRleHQQAhgEIAA,Monday: 8:00 AM – 5:00 PM; Tuesday: 8:00 AM – 5:00 PM; Wednesday: 8:00 AM – 5:00 PM; Thursday: 8:00 AM – 5:00 PM; Friday: Closed; Saturday: Closed; Sunday: Closed,dental_clinic,Bay of Plenty,Rotorua,some_prices
Lumino The Dentists: Landing Road Dental Centre Whakatane,"32 Landing Road, Whakatāne 3120, New Zealand",07 308 8585,+64 7 308 8585,https://lumino.co.nz/dentists/landing-road-dental-centre-whakatane/?utm_source=google_business_profile&utm_medium=organic,4.4,26,OPERATIONAL,https://maps.google.com/?cid=13561677912694293689&g_mp=Cidnb29nbGUubWFwcy5wbGFjZXMudjEuUGxhY2VzLlNlYXJjaFRleHQQAhgEIAA,Monday: 8:00 AM – 5:00 PM; Tuesday: 8:00 AM – 5:00 PM; Wednesday: 8:00 AM – 6:00 PM; Thursday: 8:00 AM – 5:00 PM; Friday: 8:00 AM – 3:00 PM; Saturday: Closed; Sunday: Closed,dental_clinic,Bay of Plenty,Whakatāne,some_prices
Lumino The Dentists: Willows Dental Centre Tauranga,"2 Willow Street, Tauranga 3110, New Zealand",07 578 6096,+64 7 578 6096,https://lumino.co.nz/dentists/willow-dental-centre-tauranga/?utm_source=google_business_profile&utm_medium=organic,4.5,30,OPERATIONAL,https://maps.google.com/?cid=13793770364821288322&g_mp=Cidnb29nbGUubWFwcy5wbGFjZXMudjEuUGxhY2VzLlNlYXJjaFRleHQQAhgEIAA,Monday: 7:30 AM – 5:00 PM; Tuesday: 8:00 AM – 5:00 PM; Wednesday: 8:00 AM – 5:00 PM; Thursday: 8:00 AM – 6:00 PM; Friday: 7:30 AM – 1:30 PM; Saturday: Closed; Sunday: Closed,dental_clinic,Bay of Plenty,Tauranga,some_prices
Lush Smiles,"277 Maunganui Road, Mount Maunganui 3116, New Zealand",020 4073 2887,+64 20 4073 2887,http://www.lushsmiles.net/,5,53,OPERATIONAL,https://maps.google.com/?cid=14521014276208330837&g_mp=Cidnb29nbGUubWFwcy5wbGFjZXMudjEuUGxhY2VzLlNlYXJjaFRleHQQAhgEIAA,Monday: Closed; Tuesday: 9:00 AM – 5:00 PM; Wednesday: 9:00 AM – 5:00 PM; Thursday: 11:00 AM – 7:00 PM; Friday: 9:00 AM – 5:00 PM; Saturday: 9:00 AM – 2:00 PM; Sunday: Closed,dental_clinic,Bay of Plenty,Tauranga,full_prices
Lynmore Junction Dental Care,"PU6, 346 Te Ngae Road, Lynmore, Rotorua 3010, New Zealand",07 215 9889,+64 7 215 9889,https://www.lynmoredentalcare.co.nz/,4.3,31,OPERATIONAL,https://maps.google.com/?cid=221664270927511437&g_mp=Cidnb29nbGUubWFwcy5wbGFjZXMudjEuUGxhY2VzLlNlYXJjaFRleHQQAhgEIAA,Monday: 8:00 AM – 5:00 PM; Tuesday: 8:00 AM – 5:00 PM; Wednesday: 8:00 AM – 5:00 PM; Thursday: 8:00 AM – 5:00 PM; Friday: 8:00 AM – 5:00 PM; Saturday: 8:00 AM – 4:00 PM; Sunday: Closed,dental_clinic,Bay of Plenty,Rotorua,no_prices
Malcolm Till,"1203 Tutanekai Street, Rotorua 3010, New Zealand",07 348 4288,+64 7 348 4288,http://www.dentist.co.nz/dentist-detail/rotorua/malcolm-till-dentist/A11006907,4.4,31,OPERATIONAL,https://maps.google.com/?cid=65135613822105043&g_mp=Cidnb29nbGUubWFwcy5wbGFjZXMudjEuUGxhY2VzLlNlYXJjaFRleHQQAhgEIAA,Monday: 8:30 AM – 5:00 PM; Tuesday: 8:30 AM – 5:00 PM; Wednesday: 8:30 AM – 5:00 PM; Thursday: 8:30 AM – 5:00 PM; Friday: 8:30 AM – 5:00 PM; Saturday: Closed; Sunday: Closed,dental_clinic,Bay of Plenty,Rotorua,no_prices
Mitchell dental laboratory - Denture repair,"77 Paterson Street, Mount Maunganui 3116, New Zealand",07 574 8082,+64 7 574 8082,https://www.mitchelldenture.com/,5,7,OPERATIONAL,https://maps.google.com/?cid=4693339945737343496&g_mp=Cidnb29nbGUubWFwcy5wbGFjZXMudjEuUGxhY2VzLlNlYXJjaFRleHQQAhgEIAA,Monday: Open 24 hours; Tuesday: Open 24 hours; Wednesday: Open 24 hours; Thursday: Open 24 hours; Friday: Open 24 hours; Saturday: Open 24 hours; Sunday: Open 24 hours,dental_clinic,Bay of Plenty,Tauranga,no_prices
Modern Dental t/a Lakes Care Dental,"1172 Arawa Street, Rotorua 3040, New Zealand",07 348 8888,+64 7 348 8888,http://www.moderndental.co.nz/,4.3,12,OPERATIONAL,https://maps.google.com/?cid=9735515853454141341&g_mp=Cidnb29nbGUubWFwcy5wbGFjZXMudjEuUGxhY2VzLlNlYXJjaFRleHQQAhgEIAA,Monday: 8:00 AM – 4:30 PM; Tuesday: 8:00 AM – 4:30 PM; Wednesday: 8:00 AM – 4:30 PM; Thursday: 8:00 AM – 4:30 PM; Friday: 8:00 AM – 4:30 PM; Saturday: Closed; Sunday: Closed,dental_clinic,Bay of Plenty,Rotorua,no_prices
Mount Maunganui Dental Centre,"257 Maunganui Road, Mount Maunganui 3116, New Zealand",07 575 5719,+64 7 575 5719,,4.4,7,OPERATIONAL,https://maps.google.com/?cid=1314808276049209448&g_mp=Cidnb29nbGUubWFwcy5wbGFjZXMudjEuUGxhY2VzLlNlYXJjaFRleHQQAhgEIAA,,dental_clinic,Bay of Plenty,Tauranga,no_prices
Murupara Medical Centre - Dr B Conlon,"27 Kowhai Avenue, Murupara 3025, New Zealand",07 366 5555,+64 7 366 5555,,4.6,25,OPERATIONAL,https://maps.google.com/?cid=5850442564682485033&g_mp=Cidnb29nbGUubWFwcy5wbGFjZXMudjEuUGxhY2VzLlNlYXJjaFRleHQQAhgEIAA,Monday: 8:30 AM – 5:00 PM; Tuesday: 8:30 AM – 5:00 PM; Wednesday: 8:30 AM – 5:00 PM; Thursday: 8:30 AM – 5:00 PM; Friday: 8:30 AM – 5:00 PM; Saturday: Closed; Sunday: Closed,dental_clinic,Bay of Plenty,Murupara,no_prices
New World Brookfield,"89 Bellevue Road, Brookfield, Tauranga 3110, New Zealand",07 576 2850,+64 7 576 2850,https://www.newworld.co.nz/upper-north-island/bay-of-plenty/brookfield,4.3,1492,OPERATIONAL,https://maps.google.com/?cid=1567283320242511844&g_mp=Cidnb29nbGUubWFwcy5wbGFjZXMudjEuUGxhY2VzLlNlYXJjaFRleHQQAhgEIAA,Monday: 7:00 AM – 9:00 PM; Tuesday: 7:00 AM – 9:00 PM; Wednesday: 7:00 AM – 9:00 PM; Thursday: 7:00 AM – 9:00 PM; Friday: 7:00 AM – 9:00 PM; Saturday: 7:00 AM – 9:00 PM; Sunday: 7:00 AM – 9:00 PM,dental_clinic,Bay of Plenty,Tauranga,no_prices
ONiho Dentures,"82 King Street, Whakatāne 3120, New Zealand",07 307 7207,+64 7 307 7207,http://www.onihodentures.co.nz/contact,4.4,11,OPERATIONAL,https://maps.google.com/?cid=9350370692310263219&g_mp=Cidnb29nbGUubWFwcy5wbGFjZXMudjEuUGxhY2VzLlNlYXJjaFRleHQQAhgEIAA,,dental_clinic,Bay of Plenty,Whakatāne,no_prices
Otumoetai Community Dental Clinic,"Otūmoetai, Tauranga 3110, New Zealand",07 576 6752,+64 7 576 6752,,5,3,OPERATIONAL,https://maps.google.com/?cid=9653608061369086406&g_mp=Cidnb29nbGUubWFwcy5wbGFjZXMudjEuUGxhY2VzLlNlYXJjaFRleHQQAhgEIAA,Monday: 8:00 AM – 4:30 PM; Tuesday: 8:00 AM – 4:30 PM; Wednesday: 8:00 AM – 4:30 PM; Thursday: 8:00 AM – 4:30 PM; Friday: 8:00 AM – 4:30 PM; Saturday: Closed; Sunday: Closed,dental_clinic,Bay of Plenty,Tauranga,no_prices
Otumoetai Dental Lab,"281 Otumoetai Road, Otūmoetai, Tauranga 3110, New Zealand",07 576 1150,+64 7 576 1150,http://www.dentures-tauranga.co.nz/,5,10,OPERATIONAL,https://maps.google.com/?cid=11764532549858524262&g_mp=Cidnb29nbGUubWFwcy5wbGFjZXMudjEuUGxhY2VzLlNlYXJjaFRleHQQAhgEIAA,Monday: 7:30 AM – 4:00 PM; Tuesday: 7:30 AM – 4:00 PM; Wednesday: 7:30 AM – 4:00 PM; Thursday: 7:30 AM – 4:00 PM; Friday: 7:30 AM – 4:00 PM; Saturday: Closed; Sunday: Closed,dental_clinic,Bay of Plenty,Tauranga,no_prices
P Tasker Dental,"1140 Tutanekai Street, Rotorua 3010, New Zealand",07 348 3970,+64 7 348 3970,http://www.ptaskerdental.co.nz/,4.5,13,OPERATIONAL,https://maps.google.com/?cid=2324410176237634645&g_mp=Cidnb29nbGUubWFwcy5wbGFjZXMudjEuUGxhY2VzLlNlYXJjaFRleHQQAhgEIAA,Monday: 8:30 AM – 5:00 PM; Tuesday: 8:30 AM – 5:00 PM; Wednesday: 8:30 AM – 5:00 PM; Thursday: 8:30 AM – 5:00 PM; Friday: 8:30 AM – 1:00 PM; Saturday: Closed; Sunday: Closed,dental_clinic,Bay of Plenty,Rotorua,no_prices
Papamoa Dental Centre,"532 Papamoa Beach Road, Papamoa Beach, Tauranga 3118, New Zealand",07 542 2294,+64 7 542 2294,http://www.papamoadentalcentre.co.nz/,4.7,63,OPERATIONAL,https://maps.google.com/?cid=6177697840460621317&g_mp=Cidnb29nbGUubWFwcy5wbGFjZXMudjEuUGxhY2VzLlNlYXJjaFRleHQQAhgEIAA,Monday: 8:30 AM – 5:00 PM; Tuesday: 8:30 AM – 5:00 PM; Wednesday: 8:30 AM – 5:00 PM; Thursday: 8:30 AM – 5:00 PM; Friday: 8:30 AM – 1:00 PM; Saturday: Closed; Sunday: Closed,dental_clinic,Bay of Plenty,Tauranga,some_prices
Papamoa Orthodontist,"1G Tara Road, Papamoa Beach, Tauranga 3187, New Zealand",07 579 3571,+64 7 579 3571,https://papamoaorthodontist.co.nz/,5,2,OPERATIONAL,https://maps.google.com/?cid=11734975150297415842&g_mp=Cidnb29nbGUubWFwcy5wbGFjZXMudjEuUGxhY2VzLlNlYXJjaFRleHQQAhgEIAA,Monday: 8:00 AM – 5:00 PM; Tuesday: 8:00 AM – 5:00 PM; Wednesday: 8:00 AM – 5:00 PM; Thursday: 8:00 AM – 5:00 PM; Friday: 8:30 AM – 4:00 PM; Saturday: Closed; Sunday: Closed,dental_clinic,Bay of Plenty,Papamoa,some_prices
Phoenix House Dental Centre,"1206 Ranolf Street, Rotorua 3010, New Zealand",0508 272 237,+64 508 272 237,,,,OPERATIONAL,https://maps.google.com/?cid=7947946103720941878&g_mp=Cidnb29nbGUubWFwcy5wbGFjZXMudjEuUGxhY2VzLlNlYXJjaFRleHQQAhgEIAA,,dental_clinic,Bay of Plenty,Rotorua,no_prices
Phoenix House Dental Centre,"Upstairs, Phoenix House 11 Pyne Street, Whakatāne 3120, New Zealand",07 308 7469,+64 7 308 7469,https://phoenixhousedentalcentre.co.nz/,4.2,29,OPERATIONAL,https://maps.google.com/?cid=11791536173060765627&g_mp=Cidnb29nbGUubWFwcy5wbGFjZXMudjEuUGxhY2VzLlNlYXJjaFRleHQQAhgEIAA,Monday: 8:30 AM – 5:00 PM; Tuesday: 8:30 AM – 5:00 PM; Wednesday: 8:30 AM – 5:00 PM; Thursday: 8:30 AM – 5:00 PM; Friday: 8:30 AM – 4:00 PM; Saturday: Closed; Sunday: Closed,dental_clinic,Bay of Plenty,Whakatāne,no_prices
Pukaki Dental,"1125 Pukaki Street, Rotorua 3010, New Zealand",07 348 5385,+64 7 348 5385,,5,2,OPERATIONAL,https://maps.google.com/?cid=10069332597562485196&g_mp=Cidnb29nbGUubWFwcy5wbGFjZXMudjEuUGxhY2VzLlNlYXJjaFRleHQQAhgEIAA,,dental_clinic,Bay of Plenty,Rotorua,no_prices
Putauaki School Dental Clinic,"8789 Fenton Mill Road, Kawerau 3127, New Zealand",07 323 7764,+64 7 323 7764,,5,2,OPERATIONAL,https://maps.google.com/?cid=7360904881325655446&g_mp=Cidnb29nbGUubWFwcy5wbGFjZXMudjEuUGxhY2VzLlNlYXJjaFRleHQQAhgEIAA,,dental_clinic,Bay of Plenty,Kawerau,no_prices
Ranolf Dental Surgery,"86 Ranolf Street, Victoria, Rotorua 3010, New Zealand",07 350 2115,+64 7 350 2115,http://www.ranolfdental.co.nz/,4.7,23,OPERATIONAL,https://maps.google.com/?cid=13243113466893407594&g_mp=Cidnb29nbGUubWFwcy5wbGFjZXMudjEuUGxhY2VzLlNlYXJjaFRleHQQAhgEIAA,"Monday: 9:30 AM – 1:00 PM, 2:00 – 5:00 PM; Tuesday: 9:30 AM – 1:00 PM, 2:00 – 5:00 PM; Wednesday: 9:30 AM – 1:00 PM, 2:00 – 5:00 PM; Thursday: 9:30 AM – 1:00 PM, 2:00 – 5:00 PM; Friday: Closed; Saturday: Closed; Sunday: Closed",dental_clinic,Bay of Plenty,Rotorua,no_prices
Rehman Medical store,"Main Street, Edgecumbe 3120, New Zealand",,,,,,OPERATIONAL,https://maps.google.com/?cid=5266946661038046957&g_mp=Cidnb29nbGUubWFwcy5wbGFjZXMudjEuUGxhY2VzLlNlYXJjaFRleHQQAhgEIAA,,dental_clinic,Bay of Plenty,Edgecumbe,no_prices
Riverslea Medical Centre,"Parking lot 26 College Road, Edgecumbe 3120, New Zealand",07 304 9106,+64 7 304 9106,https://www.riversleamedical.co.nz/,3,20,OPERATIONAL,https://maps.google.com/?cid=6635733267213966686&g_mp=Cidnb29nbGUubWFwcy5wbGFjZXMudjEuUGxhY2VzLlNlYXJjaFRleHQQAhgEIAA,Monday: 7:00 AM – 4:00 PM; Tuesday: 7:00 AM – 4:00 PM; Wednesday: 7:00 AM – 4:00 PM; Thursday: 7:00 AM – 4:00 PM; Friday: 7:00 AM – 4:00 PM; Saturday: Closed; Sunday: Closed,dental_clinic,Bay of Plenty,Edgecumbe,no_prices
Rotorua Dentists,"173 Old Taupo Road, Utuhina, Rotorua 3015, New Zealand",07 348 6569,+64 7 348 6569,http://www.rotoruadentists.co.nz/,3.6,40,OPERATIONAL,https://maps.google.com/?cid=15728851155790142967&g_mp=Cidnb29nbGUubWFwcy5wbGFjZXMudjEuUGxhY2VzLlNlYXJjaFRleHQQAhgEIAA,,dental_clinic,Bay of Plenty,Rotorua,no_prices
Rotorua Hospital,"Corner Arawa Street, Pukeroa Road, Rotorua 3010, New Zealand",07 348 1199,+64 7 348 1199,http://www.lakesdhb.govt.nz/,3.3,128,OPERATIONAL,https://maps.google.com/?cid=13444569604045784124&g_mp=Cidnb29nbGUubWFwcy5wbGFjZXMudjEuUGxhY2VzLlNlYXJjaFRleHQQAhgEIAA,Monday: 8:00 AM – 8:00 PM; Tuesday: 8:00 AM – 8:00 PM; Wednesday: 8:00 AM – 8:00 PM; Thursday: 8:00 AM – 8:00 PM; Friday: 8:00 AM – 8:00 PM; Saturday: 8:00 AM – 8:00 PM; Sunday: 8:00 AM – 8:00 PM,dental_clinic,Bay of Plenty,Rotorua,no_prices
Rotorua Intermediate Dental Clinic,"93-95 Malfroy Road, Victoria, Rotorua 3010, New Zealand",07 347 1495,+64 7 347 1495,https://www.healthpoint.co.nz/dentistry/general-dentist/rotorua-intermediate-dental-clinic/,,,OPERATIONAL,https://maps.google.com/?cid=18369068085046940617&g_mp=Cidnb29nbGUubWFwcy5wbGFjZXMudjEuUGxhY2VzLlNlYXJjaFRleHQQAhgEIAA,,dental_clinic,Bay of Plenty,Rotorua,no_prices
Sisam Dental,"88A The Strand, Whakatāne 3120, New Zealand",07 219 0872,+64 7 219 0872,https://www.sisamdental.co.nz/,5,35,OPERATIONAL,https://maps.google.com/?cid=9664396994001228032&g_mp=Cidnb29nbGUubWFwcy5wbGFjZXMudjEuUGxhY2VzLlNlYXJjaFRleHQQAhgEIAA,Monday: 8:30 AM – 5:00 PM; Tuesday: 8:30 AM – 5:00 PM; Wednesday: 8:30 AM – 5:00 PM; Thursday: 8:30 AM – 5:00 PM; Friday: 8:30 AM – 5:00 PM; Saturday: Closed; Sunday: Closed,dental_clinic,Bay of Plenty,Whakatāne,no_prices
Smile Art Dental,"1115 Cameron Road, Gate Pa, Tauranga 3110, New Zealand",07 577 0012,+64 7 577 0012,http://www.smileart.co.nz/,4.9,85,OPERATIONAL,https://maps.google.com/?cid=16114907637814589722&g_mp=Cidnb29nbGUubWFwcy5wbGFjZXMudjEuUGxhY2VzLlNlYXJjaFRleHQQAhgEIAA,Monday: 8:00 AM – 5:00 PM; Tuesday: 8:00 AM – 5:00 PM; Wednesday: 8:00 AM – 5:00 PM; Thursday: 8:00 AM – 5:00 PM; Friday: 8:00 AM – 5:00 PM; Saturday: Closed; Sunday: Closed,dental_clinic,Bay of Plenty,Tauranga,no_prices
Stewart Edward Dental Surgeon,"1125 Pukaki Street, Rotorua 3010, New Zealand",07 348 5385,+64 7 348 5385,,4,1,OPERATIONAL,https://maps.google.com/?cid=8191182702621200721&g_mp=Cidnb29nbGUubWFwcy5wbGFjZXMudjEuUGxhY2VzLlNlYXJjaFRleHQQAhgEIAA,,dental_clinic,Bay of Plenty,Rotorua,no_prices
TRG Smiles,"1133 Pukuatua Street, Rotorua 3010, New Zealand",,,https://www.facebook.com/trgsmiles,4.8,6,OPERATIONAL,https://maps.google.com/?cid=17274855753484084426&g_mp=Cidnb29nbGUubWFwcy5wbGFjZXMudjEuUGxhY2VzLlNlYXJjaFRleHQQAhgEIAA,Monday: Closed; Tuesday: 9:45 AM – 7:00 PM; Wednesday: 9:45 AM – 7:00 PM; Thursday: 10:45 AM – 7:00 PM; Friday: 9:45 AM – 5:00 PM; Saturday: 10:00 AM – 3:00 PM; Sunday: Closed,dental_clinic,Bay of Plenty,Rotorua,no_prices
Tara Road Dental Papamoa,"1G Tara Road, Papamoa Beach, Tauranga 3187, New Zealand",07 579 5291,+64 7 579 5291,https://tararddental.co.nz/,5,13,OPERATIONAL,https://maps.google.com/?cid=7666925827358705231&g_mp=Cidnb29nbGUubWFwcy5wbGFjZXMudjEuUGxhY2VzLlNlYXJjaFRleHQQAhgEIAA,Monday: 8:00 AM – 5:00 PM; Tuesday: 8:00 AM – 5:00 PM; Wednesday: 8:00 AM – 5:00 PM; Thursday: 8:00 AM – 5:00 PM; Friday: Closed; Saturday: Closed; Sunday: Closed,dental_clinic,Bay of Plenty,Papamoa,no_prices
Tauranga Community Dental Clinic,"24 Eighteenth Avenue, Tauranga South, Tauranga 3112, New Zealand",07 578 3070,+64 7 578 3070,,5,1,OPERATIONAL,https://maps.google.com/?cid=14287075331297757878&g_mp=Cidnb29nbGUubWFwcy5wbGFjZXMudjEuUGxhY2VzLlNlYXJjaFRleHQQAhgEIAA,Monday: 8:00 AM – 4:30 PM; Tuesday: 8:00 AM – 4:30 PM; Wednesday: 8:00 AM – 4:30 PM; Thursday: 8:00 AM – 4:30 PM; Friday: 8:00 AM – 4:30 PM; Saturday: Closed; Sunday: Closed,dental_clinic,Bay of Plenty,Tauranga,no_prices
Tauranga Crossing Dental,"Shop 19, Tauranga Crossing, 2 Taurikura Drive, Tauriko, Tauranga 3110, New Zealand",07 543 1123,+64 7 543 1123,http://www.taurangacrossingdental.co.nz/,4.9,100,OPERATIONAL,https://maps.google.com/?cid=6927690827659613170&g_mp=Cidnb29nbGUubWFwcy5wbGFjZXMudjEuUGxhY2VzLlNlYXJjaFRleHQQAhgEIAA,Monday: 8:30 AM – 5:30 PM; Tuesday: 8:30 AM – 5:30 PM; Wednesday: 8:30 AM – 5:30 PM; Thursday: 8:30 AM – 5:30 PM; Friday: 8:30 AM – 5:30 PM; Saturday: 8:30 AM – 1:30 PM; Sunday: Closed,dental_clinic,Bay of Plenty,Tauranga,no_prices
Tauranga Dental House,"8 Willow Street, Tauranga 3110, New Zealand",07 578 9849,+64 7 578 9849,https://www.taurangadentalhouse.co.nz/,4.9,55,OPERATIONAL,https://maps.google.com/?cid=13036658088726037210&g_mp=Cidnb29nbGUubWFwcy5wbGFjZXMudjEuUGxhY2VzLlNlYXJjaFRleHQQAhgEIAA,Monday: 8:00 AM – 5:00 PM; Tuesday: 8:00 AM – 5:00 PM; Wednesday: 8:00 AM – 5:00 PM; Thursday: 8:00 AM – 5:00 PM; Friday: 8:00 AM – 4:00 PM; Saturday: Closed; Sunday: Closed,dental_clinic,Bay of Plenty,Tauranga,no_prices
Tauranga Dental Specialists,"Cliff Road, Tauranga 3110, New Zealand",07 579 7758,+64 7 579 7758,http://www.taurangadentalspecialists.co.nz/contact-us/,,,OPERATIONAL,https://maps.google.com/?cid=6229062546221740931&g_mp=Cidnb29nbGUubWFwcy5wbGFjZXMudjEuUGxhY2VzLlNlYXJjaFRleHQQAhgEIAA,,dental_clinic,Bay of Plenty,Tauranga,no_prices
Tauranga Dentists,"850 Cameron Road, Tauranga South, Tauranga 3112, New Zealand",07 578 8848,+64 7 578 8848,http://taurangadentists.co.nz/,4.2,5,OPERATIONAL,https://maps.google.com/?cid=10412108900330013127&g_mp=Cidnb29nbGUubWFwcy5wbGFjZXMudjEuUGxhY2VzLlNlYXJjaFRleHQQAhgEIAA,Monday: 8:00 AM – 5:00 PM; Tuesday: 8:00 AM – 5:00 PM; Wednesday: 8:00 AM – 5:00 PM; Thursday: 8:00 AM – 5:00 PM; Friday: Closed; Saturday: Closed; Sunday: Closed,dental_clinic,Bay of Plenty,Tauranga,no_prices
Tauranga Hospital,"829 Cameron Road, Tauranga South, Tauranga 3112, New Zealand",07 579 8000,+64 7 579 8000,,3.3,299,OPERATIONAL,https://maps.google.com/?cid=5545742174135753365&g_mp=Cidnb29nbGUubWFwcy5wbGFjZXMudjEuUGxhY2VzLlNlYXJjaFRleHQQAhgEIAA,Monday: Open 24 hours; Tuesday: Open 24 hours; Wednesday: Open 24 hours; Thursday: Open 24 hours; Friday: Open 24 hours; Saturday: Open 24 hours; Sunday: Open 24 hours,dental_clinic,Bay of Plenty,Tauranga,no_prices
Tauranga OMS,"15 Brown Street, Tauranga 3110, New Zealand",07 578 8847,+64 7 578 8847,http://www.taurangaoms.co.nz/,4.2,46,OPERATIONAL,https://maps.google.com/?cid=3915034967769672038&g_mp=Cidnb29nbGUubWFwcy5wbGFjZXMudjEuUGxhY2VzLlNlYXJjaFRleHQQAhgEIAA,Monday: 8:00 AM – 5:00 PM; Tuesday: 8:00 AM – 5:00 PM; Wednesday: 8:00 AM – 5:00 PM; Thursday: 8:00 AM – 5:00 PM; Friday: 8:00 AM – 5:00 PM; Saturday: Closed; Sunday: Closed,dental_clinic,Bay of Plenty,Tauranga,no_prices
Tauranga Periodontics and Dental Implants,"10/71 Tenth Avenue, Tauranga South, Tauranga 3110, New Zealand",07 571 2863,+64 7 571 2863,https://www.taurangaperiodontics.co.nz/,4.3,6,OPERATIONAL,https://maps.google.com/?cid=6551534470507388137&g_mp=Cidnb29nbGUubWFwcy5wbGFjZXMudjEuUGxhY2VzLlNlYXJjaFRleHQQAhgEIAA,Monday: 8:00 AM – 5:00 PM; Tuesday: 8:00 AM – 5:00 PM; Wednesday: 8:00 AM – 5:00 PM; Thursday: 8:00 AM – 5:00 PM; Friday: 8:00 AM – 5:00 PM; Saturday: Closed; Sunday: Closed,dental_clinic,Bay of Plenty,Tauranga,no_prices
Tauranga Special Care Dentistry,"38 Cliff Road, Tauranga 3110, New Zealand",07 282 7401,+64 7 282 7401,https://www.taurangascd.nz/,3.7,6,OPERATIONAL,https://maps.google.com/?cid=4185878093483567340&g_mp=Cidnb29nbGUubWFwcy5wbGFjZXMudjEuUGxhY2VzLlNlYXJjaFRleHQQAhgEIAA,,dental_clinic,Bay of Plenty,Tauranga,no_prices
Te Ao Marama Aotearoa Maori Dental Association,"13 Tawhara Place Edgecumbe, Whakatāne 3120, New Zealand",021 674 472,+64 21 674 472,https://teaomarama.org.nz/,5,1,OPERATIONAL,https://maps.google.com/?cid=93351734128473415&g_mp=Cidnb29nbGUubWFwcy5wbGFjZXMudjEuUGxhY2VzLlNlYXJjaFRleHQQAhgEIAA,Monday: 8:00 AM – 4:00 PM; Tuesday: 8:00 AM – 4:00 PM; Wednesday: 8:00 AM – 4:00 PM; Thursday: 8:00 AM – 4:00 PM; Friday: 8:00 AM – 4:00 PM; Saturday: Closed; Sunday: Closed,dental_clinic,Bay of Plenty,Edgecumbe,no_prices
Te Ika Whenua Hauora Health Clinic,"43 Pine Drive, Murupara 3025, New Zealand",07 366 5585,+64 7 366 5585,,,,OPERATIONAL,https://maps.google.com/?cid=12695344210126419727&g_mp=Cidnb29nbGUubWFwcy5wbGFjZXMudjEuUGxhY2VzLlNlYXJjaFRleHQQAhgEIAA,,dental_clinic,Bay of Plenty,Murupara,no_prices
Te Manu Toroa Kaupapa Maori Dental Services,"95 Hartford Avenue, Papamoa Beach, Tauranga 3118, New Zealand",07 574 0214,+64 7 574 0214,,5,2,OPERATIONAL,https://maps.google.com/?cid=9798472473736284794&g_mp=Cidnb29nbGUubWFwcy5wbGFjZXMudjEuUGxhY2VzLlNlYXJjaFRleHQQAhgEIAA,,dental_clinic,Bay of Plenty,Papamoa,no_prices
Te Whatu Ora Lakes,"Arawa Street, Rotorua 3010, New Zealand",07 348 1199,+64 7 348 1199,http://www.lakesdhb.govt.nz/,3.2,39,OPERATIONAL,https://maps.google.com/?cid=5441003135497111454&g_mp=Cidnb29nbGUubWFwcy5wbGFjZXMudjEuUGxhY2VzLlNlYXJjaFRleHQQAhgEIAA,Monday: Open 24 hours; Tuesday: Open 24 hours; Wednesday: Open 24 hours; Thursday: Open 24 hours; Friday: Open 24 hours; Saturday: Open 24 hours; Sunday: Open 24 hours,dental_clinic,Bay of Plenty,Rotorua,no_prices
Team Dental Greerton,"1426 Cameron Road, Greerton, Tauranga 3112, New Zealand",07 281 1032,+64 7 281 1032,https://www.team-dental.co.nz/bay-of-plenty/greerton/?utm_campaign=greerton&utm_medium=gbp&utm_source=google,4.7,101,OPERATIONAL,https://maps.google.com/?cid=15749258930546880794&g_mp=Cidnb29nbGUubWFwcy5wbGFjZXMudjEuUGxhY2VzLlNlYXJjaFRleHQQAhgEIAA,Monday: 9:00 AM – 5:00 PM; Tuesday: 9:00 AM – 5:00 PM; Wednesday: 9:00 AM – 5:00 PM; Thursday: 9:00 AM – 5:00 PM; Friday: 9:00 AM – 5:00 PM; Saturday: Closed; Sunday: Closed,dental_clinic,Bay of Plenty,Tauranga,some_prices
Team Dental Katikati,"19A Carisbrooke Street, Katikati 3129, New Zealand",07 549 5454,+64 7 549 5454,https://www.team-dental.co.nz/bay-of-plenty/katikati/?utm_campaign=katikati&utm_medium=gbp&utm_source=google,4.9,71,OPERATIONAL,https://maps.google.com/?cid=5782755427829208085&g_mp=Cidnb29nbGUubWFwcy5wbGFjZXMudjEuUGxhY2VzLlNlYXJjaFRleHQQAhgEIAA,Monday: 9:00 AM – 5:00 PM; Tuesday: 9:00 AM – 5:00 PM; Wednesday: 9:00 AM – 5:00 PM; Thursday: 9:00 AM – 5:00 PM; Friday: 9:00 AM – 3:00 PM; Saturday: Closed; Sunday: Closed,dental_clinic,Bay of Plenty,Katikati,some_prices
Team Dental Papamoa,"5 Golden Sands Drive, Papamoa Beach, Tauranga 3118, New Zealand",07 542 4230,+64 7 542 4230,https://www.team-dental.co.nz/bay-of-plenty/papamoa/?utm_campaign=papamoa&utm_medium=gbp&utm_source=google,4.5,82,OPERATIONAL,https://maps.google.com/?cid=8892697602611638175&g_mp=Cidnb29nbGUubWFwcy5wbGFjZXMudjEuUGxhY2VzLlNlYXJjaFRleHQQAhgEIAA,Monday: 9:00 AM – 5:00 PM; Tuesday: 9:00 AM – 5:00 PM; Wednesday: 9:00 AM – 5:00 PM; Thursday: 9:00 AM – 5:00 PM; Friday: 9:00 AM – 5:00 PM; Saturday: Closed; Sunday: Closed,dental_clinic,Bay of Plenty,Papamoa,some_prices
Team Dental Rotorua,"5 Tarawera Road, Redwood Centre, Rotorua 3010, New Zealand",07 222 5053,+64 7 222 5053,https://www.team-dental.co.nz/bay-of-plenty/rotorua/?utm_campaign=rotorua&utm_medium=gbp&utm_source=google,4.7,34,OPERATIONAL,https://maps.google.com/?cid=11785293993471099526&g_mp=Cidnb29nbGUubWFwcy5wbGFjZXMudjEuUGxhY2VzLlNlYXJjaFRleHQQAhgEIAA,Monday: 9:00 AM – 5:00 PM; Tuesday: 9:00 AM – 5:00 PM; Wednesday: 9:00 AM – 5:00 PM; Thursday: 9:00 AM – 5:00 PM; Friday: 9:00 AM – 5:00 PM; Saturday: Closed; Sunday: Closed,dental_clinic,Bay of Plenty,Rotorua,some_prices
Team Dental Tauranga - 16th Ave,"131 Sixteenth Avenue, Tauranga South, Tauranga 3112, New Zealand",07 578 4607,+64 7 578 4607,https://www.team-dental.co.nz/bay-of-plenty/tauranga-sixteenth-ave/?utm_campaign=16th-ave&utm_medium=gbp&utm_source=google,4.6,31,OPERATIONAL,https://maps.google.com/?cid=8042206036398684962&g_mp=Cidnb29nbGUubWFwcy5wbGFjZXMudjEuUGxhY2VzLlNlYXJjaFRleHQQAhgEIAA,Monday: 9:00 AM – 5:00 PM; Tuesday: 9:00 AM – 5:00 PM; Wednesday: 9:00 AM – 5:00 PM; Thursday: 9:00 AM – 5:00 PM; Friday: Closed; Saturday: Closed; Sunday: Closed,dental_clinic,Bay of Plenty,Tauranga,some_prices
Team Dental Tauranga - 2nd Ave,"Accident And Emergency Centre 19 Second Avenue, Tauranga 3110, New Zealand",07 571 1230,+64 7 571 1230,https://www.team-dental.co.nz/bay-of-plenty/tauranga-2nd-ave/?utm_campaign=2nd-ave&utm_medium=gbp&utm_source=google,4.4,133,OPERATIONAL,https://maps.google.com/?cid=5277268468885516254&g_mp=Cidnb29nbGUubWFwcy5wbGFjZXMudjEuUGxhY2VzLlNlYXJjaFRleHQQAhgEIAA,Monday: 9:00 AM – 6:00 PM; Tuesday: 9:00 AM – 6:00 PM; Wednesday: 9:00 AM – 6:00 PM; Thursday: 9:00 AM – 6:00 PM; Friday: 9:00 AM – 6:00 PM; Saturday: 10:00 AM – 4:00 PM; Sunday: 1:00 – 4:00 PM,dental_clinic,Bay of Plenty,Tauranga,some_prices
The Cosmetic Clinic Rotorua,"1282 Tutanekai Street, Rotorua 3010, New Zealand",07 262 6348,+64 7 262 6348,https://www.thecosmeticclinic.co.nz/?utm_source=google&utm_medium=organic&utm_campaign=gmb&utm_term=website+link,5,269,OPERATIONAL,https://maps.google.com/?cid=1009135137466404112&g_mp=Cidnb29nbGUubWFwcy5wbGFjZXMudjEuUGxhY2VzLlNlYXJjaFRleHQQAhgEIAA,Monday: 9:00 AM – 5:30 PM; Tuesday: 9:00 AM – 7:00 PM; Wednesday: 9:00 AM – 7:00 PM; Thursday: 9:00 AM – 7:00 PM; Friday: 9:00 AM – 5:30 PM; Saturday: 9:00 AM – 2:00 PM; Sunday: Closed,dental_clinic,Bay of Plenty,Rotorua,no_prices
The Dental Centre,"21 Queen Street, Te Puke 3119, New Zealand",,,,5,1,OPERATIONAL,https://maps.google.com/?cid=1813501945537023548&g_mp=Cidnb29nbGUubWFwcy5wbGFjZXMudjEuUGxhY2VzLlNlYXJjaFRleHQQAhgEIAA,,dental_clinic,Bay of Plenty,Te Puke,no_prices
The Dental Hygienist,"1203 Tutanekai Street, Rotorua 3010, New Zealand",07 215 9937,+64 7 215 9937,https://thedentalhygienist.co.nz/,5,14,OPERATIONAL,https://maps.google.com/?cid=10741741170303946210&g_mp=Cidnb29nbGUubWFwcy5wbGFjZXMudjEuUGxhY2VzLlNlYXJjaFRleHQQAhgEIAA,Monday: 9:00 AM – 4:00 PM; Tuesday: 9:00 AM – 5:30 PM; Wednesday: 9:00 AM – 5:00 PM; Thursday: 9:00 AM – 5:00 PM; Friday: Closed; Saturday: Closed; Sunday: Closed,dental_clinic,Bay of Plenty,Rotorua,some_prices
The Dentists - Rotorua,"1125 Pukaki Street, Rotorua 3010, New Zealand",07 348 5385,+64 7 348 5385,https://www.dentistsrotorua.co.nz/,4.8,107,OPERATIONAL,https://maps.google.com/?cid=2372937109433644950&g_mp=Cidnb29nbGUubWFwcy5wbGFjZXMudjEuUGxhY2VzLlNlYXJjaFRleHQQAhgEIAA,Monday: 8:00 AM – 5:00 PM; Tuesday: 8:00 AM – 5:00 PM; Wednesday: 8:00 AM – 5:00 PM; Thursday: 8:00 AM – 5:00 PM; Friday: 8:00 AM – 5:00 PM; Saturday: Closed; Sunday: Closed,dental_clinic,Bay of Plenty,Rotorua,no_prices
The Dentists - Tauranga,"344 Otumoetai Road, Otūmoetai, Tauranga 3110, New Zealand",07 576 4895,+64 7 576 4895,https://www.dentiststauranga.co.nz/,4.9,150,OPERATIONAL,https://maps.google.com/?cid=1163028908005125530&g_mp=Cidnb29nbGUubWFwcy5wbGFjZXMudjEuUGxhY2VzLlNlYXJjaFRleHQQAhgEIAA,Monday: 8:00 AM – 5:00 PM; Tuesday: 8:00 AM – 5:00 PM; Wednesday: 8:00 AM – 5:00 PM; Thursday: 8:00 AM – 5:00 PM; Friday: 8:00 AM – 5:00 PM; Saturday: Closed; Sunday: Closed,dental_clinic,Bay of Plenty,Tauranga,no_prices
The Dentists - Tauranga (Harley Dentistry),"344 Otumoetai Road, Otūmoetai, Tauranga 3110, New Zealand",07 576 3104,+64 7 576 3104,https://www.harleydentistry.co.nz/,3.8,12,OPERATIONAL,https://maps.google.com/?cid=14130137883367930836&g_mp=Cidnb29nbGUubWFwcy5wbGFjZXMudjEuUGxhY2VzLlNlYXJjaFRleHQQAhgEIAA,Monday: 9:00 AM – 5:00 PM; Tuesday: 9:00 AM – 5:00 PM; Wednesday: 9:00 AM – 5:00 PM; Thursday: 9:00 AM – 5:00 PM; Friday: 9:00 AM – 5:00 PM; Saturday: Closed; Sunday: Closed,dental_clinic,Bay of Plenty,Tauranga,no_prices
The Orthodontic Hub Mount Maunganui,"561 Maunganui Road, Mount Maunganui 3116, New Zealand",027 557 5404,+64 27 557 5404,https://www.theorthodontichub.co.nz/,5,121,OPERATIONAL,https://maps.google.com/?cid=3206161762844749407&g_mp=Cidnb29nbGUubWFwcy5wbGFjZXMudjEuUGxhY2VzLlNlYXJjaFRleHQQAhgEIAA,Monday: 8:00 AM – 5:00 PM; Tuesday: 8:00 AM – 5:00 PM; Wednesday: 8:00 AM – 5:00 PM; Thursday: 8:00 AM – 5:00 PM; Friday: 8:00 AM – 5:00 PM; Saturday: Closed; Sunday: Closed,dental_clinic,Bay of Plenty,Mount Maunganui,no_prices
The Orthodontic Hub Papamoa,"3 Palm Springs Boulevard, Papamoa Beach, Tauranga 3118, New Zealand",027 557 5404,+64 27 557 5404,http://www.theorthodontichub.co.nz/,4.9,12,OPERATIONAL,https://maps.google.com/?cid=1931054861783900033&g_mp=Cidnb29nbGUubWFwcy5wbGFjZXMudjEuUGxhY2VzLlNlYXJjaFRleHQQAhgEIAA,Monday: 8:00 AM – 5:00 PM; Tuesday: 8:00 AM – 5:00 PM; Wednesday: 8:00 AM – 5:00 PM; Thursday: 8:00 AM – 5:00 PM; Friday: 8:00 AM – 5:00 PM; Saturday: Closed; Sunday: Closed,dental_clinic,Bay of Plenty,Papamoa,no_prices
Tipu Dental Home,"16-20 Houkotuku Street, Ohinemutu, Rotorua 3010, New Zealand",,,,4.3,4,OPERATIONAL,https://maps.google.com/?cid=4586730170412565680&g_mp=Cidnb29nbGUubWFwcy5wbGFjZXMudjEuUGxhY2VzLlNlYXJjaFRleHQQAhgEIAA,Monday: 8:00 AM – 5:30 PM; Tuesday: 8:00 AM – 5:30 PM; Wednesday: 8:00 AM – 5:30 PM; Thursday: 8:00 AM – 5:30 PM; Friday: 8:00 AM – 5:30 PM; Saturday: Closed; Sunday: Closed,dental_clinic,Bay of Plenty,Rotorua,no_prices
Tony Lund Orthodontist,"1206 Ranolf Street, Rotorua 3010, New Zealand",07 347 8231,+64 7 347 8231,,5,7,OPERATIONAL,https://maps.google.com/?cid=7494450644698214379&g_mp=Cidnb29nbGUubWFwcy5wbGFjZXMudjEuUGxhY2VzLlNlYXJjaFRleHQQAhgEIAA,Monday: 8:30 AM – 5:00 PM; Tuesday: 8:30 AM – 5:30 PM; Wednesday: 8:30 AM – 5:30 PM; Thursday: 9:00 AM – 12:00 PM; Friday: 8:30 AM – 5:00 PM; Saturday: Closed; Sunday: Closed,dental_clinic,Bay of Plenty,Rotorua,no_prices
"Tooth Fairy Dental - 19 Jellicoe St, Te Puke","19 Jellicoe Street, Te Puke 3119, New Zealand",07 573 7856,+64 7 573 7856,https://www.toothfairydental.co.nz/te-puke-clinics/,4.9,28,OPERATIONAL,https://maps.google.com/?cid=8194113676514399293&g_mp=Cidnb29nbGUubWFwcy5wbGFjZXMudjEuUGxhY2VzLlNlYXJjaFRleHQQAhgEIAA,Monday: 8:00 AM – 5:00 PM; Tuesday: 8:00 AM – 5:00 PM; Wednesday: 8:00 AM – 5:00 PM; Thursday: 8:00 AM – 5:00 PM; Friday: Closed; Saturday: Closed; Sunday: Closed,dental_clinic,Bay of Plenty,Papamoa,full_prices
Tooth Fairy Dental - Ex Smileworks/Bridgens lumino dental,"77 Jellicoe Street, Te Puke 3153, New Zealand",07 575 6278,+64 7 575 6278,http://www.toothfairydental.co.nz/,5,8,OPERATIONAL,https://maps.google.com/?cid=18206454922227553384&g_mp=Cidnb29nbGUubWFwcy5wbGFjZXMudjEuUGxhY2VzLlNlYXJjaFRleHQQAhgEIAA,Monday: 8:00 AM – 5:00 PM; Tuesday: Closed; Wednesday: 8:00 AM – 5:00 PM; Thursday: 8:00 AM – 5:00 PM; Friday: 8:00 AM – 5:00 PM; Saturday: Closed; Sunday: Closed,dental_clinic,Bay of Plenty,Papamoa,full_prices
Tooth Fairy Dental - Mt Maunganui,"2 Kupe Avenue, Mount Maunganui 3116, New Zealand",07 575 6278,+64 7 575 6278,https://www.toothfairydental.co.nz/mount-maunganui-clinic/,5,119,OPERATIONAL,https://maps.google.com/?cid=9596033866287310189&g_mp=Cidnb29nbGUubWFwcy5wbGFjZXMudjEuUGxhY2VzLlNlYXJjaFRleHQQAhgEIAA,Monday: 8:00 AM – 5:00 PM; Tuesday: 8:00 AM – 5:00 PM; Wednesday: 8:00 AM – 5:00 PM; Thursday: 8:00 AM – 5:00 PM; Friday: 8:00 AM – 5:00 PM; Saturday: Closed; Sunday: Closed,dental_clinic,Bay of Plenty,Tauranga,full_prices
Tooth Fairy Dental - Papamoa,"3 Palm Springs Boulevard, Papamoa Beach, Tauranga 3118, New Zealand",07 575 6278,+64 7 575 6278,https://www.toothfairydental.co.nz/papamoa-clinic/,4.9,148,OPERATIONAL,https://maps.google.com/?cid=677204795155253050&g_mp=Cidnb29nbGUubWFwcy5wbGFjZXMudjEuUGxhY2VzLlNlYXJjaFRleHQQAhgEIAA,Monday: 8:00 AM – 5:00 PM; Tuesday: 8:00 AM – 5:00 PM; Wednesday: 8:00 AM – 5:00 PM; Thursday: Closed; Friday: Closed; Saturday: Closed; Sunday: Closed,dental_clinic,Bay of Plenty,Tauranga,full_prices
"Tooth Fairy Dental - Queen Street, Te Puke","21 Queen Street, Te Puke 3119, New Zealand",07 573 8738,+64 7 573 8738,https://www.toothfairydental.co.nz/te-puke-clinics/,4.9,43,OPERATIONAL,https://maps.google.com/?cid=11043145050945818639&g_mp=Cidnb29nbGUubWFwcy5wbGFjZXMudjEuUGxhY2VzLlNlYXJjaFRleHQQAhgEIAA,Monday: 8:00 AM – 5:00 PM; Tuesday: 8:00 AM – 5:00 PM; Wednesday: 8:00 AM – 5:00 PM; Thursday: 8:00 AM – 5:00 PM; Friday: 8:00 AM – 5:00 PM; Saturday: Closed; Sunday: Closed,dental_clinic,Bay of Plenty,Te Puke,full_prices
Tooth Fairy Dental Bethlehem,"227 SH2, Bethlehem, Tauranga 3010, New Zealand",07 579 1323,+64 7 579 1323,https://www.toothfairydental.co.nz/bethlehem-clinic/,4.9,117,OPERATIONAL,https://maps.google.com/?cid=962384065696953522&g_mp=Cidnb29nbGUubWFwcy5wbGFjZXMudjEuUGxhY2VzLlNlYXJjaFRleHQQAhgEIAA,Monday: 8:00 AM – 5:00 PM; Tuesday: 8:00 AM – 5:00 PM; Wednesday: 8:00 AM – 5:00 PM; Thursday: 8:00 AM – 5:00 PM; Friday: 8:00 AM – 5:00 PM; Saturday: Closed; Sunday: Closed,dental_clinic,Bay of Plenty,Tauranga,full_prices
Unichem Rotorua Central Pharmacy,"1181 Amohia Street, Rotorua 3010, New Zealand",07 348 6028,+64 7 348 6028,http://www.centralpharmacy.co.nz/,4.7,178,OPERATIONAL,https://maps.google.com/?cid=16138510210584651534&g_mp=Cidnb29nbGUubWFwcy5wbGFjZXMudjEuUGxhY2VzLlNlYXJjaFRleHQQAhgEIAA,Monday: 8:30 AM – 5:30 PM; Tuesday: 8:30 AM – 5:30 PM; Wednesday: 8:30 AM – 5:30 PM; Thursday: 8:30 AM – 5:30 PM; Friday: 8:30 AM – 5:30 PM; Saturday: 8:30 AM – 5:00 PM; Sunday: 10:00 AM – 4:00 PM,dental_clinic,Bay of Plenty,Rotorua,no_prices
Waihi Beach Medical Centre,"47 Wilson Road, Waihi Beach 3611, New Zealand",07 863 5757,+64 7 863 5757,http://www.phcl.health.nz/waihibeach,3.7,18,OPERATIONAL,https://maps.google.com/?cid=18346120615606196910&g_mp=Cidnb29nbGUubWFwcy5wbGFjZXMudjEuUGxhY2VzLlNlYXJjaFRleHQQAhgEIAA,Monday: 8:00 AM – 5:00 PM; Tuesday: 8:00 AM – 5:00 PM; Wednesday: 8:00 AM – 5:00 PM; Thursday: 9:00 AM – 5:00 PM; Friday: 8:00 AM – 5:00 PM; Saturday: Closed; Sunday: Closed,dental_clinic,Bay of Plenty,Waihi Beach,no_prices
Welcome Bay Dental Care,"33 Hairini Street, Hairini, Tauranga 3112, New Zealand",07 544 6080,+64 7 544 6080,http://www.wbdc.co.nz/,4.8,29,OPERATIONAL,https://maps.google.com/?cid=18244068627778428973&g_mp=Cidnb29nbGUubWFwcy5wbGFjZXMudjEuUGxhY2VzLlNlYXJjaFRleHQQAhgEIAA,Monday: 8:30 AM – 5:00 PM; Tuesday: 8:30 AM – 5:00 PM; Wednesday: 8:30 AM – 5:00 PM; Thursday: 8:30 AM – 5:00 PM; Friday: 8:30 AM – 5:00 PM; Saturday: Closed; Sunday: Closed,dental_clinic,Bay of Plenty,Tauranga,no_prices
Whakatane Dental Centre,"11A James Street, Whakatāne 3120, New Zealand",07 308 9998,+64 7 308 9998,https://www.whakatanedental.co.nz/,4.1,7,OPERATIONAL,https://maps.google.com/?cid=8282354054034598592&g_mp=Cidnb29nbGUubWFwcy5wbGFjZXMudjEuUGxhY2VzLlNlYXJjaFRleHQQAhgEIAA,"Monday: 9:00 AM – 1:00 PM, 3:00 – 6:00 PM; Tuesday: 9:00 AM – 1:00 PM, 3:00 – 6:00 PM; Wednesday: 9:00 AM – 5:00 PM; Thursday: 9:00 AM – 1:00 PM, 3:00 – 6:00 PM; Friday: 9:00 AM – 2:00 PM; Saturday: Closed; Sunday: Closed",dental_clinic,Bay of Plenty,Whakatāne,no_prices
Woolworths Fraser Cove,"229-233 Fraser Street,Fraser Cove Shopping Centre, 243 Fraser Street, Tauranga South, Tauranga 3112, New Zealand",07 571 0500,+64 7 571 0500,https://www.woolworths.co.nz/store-finder/9113/tauranga/fraser-cove-woolworths?utm_source=google&utm_medium=organic&utm_campaign=gmb&utm_term=woolworths-fraser-cove,4.2,1424,OPERATIONAL,https://maps.google.com/?cid=14777318986140658082&g_mp=Cidnb29nbGUubWFwcy5wbGFjZXMudjEuUGxhY2VzLlNlYXJjaFRleHQQAhgEIAA,Monday: 7:00 AM – 10:00 PM; Tuesday: 7:00 AM – 10:00 PM; Wednesday: 7:00 AM – 10:00 PM; Thursday: 7:00 AM – 10:00 PM; Friday: 7:00 AM – 10:00 PM; Saturday: 7:00 AM – 10:00 PM; Sunday: 7:00 AM – 10:00 PM,dental_clinic,Bay of Plenty,Tauranga,no_prices
elder abuse tipu ora,"Houkotuku Street, Ohinemutu, Rotorua 3010, New Zealand",0800 348 2400,+64 800 348 2400,,,,OPERATIONAL,https://maps.google.com/?cid=15451257542526770006&g_mp=Cidnb29nbGUubWFwcy5wbGFjZXMudjEuUGxhY2VzLlNlYXJjaFRleHQQAhgEIAA,,dental_clinic,Bay of Plenty,Rotorua,no_prices
Affordable Denture Clinic,"123 Williams Street, Kaiapoi 7630, New Zealand",03 327 0077,+64 3 327 0077,,5,2,OPERATIONAL,https://maps.google.com/?cid=15101672794650199235&g_mp=Cidnb29nbGUubWFwcy5wbGFjZXMudjEuUGxhY2VzLlNlYXJjaFRleHQQAhgEIAA,,dental_clinic,Canterbury,Christchurch,no_prices
After Hours Dental,"367 Main South Road, Hornby, Christchurch 8042, New Zealand",0800 433 368,+64 800 433 368,,1,2,OPERATIONAL,https://maps.google.com/?cid=6302281840864405690&g_mp=Cidnb29nbGUubWFwcy5wbGFjZXMudjEuUGxhY2VzLlNlYXJjaFRleHQQAhgEIAA,Monday: 9:00 AM – 7:00 PM; Tuesday: 9:00 AM – 7:00 PM; Wednesday: 9:00 AM – 7:00 PM; Thursday: 9:00 AM – 7:00 PM; Friday: 9:00 AM – 7:00 PM; Saturday: 9:00 AM – 5:00 PM; Sunday: Closed,dental_clinic,Canterbury,Christchurch,no_prices
Amberley Medical Centre,"6 Hilton Drive, Amberley 7410, New Zealand",03 314 8504,+64 3 314 8504,https://www.amberleymc.co.nz/,3.3,42,OPERATIONAL,https://maps.google.com/?cid=1881826557108029875,Monday: 8:00 AM – 6:00 PM; Tuesday: 8:00 AM – 6:00 PM; Wednesday: 8:00 AM – 6:00 PM; Thursday: 8:00 AM – 6:00 PM; Friday: 8:00 AM – 6:00 PM; Saturday: 9:30 AM – 12:30 PM; Sunday: Closed,needs_verification,Canterbury,Amberley,no_prices
Antoun | Nichols Orthodontics,"Unit 9/26 Central Avenue, Prebbleton 7604, New Zealand",03 322 1511,+64 3 322 1511,http://www.jaortho.co.nz/,5,32,OPERATIONAL,https://maps.google.com/?cid=12670258985681127249&g_mp=Cidnb29nbGUubWFwcy5wbGFjZXMudjEuUGxhY2VzLlNlYXJjaFRleHQQAhgEIAA,Monday: Closed; Tuesday: Closed; Wednesday: 8:00 AM – 5:00 PM; Thursday: 8:00 AM – 5:00 PM; Friday: 8:00 AM – 5:00 PM; Saturday: Closed; Sunday: Closed,dental_clinic,Canterbury,Prebbleton,no_prices
Aranui Community Dental Clinic,"240 Breezes Road, Wainoni, Christchurch 8061, New Zealand",0800 846 983,+64 800 846 983,https://www.cdhb.health.nz/health-services/community-dental-service/,3.7,3,OPERATIONAL,https://maps.google.com/?cid=11247949155076634598&g_mp=Cidnb29nbGUubWFwcy5wbGFjZXMudjEuUGxhY2VzLlNlYXJjaFRleHQQAhgEIAA,Monday: 8:30 AM – 3:45 PM; Tuesday: 8:30 AM – 3:45 PM; Wednesday: 8:30 AM – 3:45 PM; Thursday: 8:30 AM – 3:45 PM; Friday: 8:30 AM – 3:30 PM; Saturday: Closed; Sunday: Closed,dental_clinic,Canterbury,Christchurch,no_prices
Ashburton Community Dental Clinic,"38 Elizabeth Street, Allenton, Ashburton 7700, New Zealand",0800 846 983,+64 800 846 983,,5,2,OPERATIONAL,https://maps.google.com/?cid=1941371373876630769&g_mp=Cidnb29nbGUubWFwcy5wbGFjZXMudjEuUGxhY2VzLlNlYXJjaFRleHQQAhgEIAA,,dental_clinic,Canterbury,Ashburton,no_prices
Ashburton Dental Centre,"72 Cass Street, Ashburton 7700, New Zealand",03 308 1953,+64 3 308 1953,http://www.dentist.co.nz/dentist-detail/ashburton/ashburton-dental-centre/A11008547,3.1,24,OPERATIONAL,https://maps.google.com/?cid=1481480189115826011&g_mp=Cidnb29nbGUubWFwcy5wbGFjZXMudjEuUGxhY2VzLlNlYXJjaFRleHQQAhgEIAA,Monday: 8:00 AM – 5:00 PM; Tuesday: 8:00 AM – 5:00 PM; Wednesday: 8:00 AM – 5:00 PM; Thursday: 8:00 AM – 5:00 PM; Friday: 8:00 AM – 5:00 PM; Saturday: Closed; Sunday: Closed,dental_clinic,Canterbury,Ashburton,no_prices
Avonhead Dental,"62 Grahams Road, Avonhead, Christchurch 8041, New Zealand",03 358 4169,+64 3 358 4169,https://avonheaddental.co.nz/,4.8,30,OPERATIONAL,https://maps.google.com/?cid=7555953818535578858&g_mp=Cidnb29nbGUubWFwcy5wbGFjZXMudjEuUGxhY2VzLlNlYXJjaFRleHQQAhgEIAA,Monday: 8:00 AM – 6:30 PM; Tuesday: 8:00 AM – 5:00 PM; Wednesday: 8:00 AM – 5:00 PM; Thursday: 8:00 AM – 7:30 PM; Friday: 8:00 AM – 5:00 PM; Saturday: Closed; Sunday: Closed,dental_clinic,Canterbury,Christchurch,no_prices
Barrington Dental Centre,"14/18 Athelstan Street, Spreydon, Christchurch 8024, New Zealand",03 332 9791,+64 3 332 9791,http://www.barringtondental.co.nz/,4.6,12,OPERATIONAL,https://maps.google.com/?cid=7127120744402923562&g_mp=Cidnb29nbGUubWFwcy5wbGFjZXMudjEuUGxhY2VzLlNlYXJjaFRleHQQAhgEIAA,Monday: 8:00 AM – 5:00 PM; Tuesday: 8:00 AM – 5:00 PM; Wednesday: 8:00 AM – 5:00 PM; Thursday: 8:00 AM – 5:00 PM; Friday: 8:00 AM – 5:00 PM; Saturday: Closed; Sunday: Closed,dental_clinic,Canterbury,Christchurch,no_prices
Beale & Cullen - Dentist,"393 Papanui Road, Strowan, Christchurch 8052, New Zealand",03 354 5450,+64 3 354 5450,https://www.bealeandcullen.co.nz/,4.8,43,OPERATIONAL,https://maps.google.com/?cid=14994107772193617330&g_mp=Cidnb29nbGUubWFwcy5wbGFjZXMudjEuUGxhY2VzLlNlYXJjaFRleHQQAhgEIAA,Monday: 8:00 AM – 5:00 PM; Tuesday: 8:00 AM – 5:00 PM; Wednesday: 8:00 AM – 5:00 PM; Thursday: 8:00 AM – 5:00 PM; Friday: 8:00 AM – 1:00 PM; Saturday: Closed; Sunday: Closed,dental_clinic,Canterbury,Christchurch,no_prices
Bealey Dental,"163 Bealey Avenue, Christchurch Central City, Christchurch 8013, New Zealand",03 366 2912,+64 3 366 2912,http://www.bealeydental.co.nz/,4.6,62,OPERATIONAL,https://maps.google.com/?cid=3023666240600375148&g_mp=Cidnb29nbGUubWFwcy5wbGFjZXMudjEuUGxhY2VzLlNlYXJjaFRleHQQAhgEIAA,Monday: 9:00 AM – 5:00 PM; Tuesday: 9:00 AM – 9:00 PM; Wednesday: 9:00 AM – 9:00 PM; Thursday: 9:00 AM – 5:00 PM; Friday: 9:00 AM – 8:00 PM; Saturday: 9:00 AM – 1:00 PM; Sunday: Closed,dental_clinic,Canterbury,Christchurch,no_prices
Beata Baumann Dentist,"6 Wairakei Road, Strowan, Christchurch 8052, New Zealand",03 355 2348,+64 3 355 2348,http://beatabaumanndentist.co.nz/,5,28,OPERATIONAL,https://maps.google.com/?cid=4482990113129658700&g_mp=Cidnb29nbGUubWFwcy5wbGFjZXMudjEuUGxhY2VzLlNlYXJjaFRleHQQAhgEIAA,Monday: 8:30 AM – 6:00 PM; Tuesday: 8:30 AM – 5:00 PM; Wednesday: 8:30 AM – 5:00 PM; Thursday: 8:30 AM – 7:00 PM; Friday: 8:30 AM – 5:00 PM; Saturday: Closed; Sunday: Closed,dental_clinic,Canterbury,Christchurch,no_prices
Beckenham Dental Laboratory,"253 Cranford Street, St Albans, Christchurch 8052, New Zealand",03 332 4169,+64 3 332 4169,,3.9,8,OPERATIONAL,https://maps.google.com/?cid=10297746918047273775&g_mp=Cidnb29nbGUubWFwcy5wbGFjZXMudjEuUGxhY2VzLlNlYXJjaFRleHQQAhgEIAA,Monday: 9:00 AM – 5:00 PM; Tuesday: 9:00 AM – 5:00 PM; Wednesday: 9:00 AM – 5:00 PM; Thursday: 9:00 AM – 12:00 PM; Friday: 9:00 AM – 5:00 PM; Saturday: Closed; Sunday: Closed,dental_clinic,Canterbury,Christchurch,no_prices
Ben Harris Dentist,"2 North Avon Road, Richmond, Christchurch 8013, New Zealand",03 365 6767,+64 3 365 6767,,,,OPERATIONAL,https://maps.google.com/?cid=10736163542742077216&g_mp=Cidnb29nbGUubWFwcy5wbGFjZXMudjEuUGxhY2VzLlNlYXJjaFRleHQQAhgEIAA,,dental_clinic,Canterbury,Christchurch,no_prices
Better Denture,"6 Brynley Street, Hornby, Christchurch 8042, New Zealand",03 349 5050,+64 3 349 5050,http://www.betterdenture.co.nz/,4.6,9,OPERATIONAL,https://maps.google.com/?cid=14887128151342640655&g_mp=Cidnb29nbGUubWFwcy5wbGFjZXMudjEuUGxhY2VzLlNlYXJjaFRleHQQAhgEIAA,Monday: 9:00 AM – 5:00 PM; Tuesday: 9:00 AM – 5:00 PM; Wednesday: 9:00 AM – 5:00 PM; Thursday: 9:00 AM – 5:00 PM; Friday: 9:00 AM – 5:00 PM; Saturday: Closed; Sunday: Closed,dental_clinic,Canterbury,Christchurch,no_prices
Better Smiles Ltd,"455 Papanui Road, Papanui, Christchurch 8053, New Zealand",03 394 0818,+64 3 394 0818,http://www.bettersmiles.co.nz/,4.9,81,OPERATIONAL,https://maps.google.com/?cid=12672803956616740543&g_mp=Cidnb29nbGUubWFwcy5wbGFjZXMudjEuUGxhY2VzLlNlYXJjaFRleHQQAhgEIAA,,dental_clinic,Canterbury,Christchurch,no_prices
Blossom Dental,"14 Lincoln Road, Hillmorton, Christchurch 8024, New Zealand",03 421 7211,+64 3 421 7211,,3.8,12,OPERATIONAL,https://maps.google.com/?cid=2707693579639534483&g_mp=Cidnb29nbGUubWFwcy5wbGFjZXMudjEuUGxhY2VzLlNlYXJjaFRleHQQAhgEIAA,Monday: 9:00 AM – 5:30 PM; Tuesday: 9:00 AM – 5:30 PM; Wednesday: 9:00 AM – 2:00 PM; Thursday: 9:00 AM – 6:00 PM; Friday: 9:00 AM – 6:00 PM; Saturday: Closed; Sunday: Closed,dental_clinic,Canterbury,Christchurch,no_prices
Bradley Wood Dentists,"252 Papanui Road, Strowan, Christchurch 8014, New Zealand",03 355 7890,+64 3 355 7890,http://www.bradleywooddentists.co.nz/,4.8,20,OPERATIONAL,https://maps.google.com/?cid=17500423668587867909&g_mp=Cidnb29nbGUubWFwcy5wbGFjZXMudjEuUGxhY2VzLlNlYXJjaFRleHQQAhgEIAA,Monday: 8:30 AM – 5:00 PM; Tuesday: 8:30 AM – 5:00 PM; Wednesday: 8:30 AM – 5:00 PM; Thursday: 8:30 AM – 5:00 PM; Friday: 8:30 AM – 3:00 PM; Saturday: Closed; Sunday: Closed,dental_clinic,Canterbury,Christchurch,no_prices
Bright Smiles Children's Dentistry,"214 Papanui Road, Merivale, Christchurch 8014, New Zealand",03 351 7700,+64 3 351 7700,http://www.brightsmiles.co.nz/,3.5,51,OPERATIONAL,https://maps.google.com/?cid=39417528501677054&g_mp=Cidnb29nbGUubWFwcy5wbGFjZXMudjEuUGxhY2VzLlNlYXJjaFRleHQQAhgEIAA,Monday: 8:00 AM – 5:00 PM; Tuesday: 8:00 AM – 5:00 PM; Wednesday: 8:00 AM – 5:00 PM; Thursday: 8:00 AM – 5:00 PM; Friday: 8:00 AM – 5:00 PM; Saturday: Closed; Sunday: Closed,dental_clinic,Canterbury,Christchurch,no_prices
Broadfield Dental Centre,"184 Selwyn Road, RD8, BROADFIELD 7678, New Zealand",03 978 5522,+64 3 978 5522,http://broadfielddentalcentre.co.nz/,4.3,10,OPERATIONAL,https://maps.google.com/?cid=13683137657666895615&g_mp=Cidnb29nbGUubWFwcy5wbGFjZXMudjEuUGxhY2VzLlNlYXJjaFRleHQQAhgEIAA,Monday: 8:00 AM – 5:00 PM; Tuesday: 8:00 AM – 5:00 PM; Wednesday: 8:00 AM – 5:00 PM; Thursday: 8:00 AM – 5:00 PM; Friday: 8:00 AM – 1:00 PM; Saturday: Closed; Sunday: Closed,dental_clinic,Canterbury,Broadfield,no_prices
Brunswick Dental Chambers,"17 Brunswick Street, Seaview, Timaru 7910, New Zealand",03 688 6463,+64 3 688 6463,,4.9,11,OPERATIONAL,https://maps.google.com/?cid=8742180607007968619&g_mp=Cidnb29nbGUubWFwcy5wbGFjZXMudjEuUGxhY2VzLlNlYXJjaFRleHQQAhgEIAA,Monday: 9:00 AM – 5:00 PM; Tuesday: 9:00 AM – 5:00 PM; Wednesday: 9:00 AM – 5:00 PM; Thursday: 9:00 AM – 5:00 PM; Friday: 9:00 AM – 4:00 PM; Saturday: Closed; Sunday: Closed,dental_clinic,Canterbury,Timaru,no_prices
Burnett Street Dental,"85 Burnett Street, Ashburton 7700, New Zealand",03 308 5248,+64 3 308 5248,https://www.burnettstreetdental.co.nz/,4,3,OPERATIONAL,https://maps.google.com/?cid=12545418619140988475&g_mp=Cidnb29nbGUubWFwcy5wbGFjZXMudjEuUGxhY2VzLlNlYXJjaFRleHQQAhgEIAA,Monday: 9:00 AM – 5:00 PM; Tuesday: 9:00 AM – 5:00 PM; Wednesday: 9:00 AM – 5:00 PM; Thursday: 9:00 AM – 5:00 PM; Friday: 9:30 AM – 4:30 PM; Saturday: Closed; Sunday: Closed,dental_clinic,Canterbury,Ashburton,no_prices
Burnside Community Dental Clinic,"96a Memorial Avenue, Ilam, Christchurch 8053, New Zealand",0800 846 983,+64 800 846 983,,3,16,OPERATIONAL,https://maps.google.com/?cid=9828174334741680048&g_mp=Cidnb29nbGUubWFwcy5wbGFjZXMudjEuUGxhY2VzLlNlYXJjaFRleHQQAhgEIAA,Monday: 8:30 AM – 3:30 PM; Tuesday: 8:30 AM – 3:30 PM; Wednesday: 8:30 AM – 3:30 PM; Thursday: 8:30 AM – 3:30 PM; Friday: 8:30 AM – 3:30 PM; Saturday: Closed; Sunday: Closed,dental_clinic,Canterbury,Christchurch,no_prices
Bush Dental,"400 Greers Road, Bishopdale, Christchurch 8053, New Zealand",03 352 6233,+64 3 352 6233,https://christchurchdentists.nz/,4.6,118,OPERATIONAL,https://maps.google.com/?cid=3109651253138723499&g_mp=Cidnb29nbGUubWFwcy5wbGFjZXMudjEuUGxhY2VzLlNlYXJjaFRleHQQAhgEIAA,Monday: 8:30 AM – 5:00 PM; Tuesday: 8:30 AM – 5:00 PM; Wednesday: 8:30 AM – 5:00 PM; Thursday: 8:30 AM – 5:00 PM; Friday: 8:30 AM – 5:00 PM; Saturday: Closed; Sunday: Closed,dental_clinic,Canterbury,Christchurch,no_prices
Canterbury Dental Specialists,"11 Normans Road, Strowan, Christchurch 8052, New Zealand",03 355 3247,+64 3 355 3247,https://www.canterburyds.nz/,5,1,OPERATIONAL,https://maps.google.com/?cid=14874541456518983418&g_mp=Cidnb29nbGUubWFwcy5wbGFjZXMudjEuUGxhY2VzLlNlYXJjaFRleHQQAhgEIAA,Monday: 8:00 AM – 5:00 PM; Tuesday: 8:00 AM – 5:00 PM; Wednesday: 8:00 AM – 5:00 PM; Thursday: 8:00 AM – 5:00 PM; Friday: 9:00 AM – 3:00 PM; Saturday: Closed; Sunday: Closed,dental_clinic,Canterbury,Christchurch,no_prices
Carlton Dental Care,"24 Papanui Road, Merivale, Christchurch 8014, New Zealand",03 355 8020,+64 3 355 8020,https://www.carltondental.co.nz/,4.8,106,OPERATIONAL,https://maps.google.com/?cid=3720299496411998715&g_mp=Cidnb29nbGUubWFwcy5wbGFjZXMudjEuUGxhY2VzLlNlYXJjaFRleHQQAhgEIAA,Monday: 8:00 AM – 5:00 PM; Tuesday: 8:00 AM – 5:00 PM; Wednesday: 8:00 AM – 6:00 PM; Thursday: 8:00 AM – 5:00 PM; Friday: 8:00 AM – 4:30 PM; Saturday: Closed; Sunday: Closed,dental_clinic,Canterbury,Christchurch,no_prices
Cashmere Dentists,"15 Colombo Street, Cashmere, Christchurch 8022, New Zealand",03 332 5447,+64 3 332 5447,http://www.cashmeredentists.co.nz/,4.5,26,OPERATIONAL,https://maps.google.com/?cid=5469965379866252486&g_mp=Cidnb29nbGUubWFwcy5wbGFjZXMudjEuUGxhY2VzLlNlYXJjaFRleHQQAhgEIAA,Monday: 8:30 AM – 5:00 PM; Tuesday: 8:30 AM – 5:00 PM; Wednesday: 8:30 AM – 5:00 PM; Thursday: 8:30 AM – 5:00 PM; Friday: 8:30 AM – 5:00 PM; Saturday: Closed; Sunday: Closed,dental_clinic,Canterbury,Christchurch,no_prices
Cathedral Dental Centre,"Level 1/793 Colombo Street, Christchurch Central City, Christchurch 8013, New Zealand",03 379 8065,+64 3 379 8065,http://www.cathedraldental.co.nz/,4.6,9,OPERATIONAL,https://maps.google.com/?cid=411798700341089302&g_mp=Cidnb29nbGUubWFwcy5wbGFjZXMudjEuUGxhY2VzLlNlYXJjaFRleHQQAhgEIAA,Monday: 8:00 AM – 5:00 PM; Tuesday: 8:00 AM – 5:00 PM; Wednesday: 8:00 AM – 5:00 PM; Thursday: 8:00 AM – 5:00 PM; Friday: 8:00 AM – 5:00 PM; Saturday: Closed; Sunday: Closed,dental_clinic,Canterbury,Christchurch,no_prices
Christchurch Boutique Dental,"105 Wainui Street, Riccarton, Christchurch 8041, New Zealand",03 925 9929,+64 3 925 9929,https://boutiquedental.co.nz/,5,282,OPERATIONAL,https://maps.google.com/?cid=15278436680873128174&g_mp=Cidnb29nbGUubWFwcy5wbGFjZXMudjEuUGxhY2VzLlNlYXJjaFRleHQQAhgEIAA,Monday: 9:00 AM – 5:00 PM; Tuesday: 9:00 AM – 5:00 PM; Wednesday: 9:00 AM – 5:00 PM; Thursday: 9:00 AM – 5:00 PM; Friday: 9:00 AM – 5:00 PM; Saturday: 9:00 AM – 5:00 PM; Sunday: Closed,dental_clinic,Canterbury,Christchurch,no_prices
Christchurch Endodontic Practice,"11 Normans Road, Strowan, Christchurch 8052, New Zealand",03 355 3247,+64 3 355 3247,https://www.endodontic.co.nz/,4.5,6,OPERATIONAL,https://maps.google.com/?cid=6745091790354940127&g_mp=Cidnb29nbGUubWFwcy5wbGFjZXMudjEuUGxhY2VzLlNlYXJjaFRleHQQAhgEIAA,Monday: 8:00 AM – 5:00 PM; Tuesday: 8:00 AM – 5:00 PM; Wednesday: 8:00 AM – 5:00 PM; Thursday: 8:00 AM – 5:00 PM; Friday: 9:00 AM – 3:00 PM; Saturday: Closed; Sunday: Closed,dental_clinic,Canterbury,Christchurch,no_prices
Christchurch Hospital Dental Department,"2 Oxford Terrace, Christchurch Central City, Christchurch 8011, New Zealand",03 364 0250,+64 3 364 0250,http://www.cdhb.health.nz/Hospitals-Services/Specialist-Care/Hospital-Dental-Service/Pages/default.aspx,3.3,24,OPERATIONAL,https://maps.google.com/?cid=6030725227685577860&g_mp=Cidnb29nbGUubWFwcy5wbGFjZXMudjEuUGxhY2VzLlNlYXJjaFRleHQQAhgEIAA,Monday: 8:00 AM – 5:00 PM; Tuesday: 8:00 AM – 5:00 PM; Wednesday: 8:00 AM – 5:00 PM; Thursday: 8:00 AM – 5:00 PM; Friday: 8:00 AM – 5:00 PM; Saturday: Closed; Sunday: Closed,dental_clinic,Canterbury,Christchurch,no_prices
Chung Dental Clinic,"248 Main North Road, Redwood, Christchurch 8051, New Zealand",03 352 8237,+64 3 352 8237,,5,5,OPERATIONAL,https://maps.google.com/?cid=6054126533911001958&g_mp=Cidnb29nbGUubWFwcy5wbGFjZXMudjEuUGxhY2VzLlNlYXJjaFRleHQQAhgEIAA,Monday: 9:30 AM – 1:00 PM; Tuesday: 9:30 AM – 6:00 PM; Wednesday: Closed; Thursday: 9:00 AM – 6:00 PM; Friday: 9:30 AM – 1:00 PM; Saturday: 9:30 AM – 1:00 PM; Sunday: Closed,dental_clinic,Canterbury,Christchurch,no_prices
Church Corner Dental Surgery,"2 Yaldhurst Road, Upper Riccarton, Christchurch 8041, New Zealand",03 348 5750,+64 3 348 5750,https://churchcornerdental.co.nz/,4.8,132,OPERATIONAL,https://maps.google.com/?cid=2686225639682406709&g_mp=Cidnb29nbGUubWFwcy5wbGFjZXMudjEuUGxhY2VzLlNlYXJjaFRleHQQAhgEIAA,Monday: 8:30 AM – 5:00 PM; Tuesday: 8:00 AM – 5:00 PM; Wednesday: 8:00 AM – 5:00 PM; Thursday: 8:30 AM – 5:00 PM; Friday: 8:30 AM – 2:00 PM; Saturday: Closed; Sunday: Closed,dental_clinic,Canterbury,Christchurch,no_prices
Colombo Street Dental,"201 Colombo Street, Sydenham, Christchurch 8023, New Zealand",03 337 4596,+64 3 337 4596,https://colombostreetdental.co.nz/,4.5,177,OPERATIONAL,https://maps.google.com/?cid=7365021975520855603&g_mp=Cidnb29nbGUubWFwcy5wbGFjZXMudjEuUGxhY2VzLlNlYXJjaFRleHQQAhgEIAA,"Monday: 8:00 AM – 1:00 PM, 2:00 – 7:00 PM; Tuesday: 8:00 AM – 1:00 PM, 2:00 – 6:00 PM; Wednesday: 8:00 AM – 1:00 PM, 2:00 – 5:00 PM; Thursday: 8:00 AM – 1:00 PM, 2:00 – 6:00 PM; Friday: 8:00 AM – 1:00 PM, 2:00 – 6:00 PM; Saturday: 9:00 AM – 2:00 PM; Sunday: Closed",dental_clinic,Canterbury,Christchurch,no_prices
ConfiDental Laboratory and Clinic,"14 Evans Place, Kaiapoi 7630, New Zealand",03 327 8704,+64 3 327 8704,https://confidental.nz/,4.2,6,OPERATIONAL,https://maps.google.com/?cid=3619540689592657767&g_mp=Cidnb29nbGUubWFwcy5wbGFjZXMudjEuUGxhY2VzLlNlYXJjaFRleHQQAhgEIAA,Monday: 9:00 AM – 5:00 PM; Tuesday: 9:00 AM – 5:00 PM; Wednesday: 9:00 AM – 5:00 PM; Thursday: 9:00 AM – 5:00 PM; Friday: 9:00 AM – 5:00 PM; Saturday: Closed; Sunday: Closed,dental_clinic,Canterbury,Kaiapoi,no_prices
"Cosmetic Denture Clinic - Denture Expert in Complete, Partial and Immediate Dentures","914 Colombo Street, Christchurch Central City, Christchurch 8013, New Zealand",03 365 2859,+64 3 365 2859,http://www.cosmeticdentureclinic.co.nz/,5,41,OPERATIONAL,https://maps.google.com/?cid=5194812658434734698&g_mp=Cidnb29nbGUubWFwcy5wbGFjZXMudjEuUGxhY2VzLlNlYXJjaFRleHQQAhgEIAA,Monday: 9:00 AM – 6:00 PM; Tuesday: 9:00 AM – 6:00 PM; Wednesday: 9:00 AM – 6:00 PM; Thursday: 9:00 AM – 6:00 PM; Friday: 9:00 AM – 6:00 PM; Saturday: 9:00 AM – 6:00 PM; Sunday: Closed,dental_clinic,Canterbury,Christchurch,no_prices
Dana Dental Ltd,"3 Pilgrim Place, Sydenham, Christchurch 8011, New Zealand",03 379 6591,+64 3 379 6591,https://danadental.co.nz/,5,7,OPERATIONAL,https://maps.google.com/?cid=17990440078667181743&g_mp=Cidnb29nbGUubWFwcy5wbGFjZXMudjEuUGxhY2VzLlNlYXJjaFRleHQQAhgEIAA,Monday: 8:00 AM – 5:00 PM; Tuesday: 8:00 AM – 5:00 PM; Wednesday: 8:00 AM – 5:00 PM; Thursday: 8:00 AM – 5:00 PM; Friday: 8:00 AM – 5:00 PM; Saturday: Closed; Sunday: Closed,dental_clinic,Canterbury,Christchurch,no_prices
Dana Dental Ltd,"162 Main North Road, Papanui, Christchurch 8052, New Zealand",03 354 6969,+64 3 354 6969,http://www.danadental.co.nz/,4.1,13,OPERATIONAL,https://maps.google.com/?cid=5318476606710530462&g_mp=Cidnb29nbGUubWFwcy5wbGFjZXMudjEuUGxhY2VzLlNlYXJjaFRleHQQAhgEIAA,Monday: 8:30 AM – 7:00 PM; Tuesday: 8:30 AM – 4:00 PM; Wednesday: 8:30 AM – 7:00 PM; Thursday: 8:30 AM – 5:00 PM; Friday: 8:30 AM – 4:00 PM; Saturday: 9:00 AM – 1:00 PM; Sunday: Closed,dental_clinic,Canterbury,Christchurch,no_prices
Darfield Dental Centre | Lumino The Dentists,"42 South Terrace, Darfield 7510, New Zealand",03 318 8392,+64 3 318 8392,https://lumino.co.nz/dentists/darfield-dental-canterbury/?utm_source=google_business_profile&utm_medium=organic,4.2,11,OPERATIONAL,https://maps.google.com/?cid=9594941092142740187&g_mp=Cidnb29nbGUubWFwcy5wbGFjZXMudjEuUGxhY2VzLlNlYXJjaFRleHQQAhgEIAA,Monday: 8:30 AM – 4:30 PM; Tuesday: 8:30 AM – 4:30 PM; Wednesday: 8:30 AM – 4:30 PM; Thursday: 8:30 AM – 4:30 PM; Friday: 8:30 AM – 2:00 PM; Saturday: Closed; Sunday: Closed,dental_clinic,Canterbury,Darfield,some_prices
Dental Care Kaiapoi,"42 Charles Street, Kaiapoi 7630, New Zealand",03 327 9477,+64 3 327 9477,https://www.dentalcarekaiapoi.co.nz/,4.9,28,OPERATIONAL,https://maps.google.com/?cid=7075200414403338376&g_mp=Cidnb29nbGUubWFwcy5wbGFjZXMudjEuUGxhY2VzLlNlYXJjaFRleHQQAhgEIAA,Monday: 9:00 AM – 5:00 PM; Tuesday: 9:00 AM – 5:00 PM; Wednesday: 9:00 AM – 5:00 PM; Thursday: 9:00 AM – 5:00 PM; Friday: 9:00 AM – 4:30 PM; Saturday: Closed; Sunday: Closed,dental_clinic,Canterbury,Kaiapoi,no_prices
Dental Care on Barrington,"295 Barrington Street, Spreydon, Christchurch 8244, New Zealand",03 337 3766,+64 3 337 3766,https://www.dentalhealth.co.nz/,4.4,46,OPERATIONAL,https://maps.google.com/?cid=8050431668542761941&g_mp=Cidnb29nbGUubWFwcy5wbGFjZXMudjEuUGxhY2VzLlNlYXJjaFRleHQQAhgEIAA,Monday: 8:30 AM – 5:30 PM; Tuesday: 8:30 AM – 5:30 PM; Wednesday: 9:00 AM – 6:00 PM; Thursday: 9:00 AM – 6:00 PM; Friday: 8:30 AM – 5:30 PM; Saturday: Closed; Sunday: Closed,dental_clinic,Canterbury,Christchurch,no_prices
Dental Clinics,"91 Riccarton Road, Riccarton, Christchurch 8011, New Zealand",,,,,,OPERATIONAL,https://maps.google.com/?cid=2238690137579999553&g_mp=Cidnb29nbGUubWFwcy5wbGFjZXMudjEuUGxhY2VzLlNlYXJjaFRleHQQAhgEIAA,,dental_clinic,Canterbury,Christchurch,no_prices
Dental on Kilmore,"128 Kilmore Street, Christchurch Central City, Christchurch 8013, New Zealand",03 379 6766,+64 3 379 6766,https://www.dentalonkilmore.co.nz/?utm_source=Google&utm_medium=Organic&utm_campaign=GBP&utm_term=Website,5,20,OPERATIONAL,https://maps.google.com/?cid=17525940286090312970&g_mp=Cidnb29nbGUubWFwcy5wbGFjZXMudjEuUGxhY2VzLlNlYXJjaFRleHQQAhgEIAA,Monday: 8:00 AM – 5:00 PM; Tuesday: 8:00 AM – 5:00 PM; Wednesday: 8:00 AM – 5:00 PM; Thursday: 8:00 AM – 5:00 PM; Friday: 8:00 AM – 3:00 PM; Saturday: Closed; Sunday: Closed,dental_clinic,Canterbury,Christchurch,no_prices
Dentist On Merrin,"Shop 4/45 Merrin Street, Avonhead, Christchurch 8042, New Zealand",03 358 9662,+64 3 358 9662,,2.3,10,OPERATIONAL,https://maps.google.com/?cid=17797909267341675350&g_mp=Cidnb29nbGUubWFwcy5wbGFjZXMudjEuUGxhY2VzLlNlYXJjaFRleHQQAhgEIAA,,dental_clinic,Canterbury,Christchurch,no_prices
Dentistry With A Smile,"10 Lincoln Road, Hillmorton, Christchurch 8024, New Zealand",03 338 0088,+64 3 338 0088,http://www.dentistrywithasmile.co.nz/,4,48,OPERATIONAL,https://maps.google.com/?cid=8646907112112298319&g_mp=Cidnb29nbGUubWFwcy5wbGFjZXMudjEuUGxhY2VzLlNlYXJjaFRleHQQAhgEIAA,Monday: 8:00 AM – 5:00 PM; Tuesday: 8:00 AM – 8:00 PM; Wednesday: 9:00 AM – 6:00 PM; Thursday: 8:00 AM – 5:00 PM; Friday: 8:00 AM – 4:30 PM; Saturday: Closed; Sunday: Closed,dental_clinic,Canterbury,Christchurch,no_prices
Dentistry on Merivale,"1st/193 Papanui Road, Merivale, Christchurch 8014, New Zealand",03 355 8297,+64 3 355 8297,,4.2,15,OPERATIONAL,https://maps.google.com/?cid=17604895229701517370&g_mp=Cidnb29nbGUubWFwcy5wbGFjZXMudjEuUGxhY2VzLlNlYXJjaFRleHQQAhgEIAA,Monday: 8:00 AM – 5:00 PM; Tuesday: 8:00 AM – 5:00 PM; Wednesday: 8:00 AM – 5:00 PM; Thursday: 8:00 AM – 5:00 PM; Friday: 8:00 AM – 5:00 PM; Saturday: Closed; Sunday: Closed,dental_clinic,Canterbury,Christchurch,no_prices
Dentistry on Parkside,"80 Park Street, Ashburton 7700, New Zealand",03 308 7472,+64 3 308 7472,http://www.dentistryonparkside.co.nz/,4.5,41,OPERATIONAL,https://maps.google.com/?cid=10427894720074998367&g_mp=Cidnb29nbGUubWFwcy5wbGFjZXMudjEuUGxhY2VzLlNlYXJjaFRleHQQAhgEIAA,Monday: 8:00 AM – 7:00 PM; Tuesday: 8:00 AM – 5:00 PM; Wednesday: 8:00 AM – 5:00 PM; Thursday: 8:00 AM – 5:00 PM; Friday: 8:00 AM – 5:00 PM; Saturday: Closed; Sunday: Closed,dental_clinic,Canterbury,Ashburton,full_prices
Denture House,"110 Memorial Avenue, Burnside, Christchurch 8041, New Zealand",0800 744 188,+64 800 744 188,https://www.denturehouse.co.nz/?utm_source=google&utm_medium=wix_google_business_profile&utm_campaign=8342447051141617133,5,1,OPERATIONAL,https://maps.google.com/?cid=2198471970963712329&g_mp=Cidnb29nbGUubWFwcy5wbGFjZXMudjEuUGxhY2VzLlNlYXJjaFRleHQQAhgEIAA,Monday: 8:30 AM – 5:00 PM; Tuesday: 8:30 AM – 5:00 PM; Wednesday: 8:30 AM – 5:00 PM; Thursday: 8:30 AM – 5:00 PM; Friday: Closed; Saturday: Closed; Sunday: Closed,dental_clinic,Canterbury,Christchurch,no_prices
Dentures & More,"146 Harewood Road, Papanui, Christchurch 8053, New Zealand",0210 856 3720,+64 210 856 3720,https://denturesandmore.co.nz/?utm_source=google&utm_medium=gbp,5,3,OPERATIONAL,https://maps.google.com/?cid=15355207483766838505&g_mp=Cidnb29nbGUubWFwcy5wbGFjZXMudjEuUGxhY2VzLlNlYXJjaFRleHQQAhgEIAA,Monday: 8:30 AM – 5:00 PM; Tuesday: 8:30 AM – 5:00 PM; Wednesday: 8:30 AM – 5:00 PM; Thursday: 8:30 AM – 5:00 PM; Friday: 8:30 AM – 5:00 PM; Saturday: Closed; Sunday: Closed,dental_clinic,Canterbury,Christchurch,no_prices
Dentures Plus,"396 Innes Road, St Albans, Christchurch 8052, New Zealand",03 385 5517,+64 3 385 5517,http://www.denturesplus.co.nz/,4.8,26,OPERATIONAL,https://maps.google.com/?cid=4416094861768406876&g_mp=Cidnb29nbGUubWFwcy5wbGFjZXMudjEuUGxhY2VzLlNlYXJjaFRleHQQAhgEIAA,Monday: 8:00 AM – 5:00 PM; Tuesday: 8:00 AM – 5:00 PM; Wednesday: 8:00 AM – 5:00 PM; Thursday: 8:00 AM – 5:00 PM; Friday: 8:00 AM – 2:00 PM; Saturday: Closed; Sunday: Closed,dental_clinic,Canterbury,Christchurch,no_prices
Designer Denture Clinic,"50 Roydvale Avenue, Burnside, Christchurch 8053, New Zealand",0210 827 1636,+64 210 827 1636,,5,60,OPERATIONAL,https://maps.google.com/?cid=15009283639630274831&g_mp=Cidnb29nbGUubWFwcy5wbGFjZXMudjEuUGxhY2VzLlNlYXJjaFRleHQQAhgEIAA,Monday: 9:00 AM – 6:00 PM; Tuesday: 9:00 AM – 6:00 PM; Wednesday: 9:00 AM – 6:00 PM; Thursday: 9:00 AM – 6:00 PM; Friday: 9:00 AM – 6:00 PM; Saturday: 9:00 AM – 3:30 PM; Sunday: 9:00 AM – 3:30 PM,dental_clinic,Canterbury,Christchurch,no_prices
Dr Rob Cumming Dentist,"563 Springs Road, Prebbleton, Christchurch 7604, New Zealand",03 595 6400,+64 3 595 6400,http://prebbletondental.net.nz/,5,5,OPERATIONAL,https://maps.google.com/?cid=31289957322075853&g_mp=Cidnb29nbGUubWFwcy5wbGFjZXMudjEuUGxhY2VzLlNlYXJjaFRleHQQAhgEIAA,Monday: 9:00 AM – 7:00 PM; Tuesday: 8:00 AM – 7:00 PM; Wednesday: 8:00 AM – 5:00 PM; Thursday: 8:00 AM – 5:00 PM; Friday: 8:00 AM – 5:00 PM; Saturday: 8:30 AM – 4:30 PM; Sunday: Closed,dental_clinic,Canterbury,Christchurch,no_prices
Dr. Keira Malone - Oral Surgeon,"237 Bealey Avenue, Christchurch Central City, Christchurch 8013, New Zealand",0274 270 026,+64 274 270 026,https://www.drkeiramalone.com/,5,22,OPERATIONAL,https://maps.google.com/?cid=6097603482589873850&g_mp=Cidnb29nbGUubWFwcy5wbGFjZXMudjEuUGxhY2VzLlNlYXJjaFRleHQQAhgEIAA,Monday: 9:00 AM – 5:00 PM; Tuesday: 9:00 AM – 5:00 PM; Wednesday: 9:00 AM – 5:00 PM; Thursday: 9:00 AM – 5:00 PM; Friday: 9:00 AM – 5:00 PM; Saturday: Closed; Sunday: Closed,dental_clinic,Canterbury,Christchurch,no_prices
Duchenne Denture Specialists,"236 Springfield Road, St Albans, Christchurch 8014, New Zealand",03 375 4444,+64 3 375 4444,http://duchenne.co.nz/,4.7,42,OPERATIONAL,https://maps.google.com/?cid=4975095870285144391&g_mp=Cidnb29nbGUubWFwcy5wbGFjZXMudjEuUGxhY2VzLlNlYXJjaFRleHQQAhgEIAA,Monday: 8:00 AM – 5:00 PM; Tuesday: 8:00 AM – 5:00 PM; Wednesday: 8:00 AM – 5:00 PM; Thursday: 8:00 AM – 5:00 PM; Friday: 8:00 AM – 5:00 PM; Saturday: Closed; Sunday: Closed,dental_clinic,Canterbury,Christchurch,no_prices
Duchenne Dentures Hoon Hay,"10 Lincoln Road, Hoon Hay, Christchurch 8024, New Zealand",03 338 8210,+64 3 338 8210,http://duchenne.co.nz/,5,2,OPERATIONAL,https://maps.google.com/?cid=8346853130345572496&g_mp=Cidnb29nbGUubWFwcy5wbGFjZXMudjEuUGxhY2VzLlNlYXJjaFRleHQQAhgEIAA,Monday: 8:00 AM – 5:00 PM; Tuesday: 8:00 AM – 5:00 PM; Wednesday: 8:00 AM – 5:00 PM; Thursday: 8:00 AM – 5:00 PM; Friday: 8:00 AM – 5:00 PM; Saturday: Closed; Sunday: Closed,dental_clinic,Canterbury,Christchurch,no_prices
Duchenne Dentures Linwood,"211 Linwood Avenue, Linwood, Christchurch 8011, New Zealand",03 375 4448,+64 3 375 4448,https://www.duchenne.co.nz/,5,1,OPERATIONAL,https://maps.google.com/?cid=6484227282919443768&g_mp=Cidnb29nbGUubWFwcy5wbGFjZXMudjEuUGxhY2VzLlNlYXJjaFRleHQQAhgEIAA,Monday: 8:00 AM – 5:00 PM; Tuesday: 8:00 AM – 5:00 PM; Wednesday: 8:00 AM – 5:00 PM; Thursday: 8:00 AM – 5:00 PM; Friday: 8:00 AM – 5:00 PM; Saturday: Closed; Sunday: Closed,dental_clinic,Canterbury,Christchurch,no_prices
Duxton Dental,"22 Bartlett Street, Riccarton, Christchurch 8011, New Zealand",03 348 5488,+64 3 348 5488,https://www.duxtondental.co.nz/?utm_source=google&utm_medium=organic&utm_campaign=Google%20My%20Business%20Page,5,80,OPERATIONAL,https://maps.google.com/?cid=10859017429342895503&g_mp=Cidnb29nbGUubWFwcy5wbGFjZXMudjEuUGxhY2VzLlNlYXJjaFRleHQQAhgEIAA,Monday: 8:00 AM – 5:00 PM; Tuesday: 8:00 AM – 5:00 PM; Wednesday: 8:00 AM – 6:00 PM; Thursday: 8:00 AM – 5:00 PM; Friday: 8:00 AM – 5:00 PM; Saturday: Closed; Sunday: Closed,dental_clinic,Canterbury,Christchurch,no_prices
Elmwood Dental Centre,"6 Wairakei Road, Strowan, Christchurch 8052, New Zealand",03 355 2348,+64 3 355 2348,http://www.elmwooddental.co.nz/,4.8,26,OPERATIONAL,https://maps.google.com/?cid=11923448490739061744&g_mp=Cidnb29nbGUubWFwcy5wbGFjZXMudjEuUGxhY2VzLlNlYXJjaFRleHQQAhgEIAA,Monday: 8:00 AM – 5:00 PM; Tuesday: 8:00 AM – 5:00 PM; Wednesday: 8:00 AM – 5:00 PM; Thursday: 8:00 AM – 5:00 PM; Friday: 8:00 AM – 6:00 PM; Saturday: Closed; Sunday: Closed,dental_clinic,Canterbury,Christchurch,no_prices
Essential Dental,"91 Riccarton Road, Riccarton, Christchurch 8011, New Zealand",03 242 0688,+64 3 242 0688,https://www.essentialdental.nz/,4.8,77,OPERATIONAL,https://maps.google.com/?cid=14929443245415780357&g_mp=Cidnb29nbGUubWFwcy5wbGFjZXMudjEuUGxhY2VzLlNlYXJjaFRleHQQAhgEIAA,Monday: 8:00 AM – 7:00 PM; Tuesday: 8:00 AM – 7:00 PM; Wednesday: 8:00 AM – 7:00 PM; Thursday: 8:00 AM – 7:00 PM; Friday: 8:00 AM – 5:00 PM; Saturday: 8:00 AM – 5:00 PM; Sunday: Closed,dental_clinic,Canterbury,Christchurch,no_prices
Esthetic Dental Ceramics Limited,"55 Epsom Road, Sockburn, Christchurch 8042, New Zealand",,,,,,OPERATIONAL,https://maps.google.com/?cid=10811029762111993751&g_mp=Cidnb29nbGUubWFwcy5wbGFjZXMudjEuUGxhY2VzLlNlYXJjaFRleHQQAhgEIAA,,dental_clinic,Canterbury,Christchurch,no_prices
Fendalton Dental,"99a Glandovey Road, Strowan, Christchurch 8052, New Zealand",03 351 1188,+64 3 351 1188,https://www.fendaltondental.co.nz/,4.8,134,OPERATIONAL,https://maps.google.com/?cid=17510081624537949118&g_mp=Cidnb29nbGUubWFwcy5wbGFjZXMudjEuUGxhY2VzLlNlYXJjaFRleHQQAhgEIAA,Monday: 8:30 AM – 5:00 PM; Tuesday: 8:30 AM – 5:00 PM; Wednesday: 8:30 AM – 5:00 PM; Thursday: 8:30 AM – 5:00 PM; Friday: 8:30 AM – 4:00 PM; Saturday: Closed; Sunday: Closed,dental_clinic,Canterbury,Christchurch,no_prices
Ferry Road Dental Centre,"276 Ferry Road, Phillipstown, Christchurch 8011, New Zealand",03 381 1504,+64 3 381 1504,http://www.ferryrddental.co.nz/,3.9,26,OPERATIONAL,https://maps.google.com/?cid=7002357470002477646&g_mp=Cidnb29nbGUubWFwcy5wbGFjZXMudjEuUGxhY2VzLlNlYXJjaFRleHQQAhgEIAA,Monday: 8:30 AM – 5:15 PM; Tuesday: 8:30 AM – 5:15 PM; Wednesday: 8:30 AM – 5:15 PM; Thursday: 8:30 AM – 5:15 PM; Friday: 8:30 AM – 5:15 PM; Saturday: Closed; Sunday: Closed,dental_clinic,Canterbury,Christchurch,no_prices
Ferrymead Dental Clinic | Lumino The Dentists,"9 Tussock Lane, Woolston, Christchurch 8023, New Zealand",03 384 7170,+64 3 384 7170,https://lumino.co.nz/dentists/ferrymead-dental-centre-christchurch/?utm_source=google_business_profile&utm_medium=organic,4.3,13,OPERATIONAL,https://maps.google.com/?cid=9417398151716629260&g_mp=Cidnb29nbGUubWFwcy5wbGFjZXMudjEuUGxhY2VzLlNlYXJjaFRleHQQAhgEIAA,Monday: 8:30 AM – 5:00 PM; Tuesday: 8:30 AM – 5:00 PM; Wednesday: 8:30 AM – 5:00 PM; Thursday: 8:30 AM – 5:00 PM; Friday: 8:30 AM – 3:00 PM; Saturday: Closed; Sunday: Closed,dental_clinic,Canterbury,Christchurch,no_prices
Ferrymead Dental Services,"Tussock Lane, Ferrymead, Christchurch 8023, New Zealand",03 384 7170,+64 3 384 7170,https://www.ferrymead-dental.co.nz/index.php/contact-us,,,OPERATIONAL,https://maps.google.com/?cid=4140292950896583825&g_mp=Cidnb29nbGUubWFwcy5wbGFjZXMudjEuUGxhY2VzLlNlYXJjaFRleHQQAhgEIAA,,dental_clinic,Canterbury,Christchurch,no_prices
Four Peaks Dental,"190 Talbot Street, Geraldine 7930, New Zealand",03 281 3537,+64 3 281 3537,http://fourpeaksdental.co.nz/,5,124,OPERATIONAL,https://maps.google.com/?cid=3856114513203415462&g_mp=Cidnb29nbGUubWFwcy5wbGFjZXMudjEuUGxhY2VzLlNlYXJjaFRleHQQAhgEIAA,Monday: 8:30 AM – 5:30 PM; Tuesday: 8:30 AM – 5:30 PM; Wednesday: 8:30 AM – 5:30 PM; Thursday: 8:30 AM – 5:30 PM; Friday: 8:30 AM – 5:30 PM; Saturday: Closed; Sunday: Closed,dental_clinic,Canterbury,Geraldine,no_prices
Fox Dental Care,"132 Kippenberger Avenue, Rangiora 7400, New Zealand",03 313 5145,+64 3 313 5145,http://www.foxdentalcare.co.nz/,4.7,49,OPERATIONAL,https://maps.google.com/?cid=8727778738155241450&g_mp=Cidnb29nbGUubWFwcy5wbGFjZXMudjEuUGxhY2VzLlNlYXJjaFRleHQQAhgEIAA,Monday: 8:30 AM – 5:00 PM; Tuesday: 8:30 AM – 5:00 PM; Wednesday: 8:30 AM – 5:00 PM; Thursday: 8:30 AM – 5:00 PM; Friday: 8:30 AM – 4:00 PM; Saturday: Closed; Sunday: Closed,dental_clinic,Canterbury,Rangiora,no_prices
G&E Dental,"369 Main South Road, Hornby, Christchurch 8042, New Zealand",03 347 4703,+64 3 347 4703,http://www.gedental.nz/,4.6,480,OPERATIONAL,https://maps.google.com/?cid=11139384443069252674&g_mp=Cidnb29nbGUubWFwcy5wbGFjZXMudjEuUGxhY2VzLlNlYXJjaFRleHQQAhgEIAA,Monday: 9:00 AM – 7:00 PM; Tuesday: 9:00 AM – 7:00 PM; Wednesday: 9:00 AM – 7:00 PM; Thursday: 9:00 AM – 7:00 PM; Friday: 9:00 AM – 7:00 PM; Saturday: 9:00 AM – 5:00 PM; Sunday: Closed,dental_clinic,Canterbury,Christchurch,no_prices
G&E Dental Ashburton,"131 Walnut Avenue, Allenton, Ashburton 7700, New Zealand",03 347 4703,+64 3 347 4703,http://www.gedental.nz/,4.2,26,OPERATIONAL,https://maps.google.com/?cid=8701278664746480754&g_mp=Cidnb29nbGUubWFwcy5wbGFjZXMudjEuUGxhY2VzLlNlYXJjaFRleHQQAhgEIAA,Monday: 9:00 AM – 5:00 PM; Tuesday: 9:00 AM – 5:00 PM; Wednesday: 9:00 AM – 5:00 PM; Thursday: 9:00 AM – 5:00 PM; Friday: 9:00 AM – 5:00 PM; Saturday: Closed; Sunday: Closed,dental_clinic,Canterbury,Ashburton,no_prices
G&E Dental Rolleston,"66 Rolleston Drive, Rolleston 7614, New Zealand",03 347 4703,+64 3 347 4703,http://www.gedental.co.nz/locations/ge-dental-rolleston-general-and-emergency-dentists-in-rolleston/,4.1,49,OPERATIONAL,https://maps.google.com/?cid=14025628881131688170&g_mp=Cidnb29nbGUubWFwcy5wbGFjZXMudjEuUGxhY2VzLlNlYXJjaFRleHQQAhgEIAA,Monday: 9:00 AM – 5:00 PM; Tuesday: 9:00 AM – 5:00 PM; Wednesday: 9:00 AM – 5:00 PM; Thursday: 9:00 AM – 5:00 PM; Friday: 9:00 AM – 5:00 PM; Saturday: Closed; Sunday: Closed,dental_clinic,Canterbury,Rolleston,no_prices
Garden City Dental,"237 Bealey Avenue, Christchurch Central City, Christchurch 8013, New Zealand",03 379 6222,+64 3 379 6222,http://www.gardencitydental.co.nz/,4,231,OPERATIONAL,https://maps.google.com/?cid=18307314576042658912&g_mp=Cidnb29nbGUubWFwcy5wbGFjZXMudjEuUGxhY2VzLlNlYXJjaFRleHQQAhgEIAA,Monday: 7:00 AM – 9:00 PM; Tuesday: 7:00 AM – 9:00 PM; Wednesday: 7:00 AM – 9:00 PM; Thursday: 7:00 AM – 9:00 PM; Friday: 8:00 AM – 9:00 PM; Saturday: 8:30 AM – 5:00 PM; Sunday: 8:30 AM – 5:00 PM,dental_clinic,Canterbury,Christchurch,no_prices
Gold smile Dentures & Repairs,"34 Yaldhurst Road, Sockburn, Christchurch 8042, New Zealand",020 4090 1522,+64 20 4090 1522,https://janiceling6888.wixsite.com/goldsmiledenturesrep,4.7,15,OPERATIONAL,https://maps.google.com/?cid=2702139957617650873&g_mp=Cidnb29nbGUubWFwcy5wbGFjZXMudjEuUGxhY2VzLlNlYXJjaFRleHQQAhgEIAA,Monday: 8:30 AM – 4:30 PM; Tuesday: 8:30 AM – 4:00 PM; Wednesday: 8:30 AM – 4:00 PM; Thursday: 8:30 AM – 4:00 PM; Friday: 9:00 AM – 4:00 PM; Saturday: 9:30 AM – 4:00 PM; Sunday: Closed,dental_clinic,Canterbury,Christchurch,no_prices
Golden Grin Teeth Whitening Christchurch Chch,"226 Kilmore Street, Christchurch Central City, Christchurch 8011, New Zealand",03 261 6175,+64 3 261 6175,http://goldengrinteeth.co.nz/?utm_source=google&utm_medium=banner&utm_campaign=GoldenGrin_gmb_1,5,15,OPERATIONAL,https://maps.google.com/?cid=3902934779504041591&g_mp=Cidnb29nbGUubWFwcy5wbGFjZXMudjEuUGxhY2VzLlNlYXJjaFRleHQQAhgEIAA,Monday: 7:00 AM – 10:00 PM; Tuesday: 7:00 AM – 10:00 PM; Wednesday: 7:00 AM – 10:00 PM; Thursday: 7:00 AM – 10:00 PM; Friday: 7:00 AM – 10:00 PM; Saturday: 7:00 AM – 10:00 PM; Sunday: 7:00 AM – 10:00 PM,teeth_whitening,Canterbury,Christchurch,no_prices
Good Street Dental,"19 Good Street, Rangiora 7400, New Zealand",03 313 7404,+64 3 313 7404,http://www.goodstreetdental.co.nz/,4.7,31,OPERATIONAL,https://maps.google.com/?cid=11043126759423812693&g_mp=Cidnb29nbGUubWFwcy5wbGFjZXMudjEuUGxhY2VzLlNlYXJjaFRleHQQAhgEIAA,Monday: 8:30 AM – 5:00 PM; Tuesday: 8:30 AM – 5:00 PM; Wednesday: 8:30 AM – 5:00 PM; Thursday: 8:30 AM – 5:00 PM; Friday: 8:30 AM – 5:00 PM; Saturday: Closed; Sunday: Closed,dental_clinic,Canterbury,Rangiora,no_prices
Halswell Dental,"284 Halswell Road, Halswell, Christchurch 8025, New Zealand",03 322 9577,+64 3 322 9577,http://www.halswelldental.co.nz/,4.4,45,OPERATIONAL,https://maps.google.com/?cid=9208503177843723676&g_mp=Cidnb29nbGUubWFwcy5wbGFjZXMudjEuUGxhY2VzLlNlYXJjaFRleHQQAhgEIAA,Monday: 9:00 AM – 7:00 PM; Tuesday: 8:00 AM – 5:00 PM; Wednesday: 8:00 AM – 5:00 PM; Thursday: 8:00 AM – 5:00 PM; Friday: 8:00 AM – 4:00 PM; Saturday: Closed; Sunday: Closed,dental_clinic,Canterbury,Christchurch,no_prices
Hanmer Springs Health Centre,"Springs 7334, 59 Jacks Pass Road, Hanmer Springs 7334, New Zealand",03 315 7503,+64 3 315 7503,http://www.hanmermc.co.nz/,4.9,13,OPERATIONAL,https://maps.google.com/?cid=6640020710989150818,Monday: 8:30 AM – 5:00 PM; Tuesday: 8:30 AM – 5:00 PM; Wednesday: 8:30 AM – 5:00 PM; Thursday: 8:30 AM – 5:00 PM; Friday: 8:30 AM – 5:00 PM; Saturday: Closed; Sunday: Closed,needs_verification,Canterbury,Hanmer Springs,no_prices
Happy Smiles Paediatric Dentistry- Children's Specialist Dentist,"400 Greers Road, Bishopdale, Christchurch 8053, New Zealand",03 352 1727,+64 3 352 1727,http://www.happysmiles.nz/,5,13,OPERATIONAL,https://maps.google.com/?cid=765533730239724620&g_mp=Cidnb29nbGUubWFwcy5wbGFjZXMudjEuUGxhY2VzLlNlYXJjaFRleHQQAhgEIAA,Monday: Closed; Tuesday: 8:30 AM – 4:00 PM; Wednesday: 8:30 AM – 4:00 PM; Thursday: Closed; Friday: 8:30 AM – 4:00 PM; Saturday: Closed; Sunday: Closed,dental_clinic,Canterbury,Christchurch,no_prices
Harris Dental Christchurch | Lumino The Dentists,"62 Bealey Avenue, Christchurch Central City, Christchurch 8013, New Zealand",03 366 9982,+64 3 366 9982,https://lumino.co.nz/dentists/harris-dental-christchurch/?utm_source=google_business_profile&utm_medium=organic,4.6,31,OPERATIONAL,https://maps.google.com/?cid=11709674167018011831&g_mp=Cidnb29nbGUubWFwcy5wbGFjZXMudjEuUGxhY2VzLlNlYXJjaFRleHQQAhgEIAA,Monday: 8:00 AM – 6:00 PM; Tuesday: 8:00 AM – 5:00 PM; Wednesday: 8:00 AM – 5:00 PM; Thursday: 8:00 AM – 6:00 PM; Friday: 8:00 AM – 3:00 PM; Saturday: Closed; Sunday: Closed,dental_clinic,Canterbury,Christchurch,no_prices
Henderson Periodontics & Implants,"7 Wairakei Road, Strowan, Christchurch 8052, New Zealand",03 351 4323,+64 3 351 4323,https://www.hendersonperiodontics.co.nz/,4,22,OPERATIONAL,https://maps.google.com/?cid=2583784669155927016&g_mp=Cidnb29nbGUubWFwcy5wbGFjZXMudjEuUGxhY2VzLlNlYXJjaFRleHQQAhgEIAA,Monday: 8:00 AM – 5:00 PM; Tuesday: 8:00 AM – 5:00 PM; Wednesday: 8:00 AM – 5:00 PM; Thursday: 8:00 AM – 5:00 PM; Friday: Closed; Saturday: Closed; Sunday: Closed,dental_clinic,Canterbury,Christchurch,no_prices
Highsted Dental,"3/118a Claridges Road, Casebrook, Christchurch 8051, New Zealand",03 244 0201,+64 3 244 0201,https://highsteddental.co.nz/,4.8,16,OPERATIONAL,https://maps.google.com/?cid=3824250216595744768&g_mp=Cidnb29nbGUubWFwcy5wbGFjZXMudjEuUGxhY2VzLlNlYXJjaFRleHQQAhgEIAA,Monday: 9:00 AM – 5:00 PM; Tuesday: 9:00 AM – 5:00 PM; Wednesday: 9:00 AM – 5:00 PM; Thursday: 9:00 AM – 5:00 PM; Friday: 9:00 AM – 5:00 PM; Saturday: Closed; Sunday: Closed,dental_clinic,Canterbury,Christchurch,no_prices
Hillmorton Community Dental Clinic,"80-82 Sylvan Street, Middleton, Christchurch 8024, New Zealand",0800 846 983,+64 800 846 983,https://www.cdhb.health.nz/health-services/community-dental-service/,4.3,9,OPERATIONAL,https://maps.google.com/?cid=15948757592237844552&g_mp=Cidnb29nbGUubWFwcy5wbGFjZXMudjEuUGxhY2VzLlNlYXJjaFRleHQQAhgEIAA,Monday: 8:00 AM – 4:30 PM; Tuesday: 8:00 AM – 4:30 PM; Wednesday: 8:00 AM – 4:30 PM; Thursday: 8:00 AM – 4:30 PM; Friday: 8:00 AM – 4:30 PM; Saturday: Closed; Sunday: Closed,dental_clinic,Canterbury,Christchurch,no_prices
Hoon Hay Dental,"14a Lincoln Road, Spreydon, Christchurch 8024, New Zealand",03 421 7211,+64 3 421 7211,,3.4,38,OPERATIONAL,https://maps.google.com/?cid=12373812317001595794&g_mp=Cidnb29nbGUubWFwcy5wbGFjZXMudjEuUGxhY2VzLlNlYXJjaFRleHQQAhgEIAA,Monday: 8:00 AM – 6:00 PM; Tuesday: 8:00 AM – 6:00 PM; Wednesday: 8:00 AM – 6:00 PM; Thursday: 8:00 AM – 6:00 PM; Friday: 8:00 AM – 6:00 PM; Saturday: Closed; Sunday: Closed,dental_clinic,Canterbury,Christchurch,no_prices
Hornby Community Dental Clinic,"2 Hei Hei Road, Hornby, Christchurch 8042, New Zealand",0800 846 983,+64 800 846 983,,5,5,OPERATIONAL,https://maps.google.com/?cid=10726337143810911105&g_mp=Cidnb29nbGUubWFwcy5wbGFjZXMudjEuUGxhY2VzLlNlYXJjaFRleHQQAhgEIAA,,dental_clinic,Canterbury,Christchurch,no_prices
Hornby Dental Centre,"5 Tower Street, Hornby, Christchurch 8042, New Zealand",03 349 5059,+64 3 349 5059,https://www.hornbydental.co.nz/,4,49,OPERATIONAL,https://maps.google.com/?cid=6993259740039133286&g_mp=Cidnb29nbGUubWFwcy5wbGFjZXMudjEuUGxhY2VzLlNlYXJjaFRleHQQAhgEIAA,Monday: 8:00 AM – 5:00 PM; Tuesday: 8:00 AM – 5:00 PM; Wednesday: 8:00 AM – 5:00 PM; Thursday: 8:00 AM – 5:00 PM; Friday: 8:00 AM – 5:00 PM; Saturday: Closed; Sunday: Closed,dental_clinic,Canterbury,Christchurch,no_prices
Ilam Dental Centre,"110 Memorial Avenue, Burnside, Christchurch 8053, New Zealand",03 348 1602,+64 3 348 1602,http://www.ilamdental.co.nz/,4.7,63,OPERATIONAL,https://maps.google.com/?cid=3459757675075017875&g_mp=Cidnb29nbGUubWFwcy5wbGFjZXMudjEuUGxhY2VzLlNlYXJjaFRleHQQAhgEIAA,Monday: 8:30 AM – 5:00 PM; Tuesday: 8:30 AM – 6:00 PM; Wednesday: 8:30 AM – 5:00 PM; Thursday: 8:30 AM – 6:00 PM; Friday: 8:30 AM – 5:00 PM; Saturday: Closed; Sunday: Closed,dental_clinic,Canterbury,Christchurch,no_prices
Just Teeth,"4/49 Sir William Pickering Drive, Burnside, Christchurch 8053, New Zealand",03 357 2020,+64 3 357 2020,http://www.just-teeth.co.nz/,4.6,32,OPERATIONAL,https://maps.google.com/?cid=1601798930162761687&g_mp=Cidnb29nbGUubWFwcy5wbGFjZXMudjEuUGxhY2VzLlNlYXJjaFRleHQQAhgEIAA,Monday: 9:00 AM – 5:30 PM; Tuesday: 9:00 AM – 5:30 PM; Wednesday: 9:00 AM – 5:30 PM; Thursday: 9:00 AM – 5:30 PM; Friday: 9:00 AM – 5:30 PM; Saturday: Closed; Sunday: Closed,dental_clinic,Canterbury,Christchurch,no_prices
Kaiapoi Community Dental Clinic,"65 Raven Quay, Kaiapoi 7630, New Zealand",,,,5,2,OPERATIONAL,https://maps.google.com/?cid=1428666472559706690&g_mp=Cidnb29nbGUubWFwcy5wbGFjZXMudjEuUGxhY2VzLlNlYXJjaFRleHQQAhgEIAA,,dental_clinic,Canterbury,Kaiapoi,no_prices
Kaikoura Dental Centre,"6 West End, Kaikōura 7300, New Zealand",03 319 5629,+64 3 319 5629,http://www.dentist.co.nz/dentist-detail/kaikoura/kaikoura-dental-centre/A11007216,4.7,7,OPERATIONAL,https://maps.google.com/?cid=7017873781239194411&g_mp=Cidnb29nbGUubWFwcy5wbGFjZXMudjEuUGxhY2VzLlNlYXJjaFRleHQQAhgEIAA,Monday: Closed; Tuesday: Closed; Wednesday: 9:00 AM – 5:00 PM; Thursday: 9:00 AM – 5:00 PM; Friday: 9:00 AM – 5:00 PM; Saturday: Closed; Sunday: Closed,dental_clinic,Canterbury,Kaikōura,no_prices
Langdons Dental,"139 Langdons Road, Northcote, Christchurch 8052, New Zealand",03 925 9748,+64 3 925 9748,https://langdonsdental.nz/,,,OPERATIONAL,https://maps.google.com/?cid=3866780385790109449&g_mp=Cidnb29nbGUubWFwcy5wbGFjZXMudjEuUGxhY2VzLlNlYXJjaFRleHQQAhgEIAA,Monday: 9:00 AM – 5:00 PM; Tuesday: 9:00 AM – 5:00 PM; Wednesday: 9:00 AM – 5:00 PM; Thursday: 9:00 AM – 6:30 PM; Friday: 9:00 AM – 5:00 PM; Saturday: Closed; Sunday: Closed,dental_clinic,Canterbury,Christchurch,no_prices
Life Dental previously known as Timaru Dental Laboratory,"4 Woollcombe Street, Timaru Central, Timaru 7910, New Zealand",03 688 3504,+64 3 688 3504,https://lifedental.co.nz/,5,68,OPERATIONAL,https://maps.google.com/?cid=4562221701981387381&g_mp=Cidnb29nbGUubWFwcy5wbGFjZXMudjEuUGxhY2VzLlNlYXJjaFRleHQQAhgEIAA,Monday: 9:00 AM – 5:00 PM; Tuesday: 9:00 AM – 5:00 PM; Wednesday: 9:00 AM – 5:00 PM; Thursday: 9:00 AM – 5:00 PM; Friday: 9:00 AM – 3:00 PM; Saturday: Closed; Sunday: Closed,dental_clinic,Canterbury,Timaru,no_prices
Lincoln Dental Canterbury | Lumino The Dentists,"55 Gerald Street, Lincoln 7608, New Zealand",03 325 2696,+64 3 325 2696,https://lumino.co.nz/dentists/lincoln-dental-canterbury/?utm_source=google_business_profile&utm_medium=organic,4.7,40,OPERATIONAL,https://maps.google.com/?cid=6432918126270493450&g_mp=Cidnb29nbGUubWFwcy5wbGFjZXMudjEuUGxhY2VzLlNlYXJjaFRleHQQAhgEIAA,Monday: 8:30 AM – 5:00 PM; Tuesday: 8:30 AM – 5:00 PM; Wednesday: 8:30 AM – 5:00 PM; Thursday: 8:30 AM – 5:00 PM; Friday: 8:30 AM – 4:00 PM; Saturday: Closed; Sunday: Closed,dental_clinic,Canterbury,Lincoln,some_prices
Linwood Ave Dental,"201A Linwood Avenue, Linwood, Christchurch 8011, New Zealand",03 389 6023,+64 3 389 6023,,4.3,40,OPERATIONAL,https://maps.google.com/?cid=5496929252571252806&g_mp=Cidnb29nbGUubWFwcy5wbGFjZXMudjEuUGxhY2VzLlNlYXJjaFRleHQQAhgEIAA,Monday: 8:30 AM – 5:00 PM; Tuesday: 8:30 AM – 5:00 PM; Wednesday: 8:30 AM – 5:00 PM; Thursday: 8:30 AM – 5:00 PM; Friday: 8:30 AM – 5:00 PM; Saturday: Closed; Sunday: Closed,dental_clinic,Canterbury,Christchurch,no_prices
Linwood Dental Centre,"211 Linwood Avenue, Linwood, Christchurch 8011, New Zealand",03 389 9730,+64 3 389 9730,https://linwooddentalcentre.co.nz/,3.8,12,OPERATIONAL,https://maps.google.com/?cid=18039055598809260780&g_mp=Cidnb29nbGUubWFwcy5wbGFjZXMudjEuUGxhY2VzLlNlYXJjaFRleHQQAhgEIAA,Monday: 8:30 AM – 5:00 PM; Tuesday: 8:30 AM – 5:00 PM; Wednesday: 8:30 AM – 5:00 PM; Thursday: 8:30 AM – 5:00 PM; Friday: 8:30 AM – 4:00 PM; Saturday: Closed; Sunday: Closed,dental_clinic,Canterbury,Christchurch,no_prices
Longhurst Dental,"53 Caulfield Avenue, Halswell, Christchurch 8025, New Zealand",03 322 1622,+64 3 322 1622,http://www.longhurstdental.co.nz/,3.8,18,OPERATIONAL,https://maps.google.com/?cid=8279354337146710203&g_mp=Cidnb29nbGUubWFwcy5wbGFjZXMudjEuUGxhY2VzLlNlYXJjaFRleHQQAhgEIAA,Monday: 9:00 AM – 5:00 PM; Tuesday: 9:00 AM – 5:00 PM; Wednesday: 9:00 AM – 5:00 PM; Thursday: 9:00 AM – 5:00 PM; Friday: Closed; Saturday: Closed; Sunday: Closed,dental_clinic,Canterbury,Christchurch,no_prices
Lumino On Cambridge Christchurch | Lumino The Dentists,"75 Cambridge Terrace, Christchurch Central City, Christchurch 8013, New Zealand",03 366 1948,+64 3 366 1948,https://lumino.co.nz/dentists/lumino-on-cambridge-christchurch/?utm_source=google_business_profile&utm_medium=organic,4.9,54,OPERATIONAL,https://maps.google.com/?cid=3708937451854349674&g_mp=Cidnb29nbGUubWFwcy5wbGFjZXMudjEuUGxhY2VzLlNlYXJjaFRleHQQAhgEIAA,Monday: 8:00 AM – 5:00 PM; Tuesday: 8:00 AM – 5:00 PM; Wednesday: 8:00 AM – 5:00 PM; Thursday: 8:00 AM – 5:00 PM; Friday: 8:00 AM – 4:30 PM; Saturday: Closed; Sunday: Closed,dental_clinic,Canterbury,Christchurch,no_prices
Lumino St Albans | Lumino The Dentists,"144 Cranford Street, St Albans, Christchurch 8014, New Zealand",03 355 9380,+64 3 355 9380,https://lumino.co.nz/dentists/lumino-st-albans/?utm_source=google_business_profile&utm_medium=organic,3.9,52,OPERATIONAL,https://maps.google.com/?cid=13089750789095057628&g_mp=Cidnb29nbGUubWFwcy5wbGFjZXMudjEuUGxhY2VzLlNlYXJjaFRleHQQAhgEIAA,Monday: 8:00 AM – 5:30 PM; Tuesday: 7:30 AM – 4:30 PM; Wednesday: 8:00 AM – 5:00 PM; Thursday: 7:30 AM – 5:00 PM; Friday: 7:30 AM – 4:30 PM; Saturday: 8:00 AM – 3:00 PM; Sunday: Closed,dental_clinic,Canterbury,Christchurch,no_prices
Lumino The Dentist - Christchurch City CBD,"71 Gloucester Street, Christchurch Central City, Christchurch 8013, New Zealand",03 550 1428,+64 3 550 1428,https://lumino.co.nz/dentists/christchurch-city-cbd/?utm_source=google_business_profile&utm_medium=organic,4.5,54,OPERATIONAL,https://maps.google.com/?cid=15233995146640230742&g_mp=Cidnb29nbGUubWFwcy5wbGFjZXMudjEuUGxhY2VzLlNlYXJjaFRleHQQAhgEIAA,Monday: 8:00 AM – 5:00 PM; Tuesday: 8:00 AM – 6:00 PM; Wednesday: 8:00 AM – 6:00 PM; Thursday: 8:30 AM – 5:00 PM; Friday: 8:00 AM – 4:00 PM; Saturday: Closed; Sunday: Closed,dental_clinic,Canterbury,Christchurch,no_prices
Mackenzie Health Centre,"3A Benmore Place, Twizel 7901, New Zealand",03 976 0503,+64 3 976 0503,http://kurowmedicalcentre.org.nz/,4.8,24,OPERATIONAL,https://maps.google.com/?cid=12770163769467081850,Monday: 8:30 AM – 5:00 PM; Tuesday: 8:30 AM – 5:00 PM; Wednesday: 8:30 AM – 5:00 PM; Thursday: 8:30 AM – 5:00 PM; Friday: 8:30 AM – 5:00 PM; Saturday: 9:00 AM – 12:00 PM; Sunday: Closed,needs_verification,Canterbury,Twizel,no_prices
Maidstone Dental,"78 Maidstone Road, Ilam, Christchurch 8041, New Zealand",03 357 0446,+64 3 357 0446,https://maidstonedental.co.nz/,4.9,86,OPERATIONAL,https://maps.google.com/?cid=8711245351245243854&g_mp=Cidnb29nbGUubWFwcy5wbGFjZXMudjEuUGxhY2VzLlNlYXJjaFRleHQQAhgEIAA,Monday: 9:00 AM – 5:00 PM; Tuesday: 9:00 AM – 5:00 PM; Wednesday: 9:00 AM – 5:00 PM; Thursday: 9:00 AM – 5:00 PM; Friday: 9:00 AM – 5:00 PM; Saturday: Closed; Sunday: Closed,dental_clinic,Canterbury,Christchurch,no_prices
Merivale Dental Group Christchurch,"184 Papanui Road, Merivale, Christchurch 8014, New Zealand",03 355 3888,+64 3 355 3888,https://merivaledental.co.nz/,5,55,OPERATIONAL,https://maps.google.com/?cid=3358149620022809149&g_mp=Cidnb29nbGUubWFwcy5wbGFjZXMudjEuUGxhY2VzLlNlYXJjaFRleHQQAhgEIAA,Monday: 8:00 AM – 5:00 PM; Tuesday: 8:00 AM – 2:30 PM; Wednesday: 8:00 AM – 5:00 PM; Thursday: 8:00 AM – 6:30 PM; Friday: 8:00 AM – 5:00 PM; Saturday: Closed; Sunday: Closed,dental_clinic,Canterbury,Christchurch,no_prices
Merivale Denture Clinic,"206B Papanui Road, Merivale, Christchurch 8014, New Zealand",03 355 4704,+64 3 355 4704,https://www.merivaledentureclinic.co.nz/,5,185,OPERATIONAL,https://maps.google.com/?cid=8785851845434578900&g_mp=Cidnb29nbGUubWFwcy5wbGFjZXMudjEuUGxhY2VzLlNlYXJjaFRleHQQAhgEIAA,Monday: 8:30 AM – 5:00 PM; Tuesday: 8:30 AM – 5:00 PM; Wednesday: 8:30 AM – 5:00 PM; Thursday: 8:30 AM – 5:00 PM; Friday: 8:30 AM – 5:00 PM; Saturday: Closed; Sunday: Closed,dental_clinic,Canterbury,Christchurch,no_prices
Methven Medical Centre,"4 Methven Chertsey Road, Methven 7730, New Zealand",03 302 8105,+64 3 302 8105,,4.1,9,OPERATIONAL,https://maps.google.com/?cid=8179252208680832059,Monday: 8:30 AM – 5:00 PM; Tuesday: 8:30 AM – 5:00 PM; Wednesday: 8:30 AM – 5:00 PM; Thursday: 8:30 AM – 5:00 PM; Friday: 8:30 AM – 5:00 PM; Saturday: Closed; Sunday: Closed,needs_verification,Canterbury,Methven,no_prices
Moriarty Dental,"153 Innes Road, St Albans, Christchurch 8052, New Zealand",03 366 3697,+64 3 366 3697,https://www.moriartydental.co.nz/contact,4.1,17,OPERATIONAL,https://maps.google.com/?cid=12195887516182029942&g_mp=Cidnb29nbGUubWFwcy5wbGFjZXMudjEuUGxhY2VzLlNlYXJjaFRleHQQAhgEIAA,Monday: 9:00 AM – 7:00 PM; Tuesday: 9:00 AM – 5:00 PM; Wednesday: 9:00 AM – 5:00 PM; Thursday: 9:00 AM – 5:00 PM; Friday: Closed; Saturday: Closed; Sunday: Closed,dental_clinic,Canterbury,Christchurch,no_prices
Morton Dentistry Christchurch | Lumino The Dentists,"294 Clyde Road, Bryndwr, Christchurch 8053, New Zealand",03 366 5351,+64 3 366 5351,https://lumino.co.nz/dentists/morton-dentistry-christchurch/?utm_source=google_business_profile&utm_medium=organic,4.3,24,OPERATIONAL,https://maps.google.com/?cid=10980274463475381885&g_mp=Cidnb29nbGUubWFwcy5wbGFjZXMudjEuUGxhY2VzLlNlYXJjaFRleHQQAhgEIAA,Monday: 8:30 AM – 5:00 PM; Tuesday: 8:30 AM – 5:00 PM; Wednesday: 8:30 AM – 5:00 PM; Thursday: 8:30 AM – 5:00 PM; Friday: 8:30 AM – 5:00 PM; Saturday: Closed; Sunday: Closed,dental_clinic,Canterbury,Christchurch,no_prices
Mr Liam Moore Oral and Maxillofacial Surgeon,"Leinster Chambers, St Georges Hospital, 249 Papanui Road, Merivale, Christchurch 8014, New Zealand",03 662 9997,+64 3 662 9997,https://specialistoms.co.nz/,4.9,81,OPERATIONAL,https://maps.google.com/?cid=3468677358733572832&g_mp=Cidnb29nbGUubWFwcy5wbGFjZXMudjEuUGxhY2VzLlNlYXJjaFRleHQQAhgEIAA,Monday: 8:00 AM – 5:00 PM; Tuesday: 8:00 AM – 5:00 PM; Wednesday: 8:00 AM – 5:00 PM; Thursday: 8:00 AM – 5:00 PM; Friday: 8:00 AM – 3:00 PM; Saturday: Closed; Sunday: Closed,dental_clinic,Canterbury,Christchurch,no_prices
New Brighton Denture Clinic,"45 Brighton Mall, New Brighton, Christchurch 8061, New Zealand",03 388 1068,+64 3 388 1068,https://yellow.co.nz/y/new-brighton-brighton-mall-3,5,3,OPERATIONAL,https://maps.google.com/?cid=2216913210923629973&g_mp=Cidnb29nbGUubWFwcy5wbGFjZXMudjEuUGxhY2VzLlNlYXJjaFRleHQQAhgEIAA,Monday: 9:00 AM – 4:00 PM; Tuesday: 9:00 AM – 4:00 PM; Wednesday: 9:00 AM – 4:00 PM; Thursday: 9:00 AM – 4:00 PM; Friday: Closed; Saturday: Closed; Sunday: Closed,dental_clinic,Canterbury,Christchurch,no_prices
Nick Wong Dentist,"81 Waltham Road, Sydenham, Christchurch 8023, New Zealand",03 379 5146,+64 3 379 5146,http://www.walthamdental.co.nz/,5,1,OPERATIONAL,https://maps.google.com/?cid=14995125547264359689&g_mp=Cidnb29nbGUubWFwcy5wbGFjZXMudjEuUGxhY2VzLlNlYXJjaFRleHQQAhgEIAA,Monday: 9:00 AM – 5:00 PM; Tuesday: 9:00 AM – 5:00 PM; Wednesday: 9:00 AM – 5:00 PM; Thursday: 9:00 AM – 5:00 PM; Friday: 9:00 AM – 3:30 PM; Saturday: Closed; Sunday: Closed,dental_clinic,Canterbury,Christchurch,no_prices
Nigel Bratten - Papanui Dental Centre,"457 Papanui Road, Papanui, Christchurch 8053, New Zealand",03 352 6019,+64 3 352 6019,http://www.papanuidental.co.nz/,,,OPERATIONAL,https://maps.google.com/?cid=2842854189524964856&g_mp=Cidnb29nbGUubWFwcy5wbGFjZXMudjEuUGxhY2VzLlNlYXJjaFRleHQQAhgEIAA,Monday: 8:00 AM – 5:30 PM; Tuesday: 8:00 AM – 5:00 PM; Wednesday: 8:00 AM – 6:30 PM; Thursday: 8:00 AM – 5:00 PM; Friday: 8:00 AM – 5:00 PM; Saturday: Closed; Sunday: Closed,dental_clinic,Canterbury,Christchurch,no_prices
North Avon Dental Christchurch | Lumino The Dentists,"2 North Avon Road, Richmond, Christchurch 8013, New Zealand",03 365 6767,+64 3 365 6767,https://lumino.co.nz/dentists/north-avon-dental-christchurch/?utm_source=google_business_profile&utm_medium=organic,4.1,35,OPERATIONAL,https://maps.google.com/?cid=644823218405117912&g_mp=Cidnb29nbGUubWFwcy5wbGFjZXMudjEuUGxhY2VzLlNlYXJjaFRleHQQAhgEIAA,Monday: 8:30 AM – 5:00 PM; Tuesday: 8:30 AM – 7:00 PM; Wednesday: 8:30 AM – 5:00 PM; Thursday: 8:30 AM – 5:30 PM; Friday: 8:00 AM – 4:00 PM; Saturday: Closed; Sunday: Closed,dental_clinic,Canterbury,Christchurch,no_prices
North Canterbury Dental Care,"164 Williams Street, Kaiapoi 7630, New Zealand",03 327 8943,+64 3 327 8943,http://www.northcanterburydental.co.nz/,4.6,20,OPERATIONAL,https://maps.google.com/?cid=15522086631455504988&g_mp=Cidnb29nbGUubWFwcy5wbGFjZXMudjEuUGxhY2VzLlNlYXJjaFRleHQQAhgEIAA,Monday: 8:30 AM – 5:00 PM; Tuesday: 8:30 AM – 5:00 PM; Wednesday: 8:30 AM – 5:00 PM; Thursday: 8:30 AM – 5:00 PM; Friday: 8:30 AM – 5:00 PM; Saturday: Closed; Sunday: Closed,dental_clinic,Canterbury,Kaiapoi,no_prices
Northcote Community Dental Clinic,"24 Tuckers Road, Casebrook, Christchurch 8051, New Zealand",0800 846 983,+64 800 846 983,,4,8,OPERATIONAL,https://maps.google.com/?cid=4630416017629392915&g_mp=Cidnb29nbGUubWFwcy5wbGFjZXMudjEuUGxhY2VzLlNlYXJjaFRleHQQAhgEIAA,,dental_clinic,Canterbury,Christchurch,no_prices
Northwest Dental,"296 Wairakei Road, Bryndwr, Christchurch 8053, New Zealand",03 359 8300,+64 3 359 8300,https://nwdental.co.nz/,5,69,OPERATIONAL,https://maps.google.com/?cid=17776724147532464964&g_mp=Cidnb29nbGUubWFwcy5wbGFjZXMudjEuUGxhY2VzLlNlYXJjaFRleHQQAhgEIAA,Monday: 8:00 AM – 5:00 PM; Tuesday: 8:00 AM – 5:00 PM; Wednesday: 8:00 AM – 5:00 PM; Thursday: 8:00 AM – 5:00 PM; Friday: 8:00 AM – 4:30 PM; Saturday: Closed; Sunday: Closed,dental_clinic,Canterbury,Christchurch,no_prices
Nova Denture Clinic,"21 Bishopdale Court, Bishopdale, Christchurch 8053, New Zealand",03 421 3535,+64 3 421 3535,https://novadentureclinic.wixsite.com/denture-clinic,,,OPERATIONAL,https://maps.google.com/?cid=6979178111746596029&g_mp=Cidnb29nbGUubWFwcy5wbGFjZXMudjEuUGxhY2VzLlNlYXJjaFRleHQQAhgEIAA,Monday: Closed; Tuesday: 9:00 AM – 4:00 PM; Wednesday: 12:00 – 4:00 PM; Thursday: 9:00 AM – 4:00 PM; Friday: 9:00 AM – 4:00 PM; Saturday: Closed; Sunday: Closed,dental_clinic,Canterbury,Christchurch,no_prices
"Oral Medicine Ōtautahi,","455 Papanui Road, Papanui, Christchurch 8051, New Zealand",03 242 0725,+64 3 242 0725,https://www.soms.co.nz/,,,OPERATIONAL,https://maps.google.com/?cid=13045890654749427465&g_mp=Cidnb29nbGUubWFwcy5wbGFjZXMudjEuUGxhY2VzLlNlYXJjaFRleHQQAhgEIAA,Monday: Closed; Tuesday: Closed; Wednesday: 8:30 AM – 4:30 PM; Thursday: Closed; Friday: 8:30 AM – 4:30 PM; Saturday: Closed; Sunday: Closed,dental_clinic,Canterbury,Christchurch,no_prices
Oral Smiles Health,"Lincoln Road, Addington, Christchurch 8024, New Zealand",03 982 1688,+64 3 982 1688,https://www.coastsmilesdentalspa.nz/,5,1,OPERATIONAL,https://maps.google.com/?cid=10025797583479355934&g_mp=Cidnb29nbGUubWFwcy5wbGFjZXMudjEuUGxhY2VzLlNlYXJjaFRleHQQAhgEIAA,Monday: 8:30 AM – 5:30 AM; Tuesday: 8:30 AM – 5:00 PM; Wednesday: 8:00 AM – 5:00 PM; Thursday: 8:30 AM – 5:00 PM; Friday: 8:00 AM – 5:00 PM; Saturday: Closed; Sunday: Closed,needs_verification,Canterbury,Christchurch,no_prices
Oxford Dental,"634 Bay Road, Oxford 7430, New Zealand",021 273 6963,+64 21 273 6963,https://oxforddental.co.nz/,5,5,OPERATIONAL,https://maps.google.com/?cid=5878298750586604570&g_mp=Cidnb29nbGUubWFwcy5wbGFjZXMudjEuUGxhY2VzLlNlYXJjaFRleHQQAhgEIAA,Monday: Closed; Tuesday: 10:00 AM – 4:00 PM; Wednesday: 9:00 AM – 4:00 PM; Thursday: 9:00 AM – 4:00 PM; Friday: Closed; Saturday: Closed; Sunday: Closed,dental_clinic,Canterbury,Oxford,no_prices
PAG Silverstream Dental,"4/42 Silverstream Boulevard, Silverstream, Kaiapoi 7690, New Zealand",03 925 8003,+64 3 925 8003,http://www.pagdental.com/,4.7,19,OPERATIONAL,https://maps.google.com/?cid=9288528982407556988&g_mp=Cidnb29nbGUubWFwcy5wbGFjZXMudjEuUGxhY2VzLlNlYXJjaFRleHQQAhgEIAA,Monday: 8:30 AM – 5:30 PM; Tuesday: 8:30 AM – 5:30 PM; Wednesday: 8:30 AM – 5:30 PM; Thursday: 8:30 AM – 5:30 PM; Friday: 8:30 AM – 5:30 PM; Saturday: Closed; Sunday: Closed,dental_clinic,Canterbury,Kaiapoi,no_prices
Pages Dental Surgery,"Seaview, Timaru 7910, New Zealand",03 688 6463,+64 3 688 6463,,5,5,OPERATIONAL,https://maps.google.com/?cid=5320742854526447058&g_mp=Cidnb29nbGUubWFwcy5wbGFjZXMudjEuUGxhY2VzLlNlYXJjaFRleHQQAhgEIAA,,dental_clinic,Canterbury,Timaru,no_prices
Palms Dental centre,"25 Marshland Road, Shirley, Christchurch 8061, New Zealand",03 385 1466,+64 3 385 1466,http://www.palmsdentist.co.nz/,3.8,82,OPERATIONAL,https://maps.google.com/?cid=9264455013509658407&g_mp=Cidnb29nbGUubWFwcy5wbGFjZXMudjEuUGxhY2VzLlNlYXJjaFRleHQQAhgEIAA,Monday: 8:30 AM – 8:00 PM; Tuesday: 8:30 AM – 8:00 PM; Wednesday: 8:30 AM – 7:00 PM; Thursday: 8:30 AM – 8:00 PM; Friday: 8:30 AM – 5:45 PM; Saturday: 9:00 AM – 5:00 PM; Sunday: Closed,dental_clinic,Canterbury,Christchurch,no_prices
Papanui Dental Centre- Open Wide,"457 Papanui Road, Papanui, Christchurch 8053, New Zealand",03 352 6019,+64 3 352 6019,http://papanuidental.co.nz/,4.1,27,OPERATIONAL,https://maps.google.com/?cid=6416579424955668120&g_mp=Cidnb29nbGUubWFwcy5wbGFjZXMudjEuUGxhY2VzLlNlYXJjaFRleHQQAhgEIAA,Monday: 8:00 AM – 8:00 PM; Tuesday: 8:00 AM – 5:00 PM; Wednesday: 8:00 AM – 5:00 PM; Thursday: 8:00 AM – 5:00 PM; Friday: 8:00 AM – 5:00 PM; Saturday: Closed; Sunday: Closed,dental_clinic,Canterbury,Christchurch,no_prices
Pathway Dental,"1/110 Riccarton Road, Riccarton, Christchurch 8011, New Zealand",03 366 8866,+64 3 366 8866,https://www.pathwaydentists.co.nz/,4.9,275,OPERATIONAL,https://maps.google.com/?cid=6660264857974970299&g_mp=Cidnb29nbGUubWFwcy5wbGFjZXMudjEuUGxhY2VzLlNlYXJjaFRleHQQAhgEIAA,Monday: 9:00 AM – 7:00 PM; Tuesday: 9:00 AM – 7:00 PM; Wednesday: 9:00 AM – 7:00 PM; Thursday: 9:00 AM – 7:00 PM; Friday: 9:00 AM – 7:00 PM; Saturday: 9:00 AM – 5:00 PM; Sunday: 9:00 AM – 5:00 PM,dental_clinic,Canterbury,Christchurch,no_prices
Periodontal Services,"Leinster Road, Merivale, Christchurch 8014, New Zealand",03 355 1445,+64 3 355 1445,http://www.perioservices.co.nz/about-us/,4.9,14,OPERATIONAL,https://maps.google.com/?cid=15233408178296903113&g_mp=Cidnb29nbGUubWFwcy5wbGFjZXMudjEuUGxhY2VzLlNlYXJjaFRleHQQAhgEIAA,,dental_clinic,Canterbury,Christchurch,no_prices
Prebbleton Dental,"Unit 16 The Prebbleton Village, 563 Springs Road, Prebbleton, Christchurch 7604, New Zealand",03 595 6400,+64 3 595 6400,http://prebbletondental.net.nz/,4.9,46,OPERATIONAL,https://maps.google.com/?cid=11943021926792151081&g_mp=Cidnb29nbGUubWFwcy5wbGFjZXMudjEuUGxhY2VzLlNlYXJjaFRleHQQAhgEIAA,Monday: 9:00 AM – 7:00 PM; Tuesday: 8:00 AM – 5:00 PM; Wednesday: 8:00 AM – 7:00 PM; Thursday: 8:00 AM – 5:00 PM; Friday: 8:00 AM – 5:00 PM; Saturday: Closed; Sunday: Closed,dental_clinic,Canterbury,Christchurch,no_prices
Precision Dental 1985 Ltd,"61 Shirley Road, Shirley, Christchurch 8013, New Zealand",03 385 5229,+64 3 385 5229,https://www.precisiondentalchch.co.nz/,4.5,16,OPERATIONAL,https://maps.google.com/?cid=9940248368045942167&g_mp=Cidnb29nbGUubWFwcy5wbGFjZXMudjEuUGxhY2VzLlNlYXJjaFRleHQQAhgEIAA,Monday: 8:00 AM – 5:00 PM; Tuesday: 8:00 AM – 5:00 PM; Wednesday: 8:00 AM – 5:00 PM; Thursday: 8:00 AM – 5:00 PM; Friday: 8:00 AM – 1:00 PM; Saturday: Closed; Sunday: Closed,dental_clinic,Canterbury,Christchurch,no_prices
QE2 Dental,"78 Rookwood Avenue, North New Brighton, Christchurch 8083, New Zealand",03 388 0881,+64 3 388 0881,https://qe2dental.co.nz/,4.3,48,OPERATIONAL,https://maps.google.com/?cid=509040173218930824&g_mp=Cidnb29nbGUubWFwcy5wbGFjZXMudjEuUGxhY2VzLlNlYXJjaFRleHQQAhgEIAA,Monday: 9:00 AM – 5:00 PM; Tuesday: 9:00 AM – 5:00 PM; Wednesday: 9:00 AM – 7:00 PM; Thursday: 9:00 AM – 5:00 PM; Friday: 9:00 AM – 4:00 PM; Saturday: Closed; Sunday: Closed,dental_clinic,Canterbury,Christchurch,no_prices
Rangiora Community Dental Clinic,"156/140 Ashley Street, Rangiora 7400, New Zealand",,,,,,OPERATIONAL,https://maps.google.com/?cid=12837696648114081863&g_mp=Cidnb29nbGUubWFwcy5wbGFjZXMudjEuUGxhY2VzLlNlYXJjaFRleHQQAhgEIAA,,dental_clinic,Canterbury,Rangiora,no_prices
Rangiora Dental Centre,"25 Percival Street, Rangiora 7400, New Zealand",03 313 8569,+64 3 313 8569,http://www.rangioradental.co.nz/,3.8,19,OPERATIONAL,https://maps.google.com/?cid=14641921659114773514&g_mp=Cidnb29nbGUubWFwcy5wbGFjZXMudjEuUGxhY2VzLlNlYXJjaFRleHQQAhgEIAA,Monday: 8:15 AM – 5:00 PM; Tuesday: 8:15 AM – 5:00 PM; Wednesday: 8:15 AM – 5:00 PM; Thursday: 8:15 AM – 5:00 PM; Friday: 8:30 AM – 3:00 PM; Saturday: Closed; Sunday: Closed,dental_clinic,Canterbury,Rangiora,no_prices
Rangiora Dentist | Lumino The Dentists,"210 High Street, Rangiora 7400, New Zealand",03 313 3001,+64 3 313 3001,https://lumino.co.nz/dentists/rangiora-dentist/?utm_source=google_business_profile&utm_medium=organic,3.8,33,OPERATIONAL,https://maps.google.com/?cid=3428257993895768059&g_mp=Cidnb29nbGUubWFwcy5wbGFjZXMudjEuUGxhY2VzLlNlYXJjaFRleHQQAhgEIAA,Monday: 8:00 AM – 5:00 PM; Tuesday: 8:00 AM – 5:00 PM; Wednesday: 8:00 AM – 5:00 PM; Thursday: 8:00 AM – 5:00 PM; Friday: 8:00 AM – 4:00 PM; Saturday: Closed; Sunday: Closed,dental_clinic,Canterbury,Rangiora,some_prices
Rangiora Denture Clinic,"7 Ashley Street, Waimakariri, Rangiora 7400, New Zealand",03 313 9192,+64 3 313 9192,http://www.rangioradentureclinic.com/,5,13,OPERATIONAL,https://maps.google.com/?cid=1264658477908512789&g_mp=Cidnb29nbGUubWFwcy5wbGFjZXMudjEuUGxhY2VzLlNlYXJjaFRleHQQAhgEIAA,Monday: 8:30 AM – 5:00 PM; Tuesday: 8:30 AM – 5:00 PM; Wednesday: 8:30 AM – 5:00 PM; Thursday: 8:30 AM – 5:00 PM; Friday: 8:30 AM – 5:00 PM; Saturday: Closed; Sunday: Closed,dental_clinic,Canterbury,Rangiora,no_prices
Redcliffs Dental,"178 Main Road, Redcliffs, Christchurch 8081, New Zealand",03 384 5038,+64 3 384 5038,https://www.redcliffsdental.co.nz/,5,11,OPERATIONAL,https://maps.google.com/?cid=4210952667942822975&g_mp=Cidnb29nbGUubWFwcy5wbGFjZXMudjEuUGxhY2VzLlNlYXJjaFRleHQQAhgEIAA,Monday: 8:00 AM – 4:30 PM; Tuesday: 8:00 AM – 3:00 PM; Wednesday: 8:00 AM – 4:30 PM; Thursday: 8:00 AM – 4:00 PM; Friday: 8:00 AM – 3:00 PM; Saturday: Closed; Sunday: Closed,dental_clinic,Canterbury,Christchurch,no_prices
Redwood Family Dentists,"186 Main North Road, Papanui, Christchurch 8051, New Zealand",03 352 6186,+64 3 352 6186,http://www.familydentist.co.nz/,4.1,46,OPERATIONAL,https://maps.google.com/?cid=3795989292425458557&g_mp=Cidnb29nbGUubWFwcy5wbGFjZXMudjEuUGxhY2VzLlNlYXJjaFRleHQQAhgEIAA,Monday: 9:00 AM – 5:00 PM; Tuesday: 9:00 AM – 5:00 PM; Wednesday: 9:00 AM – 5:00 PM; Thursday: 9:00 AM – 5:00 PM; Friday: 9:00 AM – 5:00 PM; Saturday: Closed; Sunday: Closed,dental_clinic,Canterbury,Christchurch,no_prices
Riccarton Dental Studio (Previously Stafford Dental Centre - Sockburn),"37 Main South Road, Sockburn, Christchurch 8042, New Zealand",03 366 1555,+64 3 366 1555,https://riccartondentalstudio.co.nz/,5,556,OPERATIONAL,https://maps.google.com/?cid=2327793586611262823&g_mp=Cidnb29nbGUubWFwcy5wbGFjZXMudjEuUGxhY2VzLlNlYXJjaFRleHQQAhgEIAA,Monday: 8:30 AM – 9:00 PM; Tuesday: 8:30 AM – 9:00 PM; Wednesday: 8:30 AM – 9:00 PM; Thursday: 8:30 AM – 5:00 PM; Friday: 8:30 AM – 9:00 PM; Saturday: 9:00 AM – 5:00 PM; Sunday: 9:00 AM – 5:00 PM,dental_clinic,Canterbury,Christchurch,some_prices
Riccarton Dentists,"111 Matipo Street, Riccarton, Christchurch 8041, New Zealand",03 343 3747,+64 3 343 3747,https://www.riccartondentists.co.nz/,4.8,22,OPERATIONAL,https://maps.google.com/?cid=1181304440373798336&g_mp=Cidnb29nbGUubWFwcy5wbGFjZXMudjEuUGxhY2VzLlNlYXJjaFRleHQQAhgEIAA,Monday: 8:00 AM – 4:00 PM; Tuesday: 8:00 AM – 4:00 PM; Wednesday: 8:00 AM – 4:00 PM; Thursday: 8:00 AM – 4:00 PM; Friday: 8:00 AM – 4:00 PM; Saturday: Closed; Sunday: Closed,dental_clinic,Canterbury,Christchurch,no_prices
Richmond Village Dental,"45 North Avon Road, Richmond, Christchurch 8013, New Zealand",03 389 5923,+64 3 389 5923,https://richmondvillage.dental/,4.8,78,OPERATIONAL,https://maps.google.com/?cid=9142724364060526600&g_mp=Cidnb29nbGUubWFwcy5wbGFjZXMudjEuUGxhY2VzLlNlYXJjaFRleHQQAhgEIAA,Monday: 8:30 AM – 6:00 PM; Tuesday: 8:30 AM – 5:00 PM; Wednesday: 8:30 AM – 6:00 PM; Thursday: 8:30 AM – 6:00 PM; Friday: 8:30 AM – 4:00 PM; Saturday: Closed; Sunday: Closed,dental_clinic,Canterbury,Christchurch,some_prices
Riverside Dental Christchurch City,"69 Cambridge Terrace, City Centre, Christchurch 8013, New Zealand",03 366 1614,+64 3 366 1614,http://riversidedental.co.nz/,4.9,52,OPERATIONAL,https://maps.google.com/?cid=13470795469477124748&g_mp=Cidnb29nbGUubWFwcy5wbGFjZXMudjEuUGxhY2VzLlNlYXJjaFRleHQQAhgEIAA,Monday: 8:00 AM – 5:00 PM; Tuesday: 8:00 AM – 5:00 PM; Wednesday: 8:00 AM – 4:30 PM; Thursday: 8:30 AM – 5:00 PM; Friday: 8:00 AM – 4:30 PM; Saturday: Closed; Sunday: Closed,dental_clinic,Canterbury,Christchurch,no_prices
Rolleston Community Dental,"2/3 Norman Kirk Drive, Rolleston 7614, New Zealand",0800 846 983,+64 800 846 983,https://info.health.nz/locations/canterbury/community-dental-service-canterbury,3.3,3,OPERATIONAL,https://maps.google.com/?cid=13318096777292708985&g_mp=Cidnb29nbGUubWFwcy5wbGFjZXMudjEuUGxhY2VzLlNlYXJjaFRleHQQAhgEIAA,Monday: 8:15 AM – 4:30 PM; Tuesday: 8:15 AM – 4:30 PM; Wednesday: 8:15 AM – 4:30 PM; Thursday: 8:15 AM – 4:30 PM; Friday: 8:15 AM – 4:30 PM; Saturday: Closed; Sunday: Closed,dental_clinic,Canterbury,Rolleston,no_prices
Rolleston Dental Centre,"36 Tennyson Street, Rolleston 7614, New Zealand",03 347 4440,+64 3 347 4440,http://www.rollestondentist.co.nz/,4,57,OPERATIONAL,https://maps.google.com/?cid=11722858237207737760&g_mp=Cidnb29nbGUubWFwcy5wbGFjZXMudjEuUGxhY2VzLlNlYXJjaFRleHQQAhgEIAA,Monday: 9:00 AM – 6:00 PM; Tuesday: 9:00 AM – 5:00 PM; Wednesday: 9:00 AM – 8:00 PM; Thursday: 9:00 AM – 8:00 PM; Friday: 9:00 AM – 6:00 PM; Saturday: 9:00 AM – 12:30 PM; Sunday: Closed,dental_clinic,Canterbury,Rolleston,no_prices
School & Community Dental Service,"239 Antigua Street, Addington, Christchurch 8011, New Zealand",0800 846 983,+64 800 846 983,http://www.cdhb.health.nz/Hospitals-Services/Community-Rural-Health-Services/Community-Dental/Pages/default.aspx,,,OPERATIONAL,https://maps.google.com/?cid=11663018240655671969&g_mp=Cidnb29nbGUubWFwcy5wbGFjZXMudjEuUGxhY2VzLlNlYXJjaFRleHQQAhgEIAA,Monday: 8:00 AM – 4:00 PM; Tuesday: 8:00 AM – 4:00 PM; Wednesday: 8:00 AM – 4:00 PM; Thursday: 8:00 AM – 4:00 PM; Friday: 8:00 AM – 4:00 PM; Saturday: Closed; Sunday: Closed,dental_clinic,Canterbury,Christchurch,no_prices
Selwyn Dental - Restorative and Implant Centre,"3/55 Faringdon Boulevard, Rolleston 7615, New Zealand",03 260 0322,+64 3 260 0322,https://www.selwyndental.co.nz/,4.3,10,OPERATIONAL,https://maps.google.com/?cid=8476917885632077298&g_mp=Cidnb29nbGUubWFwcy5wbGFjZXMudjEuUGxhY2VzLlNlYXJjaFRleHQQAhgEIAA,Monday: 9:00 AM – 4:00 PM; Tuesday: Closed; Wednesday: 9:00 AM – 4:00 PM; Thursday: Closed; Friday: 9:00 AM – 4:00 PM; Saturday: Closed; Sunday: Closed,dental_clinic,Canterbury,Rolleston,some_prices
Shirley Dental Christchurch | Lumino The Dentists,"13 Marshland Road, Shirley, Christchurch 8061, New Zealand",03 385 2310,+64 3 385 2310,https://lumino.co.nz/dentists/shirley-dental-practice/?utm_source=google_business_profile&utm_medium=organic,4.2,30,OPERATIONAL,https://maps.google.com/?cid=16599999484635670654&g_mp=Cidnb29nbGUubWFwcy5wbGFjZXMudjEuUGxhY2VzLlNlYXJjaFRleHQQAhgEIAA,Monday: 8:00 AM – 5:00 PM; Tuesday: 8:00 AM – 5:00 PM; Wednesday: 8:00 AM – 5:00 PM; Thursday: 8:00 AM – 6:00 PM; Friday: 8:00 AM – 4:00 PM; Saturday: Closed; Sunday: Closed,dental_clinic,Canterbury,Christchurch,some_prices
Silver Birches Dental Centre,"5 Elizabeth Place, Timaru Central, Timaru 7910, New Zealand",03 688 9463,+64 3 688 9463,https://silverbirchesdental.co.nz/,4.4,18,OPERATIONAL,https://maps.google.com/?cid=9263435673655177717&g_mp=Cidnb29nbGUubWFwcy5wbGFjZXMudjEuUGxhY2VzLlNlYXJjaFRleHQQAhgEIAA,Monday: 8:30 AM – 5:00 PM; Tuesday: 8:30 AM – 5:00 PM; Wednesday: 8:30 AM – 5:00 PM; Thursday: 8:30 AM – 5:00 PM; Friday: 8:30 AM – 4:00 PM; Saturday: Closed; Sunday: Closed,dental_clinic,Canterbury,Timaru,no_prices
Smile Concepts,"104 Colombo Street, Sydenham, Christchurch 8023, New Zealand",03 332 6399,+64 3 332 6399,http://www.smileconcepts.co.nz/,4.9,184,OPERATIONAL,https://maps.google.com/?cid=1382244786071358925&g_mp=Cidnb29nbGUubWFwcy5wbGFjZXMudjEuUGxhY2VzLlNlYXJjaFRleHQQAhgEIAA,Monday: 8:30 AM – 5:00 PM; Tuesday: 8:30 AM – 5:00 PM; Wednesday: 8:30 AM – 6:30 PM; Thursday: 8:30 AM – 5:00 PM; Friday: 8:30 AM – 4:00 PM; Saturday: Closed; Sunday: Closed,dental_clinic,Canterbury,Christchurch,full_prices
Smile Design - Dental implants Christchurch,"455 Papanui Road, Papanui, Christchurch 8053, New Zealand",03 351 5013,+64 3 351 5013,https://www.smiledesign.co.nz/,5,39,OPERATIONAL,https://maps.google.com/?cid=15634539832858401703&g_mp=Cidnb29nbGUubWFwcy5wbGFjZXMudjEuUGxhY2VzLlNlYXJjaFRleHQQAhgEIAA,Monday: 9:00 AM – 5:00 PM; Tuesday: 9:00 AM – 5:00 PM; Wednesday: 9:00 AM – 5:00 PM; Thursday: 9:00 AM – 5:00 PM; Friday: Closed; Saturday: Closed; Sunday: Closed,dental_clinic,Canterbury,Christchurch,no_prices
Smile Glow Christchurch,"The Tannery 25/4 Garlands Road, Woolston, Christchurch 8023, New Zealand",027 355 8864,+64 27 355 8864,http://www.smileglownz.com/,5,45,OPERATIONAL,https://maps.google.com/?cid=15724138240238720899&g_mp=Cidnb29nbGUubWFwcy5wbGFjZXMudjEuUGxhY2VzLlNlYXJjaFRleHQQAhgEIAA,Monday: 10:30 AM – 5:00 PM; Tuesday: Closed; Wednesday: Closed; Thursday: Closed; Friday: Closed; Saturday: Closed; Sunday: 10:00 AM – 5:00 PM,dental_clinic,Canterbury,Christchurch,some_prices
Smiles Oral Health,"Village Medical Centre Building Level 1/30 Lincoln Road, Spreydon, Christchurch 8024, New Zealand",03 982 1688,+64 3 982 1688,https://appointments.praktika.net.au/online-booking/step1?Apikey=8a83eec1-bd6c-4825-9f24-b7c0d0d04bd1&fbclid=IwY2xjawJ-o5dleHRuA2FlbQIxMQABHn-I0kbmNIJtXtUhflppqojBEWHboEV2tngpvaACCI65JGY_-mmKhO0PMLtL_aem_G4loymfENxx0Dy9q09a1AQ,5,13,OPERATIONAL,https://maps.google.com/?cid=2761027430552888553&g_mp=Cidnb29nbGUubWFwcy5wbGFjZXMudjEuUGxhY2VzLlNlYXJjaFRleHQQAhgEIAA,Monday: 8:30 AM – 1:00 PM; Tuesday: 8:30 AM – 1:00 PM; Wednesday: 8:30 AM – 5:00 PM; Thursday: 8:30 AM – 5:00 PM; Friday: 8:30 AM – 5:00 PM; Saturday: 8:30 AM – 5:00 PM; Sunday: Closed,dental_clinic,Canterbury,Christchurch,no_prices
Smilesville Dental,"Riccarton, 131 Riccarton Road, Riccarton, Christchurch 8041, New Zealand",03 341 6800,+64 3 341 6800,https://www.smilesville.co.nz/,4.7,194,OPERATIONAL,https://maps.google.com/?cid=3117829297415785079&g_mp=Cidnb29nbGUubWFwcy5wbGFjZXMudjEuUGxhY2VzLlNlYXJjaFRleHQQAhgEIAA,Monday: 8:30 AM – 5:30 PM; Tuesday: 8:30 AM – 5:30 PM; Wednesday: 8:30 AM – 5:30 PM; Thursday: 8:30 AM – 5:30 PM; Friday: 8:30 AM – 5:30 PM; Saturday: Closed; Sunday: Closed,dental_clinic,Canterbury,Christchurch,no_prices
South Canterbury Denture Care - Timaru,"41 Church Street, Timaru Central, Timaru 7910, New Zealand",03 688 6182,+64 3 688 6182,https://www.timaru-southcanterburydenture.co.nz/,5,40,OPERATIONAL,https://maps.google.com/?cid=17812646708312317942&g_mp=Cidnb29nbGUubWFwcy5wbGFjZXMudjEuUGxhY2VzLlNlYXJjaFRleHQQAhgEIAA,Monday: 9:00 AM – 5:00 PM; Tuesday: 9:00 AM – 5:00 PM; Wednesday: 9:00 AM – 5:00 PM; Thursday: 9:00 AM – 5:00 PM; Friday: 9:00 AM – 5:00 PM; Saturday: Closed; Sunday: Closed,dental_clinic,Canterbury,Timaru,no_prices
Sparkling White Smile Papanui,"55 Main North Road, Papanui, Christchurch 8052, New Zealand",0406 049 726,+61 406 049 726,,,,OPERATIONAL,https://maps.google.com/?cid=11282057054278713462&g_mp=Cidnb29nbGUubWFwcy5wbGFjZXMudjEuUGxhY2VzLlNlYXJjaFRleHQQAhgEIAA,Monday: 9:00 AM – 7:30 PM; Tuesday: 9:00 AM – 7:30 PM; Wednesday: 9:00 AM – 7:30 PM; Thursday: 9:00 AM – 7:30 PM; Friday: 9:00 AM – 7:30 PM; Saturday: 9:00 AM – 7:30 PM; Sunday: 9:00 AM – 7:30 PM,dental_clinic,Canterbury,Christchurch,no_prices
Stafford Dental Centre - Timaru,"14 Elizabeth Street, Timaru Central, Timaru 7910, New Zealand",03 688 0033,+64 3 688 0033,https://stafforddental.co.nz/,4.9,307,OPERATIONAL,https://maps.google.com/?cid=8294493250356197732&g_mp=Cidnb29nbGUubWFwcy5wbGFjZXMudjEuUGxhY2VzLlNlYXJjaFRleHQQAhgEIAA,Monday: 8:30 AM – 5:00 PM; Tuesday: 8:30 AM – 5:00 PM; Wednesday: 8:30 AM – 5:00 PM; Thursday: 8:30 AM – 5:00 PM; Friday: 8:30 AM – 5:00 PM; Saturday: Closed; Sunday: Closed,dental_clinic,Canterbury,Timaru,no_prices
Studio Dental,"369 Papanui Road, Strowan, Christchurch 8052, New Zealand",03 366 3399,+64 3 366 3399,https://www.studiodental.nz/,5,197,OPERATIONAL,https://maps.google.com/?cid=16146123421837401325&g_mp=Cidnb29nbGUubWFwcy5wbGFjZXMudjEuUGxhY2VzLlNlYXJjaFRleHQQAhgEIAA,Monday: 8:30 AM – 5:00 PM; Tuesday: 8:30 AM – 6:00 PM; Wednesday: 8:30 AM – 5:00 PM; Thursday: 8:30 AM – 6:00 PM; Friday: 8:30 AM – 5:00 PM; Saturday: Closed; Sunday: Closed,dental_clinic,Canterbury,Christchurch,no_prices
Sweet Tooth Dental,"248B Cranford Street, St Albans, Christchurch 8052, New Zealand",03 662 5025,+64 3 662 5025,http://www.sweettoothdental.nz/,5,1,OPERATIONAL,https://maps.google.com/?cid=15687633034884909721&g_mp=Cidnb29nbGUubWFwcy5wbGFjZXMudjEuUGxhY2VzLlNlYXJjaFRleHQQAhgEIAA,Monday: 8:00 AM – 6:00 PM; Tuesday: 8:00 AM – 6:00 PM; Wednesday: 8:00 AM – 6:00 PM; Thursday: 8:00 AM – 6:00 PM; Friday: 8:00 AM – 6:00 PM; Saturday: 8:00 AM – 5:00 PM; Sunday: Closed,dental_clinic,Canterbury,Christchurch,no_prices
Sweet Tooth Dental,"52 Charles Street, Rangiora 7400, New Zealand",03 662 5025,+64 3 662 5025,https://www.sweettoothdental.nz/,4.7,30,OPERATIONAL,https://maps.google.com/?cid=4412136479722794951&g_mp=Cidnb29nbGUubWFwcy5wbGFjZXMudjEuUGxhY2VzLlNlYXJjaFRleHQQAhgEIAA,Monday: 8:00 AM – 6:00 PM; Tuesday: 8:00 AM – 6:00 PM; Wednesday: 8:00 AM – 6:00 PM; Thursday: 8:00 AM – 6:00 PM; Friday: 8:00 AM – 6:00 PM; Saturday: Closed; Sunday: Closed,dental_clinic,Canterbury,Rangiora,no_prices
Sydenham Dental Centre,"58 Wordsworth Street, Sydenham, Christchurch 8023, New Zealand",03 366 7429,+64 3 366 7429,https://www.sydenhamdentalcentre.co.nz/,4.1,183,OPERATIONAL,https://maps.google.com/?cid=4244079002428834183&g_mp=Cidnb29nbGUubWFwcy5wbGFjZXMudjEuUGxhY2VzLlNlYXJjaFRleHQQAhgEIAA,Monday: 8:30 AM – 5:00 PM; Tuesday: 8:30 AM – 5:00 PM; Wednesday: 8:30 AM – 7:30 PM; Thursday: 8:30 AM – 5:00 PM; Friday: 8:30 AM – 5:00 PM; Saturday: Closed; Sunday: Closed,dental_clinic,Canterbury,Christchurch,some_prices
Sydenham Dental Difference,"58 Wordsworth Street, Waltham, Christchurch 8023, New Zealand",03 982 2371,+64 3 982 2371,http://www.sydenhamdentalcentre.co.nz/,,,OPERATIONAL,https://maps.google.com/?cid=16838091933146437318&g_mp=Cidnb29nbGUubWFwcy5wbGFjZXMudjEuUGxhY2VzLlNlYXJjaFRleHQQAhgEIAA,Monday: 8:30 AM – 5:00 PM; Tuesday: 8:30 AM – 5:00 PM; Wednesday: 8:30 AM – 5:00 PM; Thursday: 8:30 AM – 5:00 PM; Friday: 8:30 AM – 5:00 PM; Saturday: Closed; Sunday: Closed,dental_clinic,Canterbury,Christchurch,some_prices
Team Dental Bealey,"212 Bealey Avenue, Christchurch Central City, Christchurch 8013, New Zealand",03 595 0738,+64 3 595 0738,https://www.team-dental.co.nz/christchurch/bealey-avenue?utm_campaign=bealey&utm_medium=gbp&utm_source=google,4.8,102,OPERATIONAL,https://maps.google.com/?cid=9312900694082185217&g_mp=Cidnb29nbGUubWFwcy5wbGFjZXMudjEuUGxhY2VzLlNlYXJjaFRleHQQAhgEIAA,Monday: 9:00 AM – 5:00 PM; Tuesday: 9:00 AM – 7:00 PM; Wednesday: 9:00 AM – 5:00 PM; Thursday: 9:00 AM – 5:00 PM; Friday: 9:00 AM – 5:00 PM; Saturday: Closed; Sunday: Closed,dental_clinic,Canterbury,Christchurch,full_prices
Team Dental Papanui,"146 Harewood Road, Papanui, Christchurch 8053, New Zealand",03 354 3416,+64 3 354 3416,https://www.team-dental.co.nz/christchurch/papanui/?utm_campaign=papanui&utm_medium=gbp&utm_source=google,4.6,51,OPERATIONAL,https://maps.google.com/?cid=8873170887430602997&g_mp=Cidnb29nbGUubWFwcy5wbGFjZXMudjEuUGxhY2VzLlNlYXJjaFRleHQQAhgEIAA,Monday: 8:30 AM – 5:00 PM; Tuesday: 8:30 AM – 8:00 PM; Wednesday: 8:30 AM – 5:00 PM; Thursday: 8:30 AM – 5:00 PM; Friday: 8:30 AM – 5:00 PM; Saturday: Closed; Sunday: Closed,dental_clinic,Canterbury,Christchurch,full_prices
Team Dental Riccarton,"178 Riccarton Road, Riccarton, Christchurch 8041, New Zealand",03 341 1122,+64 3 341 1122,https://www.team-dental.co.nz/christchurch/riccarton/?utm_campaign=riccarton&utm_medium=gbp&utm_source=google,4.7,434,OPERATIONAL,https://maps.google.com/?cid=16547292212636178697&g_mp=Cidnb29nbGUubWFwcy5wbGFjZXMudjEuUGxhY2VzLlNlYXJjaFRleHQQAhgEIAA,Monday: 9:00 AM – 8:00 PM; Tuesday: 9:00 AM – 5:00 PM; Wednesday: 9:00 AM – 5:00 PM; Thursday: 9:00 AM – 8:00 PM; Friday: 9:00 AM – 5:00 PM; Saturday: 9:00 AM – 2:00 PM; Sunday: Closed,dental_clinic,Canterbury,Christchurch,full_prices
The Big Grin Orthodontists and Dental Clinic,"455 Papanui Road, Papanui, Christchurch 8053, New Zealand",03 358 5079,+64 3 358 5079,http://www.thebiggrin.co.nz/,4.4,17,OPERATIONAL,https://maps.google.com/?cid=10864900569375078678&g_mp=Cidnb29nbGUubWFwcy5wbGFjZXMudjEuUGxhY2VzLlNlYXJjaFRleHQQAhgEIAA,Monday: 8:00 AM – 5:00 PM; Tuesday: 8:00 AM – 5:00 PM; Wednesday: 8:00 AM – 5:00 PM; Thursday: 8:00 AM – 5:00 PM; Friday: 8:00 AM – 5:00 PM; Saturday: Closed; Sunday: Closed,dental_clinic,Canterbury,Christchurch,no_prices
The Teeth Whitening Lab - Christchurch Former Dental Therapist,"86A Halton Street, Strowan, Christchurch 8052, New Zealand",0274 103 355,+64 274 103 355,http://theteethwhiteninglabchch.co.nz/,5,4,OPERATIONAL,https://maps.google.com/?cid=9923641811339773949&g_mp=Cidnb29nbGUubWFwcy5wbGFjZXMudjEuUGxhY2VzLlNlYXJjaFRleHQQAhgEIAA,Monday: 9:00 AM – 5:00 PM; Tuesday: 9:00 AM – 5:00 PM; Wednesday: 9:00 AM – 5:00 PM; Thursday: 9:00 AM – 5:00 PM; Friday: 9:00 AM – 5:00 PM; Saturday: 9:00 AM – 2:00 PM; Sunday: 9:00 AM – 5:00 PM,teeth_whitening,Canterbury,Christchurch,full_prices
The White Smile Company,"4 Youngston Lane, Woolston, Christchurch 8023, New Zealand",,,http://thewhitesmilecompany.co.nz/,4.8,248,OPERATIONAL,https://maps.google.com/?cid=16107401456576837586&g_mp=Cidnb29nbGUubWFwcy5wbGFjZXMudjEuUGxhY2VzLlNlYXJjaFRleHQQAhgEIAA,Monday: Closed; Tuesday: 9:00 AM – 6:00 PM; Wednesday: 9:00 AM – 8:00 PM; Thursday: 9:00 AM – 6:00 PM; Friday: 9:00 AM – 6:00 PM; Saturday: 9:00 AM – 2:00 PM; Sunday: Closed,dental_clinic,Canterbury,Christchurch,full_prices
Timaru Community Dental Clinic,"level 1/18 Woollcombe Street, Timaru Central, Timaru 7910, New Zealand",0800 846 983,+64 800 846 983,https://www.cdhb.health.nz/health-services/community-dental-service/,5,1,OPERATIONAL,https://maps.google.com/?cid=4460475590751277680&g_mp=Cidnb29nbGUubWFwcy5wbGFjZXMudjEuUGxhY2VzLlNlYXJjaFRleHQQAhgEIAA,,dental_clinic,Canterbury,Timaru,no_prices
Timaru Dental Care,"Level 1/45 Heaton Street, Parkside, Timaru 7910, New Zealand",03 684 3451,+64 3 684 3451,http://www.timarudentalcare.co.nz/,4.2,25,OPERATIONAL,https://maps.google.com/?cid=13203169501369693648&g_mp=Cidnb29nbGUubWFwcy5wbGFjZXMudjEuUGxhY2VzLlNlYXJjaFRleHQQAhgEIAA,Monday: 8:30 AM – 5:00 PM; Tuesday: 8:30 AM – 5:00 PM; Wednesday: 8:30 AM – 5:00 PM; Thursday: 8:30 AM – 5:00 PM; Friday: 8:30 AM – 5:00 PM; Saturday: Closed; Sunday: Closed,dental_clinic,Canterbury,Timaru,no_prices
Time Dental,"337 Harewood Road, Bishopdale, Christchurch 8053, New Zealand",,,,,,OPERATIONAL,https://maps.google.com/?cid=11386213987346151157&g_mp=Cidnb29nbGUubWFwcy5wbGFjZXMudjEuUGxhY2VzLlNlYXJjaFRleHQQAhgEIAA,,dental_clinic,Canterbury,Christchurch,no_prices
Time Dental (Andrew Were Dental),"8/337 Harewood Road, Bishopdale, Christchurch 8053, New Zealand",03 359 2999,+64 3 359 2999,https://www.facebook.com/Time-Dental-140497169460247/,4.4,14,OPERATIONAL,https://maps.google.com/?cid=15057798699165629689&g_mp=Cidnb29nbGUubWFwcy5wbGFjZXMudjEuUGxhY2VzLlNlYXJjaFRleHQQAhgEIAA,Monday: 8:00 AM – 4:30 PM; Tuesday: 8:00 AM – 4:30 PM; Wednesday: 8:00 AM – 1:00 PM; Thursday: 8:00 AM – 4:30 PM; Friday: 8:00 AM – 1:00 PM; Saturday: Closed; Sunday: Closed,dental_clinic,Canterbury,Christchurch,no_prices
Twizel Medical Centre,"15 MacKenzie Drive, Twizel 7901, New Zealand",03 435 0777,+64 3 435 0777,http://www.twizelmed.co.nz/,3.3,30,OPERATIONAL,https://maps.google.com/?cid=8267556648825701875,Monday: 8:30 AM – 5:00 PM; Tuesday: 8:30 AM – 5:00 PM; Wednesday: 8:30 AM – 5:00 PM; Thursday: 8:30 AM – 5:00 PM; Friday: 8:30 AM – 5:00 PM; Saturday: Closed; Sunday: Closed,needs_verification,Canterbury,Twizel,no_prices
Village Denture Studio,"Unit 6/26 Central Avenue, Selwyn, Prebbleton 7604, New Zealand",021 225 8855,+64 21 225 8855,https://vdstudio.co.nz/,5,2,OPERATIONAL,https://maps.google.com/?cid=14137511278734631876&g_mp=Cidnb29nbGUubWFwcy5wbGFjZXMudjEuUGxhY2VzLlNlYXJjaFRleHQQAhgEIAA,Monday: 8:30 AM – 5:30 PM; Tuesday: 8:30 AM – 5:30 PM; Wednesday: 8:30 AM – 5:30 PM; Thursday: 8:30 AM – 5:30 PM; Friday: 8:30 AM – 5:30 PM; Saturday: Closed; Sunday: Closed,dental_clinic,Canterbury,Prebbleton,no_prices
Waltham Dental Centre,"81 Waltham Road, Sydenham, Canterbury 8023, New Zealand",03 379 5146,+64 3 379 5146,http://www.walthamdental.co.nz/,4.5,36,OPERATIONAL,https://maps.google.com/?cid=2258066028163434909&g_mp=Cidnb29nbGUubWFwcy5wbGFjZXMudjEuUGxhY2VzLlNlYXJjaFRleHQQAhgEIAA,Monday: 8:30 AM – 5:00 PM; Tuesday: 8:30 AM – 5:00 PM; Wednesday: 8:30 AM – 5:00 PM; Thursday: 8:30 AM – 5:00 PM; Friday: 9:00 AM – 5:00 PM; Saturday: Closed; Sunday: Closed,dental_clinic,Canterbury,Christchurch,no_prices
Warrington Dental,"153 Innes Road, St Albans, Christchurch 8052, New Zealand",03 355 8081,+64 3 355 8081,,4.5,40,OPERATIONAL,https://maps.google.com/?cid=509285012815245340&g_mp=Cidnb29nbGUubWFwcy5wbGFjZXMudjEuUGxhY2VzLlNlYXJjaFRleHQQAhgEIAA,Monday: 9:00 AM – 7:00 PM; Tuesday: 9:00 AM – 7:00 PM; Wednesday: 9:00 AM – 7:00 PM; Thursday: 9:00 AM – 7:00 PM; Friday: 9:00 AM – 7:00 PM; Saturday: Closed; Sunday: Closed,dental_clinic,Canterbury,Christchurch,no_prices
Windsor Dental Centre,"142 Marshland Road, Shirley, Christchurch 8061, New Zealand",03 385 3778,+64 3 385 3778,http://www.windsordentalcentre.co.nz/,4.6,42,OPERATIONAL,https://maps.google.com/?cid=14587737609549959965&g_mp=Cidnb29nbGUubWFwcy5wbGFjZXMudjEuUGxhY2VzLlNlYXJjaFRleHQQAhgEIAA,Monday: 8:30 AM – 7:00 PM; Tuesday: 8:30 AM – 7:00 PM; Wednesday: 8:30 AM – 7:00 PM; Thursday: 8:30 AM – 7:00 PM; Friday: 8:30 AM – 5:30 PM; Saturday: Closed; Sunday: Closed,dental_clinic,Canterbury,Christchurch,no_prices
Wisdom Dental,"140 Idris Road, Strowan, Christchurch 8052, New Zealand",03 242 0362,+64 3 242 0362,https://www.wisdomdental.co.nz/,5,29,OPERATIONAL,https://maps.google.com/?cid=10320472296032574140&g_mp=Cidnb29nbGUubWFwcy5wbGFjZXMudjEuUGxhY2VzLlNlYXJjaFRleHQQAhgEIAA,Monday: 8:00 AM – 5:00 PM; Tuesday: 8:00 AM – 5:00 PM; Wednesday: 8:00 AM – 5:00 PM; Thursday: 8:00 AM – 5:00 PM; Friday: 8:00 AM – 3:00 PM; Saturday: Closed; Sunday: Closed,dental_clinic,Canterbury,Christchurch,no_prices
Woolston Community Dental Clinic,"11 Hopkins Street, Woolston, Christchurch 8023, New Zealand",0800 846 983,+64 800 846 983,http://www.cdhb.health.nz/Hospitals-Services/Community-Rural-Health-Services/Community-Dental/Dental%20Clinic%20Locations/Pages/default.aspx,3.6,7,OPERATIONAL,https://maps.google.com/?cid=7027333030946645648&g_mp=Cidnb29nbGUubWFwcy5wbGFjZXMudjEuUGxhY2VzLlNlYXJjaFRleHQQAhgEIAA,,dental_clinic,Canterbury,Christchurch,no_prices
Yaldhurst Dental,"7 Filly Place, Yaldhurst, Christchurch 8042, New Zealand",03 925 8127,+64 3 925 8127,http://www.yaldhurstdental.co.nz/,5,58,OPERATIONAL,https://maps.google.com/?cid=17215604610172298447&g_mp=Cidnb29nbGUubWFwcy5wbGFjZXMudjEuUGxhY2VzLlNlYXJjaFRleHQQAhgEIAA,Monday: 9:00 AM – 7:00 PM; Tuesday: 9:00 AM – 5:00 PM; Wednesday: 9:00 AM – 5:00 PM; Thursday: 10:00 AM – 7:00 PM; Friday: 9:00 AM – 4:00 PM; Saturday: Closed; Sunday: Closed,dental_clinic,Canterbury,Christchurch,no_prices
Amber Dental,"136 Ormond Road, Whataupoko, Gisborne 4010, New Zealand",06 929 1614,+64 6 929 1614,https://amberdental.co.nz/,4.8,159,OPERATIONAL,https://maps.google.com/?cid=14161867576854133109&g_mp=Cidnb29nbGUubWFwcy5wbGFjZXMudjEuUGxhY2VzLlNlYXJjaFRleHQQAhgEIAA,Monday: 9:00 AM – 5:00 PM; Tuesday: 9:00 AM – 5:00 PM; Wednesday: 9:00 AM – 1:00 PM; Thursday: 9:00 AM – 5:00 PM; Friday: 9:00 AM – 5:00 PM; Saturday: 9:00 AM – 1:00 PM; Sunday: 9:00 AM – 1:00 PM,dental_clinic,Gisborne,Gisborne,no_prices
Dental Care Centre,"19 Derby Street, Gisborne 4010, New Zealand",06 867 9108,+64 6 867 9108,https://dentalcarecentre.co.nz/,4.8,167,OPERATIONAL,https://maps.google.com/?cid=10784187209415179110&g_mp=Cidnb29nbGUubWFwcy5wbGFjZXMudjEuUGxhY2VzLlNlYXJjaFRleHQQAhgEIAA,Monday: 8:30 AM – 5:00 PM; Tuesday: 8:30 AM – 5:00 PM; Wednesday: 8:30 AM – 5:00 PM; Thursday: 8:30 AM – 5:00 PM; Friday: 8:30 AM – 4:00 PM; Saturday: Closed; Sunday: Closed,dental_clinic,Gisborne,Gisborne,no_prices
Edgar Dental,"252 Childers Road, Gisborne 4010, New Zealand",06 867 9329,+64 6 867 9329,https://edgardental.co.nz/,4.5,21,OPERATIONAL,https://maps.google.com/?cid=5606975865095949893&g_mp=Cidnb29nbGUubWFwcy5wbGFjZXMudjEuUGxhY2VzLlNlYXJjaFRleHQQAhgEIAA,Monday: 8:00 AM – 5:00 PM; Tuesday: 8:00 AM – 5:00 PM; Wednesday: 8:00 AM – 5:00 PM; Thursday: 8:00 AM – 5:00 PM; Friday: 8:00 AM – 2:00 PM; Saturday: Closed; Sunday: Closed,dental_clinic,Gisborne,Gisborne,no_prices
Four Square Tokomaru Bay,"Main Road, Tokomaru Bay 4010, New Zealand",06 864 5718,+64 6 864 5718,https://www.foursquare.co.nz/upper-north-island/east-cape/tokomaru-bay?utm_source=google&utm_medium=organic&utm_campaign=Google+My+Business&utm_term=plcid_643652241157039998&utm_content=Four+Square+Tokomaru+Bay,4.6,116,OPERATIONAL,https://maps.google.com/?cid=108302147209153262&g_mp=Cidnb29nbGUubWFwcy5wbGFjZXMudjEuUGxhY2VzLlNlYXJjaFRleHQQAhgEIAA,Monday: 7:00 AM – 7:00 PM; Tuesday: 7:00 AM – 7:00 PM; Wednesday: 7:00 AM – 7:00 PM; Thursday: 7:00 AM – 7:00 PM; Friday: 7:00 AM – 7:00 PM; Saturday: 7:00 AM – 7:00 PM; Sunday: 7:00 AM – 7:00 PM,dental_clinic,Gisborne,Tokomaru Bay,no_prices
Mayfair Dental,"18 Fitzherbert Street, Whataupoko, Gisborne 4010, New Zealand",06 867 3956,+64 6 867 3956,http://www.mayfairdental.co.nz/,2.9,26,OPERATIONAL,https://maps.google.com/?cid=13956893993758253918&g_mp=Cidnb29nbGUubWFwcy5wbGFjZXMudjEuUGxhY2VzLlNlYXJjaFRleHQQAhgEIAA,Monday: 8:00 AM – 5:00 PM; Tuesday: 8:00 AM – 5:00 PM; Wednesday: 8:00 AM – 5:00 PM; Thursday: 8:00 AM – 5:00 PM; Friday: 8:00 AM – 12:00 PM; Saturday: Closed; Sunday: Closed,dental_clinic,Gisborne,Gisborne,no_prices
Ocean Dental Centre Gisborne,"202 Grey Street, Gisborne 4010, New Zealand",06 868 1995,+64 6 868 1995,,3.8,21,OPERATIONAL,https://maps.google.com/?cid=2694995238589284581&g_mp=Cidnb29nbGUubWFwcy5wbGFjZXMudjEuUGxhY2VzLlNlYXJjaFRleHQQAhgEIAA,Monday: 8:30 AM – 4:30 PM; Tuesday: 8:30 AM – 4:30 PM; Wednesday: 8:30 AM – 4:30 PM; Thursday: 8:30 AM – 4:30 PM; Friday: 8:30 AM – 4:30 PM; Saturday: Closed; Sunday: Closed,dental_clinic,Gisborne,Gisborne,no_prices
Pacific Dental Lab Ltd,"733 Aberdeen Road, Te Hapara, Gisborne 4010, New Zealand",021 195 5500,+64 21 195 5500,,5,1,OPERATIONAL,https://maps.google.com/?cid=1041349576116928117&g_mp=Cidnb29nbGUubWFwcy5wbGFjZXMudjEuUGxhY2VzLlNlYXJjaFRleHQQAhgEIAA,Monday: 9:00 AM – 5:00 PM; Tuesday: 9:00 AM – 5:00 PM; Wednesday: 9:00 AM – 5:00 PM; Thursday: 9:00 AM – 5:00 PM; Friday: Closed; Saturday: Closed; Sunday: Closed,dental_clinic,Gisborne,Whatatutu,no_prices
Ruatoria Community Health Centre,"1 Tuparoa Road, Ruatoria 4032, New Zealand",06 864 8316,+64 6 864 8316,https://www.healthpoint.co.nz/gps-accident-urgent-medical-care/gp/ruatoria-community-health-centre/,5,2,OPERATIONAL,https://maps.google.com/?cid=2898175441787431518&g_mp=Cidnb29nbGUubWFwcy5wbGFjZXMudjEuUGxhY2VzLlNlYXJjaFRleHQQAhgEIAA,Monday: 8:00 AM – 4:30 PM; Tuesday: 8:00 AM – 4:30 PM; Wednesday: 8:00 AM – 4:30 PM; Thursday: 8:00 AM – 4:30 PM; Friday: 8:00 AM – 4:30 PM; Saturday: Closed; Sunday: Closed,dental_clinic,Gisborne,Ruatoria,no_prices
St Mary's Church,"1889 Te Araroa Road, Tikitiki 4086, New Zealand",,,https://nzhistory.govt.nz/media/photo/tikitiki-church-war-memorial,4.7,110,OPERATIONAL,https://maps.google.com/?cid=7161252319835953996&g_mp=Cidnb29nbGUubWFwcy5wbGFjZXMudjEuUGxhY2VzLlNlYXJjaFRleHQQAhgEIAA,,dental_clinic,Gisborne,Tikitiki,no_prices
Tokomaru Bay Community Health Centre,"Tokomaru Street, Tokomaru Bay 4079, New Zealand",06 864 5859,+64 6 864 5859,https://www.healthpoint.co.nz/gps-accident-urgent-medical-care/gp/tokomaru-bay-community-health-centre/,4.3,3,OPERATIONAL,https://maps.google.com/?cid=956555733510623586&g_mp=Cidnb29nbGUubWFwcy5wbGFjZXMudjEuUGxhY2VzLlNlYXJjaFRleHQQAhgEIAA,,dental_clinic,Gisborne,Tokomaru Bay,no_prices
Uawa Community Health Centre,"40 Banks Street, Tolaga Bay 4077, New Zealand",06 862 6650,+64 6 862 6650,https://www.healthpoint.co.nz/gps-accident-urgent-medical-care/gp/uawa-community-health-centre/,,,OPERATIONAL,https://maps.google.com/?cid=9025731318993459545&g_mp=Cidnb29nbGUubWFwcy5wbGFjZXMudjEuUGxhY2VzLlNlYXJjaFRleHQQAhgEIAA,Monday: 8:30 AM – 4:00 PM; Tuesday: 8:30 AM – 4:00 PM; Wednesday: 8:30 AM – 4:00 PM; Thursday: 8:30 AM – 4:00 PM; Friday: 8:30 AM – 4:00 PM; Saturday: Closed; Sunday: Closed,dental_clinic,Gisborne,Tolaga Bay,no_prices
Wahaora Dental Clinic,"80 De Lautour Road, Inner Kaiti, Gisborne 4010, New Zealand",06 867 5096,+64 6 867 5096,https://www.hauoratairawhiti.org.nz/,,,OPERATIONAL,https://maps.google.com/?cid=11517200782445016130&g_mp=Cidnb29nbGUubWFwcy5wbGFjZXMudjEuUGxhY2VzLlNlYXJjaFRleHQQAhgEIAA,Monday: 8:00 AM – 4:30 PM; Tuesday: 8:00 AM – 4:30 PM; Wednesday: 8:00 AM – 4:30 PM; Thursday: 8:00 AM – 4:30 PM; Friday: 8:00 AM – 4:30 PM; Saturday: Closed; Sunday: Closed,dental_clinic,Gisborne,Gisborne,some_prices
Waikohu Health Centre,"76 Station Road, Te Karaka 4022, New Zealand",06 862 3630,+64 6 862 3630,https://www.healthpoint.co.nz/gps-accident-urgent-medical-care/gp/waikohu-health-centre/,3.3,3,OPERATIONAL,https://maps.google.com/?cid=7270651792087761124&g_mp=Cidnb29nbGUubWFwcy5wbGFjZXMudjEuUGxhY2VzLlNlYXJjaFRleHQQAhgEIAA,Monday: 9:00 AM – 4:00 PM; Tuesday: 9:00 AM – 4:00 PM; Wednesday: Closed; Thursday: 9:00 AM – 4:00 PM; Friday: 9:00 AM – 4:00 PM; Saturday: Closed; Sunday: Closed,dental_clinic,Gisborne,Te Karaka,no_prices
Aesthetic Dental Limited,"305 Lyndon Road West, Hastings 4122, New Zealand",06 878 8171,+64 6 878 8171,https://www.aestheticdental.co.nz/,4.4,16,OPERATIONAL,https://maps.google.com/?cid=5572216379271270840&g_mp=Cidnb29nbGUubWFwcy5wbGFjZXMudjEuUGxhY2VzLlNlYXJjaFRleHQQAhgEIAA,Monday: 8:30 AM – 5:00 PM; Tuesday: 8:30 AM – 5:00 PM; Wednesday: 8:30 AM – 5:00 PM; Thursday: 8:30 AM – 5:00 PM; Friday: 8:30 AM – 4:00 PM; Saturday: Closed; Sunday: Closed,dental_clinic,Hawke's Bay,Hastings,no_prices
Artisan Denture Studio - Dentures in Napier,"120 Shakespeare Road, Bluff Hill, Napier 4110, New Zealand",06 650 7368,+64 6 650 7368,https://www.facebook.com/DenturesNapier/,5,10,OPERATIONAL,https://maps.google.com/?cid=13116524001570059548&g_mp=Cidnb29nbGUubWFwcy5wbGFjZXMudjEuUGxhY2VzLlNlYXJjaFRleHQQAhgEIAA,Monday: 9:00 AM – 4:00 PM; Tuesday: 9:00 AM – 4:00 PM; Wednesday: 9:00 AM – 4:00 PM; Thursday: 9:00 AM – 4:00 PM; Friday: 9:00 AM – 4:00 PM; Saturday: Closed; Sunday: Closed,dental_clinic,Hawke's Bay,Napier,no_prices
Bay Dental Care,"507 Saint Aubyn Street West, Hastings 4122, New Zealand",06 878 8791,+64 6 878 8791,http://www.baydentalcare.nz/,4.7,48,OPERATIONAL,https://maps.google.com/?cid=16316473345349241592&g_mp=Cidnb29nbGUubWFwcy5wbGFjZXMudjEuUGxhY2VzLlNlYXJjaFRleHQQAhgEIAA,Monday: 8:30 AM – 5:00 PM; Tuesday: 8:00 AM – 3:30 PM; Wednesday: 8:00 AM – 5:00 PM; Thursday: 8:00 AM – 6:00 PM; Friday: 8:30 AM – 5:00 PM; Saturday: Closed; Sunday: Closed,dental_clinic,Hawke's Bay,Hastings,some_prices
Be Dental Ltd,"13 Ruataniwha Street, Waipukurau 4200, New Zealand",06 858 8266,+64 6 858 8266,,5,1,OPERATIONAL,https://maps.google.com/?cid=10269191273108797595&g_mp=Cidnb29nbGUubWFwcy5wbGFjZXMudjEuUGxhY2VzLlNlYXJjaFRleHQQAhgEIAA,Monday: 8:00 AM – 5:00 PM; Tuesday: 8:00 AM – 5:00 PM; Wednesday: 8:00 AM – 5:00 PM; Thursday: 8:00 AM – 5:00 PM; Friday: Closed; Saturday: Closed; Sunday: Closed,dental_clinic,Hawke's Bay,Waipukurau,no_prices
Bishop's Dental Surgery,"11 Ruataniwha Street, Waipukurau 4200, New Zealand",06 858 8468,+64 6 858 8468,,4,1,OPERATIONAL,https://maps.google.com/?cid=14240541675447052178&g_mp=Cidnb29nbGUubWFwcy5wbGFjZXMudjEuUGxhY2VzLlNlYXJjaFRleHQQAhgEIAA,Monday: 8:00 AM – 5:00 PM; Tuesday: 8:00 AM – 5:00 PM; Wednesday: 8:00 AM – 5:00 PM; Thursday: 8:00 AM – 5:00 PM; Friday: 8:00 AM – 5:00 PM; Saturday: Closed; Sunday: Closed,dental_clinic,Hawke's Bay,Waipukurau,no_prices
City Dental Napier. Yes,"24 Shakespeare Road, Bluff Hill, Napier 4110, New Zealand",06 833 6938,+64 6 833 6938,https://citydentalnapier.co.nz/,5,9,OPERATIONAL,https://maps.google.com/?cid=14056939741327606589&g_mp=Cidnb29nbGUubWFwcy5wbGFjZXMudjEuUGxhY2VzLlNlYXJjaFRleHQQAhgEIAA,Monday: 8:30 AM – 5:00 PM; Tuesday: 8:30 AM – 5:00 PM; Wednesday: 8:30 AM – 5:00 PM; Thursday: 8:30 AM – 5:00 PM; Friday: 8:30 AM – 5:00 PM; Saturday: Closed; Sunday: Closed,dental_clinic,Hawke's Bay,Napier,no_prices
Clive Cottage Vet Clinic,"11 Ferry Road, Clive 4102, New Zealand",06 651 2345,+64 6 651 2345,http://www.clivevets.co.nz/,4.8,251,OPERATIONAL,https://maps.google.com/?cid=8769200006794128417&g_mp=Cidnb29nbGUubWFwcy5wbGFjZXMudjEuUGxhY2VzLlNlYXJjaFRleHQQAhgEIAA,Monday: 8:00 AM – 5:30 PM; Tuesday: 8:00 AM – 5:30 PM; Wednesday: 8:00 AM – 5:30 PM; Thursday: 8:00 AM – 5:30 PM; Friday: 8:00 AM – 5:30 PM; Saturday: 9:00 AM – 4:00 PM; Sunday: Closed,dental_clinic,Hawke's Bay,Clive,no_prices
Clive Medical Centre,"3 Williamson Road, Hastings 4102, New Zealand",06 870 0402,+64 6 870 0402,https://hastingshealth.co.nz/gp-suites/clive-medical-centre/,4,1,OPERATIONAL,https://maps.google.com/?cid=14729091840219961157&g_mp=Cidnb29nbGUubWFwcy5wbGFjZXMudjEuUGxhY2VzLlNlYXJjaFRleHQQAhgEIAA,Monday: 8:30 AM – 5:00 PM; Tuesday: 8:30 AM – 5:00 PM; Wednesday: 8:30 AM – 5:00 PM; Thursday: 8:30 AM – 5:00 PM; Friday: 8:30 AM – 5:00 PM; Saturday: Closed; Sunday: Closed,dental_clinic,Hawke's Bay,Clive,no_prices
Clive Pharmacy,"185 Main Road, Clive 4102, New Zealand",06 870 0868,+64 6 870 0868,https://www.facebook.com/Clive-Pharmacy-282860091739169/,4.3,11,OPERATIONAL,https://maps.google.com/?cid=2676711406462861247&g_mp=Cidnb29nbGUubWFwcy5wbGFjZXMudjEuUGxhY2VzLlNlYXJjaFRleHQQAhgEIAA,Monday: 8:30 AM – 6:00 PM; Tuesday: 8:30 AM – 6:00 PM; Wednesday: 8:30 AM – 6:00 PM; Thursday: 8:30 AM – 6:00 PM; Friday: 8:30 AM – 6:00 PM; Saturday: Closed; Sunday: Closed,dental_clinic,Hawke's Bay,Clive,no_prices
Clive Square Dental Associates,"27 Clive Square West, Napier South, Napier 4110, New Zealand",06 835 8169,+64 6 835 8169,http://www.clivesquaredental.co.nz,4.5,13,OPERATIONAL,https://maps.google.com/?cid=4135379495411801055&g_mp=Cidnb29nbGUubWFwcy5wbGFjZXMudjEuUGxhY2VzLlNlYXJjaFRleHQQAhgEIAA,Monday: 8:30 AM – 5:00 PM; Tuesday: 8:30 AM – 5:00 PM; Wednesday: 8:30 AM – 5:00 PM; Thursday: 8:30 AM – 5:00 PM; Friday: 8:30 AM – 5:00 PM; Saturday: Closed; Sunday: Closed,dental_clinic,Hawke's Bay,Napier,no_prices
David Marriott Dental,"300 Southampton Street West, St Leonards, Hastings 4122, New Zealand",06 876 5797,+64 6 876 5797,http://www.davidmarriottdental.co.nz/,4.8,95,OPERATIONAL,https://maps.google.com/?cid=3017001541305396071&g_mp=Cidnb29nbGUubWFwcy5wbGFjZXMudjEuUGxhY2VzLlNlYXJjaFRleHQQAhgEIAA,Monday: 8:00 AM – 5:00 PM; Tuesday: 8:00 AM – 5:00 PM; Wednesday: 8:00 AM – 5:00 PM; Thursday: 8:00 AM – 5:00 PM; Friday: 8:00 AM – 5:00 PM; Saturday: Closed; Sunday: Closed,dental_clinic,Hawke's Bay,Hastings,no_prices
Deco Dental,"274 Kennedy Road, Onekawa, Napier 4110, New Zealand",06 843 9064,+64 6 843 9064,https://www.decodental.nz/,3.8,12,OPERATIONAL,https://maps.google.com/?cid=10855534178726975910&g_mp=Cidnb29nbGUubWFwcy5wbGFjZXMudjEuUGxhY2VzLlNlYXJjaFRleHQQAhgEIAA,Monday: 8:30 AM – 5:00 PM; Tuesday: 8:30 AM – 7:00 PM; Wednesday: 8:30 AM – 5:00 PM; Thursday: 8:30 AM – 5:00 PM; Friday: 8:30 AM – 5:00 PM; Saturday: Closed; Sunday: Closed,dental_clinic,Hawke's Bay,Napier,no_prices
Dental Clinics,"243 Kennedy Road, Onekawa, Napier 4110, New Zealand",,,,,,OPERATIONAL,https://maps.google.com/?cid=3421178589440251616&g_mp=Cidnb29nbGUubWFwcy5wbGFjZXMudjEuUGxhY2VzLlNlYXJjaFRleHQQAhgEIAA,,dental_clinic,Hawke's Bay,Napier,no_prices
Dental on Raffles,"106 Raffles Street, Hawkes Bay, Napier 4110, New Zealand",06 835 6253,+64 6 835 6253,https://www.dentalonraffles.co.nz/,4.6,92,OPERATIONAL,https://maps.google.com/?cid=860134473323849098&g_mp=Cidnb29nbGUubWFwcy5wbGFjZXMudjEuUGxhY2VzLlNlYXJjaFRleHQQAhgEIAA,Monday: 8:00 AM – 5:00 PM; Tuesday: 8:00 AM – 5:00 PM; Wednesday: 8:00 AM – 5:00 PM; Thursday: 8:00 AM – 5:00 PM; Friday: 8:00 AM – 5:00 PM; Saturday: Closed; Sunday: Closed,dental_clinic,Hawke's Bay,Napier,no_prices
Dental@105,"105 Southampton Street West, St Leonards, Hastings 4122, New Zealand",06 876 5868,+64 6 876 5868,http://dentalat105.co.nz/,4.7,29,OPERATIONAL,https://maps.google.com/?cid=11848968354831695010&g_mp=Cidnb29nbGUubWFwcy5wbGFjZXMudjEuUGxhY2VzLlNlYXJjaFRleHQQAhgEIAA,Monday: 8:00 AM – 5:00 PM; Tuesday: 8:00 AM – 5:00 PM; Wednesday: 8:00 AM – 5:00 PM; Thursday: 8:00 AM – 5:00 PM; Friday: 8:00 AM – 1:00 PM; Saturday: Closed; Sunday: Closed,dental_clinic,Hawke's Bay,Hastings,no_prices
Dentiq,"20 Gloucester Street, Greenmeadows, Napier 4112, New Zealand",06 880 6161,+64 6 880 6161,https://www.dentiq.nz/,4.6,77,OPERATIONAL,https://maps.google.com/?cid=10482792220949206725&g_mp=Cidnb29nbGUubWFwcy5wbGFjZXMudjEuUGxhY2VzLlNlYXJjaFRleHQQAhgEIAA,Monday: 8:00 AM – 4:00 PM; Tuesday: 8:00 AM – 4:00 PM; Wednesday: 8:00 AM – 4:00 PM; Thursday: 8:00 AM – 4:00 PM; Friday: 7:00 AM – 1:00 PM; Saturday: Closed; Sunday: Closed,dental_clinic,Hawke's Bay,Napier,no_prices
Dentures Direct Karen Pedersen,"169 Taradale Road, Pirimai, Napier 4112, New Zealand",027 240 6433,+64 27 240 6433,https://www.facebook.com/DenturesDirectNapier/,4.8,16,OPERATIONAL,https://maps.google.com/?cid=6203640963597514130&g_mp=Cidnb29nbGUubWFwcy5wbGFjZXMudjEuUGxhY2VzLlNlYXJjaFRleHQQAhgEIAA,Monday: 8:30 AM – 4:30 PM; Tuesday: 8:30 AM – 4:30 PM; Wednesday: 8:30 AM – 4:30 PM; Thursday: 8:30 AM – 4:30 PM; Friday: 8:30 AM – 4:30 PM; Saturday: Closed; Sunday: Closed,dental_clinic,Hawke's Bay,Napier,no_prices
Frimley Dental,"317 Frimley Avenue, Frimley, Hastings 4120, New Zealand",06 870 6202,+64 6 870 6202,http://www.frimleydental.co.nz/,4.7,26,OPERATIONAL,https://maps.google.com/?cid=5264934095456744204&g_mp=Cidnb29nbGUubWFwcy5wbGFjZXMudjEuUGxhY2VzLlNlYXJjaFRleHQQAhgEIAA,Monday: 8:30 AM – 5:00 PM; Tuesday: 8:30 AM – 1:00 PM; Wednesday: 8:30 AM – 4:00 PM; Thursday: 8:30 AM – 5:00 PM; Friday: 8:30 AM – 1:00 PM; Saturday: Closed; Sunday: Closed,dental_clinic,Hawke's Bay,Hastings,no_prices
Gary Winter,"106 Raffles Street, Napier South, Napier 4110, New Zealand",06 835 6253,+64 6 835 6253,http://www.dentalonraffles.co.nz/,5,1,OPERATIONAL,https://maps.google.com/?cid=1609479411616079461&g_mp=Cidnb29nbGUubWFwcy5wbGFjZXMudjEuUGxhY2VzLlNlYXJjaFRleHQQAhgEIAA,Monday: 8:00 AM – 5:00 PM; Tuesday: 8:00 AM – 5:00 PM; Wednesday: 8:00 AM – 5:00 PM; Thursday: 8:00 AM – 5:00 PM; Friday: 8:00 AM – 5:00 PM; Saturday: Closed; Sunday: Closed,dental_clinic,Hawke's Bay,Napier,no_prices
Hastings Dentist - Golden Apple Dental,"Hastings Health Centre, 303 Saint Aubyn Street West, Hastings 4122, New Zealand",06 873 8565,+64 6 873 8565,http://www.gadental.co.nz/,4.5,66,OPERATIONAL,https://maps.google.com/?cid=3663975790056158434&g_mp=Cidnb29nbGUubWFwcy5wbGFjZXMudjEuUGxhY2VzLlNlYXJjaFRleHQQAhgEIAA,Monday: 8:10 AM – 6:00 PM; Tuesday: 8:10 AM – 6:00 PM; Wednesday: 8:10 AM – 6:00 PM; Thursday: 8:10 AM – 6:00 PM; Friday: 8:10 AM – 4:00 PM; Saturday: Closed; Sunday: Closed,dental_clinic,Hawke's Bay,Hastings,no_prices
Havelock North Dental - Woodhams & Walker Dental,"unit 5/4 Te Aute Road, Havelock North 4130, New Zealand",06 877 4826,+64 6 877 4826,https://woodhamsandwalker.co.nz/,4.7,15,OPERATIONAL,https://maps.google.com/?cid=2061860969635075813&g_mp=Cidnb29nbGUubWFwcy5wbGFjZXMudjEuUGxhY2VzLlNlYXJjaFRleHQQAhgEIAA,Monday: 8:00 AM – 5:00 PM; Tuesday: 8:00 AM – 5:30 PM; Wednesday: 8:00 AM – 3:00 PM; Thursday: 8:00 AM – 5:00 PM; Friday: 8:00 AM – 3:00 PM; Saturday: Closed; Sunday: Closed,dental_clinic,Hawke's Bay,Havelock North,no_prices
Hawkes Bay Denture Care Ltd,"243 Kennedy Road, Onekawa, Napier 4110, New Zealand",06 843 5898,+64 6 843 5898,http://www.hawkesbaydenturecare.co.nz/,5,13,OPERATIONAL,https://maps.google.com/?cid=5638106107014129315&g_mp=Cidnb29nbGUubWFwcy5wbGFjZXMudjEuUGxhY2VzLlNlYXJjaFRleHQQAhgEIAA,Monday: 9:00 AM – 5:00 PM; Tuesday: 9:00 AM – 5:00 PM; Wednesday: 9:00 AM – 5:00 PM; Thursday: 9:00 AM – 5:00 PM; Friday: 9:00 AM – 5:00 PM; Saturday: Closed; Sunday: Closed,dental_clinic,Hawke's Bay,Napier,no_prices
Hawkes Bay Periodontics & Dental Implants,"215 Hastings Street, Napier South, Napier 4110, New Zealand",06 833 7405,+64 6 833 7405,http://www.hawkesbayperiodontics.co.nz/contact/,5,2,OPERATIONAL,https://maps.google.com/?cid=7042426676831377778&g_mp=Cidnb29nbGUubWFwcy5wbGFjZXMudjEuUGxhY2VzLlNlYXJjaFRleHQQAhgEIAA,Monday: 8:30 AM – 5:00 PM; Tuesday: 8:30 AM – 5:00 PM; Wednesday: 8:30 AM – 5:00 PM; Thursday: 8:30 AM – 5:00 PM; Friday: Closed; Saturday: Closed; Sunday: Closed,dental_clinic,Hawke's Bay,Napier,no_prices
Helen Cho & Ken Joe Dental,"307 Nelson Street South, Hastings 4122, New Zealand",06 878 9321,+64 6 878 9321,,4,22,OPERATIONAL,https://maps.google.com/?cid=13819829564525835042&g_mp=Cidnb29nbGUubWFwcy5wbGFjZXMudjEuUGxhY2VzLlNlYXJjaFRleHQQAhgEIAA,Monday: 8:00 AM – 5:00 PM; Tuesday: 8:00 AM – 5:00 PM; Wednesday: 8:00 AM – 5:00 PM; Thursday: 8:00 AM – 5:00 PM; Friday: 8:00 AM – 5:00 PM; Saturday: Closed; Sunday: Closed,dental_clinic,Hawke's Bay,Hastings,no_prices
Jocelin McIntosh - Central Napier Dental Practice,"24 Shakespeare Road, Bluff Hill, Napier 4110, New Zealand",06 833 6938,+64 6 833 6938,,5,4,OPERATIONAL,https://maps.google.com/?cid=12527959957241111292&g_mp=Cidnb29nbGUubWFwcy5wbGFjZXMudjEuUGxhY2VzLlNlYXJjaFRleHQQAhgEIAA,Monday: 8:00 AM – 5:00 PM; Tuesday: 8:00 AM – 2:30 PM; Wednesday: 8:00 AM – 6:00 PM; Thursday: Closed; Friday: 8:00 AM – 5:00 PM; Saturday: Closed; Sunday: Closed,dental_clinic,Hawke's Bay,Napier,no_prices
Kennedy Road Dental,"100 Kennedy Road, Napier South, Napier 4110, New Zealand",06 835 5100,+64 6 835 5100,,4.1,27,OPERATIONAL,https://maps.google.com/?cid=3897958441433560705&g_mp=Cidnb29nbGUubWFwcy5wbGFjZXMudjEuUGxhY2VzLlNlYXJjaFRleHQQAhgEIAA,"Monday: 8:30 AM – 1:00 PM, 2:00 – 6:00 PM; Tuesday: 8:30 AM – 1:00 PM, 2:00 – 5:00 PM; Wednesday: 8:30 AM – 1:00 PM, 2:00 – 5:00 PM; Thursday: 8:30 AM – 1:00 PM, 2:00 – 5:00 PM; Friday: 8:30 AM – 1:00 PM; Saturday: Closed; Sunday: Closed",dental_clinic,Hawke's Bay,Napier,no_prices
Lumino Hastings | Lumino The Dentists,"309 Southampton Street West, St Leonards, Hastings 4122, New Zealand",06 876 9983,+64 6 876 9983,https://lumino.co.nz/dentists/smile-centre-hastings/?utm_source=google%20my%20business&utm_medium=organic,4.4,38,OPERATIONAL,https://maps.google.com/?cid=12708906242377696540&g_mp=Cidnb29nbGUubWFwcy5wbGFjZXMudjEuUGxhY2VzLlNlYXJjaFRleHQQAhgEIAA,Monday: 8:30 AM – 4:30 PM; Tuesday: 8:30 AM – 4:30 PM; Wednesday: 8:30 AM – 4:30 PM; Thursday: 8:30 AM – 4:30 PM; Friday: 8:30 AM – 4:00 PM; Saturday: Closed; Sunday: Closed,dental_clinic,Hawke's Bay,Hastings,no_prices
Lumino Havelock North | Lumino The Dentists,"57 Middle Road, Havelock North 4130, New Zealand",06 877 7926,+64 6 877 7926,https://lumino.co.nz/dentists/lumino-havelock-north//?utm_source=google_business_profile&utm_medium=organic,4.9,14,OPERATIONAL,https://maps.google.com/?cid=15673774797112131392&g_mp=Cidnb29nbGUubWFwcy5wbGFjZXMudjEuUGxhY2VzLlNlYXJjaFRleHQQAhgEIAA,Monday: 8:00 AM – 5:00 PM; Tuesday: 8:00 AM – 5:00 PM; Wednesday: 8:00 AM – 5:00 PM; Thursday: 8:00 AM – 5:00 PM; Friday: 8:00 AM – 5:00 PM; Saturday: Closed; Sunday: Closed,dental_clinic,Hawke's Bay,Havelock North,no_prices
Mahora Community Dental Clinic,"806 Tawa Place, Mahora, Hastings 4120, New Zealand",06 873 4861,+64 6 873 4861,,5,1,OPERATIONAL,https://maps.google.com/?cid=1296309262828271811&g_mp=Cidnb29nbGUubWFwcy5wbGFjZXMudjEuUGxhY2VzLlNlYXJjaFRleHQQAhgEIAA,,dental_clinic,Hawke's Bay,Hastings,no_prices
Mitre 10 MEGA Napier,"180 Prebensen Drive, Onekawa, Napier 4110, New Zealand",06 833 8100,+64 6 833 8100,https://www.mitre10.co.nz/store-locator?storeCode=42&storeName=Mitre-10-MEGA-Napier&utm_source=google&utm_medium=organic&utm_campaign=gbp-Mitre-10-MEGA-Napier&utm_content=listing-42,4.4,1778,OPERATIONAL,https://maps.google.com/?cid=11986493371643429918&g_mp=Cidnb29nbGUubWFwcy5wbGFjZXMudjEuUGxhY2VzLlNlYXJjaFRleHQQAhgEIAA,Monday: 7:30 AM – 6:00 PM; Tuesday: 7:30 AM – 6:00 PM; Wednesday: 7:30 AM – 6:00 PM; Thursday: 7:30 AM – 6:00 PM; Friday: 7:30 AM – 6:00 PM; Saturday: 7:30 AM – 6:00 PM; Sunday: 8:00 AM – 6:00 PM,dental_clinic,Hawke's Bay,Napier,no_prices
Napier Dental Practice | Lumino The Dentists,"157 Tennyson Street, Napier South, Napier 4110, New Zealand",06 835 8849,+64 6 835 8849,https://lumino.co.nz/dentists/napier-dental-practice/?utm_source=google_business_profile&utm_medium=organic,4.5,28,OPERATIONAL,https://maps.google.com/?cid=3587201235769370313&g_mp=Cidnb29nbGUubWFwcy5wbGFjZXMudjEuUGxhY2VzLlNlYXJjaFRleHQQAhgEIAA,Monday: 8:30 AM – 5:00 PM; Tuesday: 8:30 AM – 4:30 PM; Wednesday: 8:30 AM – 5:00 PM; Thursday: 8:30 AM – 4:30 PM; Friday: Closed; Saturday: Closed; Sunday: Closed,dental_clinic,Hawke's Bay,Napier,no_prices
Napier Dentist - Golden Apple Dental,"17 Tennyson Street, Napier South, Napier 4110, New Zealand",06 833 6522,+64 6 833 6522,https://www.gadental.co.nz/,4.6,30,OPERATIONAL,https://maps.google.com/?cid=7609199968400447551&g_mp=Cidnb29nbGUubWFwcy5wbGFjZXMudjEuUGxhY2VzLlNlYXJjaFRleHQQAhgEIAA,Monday: 9:00 AM – 5:00 PM; Tuesday: 9:00 AM – 5:00 PM; Wednesday: 9:00 AM – 5:00 PM; Thursday: 9:00 AM – 5:00 PM; Friday: 9:00 AM – 5:00 PM; Saturday: Closed; Sunday: Closed,dental_clinic,Hawke's Bay,Napier,no_prices
Ocean Orthodontics,"182 Kennedy Road, Marewa, Napier 4110, New Zealand",06 835 8425,+64 6 835 8425,http://www.oceanorthodontics.co.nz/,5,3,OPERATIONAL,https://maps.google.com/?cid=10371835927896745267&g_mp=Cidnb29nbGUubWFwcy5wbGFjZXMudjEuUGxhY2VzLlNlYXJjaFRleHQQAhgEIAA,Monday: 8:30 AM – 5:00 PM; Tuesday: 8:30 AM – 5:00 PM; Wednesday: 8:30 AM – 5:00 PM; Thursday: Closed; Friday: Closed; Saturday: Closed; Sunday: Closed,dental_clinic,Hawke's Bay,Napier,no_prices
Parkside Dental,"514 Kennedy Road, Greenmeadows, Napier 4112, New Zealand",06 845 3544,+64 6 845 3544,https://parksidedental.co.nz/,4.8,37,OPERATIONAL,https://maps.google.com/?cid=14984151449155300988&g_mp=Cidnb29nbGUubWFwcy5wbGFjZXMudjEuUGxhY2VzLlNlYXJjaFRleHQQAhgEIAA,Monday: 8:30 AM – 5:00 PM; Tuesday: 8:30 AM – 5:00 PM; Wednesday: 8:30 AM – 5:00 PM; Thursday: 8:30 AM – 5:00 PM; Friday: 8:30 AM – 5:00 PM; Saturday: Closed; Sunday: Closed,dental_clinic,Hawke's Bay,Napier,some_prices
Peak Dental,"136 Te Mata Road, Havelock North 4130, New Zealand",06 877 7029,+64 6 877 7029,http://www.peakdental.co.nz/,3.4,12,OPERATIONAL,https://maps.google.com/?cid=8516315269569437593&g_mp=Cidnb29nbGUubWFwcy5wbGFjZXMudjEuUGxhY2VzLlNlYXJjaFRleHQQAhgEIAA,Monday: 8:00 AM – 5:00 PM; Tuesday: 8:00 AM – 5:00 PM; Wednesday: 8:00 AM – 5:00 PM; Thursday: 8:00 AM – 5:00 PM; Friday: 8:00 AM – 3:00 PM; Saturday: Closed; Sunday: Closed,dental_clinic,Hawke's Bay,Havelock North,no_prices
Pearl of Ahuriri - Dental Care,"6 Ossian Street, Ahuriri, Napier 4110, New Zealand",06 651 7645,+64 6 651 7645,http://pearlofahuriri.co.nz/,4.5,27,OPERATIONAL,https://maps.google.com/?cid=14694657329365411833&g_mp=Cidnb29nbGUubWFwcy5wbGFjZXMudjEuUGxhY2VzLlNlYXJjaFRleHQQAhgEIAA,Monday: 8:30 AM – 4:30 PM; Tuesday: 8:30 AM – 4:30 PM; Wednesday: 8:30 AM – 4:30 PM; Thursday: 8:30 AM – 4:30 PM; Friday: 8:30 AM – 4:30 PM; Saturday: Closed; Sunday: Closed,dental_clinic,Hawke's Bay,Napier,no_prices
Smilehaus Dental,"92 Te Mata Road, Havelock North 4130, New Zealand",06 877 7278,+64 6 877 7278,http://smilehaus.nz/,4.9,30,OPERATIONAL,https://maps.google.com/?cid=18333628441241475887&g_mp=Cidnb29nbGUubWFwcy5wbGFjZXMudjEuUGxhY2VzLlNlYXJjaFRleHQQAhgEIAA,Monday: 7:30 AM – 5:00 PM; Tuesday: 7:30 AM – 7:00 PM; Wednesday: 8:00 AM – 5:00 PM; Thursday: 8:00 AM – 5:00 PM; Friday: 8:00 AM – 3:00 PM; Saturday: Closed; Sunday: Closed,dental_clinic,Hawke's Bay,Havelock North,no_prices
Tamatea Intermediate Community Dental Clinic,"15 Freyberg Avenue, Tamatea, Napier 4112, New Zealand",06 873 4864,+64 6 873 4864,http://www.ourhealthhb.nz/,,,OPERATIONAL,https://maps.google.com/?cid=13341788532403671804&g_mp=Cidnb29nbGUubWFwcy5wbGFjZXMudjEuUGxhY2VzLlNlYXJjaFRleHQQAhgEIAA,,dental_clinic,Hawke's Bay,Napier,no_prices
"Taradale Dentist, Napier - Lumino The Dentists","20A Puketapu Road, Taradale, Napier 4112, New Zealand",06 844 2448,+64 6 844 2448,https://lumino.co.nz/dentists/taradale-dentist/?utm_source=google_business_profile&utm_medium=organic,4.7,56,OPERATIONAL,https://maps.google.com/?cid=3942792761526465358&g_mp=Cidnb29nbGUubWFwcy5wbGFjZXMudjEuUGxhY2VzLlNlYXJjaFRleHQQAhgEIAA,Monday: 8:00 AM – 5:00 PM; Tuesday: 8:00 AM – 5:00 PM; Wednesday: 8:00 AM – 5:00 PM; Thursday: Closed; Friday: 8:00 AM – 5:00 PM; Saturday: Closed; Sunday: Closed,dental_clinic,Hawke's Bay,Napier,some_prices
Taradale Family Dental,"28 Lee Road, Taradale, Napier 4112, New Zealand",06 845 4595,+64 6 845 4595,http://www.taradalefamilydental.co.nz/,4.9,14,OPERATIONAL,https://maps.google.com/?cid=17227757834075652772&g_mp=Cidnb29nbGUubWFwcy5wbGFjZXMudjEuUGxhY2VzLlNlYXJjaFRleHQQAhgEIAA,Monday: 8:30 AM – 5:00 PM; Tuesday: 8:30 AM – 5:00 PM; Wednesday: 8:30 AM – 5:00 PM; Thursday: 8:30 AM – 5:00 PM; Friday: 8:00 AM – 4:00 PM; Saturday: Closed; Sunday: Closed,dental_clinic,Hawke's Bay,Napier,some_prices
The Dental Institute,"Tribune First Floor/113 Karamu Road North, Hastings 4122, New Zealand",06 870 6362,+64 6 870 6362,http://www.tdi.nz/,4.6,7,OPERATIONAL,https://maps.google.com/?cid=14527071623029185221&g_mp=Cidnb29nbGUubWFwcy5wbGFjZXMudjEuUGxhY2VzLlNlYXJjaFRleHQQAhgEIAA,Monday: 8:00 AM – 4:30 PM; Tuesday: 8:00 AM – 4:30 PM; Wednesday: 8:00 AM – 5:30 PM; Thursday: 8:00 AM – 5:00 PM; Friday: 8:00 AM – 3:30 PM; Saturday: Closed; Sunday: Closed,dental_clinic,Hawke's Bay,Hastings,no_prices
The Dentists - Taradale,"18 Meeanee Road, Taradale, Napier 4112, New Zealand",06 844 2718,+64 6 844 2718,https://www.dentiststaradale.co.nz/,4.9,220,OPERATIONAL,https://maps.google.com/?cid=8450697217560955499&g_mp=Cidnb29nbGUubWFwcy5wbGFjZXMudjEuUGxhY2VzLlNlYXJjaFRleHQQAhgEIAA,Monday: 8:00 AM – 5:00 PM; Tuesday: 8:00 AM – 5:00 PM; Wednesday: 8:00 AM – 5:00 PM; Thursday: 8:00 AM – 5:00 PM; Friday: 8:00 AM – 5:00 PM; Saturday: Closed; Sunday: Closed,dental_clinic,Hawke's Bay,Napier,no_prices
The Oral Surgery Centre,"98 Wellesley Road, Napier South, Napier 4110, New Zealand",06 835 0887,+64 6 835 0887,http://www.oralsurgerycentre.co.nz/,4.5,17,OPERATIONAL,https://maps.google.com/?cid=1353217605681861791&g_mp=Cidnb29nbGUubWFwcy5wbGFjZXMudjEuUGxhY2VzLlNlYXJjaFRleHQQAhgEIAA,Monday: Closed; Tuesday: 8:00 AM – 5:00 PM; Wednesday: 8:00 AM – 5:00 PM; Thursday: Closed; Friday: Closed; Saturday: Closed; Sunday: Closed,dental_clinic,Hawke's Bay,Napier,no_prices
Totara Health,"Caernarvon Drive, Flaxmere, Hastings 4120, New Zealand",06 873 9024,+64 6 873 9024,http://www.totarahealth.co.nz/,2.9,37,OPERATIONAL,https://maps.google.com/?cid=16542413485489084450&g_mp=Cidnb29nbGUubWFwcy5wbGFjZXMudjEuUGxhY2VzLlNlYXJjaFRleHQQAhgEIAA,Monday: 9:00 AM – 5:00 PM; Tuesday: 9:00 AM – 5:00 PM; Wednesday: 9:00 AM – 5:00 PM; Thursday: 9:00 AM – 5:00 PM; Friday: 9:00 AM – 5:00 PM; Saturday: Closed; Sunday: Closed,dental_clinic,Hawke's Bay,Flaxmere,no_prices
Waipawa Dental - S Jenkinson,"43 Waverley Street, Waipawa 4210, New Zealand",06 857 8842,+64 6 857 8842,,4.7,12,OPERATIONAL,https://maps.google.com/?cid=879934546836213108&g_mp=Cidnb29nbGUubWFwcy5wbGFjZXMudjEuUGxhY2VzLlNlYXJjaFRleHQQAhgEIAA,"Monday: 8:30 AM – 12:30 PM, 1:30 – 5:00 PM; Tuesday: 8:30 AM – 12:30 PM, 1:30 – 5:00 PM; Wednesday: 8:30 AM – 12:30 PM, 1:30 – 5:00 PM; Thursday: 8:30 AM – 12:30 PM, 1:30 – 5:00 PM; Friday: Closed; Saturday: Closed; Sunday: Closed",dental_clinic,Hawke's Bay,Waipawa,no_prices
Wairoa Community Dental Clinic,"10 Black Street, Wairoa 4108, New Zealand",06 838 9721,+64 6 838 9721,https://www.healthpoint.co.nz/dentistry/general-dentist/wairoa-community-dental-clinic/,,,OPERATIONAL,https://maps.google.com/?cid=9465588908205982577&g_mp=Cidnb29nbGUubWFwcy5wbGFjZXMudjEuUGxhY2VzLlNlYXJjaFRleHQQAhgEIAA,,dental_clinic,Hawke's Bay,Wairoa,no_prices
BDL Denture Clinic,"151 Heretaunga Street, Palmerston North Central, Palmerston North 4414, New Zealand",06 355 0022,+64 6 355 0022,http://www.denturespalmerstonnorth.co.nz/,4.6,46,OPERATIONAL,https://maps.google.com/?cid=10025326415493749105&g_mp=Cidnb29nbGUubWFwcy5wbGFjZXMudjEuUGxhY2VzLlNlYXJjaFRleHQQAhgEIAA,Monday: 8:00 AM – 5:00 PM; Tuesday: 8:00 AM – 5:00 PM; Wednesday: 8:00 AM – 5:00 PM; Thursday: 8:00 AM – 5:00 PM; Friday: 8:00 AM – 2:30 PM; Saturday: Closed; Sunday: Closed,dental_clinic,Manawatū-Whanganui,Palmerston North,no_prices
Broadway Dental Hygiene,"266 Broadway Avenue, Palmerston North Central, Palmerston North 4414, New Zealand",022 080 0411,+64 22 080 0411,https://www.broadwaydentalhygiene.co.nz/,4,6,OPERATIONAL,https://maps.google.com/?cid=15667939368394879242&g_mp=Cidnb29nbGUubWFwcy5wbGFjZXMudjEuUGxhY2VzLlNlYXJjaFRleHQQAhgEIAA,Monday: 9:15 AM – 2:00 PM; Tuesday: 9:15 AM – 2:00 PM; Wednesday: 9:15 AM – 2:00 PM; Thursday: 9:15 AM – 2:00 PM; Friday: 9:15 AM – 2:00 PM; Saturday: Closed; Sunday: Closed,dental_clinic,Manawatū-Whanganui,Palmerston North,no_prices
Broadway Specialists Centre,"266 Broadway Avenue, Terrace End, Palmerston North 4410, New Zealand",06 359 0242,+64 6 359 0242,,4.7,13,OPERATIONAL,https://maps.google.com/?cid=13442745041607976494&g_mp=Cidnb29nbGUubWFwcy5wbGFjZXMudjEuUGxhY2VzLlNlYXJjaFRleHQQAhgEIAA,Monday: 8:00 AM – 5:00 PM; Tuesday: 8:00 AM – 5:00 PM; Wednesday: 8:00 AM – 5:00 PM; Thursday: 8:00 AM – 5:00 PM; Friday: 8:00 AM – 5:00 PM; Saturday: Closed; Sunday: Closed,dental_clinic,Manawatū-Whanganui,Palmerston North,no_prices
Bulls Dental,"13 Criterion Street, Bulls 4818, New Zealand",06 927 0938,+64 6 927 0938,,5,3,CLOSED_PERMANENTLY,https://maps.google.com/?cid=16065084583438891845&g_mp=Cidnb29nbGUubWFwcy5wbGFjZXMudjEuUGxhY2VzLlNlYXJjaFRleHQQAhgEIAA,,dental_clinic,Manawatū-Whanganui,Bulls,no_prices
Canopy Imaging Palmerston North,"175 Grey Street, Palmerston North Central, Palmerston North 4410, New Zealand",06 357 9079,+64 6 357 9079,http://www.canopyimaging.co.nz/,4.1,76,OPERATIONAL,https://maps.google.com/?cid=14268734812697727981&g_mp=Cidnb29nbGUubWFwcy5wbGFjZXMudjEuUGxhY2VzLlNlYXJjaFRleHQQAhgEIAA,Monday: 8:00 AM – 5:00 PM; Tuesday: 8:00 AM – 5:00 PM; Wednesday: 8:00 AM – 5:00 PM; Thursday: 8:00 AM – 5:00 PM; Friday: 8:00 AM – 5:00 PM; Saturday: Closed; Sunday: Closed,dental_clinic,Manawatū-Whanganui,Palmerston North,no_prices
Carpenters Dental Palmerston North,"332 Broadway Avenue, Palmerston North Central, Palmerston North 4414, New Zealand",06 355 8218,+64 6 355 8218,http://www.carpentersdental.co.nz/,4.2,74,OPERATIONAL,https://maps.google.com/?cid=17728271361831827796&g_mp=Cidnb29nbGUubWFwcy5wbGFjZXMudjEuUGxhY2VzLlNlYXJjaFRleHQQAhgEIAA,Monday: 7:45 AM – 5:00 PM; Tuesday: 7:45 AM – 5:00 PM; Wednesday: 7:45 AM – 5:00 PM; Thursday: 7:45 AM – 5:00 PM; Friday: 7:45 AM – 5:00 PM; Saturday: Closed; Sunday: Closed,dental_clinic,Manawatū-Whanganui,Palmerston North,no_prices
Carpenters Dental Taihape,"97 Hautapu Street, Taihape 4720, New Zealand",06 388 2029,+64 6 388 2029,http://www.carpentersdental.co.nz/,,,CLOSED_PERMANENTLY,https://maps.google.com/?cid=5292268602041303004&g_mp=Cidnb29nbGUubWFwcy5wbGFjZXMudjEuUGxhY2VzLlNlYXJjaFRleHQQAhgEIAA,,dental_clinic,Manawatū-Whanganui,Taihape,no_prices
Central Endodontics,"270 Broadway Avenue, Palmerston North Central, Palmerston North 4410, New Zealand",06 222 3565,+64 6 222 3565,https://pnendo.co.nz/,5,4,OPERATIONAL,https://maps.google.com/?cid=2269060355652315808&g_mp=Cidnb29nbGUubWFwcy5wbGFjZXMudjEuUGxhY2VzLlNlYXJjaFRleHQQAhgEIAA,Monday: 8:00 AM – 6:00 PM; Tuesday: 8:00 AM – 6:00 PM; Wednesday: 8:00 AM – 6:00 PM; Thursday: 8:00 AM – 6:00 PM; Friday: 8:00 AM – 6:00 PM; Saturday: Closed; Sunday: Closed,dental_clinic,Manawatū-Whanganui,Palmerston North,some_prices
Central Vets Palmerston North,"120 Cuba Street, Palmerston North Central, Palmerston North 4410, New Zealand",06 350 3950,+64 6 350 3950,http://www.centralvetspalmerstonnorth.co.nz/,4.8,812,OPERATIONAL,https://maps.google.com/?cid=4367730501930509582&g_mp=Cidnb29nbGUubWFwcy5wbGFjZXMudjEuUGxhY2VzLlNlYXJjaFRleHQQAhgEIAA,Monday: 8:00 AM – 6:00 PM; Tuesday: 8:00 AM – 6:00 PM; Wednesday: 8:00 AM – 6:00 PM; Thursday: 8:00 AM – 6:00 PM; Friday: 8:00 AM – 6:00 PM; Saturday: 9:00 AM – 1:00 PM; Sunday: Closed,dental_clinic,Manawatū-Whanganui,Palmerston North,no_prices
City Doctors,"Practice Room within City Doctors 22 Victoria Avenue, Palmerston North Central, Palmerston North 4410, New Zealand",06 355 3300,+64 6 355 3300,https://www.whitecross.co.nz/clinics/city-doctors,2.7,258,OPERATIONAL,https://maps.google.com/?cid=99873723506480496&g_mp=Cidnb29nbGUubWFwcy5wbGFjZXMudjEuUGxhY2VzLlNlYXJjaFRleHQQAhgEIAA,Monday: 8:00 AM – 8:00 PM; Tuesday: 8:00 AM – 8:00 PM; Wednesday: 8:00 AM – 8:00 PM; Thursday: 8:00 AM – 8:00 PM; Friday: 8:00 AM – 8:00 PM; Saturday: 8:00 AM – 8:00 PM; Sunday: 8:00 AM – 8:00 PM,dental_clinic,Manawatū-Whanganui,Palmerston North,no_prices
Cliff Dental,"1A Cross Street, Castlecliff, Whanganui 4501, New Zealand",06 344 3680,+64 6 344 3680,http://cliffdental.co.nz/,4.3,27,OPERATIONAL,https://maps.google.com/?cid=3454539938302910424&g_mp=Cidnb29nbGUubWFwcy5wbGFjZXMudjEuUGxhY2VzLlNlYXJjaFRleHQQAhgEIAA,Monday: 8:30 AM – 5:00 PM; Tuesday: 8:30 AM – 5:00 PM; Wednesday: 8:30 AM – 5:00 PM; Thursday: 8:30 AM – 5:00 PM; Friday: 8:30 AM – 4:00 PM; Saturday: Closed; Sunday: Closed,dental_clinic,Manawatū-Whanganui,Whanganui,no_prices
Courtney Orthodontics On Elmira,"9 Elmira Avenue, Hokowhitu, Palmerston North 4410, New Zealand",06 354 9606,+64 6 354 9606,https://lumino.co.nz/dentists/courtney-orthodontics-elmira-palmerston-north/?utm_source=google_business_profile&utm_medium=organic,4,10,OPERATIONAL,https://maps.google.com/?cid=7613718654463821635&g_mp=Cidnb29nbGUubWFwcy5wbGFjZXMudjEuUGxhY2VzLlNlYXJjaFRleHQQAhgEIAA,Monday: 8:00 AM – 5:00 PM; Tuesday: 8:00 AM – 5:00 PM; Wednesday: 8:00 AM – 5:00 PM; Thursday: 8:00 AM – 5:00 PM; Friday: 8:00 AM – 2:00 PM; Saturday: Closed; Sunday: Closed,dental_clinic,Manawatū-Whanganui,Palmerston North,no_prices
Dannevirke Dental Health Center,"24 Allardice Street, Dannevirke 4930, New Zealand",06 374 8736,+64 6 374 8736,,3.3,13,OPERATIONAL,https://maps.google.com/?cid=11303113390729000558&g_mp=Cidnb29nbGUubWFwcy5wbGFjZXMudjEuUGxhY2VzLlNlYXJjaFRleHQQAhgEIAA,Monday: 9:00 AM – 5:00 PM; Tuesday: 9:00 AM – 5:00 PM; Wednesday: 9:00 AM – 5:00 PM; Thursday: 9:00 AM – 5:00 PM; Friday: 9:00 AM – 5:00 PM; Saturday: Closed; Sunday: Closed,dental_clinic,Manawatū-Whanganui,Dannevirke,no_prices
Dannevirke Family Health,"40 Denmark Street, Dannevirke 4930, New Zealand",06 223 0088,+64 6 223 0088,http://www.dfh.org.nz/,5,3,OPERATIONAL,https://maps.google.com/?cid=6070011822136434730&g_mp=Cidnb29nbGUubWFwcy5wbGFjZXMudjEuUGxhY2VzLlNlYXJjaFRleHQQAhgEIAA,Monday: 8:00 AM – 6:00 PM; Tuesday: 8:00 AM – 6:00 PM; Wednesday: 8:00 AM – 6:00 PM; Thursday: 8:00 AM – 6:00 PM; Friday: 8:00 AM – 5:00 PM; Saturday: Closed; Sunday: Closed,dental_clinic,Manawatū-Whanganui,Dannevirke,no_prices
Dental Art,"118 Fitzherbert Avenue, West End, Palmerston North 4410, New Zealand",06 356 6197,+64 6 356 6197,https://dentalart.nz/,4.7,19,OPERATIONAL,https://maps.google.com/?cid=17322088351820543723&g_mp=Cidnb29nbGUubWFwcy5wbGFjZXMudjEuUGxhY2VzLlNlYXJjaFRleHQQAhgEIAA,Monday: 8:00 AM – 4:30 PM; Tuesday: 8:00 AM – 4:30 PM; Wednesday: 8:00 AM – 4:30 PM; Thursday: 8:00 AM – 4:30 PM; Friday: 8:00 AM – 3:00 PM; Saturday: Closed; Sunday: Closed,dental_clinic,Manawatū-Whanganui,Palmerston North,no_prices
Dentalcare NZ,"506 Main Street, Palmerston North Central, Palmerston North 4410, New Zealand",06 353 0509,+64 6 353 0509,http://dentalcarenz.co.nz/,5,1,OPERATIONAL,https://maps.google.com/?cid=13315151038087177606&g_mp=Cidnb29nbGUubWFwcy5wbGFjZXMudjEuUGxhY2VzLlNlYXJjaFRleHQQAhgEIAA,Monday: 8:00 AM – 5:00 PM; Tuesday: 8:00 AM – 5:00 PM; Wednesday: 8:00 AM – 5:00 PM; Thursday: 8:00 AM – 5:00 PM; Friday: 8:00 AM – 5:00 PM; Saturday: Closed; Sunday: Closed,dental_clinic,Manawatū-Whanganui,Palmerston North,some_prices
Dentist,"Waiouru Military Camp, Waiouru 4826, New Zealand",,,,,,OPERATIONAL,https://maps.google.com/?cid=5798080836891271756&g_mp=Cidnb29nbGUubWFwcy5wbGFjZXMudjEuUGxhY2VzLlNlYXJjaFRleHQQAhgEIAA,,dental_clinic,Manawatū-Whanganui,Waiouru,no_prices
Dentist On Glasgow . Wanganui,"134 Glasgow Street, Whanganui 4500, New Zealand",06 345 0351,+64 6 345 0351,https://www.dentistonglasgow.co.nz/,4.5,34,OPERATIONAL,https://maps.google.com/?cid=14902667045950041566&g_mp=Cidnb29nbGUubWFwcy5wbGFjZXMudjEuUGxhY2VzLlNlYXJjaFRleHQQAhgEIAA,Monday: 8:30 AM – 5:00 PM; Tuesday: 8:30 AM – 5:00 PM; Wednesday: 8:30 AM – 5:00 PM; Thursday: 8:30 AM – 5:00 PM; Friday: 8:30 AM – 4:30 PM; Saturday: Closed; Sunday: Closed,dental_clinic,Manawatū-Whanganui,Whanganui,no_prices
Denture Services,"6 Vivian Street, Palmerston North Central, Palmerston North 4414, New Zealand",06 356 1600,+64 6 356 1600,,5,1,OPERATIONAL,https://maps.google.com/?cid=7607976920630766006&g_mp=Cidnb29nbGUubWFwcy5wbGFjZXMudjEuUGxhY2VzLlNlYXJjaFRleHQQAhgEIAA,,dental_clinic,Manawatū-Whanganui,Palmerston North,no_prices
Dr Ross J Murray,"250 Grey Street, Palmerston North Central, Papaioea 4414, New Zealand",06 357 4575,+64 6 357 4575,,4.5,2,OPERATIONAL,https://maps.google.com/?cid=12806759269324727760&g_mp=Cidnb29nbGUubWFwcy5wbGFjZXMudjEuUGxhY2VzLlNlYXJjaFRleHQQAhgEIAA,,dental_clinic,Manawatū-Whanganui,Palmerston North,no_prices
Dr. Jeff Ong- Dentist,"6 Vivian Street, Palmerston North Central, Palmerston North 4414, New Zealand",06 358 5882,+64 6 358 5882,https://www.drjeffong.co.nz/,5,5,OPERATIONAL,https://maps.google.com/?cid=1285989182909773931&g_mp=Cidnb29nbGUubWFwcy5wbGFjZXMudjEuUGxhY2VzLlNlYXJjaFRleHQQAhgEIAA,Monday: 8:00 AM – 6:00 PM; Tuesday: 8:00 AM – 6:00 PM; Wednesday: 8:00 AM – 6:00 PM; Thursday: 8:00 AM – 6:00 PM; Friday: 8:00 AM – 6:00 PM; Saturday: Closed; Sunday: Closed,dental_clinic,Manawatū-Whanganui,Palmerston North,no_prices
Feilding Health Care,"7 Duke Street, Feilding 4702, New Zealand",06 323 9696,+64 6 323 9696,http://www.feildinghealthcare.co.nz/,2.6,105,OPERATIONAL,https://maps.google.com/?cid=13025590550479419822&g_mp=Cidnb29nbGUubWFwcy5wbGFjZXMudjEuUGxhY2VzLlNlYXJjaFRleHQQAhgEIAA,Monday: 8:00 AM – 5:00 PM; Tuesday: 8:00 AM – 5:00 PM; Wednesday: 8:00 AM – 5:00 PM; Thursday: 8:00 AM – 5:00 PM; Friday: 8:00 AM – 5:00 PM; Saturday: 9:00 AM – 12:00 PM; Sunday: 9:00 AM – 12:00 PM,dental_clinic,Manawatū-Whanganui,Feilding,no_prices
Four Square Raetihi,"72 Seddon Street, Raetihi 4632, New Zealand",06 385 4107,+64 6 385 4107,https://www.foursquare.co.nz/lower-north-island/manawatu-wanganui/raetihi?utm_source=google&utm_medium=organic&utm_campaign=Google+My+Business&utm_term=plcid_1139841003265644668&utm_content=Four+Square+Raetihi,3.7,81,OPERATIONAL,https://maps.google.com/?cid=5446285405068782311&g_mp=Cidnb29nbGUubWFwcy5wbGFjZXMudjEuUGxhY2VzLlNlYXJjaFRleHQQAhgEIAA,Monday: 7:00 AM – 7:00 PM; Tuesday: 7:00 AM – 7:00 PM; Wednesday: 7:00 AM – 7:00 PM; Thursday: 7:00 AM – 7:00 PM; Friday: 7:00 AM – 7:00 PM; Saturday: 7:00 AM – 7:00 PM; Sunday: 7:00 AM – 7:00 PM,dental_clinic,Manawatū-Whanganui,Raetihi,no_prices
Four Square Woodville,"90 Vogel Street, Tararua, Woodville 4920, New Zealand",06 376 5977,+64 6 376 5977,https://www.foursquare.co.nz/lower-north-island/manawatu-wanganui/woodville?utm_source=google&utm_medium=organic&utm_campaign=Google+My+Business&utm_term=plcid_5619072809338090658&utm_content=Four+Square+Woodville,4.4,159,OPERATIONAL,https://maps.google.com/?cid=15108270296471333263&g_mp=Cidnb29nbGUubWFwcy5wbGFjZXMudjEuUGxhY2VzLlNlYXJjaFRleHQQAhgEIAA,Monday: 7:30 AM – 7:00 PM; Tuesday: 7:30 AM – 7:00 PM; Wednesday: 7:30 AM – 7:00 PM; Thursday: 7:30 AM – 7:00 PM; Friday: 7:30 AM – 7:00 PM; Saturday: 7:30 AM – 7:00 PM; Sunday: 8:00 AM – 7:00 PM,dental_clinic,Manawatū-Whanganui,Woodville,no_prices
Glenn Kirk Oral Surgeon Ltd,"c/- Broadway Specialists Centre 266 Broadway Avenue, Terrace End, Palmerston North 4410, New Zealand",06 359 0242,+64 6 359 0242,,4.9,29,OPERATIONAL,https://maps.google.com/?cid=5591990137208742463&g_mp=Cidnb29nbGUubWFwcy5wbGFjZXMudjEuUGxhY2VzLlNlYXJjaFRleHQQAhgEIAA,Monday: 8:00 AM – 5:00 PM; Tuesday: 8:00 AM – 5:00 PM; Wednesday: 8:00 AM – 5:00 PM; Thursday: 8:00 AM – 5:00 PM; Friday: Closed; Saturday: Closed; Sunday: Closed,dental_clinic,Manawatū-Whanganui,Palmerston North,no_prices
Grey Street Dental Surgery,"188 Grey Street, Palmerston North Central, Palmerston North 4414, New Zealand",06 357 1285,+64 6 357 1285,http://www.greystdental.co.nz/,4.7,23,OPERATIONAL,https://maps.google.com/?cid=17168691196345092600&g_mp=Cidnb29nbGUubWFwcy5wbGFjZXMudjEuUGxhY2VzLlNlYXJjaFRleHQQAhgEIAA,Monday: 8:30 AM – 5:00 PM; Tuesday: 8:30 AM – 5:00 PM; Wednesday: 8:30 AM – 5:00 PM; Thursday: 8:30 AM – 5:00 PM; Friday: 8:30 AM – 5:00 PM; Saturday: Closed; Sunday: Closed,dental_clinic,Manawatū-Whanganui,Palmerston North,no_prices
Hazelhurst Dentalcare,"371 Wellington Road, Marton 4710, New Zealand",06 327 7787,+64 6 327 7787,,4.1,15,OPERATIONAL,https://maps.google.com/?cid=9587500736784314526&g_mp=Cidnb29nbGUubWFwcy5wbGFjZXMudjEuUGxhY2VzLlNlYXJjaFRleHQQAhgEIAA,,dental_clinic,Manawatū-Whanganui,Marton,no_prices
Highbury Dental,"12 Brentwood Avenue, Highbury, Palmerston North 4412, New Zealand",06 222 3585,+64 6 222 3585,http://highburydental.co.nz/,4.8,18,OPERATIONAL,https://maps.google.com/?cid=2896301177206876974&g_mp=Cidnb29nbGUubWFwcy5wbGFjZXMudjEuUGxhY2VzLlNlYXJjaFRleHQQAhgEIAA,Monday: 8:30 AM – 5:00 PM; Tuesday: 8:30 AM – 5:00 PM; Wednesday: 8:30 AM – 5:00 PM; Thursday: 8:30 AM – 5:00 PM; Friday: 8:30 AM – 5:00 PM; Saturday: Closed; Sunday: Closed,dental_clinic,Manawatū-Whanganui,Palmerston North,no_prices
Hui Wang Dental,"250 Grey Street, Palmerston North Central, Palmerston North 4414, New Zealand",06 357 9680,+64 6 357 9680,https://yellow.co.nz/y/hui-wang-dental-palmerston,4.8,12,OPERATIONAL,https://maps.google.com/?cid=5023376481568349104&g_mp=Cidnb29nbGUubWFwcy5wbGFjZXMudjEuUGxhY2VzLlNlYXJjaFRleHQQAhgEIAA,Monday: 8:00 AM – 5:00 PM; Tuesday: 8:00 AM – 5:00 PM; Wednesday: 8:00 AM – 5:00 PM; Thursday: 8:00 AM – 5:00 PM; Friday: 8:00 AM – 4:00 PM; Saturday: Closed; Sunday: Closed,dental_clinic,Manawatū-Whanganui,Palmerston North,no_prices
Huia Range School Dental Clinic,"2 Cole Street, Dannevirke 4930, New Zealand",,,,,,OPERATIONAL,https://maps.google.com/?cid=2227782318127748221&g_mp=Cidnb29nbGUubWFwcy5wbGFjZXMudjEuUGxhY2VzLlNlYXJjaFRleHQQAhgEIAA,,dental_clinic,Manawatū-Whanganui,Dannevirke,no_prices
ICONA New Zealand,"141 Harrisons Line, Kelvin Grove, Palmerston North 4470, New Zealand",06 352 0099,+64 6 352 0099,http://www.icona.co.nz/,5,9,OPERATIONAL,https://maps.google.com/?cid=15911255458630088839&g_mp=Cidnb29nbGUubWFwcy5wbGFjZXMudjEuUGxhY2VzLlNlYXJjaFRleHQQAhgEIAA,Monday: 8:00 AM – 5:00 PM; Tuesday: 8:00 AM – 5:00 PM; Wednesday: 8:00 AM – 5:00 PM; Thursday: 8:00 AM – 5:00 PM; Friday: 8:00 AM – 5:00 PM; Saturday: Closed; Sunday: Closed,dental_clinic,Manawatū-Whanganui,Palmerston North,no_prices
Kevin Wong Dental Surgery - Pahiatua,"44 Mangahao Road, Pahiatua 4910, New Zealand",06 376 8536,+64 6 376 8536,,4.8,16,OPERATIONAL,https://maps.google.com/?cid=9709379971861901527&g_mp=Cidnb29nbGUubWFwcy5wbGFjZXMudjEuUGxhY2VzLlNlYXJjaFRleHQQAhgEIAA,Monday: 9:00 AM – 5:00 PM; Tuesday: 9:00 AM – 5:00 PM; Wednesday: 9:00 AM – 5:00 PM; Thursday: 9:00 AM – 5:00 PM; Friday: 9:00 AM – 3:00 PM; Saturday: Closed; Sunday: Closed,dental_clinic,Manawatū-Whanganui,Pahiatua,no_prices
Kwok Joe Dental,"11 Grey Street, Palmerston North Central, Palmerston North 4410, New Zealand",06 355 3388,+64 6 355 3388,http://www.kwokjoedental.co.nz/,4.6,18,OPERATIONAL,https://maps.google.com/?cid=10601450182563506574&g_mp=Cidnb29nbGUubWFwcy5wbGFjZXMudjEuUGxhY2VzLlNlYXJjaFRleHQQAhgEIAA,Monday: 8:00 AM – 5:30 PM; Tuesday: 8:00 AM – 5:30 PM; Wednesday: 8:00 AM – 5:30 PM; Thursday: 8:00 AM – 5:30 PM; Friday: Closed; Saturday: Closed; Sunday: Closed,dental_clinic,Manawatū-Whanganui,Palmerston North,no_prices
Levin Dental Centre- Best Dental Clinic Levin,"298 Oxford Street, Levin 5510, New Zealand",06 368 5209,+64 6 368 5209,https://www.levindentalcentre.co.nz/,5,1,OPERATIONAL,https://maps.google.com/?cid=14316350195911192205&g_mp=Cidnb29nbGUubWFwcy5wbGFjZXMudjEuUGxhY2VzLlNlYXJjaFRleHQQAhgEIAA,Monday: 9:00 AM – 5:00 PM; Tuesday: 9:00 AM – 5:00 PM; Wednesday: 9:00 AM – 5:00 PM; Thursday: 9:00 AM – 5:00 PM; Friday: 9:00 AM – 5:00 PM; Saturday: Closed; Sunday: Closed,dental_clinic,Manawatū-Whanganui,Levin,no_prices
Lovelysmiles Professional Teeth Whitening,"6 Roberts Line, Kelvin Grove, Palmerston North 4414, New Zealand",022 406 0571,+64 22 406 0571,,,,OPERATIONAL,https://maps.google.com/?cid=8352593421063486757&g_mp=Cidnb29nbGUubWFwcy5wbGFjZXMudjEuUGxhY2VzLlNlYXJjaFRleHQQAhgEIAA,,dental_clinic,Manawatū-Whanganui,Palmerston North,no_prices
Lumino Broadway Dental | Lumino The Dentists,"187 Broadway Avenue, Palmerston North Central, Palmerston North 4410, New Zealand",06 358 5386,+64 6 358 5386,https://lumino.co.nz/dentists/lumino-broadway-dental/?utm_source=google_business_profile&utm_medium=organic,4.1,78,OPERATIONAL,https://maps.google.com/?cid=4902226897276799615&g_mp=Cidnb29nbGUubWFwcy5wbGFjZXMudjEuUGxhY2VzLlNlYXJjaFRleHQQAhgEIAA,Monday: 8:00 AM – 6:00 PM; Tuesday: 8:00 AM – 5:00 PM; Wednesday: 8:00 AM – 5:00 PM; Thursday: 8:00 AM – 5:00 PM; Friday: 8:00 AM – 5:00 PM; Saturday: Closed; Sunday: Closed,dental_clinic,Manawatū-Whanganui,Palmerston North,no_prices
Lumino Feilding | Lumino The Dentists,"69 Stafford Street, Feilding 4702, New Zealand",06 323 4119,+64 6 323 4119,https://lumino.co.nz/dentists/lumino-feilding/?utm_source=google_business_profile&utm_medium=organic,4.3,12,OPERATIONAL,https://maps.google.com/?cid=11439712508128296356&g_mp=Cidnb29nbGUubWFwcy5wbGFjZXMudjEuUGxhY2VzLlNlYXJjaFRleHQQAhgEIAA,Monday: 8:30 AM – 5:00 PM; Tuesday: 8:30 AM – 5:00 PM; Wednesday: 8:30 AM – 5:00 PM; Thursday: 8:30 AM – 5:00 PM; Friday: 8:30 AM – 5:00 PM; Saturday: Closed; Sunday: Closed,dental_clinic,Manawatū-Whanganui,Feilding,no_prices
Lumino Main Street | Lumino The Dentists,"506 Main Street, Palmerston North Central, Palmerston North 4440, New Zealand",06 358 4102,+64 6 358 4102,https://lumino.co.nz/dentists/lumino-main-street/?utm_source=google_business_profile&utm_medium=organic,3.8,19,OPERATIONAL,https://maps.google.com/?cid=6309556697818848532&g_mp=Cidnb29nbGUubWFwcy5wbGFjZXMudjEuUGxhY2VzLlNlYXJjaFRleHQQAhgEIAA,Monday: 8:00 AM – 5:00 PM; Tuesday: 8:00 AM – 5:00 PM; Wednesday: 8:00 AM – 5:00 PM; Thursday: 8:00 AM – 5:00 PM; Friday: 8:00 AM – 5:00 PM; Saturday: Closed; Sunday: Closed,dental_clinic,Manawatū-Whanganui,Palmerston North,some_prices
Lumino Manawatu Dental | Lumino The Dentists,"254 Church Street, Palmerston North Central, Palmerston North 4410, New Zealand",06 358 3988,+64 6 358 3988,https://lumino.co.nz/dentists/lumino-manawatu-dental/?utm_source=google_business_profile&utm_medium=organic,4.8,17,OPERATIONAL,https://maps.google.com/?cid=9308995270630886627&g_mp=Cidnb29nbGUubWFwcy5wbGFjZXMudjEuUGxhY2VzLlNlYXJjaFRleHQQAhgEIAA,Monday: 8:30 AM – 5:00 PM; Tuesday: 8:30 AM – 12:15 PM; Wednesday: 8:30 AM – 5:00 PM; Thursday: 8:30 AM – 5:00 PM; Friday: 8:30 AM – 5:00 PM; Saturday: Closed; Sunday: Closed,dental_clinic,Manawatū-Whanganui,Palmerston North,no_prices
Lumino Palmerston North | Lumino The Dentists,"The Palm Medical Centre, Suite 1/445 Ferguson Street, Palmerston North Central, Palmerston North 4410, New Zealand",06 356 9020,+64 6 356 9020,https://lumino.co.nz/dentists/palmerston-north-dental-practice/?utm_source=google_business_profile&utm_medium=organic,3.6,44,OPERATIONAL,https://maps.google.com/?cid=7865709145856736350&g_mp=Cidnb29nbGUubWFwcy5wbGFjZXMudjEuUGxhY2VzLlNlYXJjaFRleHQQAhgEIAA,Monday: 8:30 AM – 5:00 PM; Tuesday: 8:30 AM – 5:00 PM; Wednesday: 8:30 AM – 5:00 PM; Thursday: 8:30 AM – 5:00 PM; Friday: 8:30 AM – 3:00 PM; Saturday: Closed; Sunday: Closed,dental_clinic,Manawatū-Whanganui,Palmerston North,some_prices
Lumino Whanganui | Lumino The Dentists,"161 Wicksteed Street, Whanganui 4500, New Zealand",06 345 7979,+64 6 345 7979,https://lumino.co.nz/dentists/lumino-whanganui/?utm_source=google_business_profile&utm_medium=organic,4.2,17,OPERATIONAL,https://maps.google.com/?cid=6509540151363921641&g_mp=Cidnb29nbGUubWFwcy5wbGFjZXMudjEuUGxhY2VzLlNlYXJjaFRleHQQAhgEIAA,Monday: 8:00 AM – 5:00 PM; Tuesday: 8:00 AM – 5:00 PM; Wednesday: 8:00 AM – 5:00 PM; Thursday: 8:00 AM – 5:00 PM; Friday: 8:00 AM – 4:00 PM; Saturday: Closed; Sunday: Closed,dental_clinic,Manawatū-Whanganui,Whanganui,no_prices
M Dental,"18 Victoria Avenue, Palmerston North Central, Palmerston North 4410, New Zealand",06 355 5273,+64 6 355 5273,http://www.mdental.co.nz/,3.9,47,OPERATIONAL,https://maps.google.com/?cid=16377178472293517553&g_mp=Cidnb29nbGUubWFwcy5wbGFjZXMudjEuUGxhY2VzLlNlYXJjaFRleHQQAhgEIAA,Monday: 8:30 AM – 4:30 PM; Tuesday: 8:30 AM – 4:30 PM; Wednesday: 8:30 AM – 4:30 PM; Thursday: 8:30 AM – 4:30 PM; Friday: 8:30 AM – 4:30 PM; Saturday: Closed; Sunday: Closed,dental_clinic,Manawatū-Whanganui,Palmerston North,no_prices
Main St Dental Centre,"484 Main Street, Foxton 4814, New Zealand",,,,,,OPERATIONAL,https://maps.google.com/?cid=15487226124543871525&g_mp=Cidnb29nbGUubWFwcy5wbGFjZXMudjEuUGxhY2VzLlNlYXJjaFRleHQQAhgEIAA,,dental_clinic,Manawatū-Whanganui,Foxton,no_prices
Marton School,"Hereford Street, Marton 4710, New Zealand",06 327 8555,+64 6 327 8555,https://www.educationcounts.govt.nz/find-school/school/profile?school=2397,,,OPERATIONAL,https://maps.google.com/?cid=11426479148559768859&g_mp=Cidnb29nbGUubWFwcy5wbGFjZXMudjEuUGxhY2VzLlNlYXJjaFRleHQQAhgEIAA,,dental_clinic,Manawatū-Whanganui,Marton,no_prices
Medlab Central - The Palms,"445 Ferguson Street, Palmerston North Central, Palmerston North 4410, New Zealand",06 952 3220,+64 6 952 3220,http://www.medlabcentral.co.nz/locations/collection-centres/the-palms.aspx,3.9,103,OPERATIONAL,https://maps.google.com/?cid=7064061916654443566&g_mp=Cidnb29nbGUubWFwcy5wbGFjZXMudjEuUGxhY2VzLlNlYXJjaFRleHQQAhgEIAA,Monday: 7:30 AM – 5:45 PM; Tuesday: 7:30 AM – 5:45 PM; Wednesday: 7:30 AM – 5:45 PM; Thursday: 7:30 AM – 5:45 PM; Friday: 7:30 AM – 5:45 PM; Saturday: 8:30 – 10:45 AM; Sunday: Closed,dental_clinic,Manawatū-Whanganui,Palmerston North,no_prices
MidCentral Sexual Health Service,"Heretaunga Street, Roslyn, Palmerston North 4414, New Zealand",06 350 8602,+64 6 350 8602,https://info.health.nz/locations/manawatu-whanganui/sexual-health-services,4.5,2,OPERATIONAL,https://maps.google.com/?cid=3821817078752074702&g_mp=Cidnb29nbGUubWFwcy5wbGFjZXMudjEuUGxhY2VzLlNlYXJjaFRleHQQAhgEIAA,Monday: 8:30 AM – 4:00 PM; Tuesday: 8:30 AM – 4:00 PM; Wednesday: 8:30 AM – 4:00 PM; Thursday: 8:30 AM – 4:00 PM; Friday: 8:30 AM – 3:30 PM; Saturday: Closed; Sunday: Closed,dental_clinic,Manawatū-Whanganui,Palmerston North,no_prices
New World Broadway,"Cnr. Broadway Ave &, Albert Street, Palmerston North Central, Palmerston North 4414, New Zealand",06 358 3029,+64 6 358 3029,https://www.newworld.co.nz/lower-north-island/manawatu-and-wairarapa/melodys,4.3,1681,OPERATIONAL,https://maps.google.com/?cid=14416693324364158903&g_mp=Cidnb29nbGUubWFwcy5wbGFjZXMudjEuUGxhY2VzLlNlYXJjaFRleHQQAhgEIAA,Monday: 7:00 AM – 9:00 PM; Tuesday: 7:00 AM – 9:00 PM; Wednesday: 7:00 AM – 9:00 PM; Thursday: 7:00 AM – 9:00 PM; Friday: 7:00 AM – 9:00 PM; Saturday: 7:00 AM – 9:00 PM; Sunday: 7:00 AM – 9:00 PM,dental_clinic,Manawatū-Whanganui,Palmerston North,no_prices
Ohakune Dental,"16 Goldfinch Street, Ohakune 4625, New Zealand",06 385 9202,+64 6 385 9202,http://www.ohakunedental.co.nz/,5,14,OPERATIONAL,https://maps.google.com/?cid=307737821044156866&g_mp=Cidnb29nbGUubWFwcy5wbGFjZXMudjEuUGxhY2VzLlNlYXJjaFRleHQQAhgEIAA,Monday: 9:00 AM – 3:00 PM; Tuesday: 9:00 AM – 5:00 PM; Wednesday: Closed; Thursday: 9:00 AM – 3:00 PM; Friday: 9:00 AM – 3:00 PM; Saturday: Closed; Sunday: Closed,dental_clinic,Manawatū-Whanganui,Ohakune,no_prices
PN Endodontics,"270 Broadway Avenue, Central City, Palmerston North 4414, New Zealand",06 222 3565,+64 6 222 3565,http://www.pnendo.co.nz/,5,6,OPERATIONAL,https://maps.google.com/?cid=4328367131603272439&g_mp=Cidnb29nbGUubWFwcy5wbGFjZXMudjEuUGxhY2VzLlNlYXJjaFRleHQQAhgEIAA,Monday: 8:30 AM – 4:00 PM; Tuesday: 8:30 AM – 4:00 PM; Wednesday: 8:30 AM – 4:00 PM; Thursday: 8:30 AM – 4:00 PM; Friday: 8:30 AM – 1:00 PM; Saturday: Closed; Sunday: Closed,dental_clinic,Manawatū-Whanganui,Palmerston North,some_prices
Palmerston North Hospital,"50 Ruahine Street, Roslyn, Palmerston North 4442, New Zealand",06 356 9169,+64 6 356 9169,https://info.health.nz/locations/manawatu-whanganui/palmerston-north-regional-hospital,2.8,267,OPERATIONAL,https://maps.google.com/?cid=8373133817906129224&g_mp=Cidnb29nbGUubWFwcy5wbGFjZXMudjEuUGxhY2VzLlNlYXJjaFRleHQQAhgEIAA,Monday: Open 24 hours; Tuesday: Open 24 hours; Wednesday: Open 24 hours; Thursday: Open 24 hours; Friday: Open 24 hours; Saturday: Open 24 hours; Sunday: Open 24 hours,dental_clinic,Manawatū-Whanganui,Palmerston North,no_prices
Palmerston North Intermediate Normal Dental Clinic,"Palmerston North Central, Palmerston North 4410, New Zealand",06 358 0547,+64 6 358 0547,,5,4,OPERATIONAL,https://maps.google.com/?cid=2959396355788804801&g_mp=Cidnb29nbGUubWFwcy5wbGFjZXMudjEuUGxhY2VzLlNlYXJjaFRleHQQAhgEIAA,Monday: 8:30 AM – 3:30 PM; Tuesday: 8:30 AM – 3:30 PM; Wednesday: 8:30 AM – 3:30 PM; Thursday: 8:30 AM – 3:30 PM; Friday: 8:30 AM – 3:30 PM; Saturday: Closed; Sunday: Closed,dental_clinic,Manawatū-Whanganui,Palmerston North,no_prices
Palmerston North Plunket Family Centre,"42 Albert Street, Palmerston North Central, Palmerston North 4414, New Zealand",0800 184 803,+64 800 184 803,https://www.plunket.org.nz/plunket/palmerston-north-family-centre,4.4,9,OPERATIONAL,https://maps.google.com/?cid=8952876902196299553&g_mp=Cidnb29nbGUubWFwcy5wbGFjZXMudjEuUGxhY2VzLlNlYXJjaFRleHQQAhgEIAA,Monday: 8:30 AM – 4:00 PM; Tuesday: 8:30 AM – 4:00 PM; Wednesday: 8:30 AM – 4:00 PM; Thursday: 8:30 AM – 4:00 PM; Friday: 8:30 AM – 4:00 PM; Saturday: Closed; Sunday: Closed,dental_clinic,Manawatū-Whanganui,Palmerston North,no_prices
Pet Doctors Palmerston North,"84 Pitt Street, Palmerston North Central, Palmerston North 4410, New Zealand",06 357 5887,+64 6 357 5887,https://petdoctorspalmerston.co.nz/?utm_source=google&utm_medium=organic&utm_campaign=gmb,4.6,303,OPERATIONAL,https://maps.google.com/?cid=3244147559388011837&g_mp=Cidnb29nbGUubWFwcy5wbGFjZXMudjEuUGxhY2VzLlNlYXJjaFRleHQQAhgEIAA,Monday: 8:00 AM – 6:00 PM; Tuesday: 8:00 AM – 6:00 PM; Wednesday: 8:00 AM – 6:00 PM; Thursday: 8:00 AM – 6:00 PM; Friday: 8:00 AM – 6:00 PM; Saturday: 9:00 AM – 5:00 PM; Sunday: Closed,dental_clinic,Manawatū-Whanganui,Palmerston North,no_prices
Primecare Dental Palmerston North,"6 Vivian Street, Palmerston North Central, Palmerston North 4414, New Zealand",06 358 5882,+64 6 358 5882,https://primecaredental.co.nz/contact-us/palmerston-north/,4.9,354,OPERATIONAL,https://maps.google.com/?cid=13244673064637183164&g_mp=Cidnb29nbGUubWFwcy5wbGFjZXMudjEuUGxhY2VzLlNlYXJjaFRleHQQAhgEIAA,Monday: 8:30 AM – 5:00 PM; Tuesday: 8:30 AM – 5:00 PM; Wednesday: 8:30 AM – 5:00 PM; Thursday: 8:30 AM – 5:00 PM; Friday: 8:30 AM – 5:00 PM; Saturday: Closed; Sunday: Closed,dental_clinic,Manawatū-Whanganui,Palmerston North,no_prices
Queen Street Dental Centre,"553 Queen Street East, Levin 5510, New Zealand",06 368 7788,+64 6 368 7788,https://www.qsdc.co.nz/,4.4,67,OPERATIONAL,https://maps.google.com/?cid=4691816776989828137&g_mp=Cidnb29nbGUubWFwcy5wbGFjZXMudjEuUGxhY2VzLlNlYXJjaFRleHQQAhgEIAA,Monday: 8:00 AM – 5:00 PM; Tuesday: 8:00 AM – 5:00 PM; Wednesday: 8:00 AM – 5:00 PM; Thursday: 8:00 AM – 5:00 PM; Friday: 8:00 AM – 5:00 PM; Saturday: Closed; Sunday: Closed,dental_clinic,Manawatū-Whanganui,Levin,no_prices
Rapid Response Dental,"277 Broadway Avenue, Palmerston North Central, Palmerston North 4414, New Zealand",06 358 8277,+64 6 358 8277,https://www.rapidresponsedental.co.nz/,4.4,53,OPERATIONAL,https://maps.google.com/?cid=14959161709552176688&g_mp=Cidnb29nbGUubWFwcy5wbGFjZXMudjEuUGxhY2VzLlNlYXJjaFRleHQQAhgEIAA,Monday: 8:00 AM – 5:00 PM; Tuesday: 8:00 AM – 5:00 PM; Wednesday: 8:00 AM – 6:30 PM; Thursday: 8:00 AM – 7:30 PM; Friday: 8:00 AM – 4:30 PM; Saturday: 9:00 AM – 1:00 PM; Sunday: Closed,dental_clinic,Manawatū-Whanganui,Palmerston North,some_prices
Rapid Response Dental,"112 Fergusson Street, Feilding 4702, New Zealand",,,,,,OPERATIONAL,https://maps.google.com/?cid=11965995266357442932&g_mp=Cidnb29nbGUubWFwcy5wbGFjZXMudjEuUGxhY2VzLlNlYXJjaFRleHQQAhgEIAA,,dental_clinic,Manawatū-Whanganui,Palmerston North,some_prices
Rapid Response Dental,"15A Queen Street, Dannevirke 4930, New Zealand",06 374 8644,+64 6 374 8644,http://www.rapidresponsedental.co.nz/,4.5,13,OPERATIONAL,https://maps.google.com/?cid=8158693308751158001&g_mp=Cidnb29nbGUubWFwcy5wbGFjZXMudjEuUGxhY2VzLlNlYXJjaFRleHQQAhgEIAA,Monday: 8:00 AM – 5:00 PM; Tuesday: 8:00 AM – 5:00 PM; Wednesday: 8:00 AM – 5:30 PM; Thursday: 8:00 AM – 5:00 PM; Friday: Closed; Saturday: Closed; Sunday: Closed,dental_clinic,Manawatū-Whanganui,Dannevirke,some_prices
Ross dental clinic,"25 Freyberg Street, Roslyn, Palmerston North 4414, New Zealand",06 358 4572,+64 6 358 4572,,,,OPERATIONAL,https://maps.google.com/?cid=15096676937410785116&g_mp=Cidnb29nbGUubWFwcy5wbGFjZXMudjEuUGxhY2VzLlNlYXJjaFRleHQQAhgEIAA,,dental_clinic,Manawatū-Whanganui,Palmerston North,no_prices
Ruapehu Health Ltd,"38 Seddon Street, Raetihi 4632, New Zealand",06 385 4211,+64 6 385 4211,https://www.wrhn.org.nz/ruapehu-health-limited,3.2,11,OPERATIONAL,https://maps.google.com/?cid=8915432955007576882&g_mp=Cidnb29nbGUubWFwcy5wbGFjZXMudjEuUGxhY2VzLlNlYXJjaFRleHQQAhgEIAA,"Monday: 8:30 AM – 1:00 PM, 2:00 – 5:00 PM; Tuesday: 8:30 AM – 1:00 PM, 2:00 – 5:00 PM; Wednesday: 8:30 AM – 1:00 PM, 2:00 – 5:00 PM; Thursday: 8:30 AM – 1:00 PM, 2:00 – 5:00 PM; Friday: 8:30 AM – 1:00 PM, 2:00 – 5:00 PM; Saturday: Closed; Sunday: Closed",dental_clinic,Manawatū-Whanganui,Raetihi,no_prices
Smile Dental - Palmerston North,"22 Victoria Avenue, Palmerston North Central, Palmerston North 4410, New Zealand",0800 476 453,+64 800 476 453,https://www.smiledental.co.nz/,4.7,605,OPERATIONAL,https://maps.google.com/?cid=3500506733703617397&g_mp=Cidnb29nbGUubWFwcy5wbGFjZXMudjEuUGxhY2VzLlNlYXJjaFRleHQQAhgEIAA,Monday: 9:00 AM – 6:00 PM; Tuesday: 9:00 AM – 6:00 PM; Wednesday: 9:00 AM – 6:00 PM; Thursday: 9:00 AM – 6:00 PM; Friday: 9:00 AM – 6:00 PM; Saturday: Closed; Sunday: Closed,dental_clinic,Manawatū-Whanganui,Palmerston North,some_prices
Sparkle White Teeth,"176b Fitzherbert Avenue, Fitzherbert, Palmerston North 4410, New Zealand",06 358 8115,+64 6 358 8115,,,,OPERATIONAL,https://maps.google.com/?cid=2139666960443748112&g_mp=Cidnb29nbGUubWFwcy5wbGFjZXMudjEuUGxhY2VzLlNlYXJjaFRleHQQAhgEIAA,,dental_clinic,Manawatū-Whanganui,Palmerston North,no_prices
Stranges Denture Group,"271 Broadway Avenue, Palmerston North Central, Palmerston North 4414, New Zealand",06 357 8012,+64 6 357 8012,,5,3,OPERATIONAL,https://maps.google.com/?cid=4946418483643693104&g_mp=Cidnb29nbGUubWFwcy5wbGFjZXMudjEuUGxhY2VzLlNlYXJjaFRleHQQAhgEIAA,Monday: 9:00 AM – 4:00 PM; Tuesday: 9:00 AM – 4:00 PM; Wednesday: Closed; Thursday: Closed; Friday: Closed; Saturday: Closed; Sunday: Closed,dental_clinic,Manawatū-Whanganui,Palmerston North,no_prices
Super Smilez Teeth Whitening,"3 Hinau Place, Cloverlea, Palmerston North 4412, New Zealand",027 303 8068,+64 27 303 8068,,5,21,OPERATIONAL,https://maps.google.com/?cid=16793240899742098516&g_mp=Cidnb29nbGUubWFwcy5wbGFjZXMudjEuUGxhY2VzLlNlYXJjaFRleHQQAhgEIAA,Monday: Closed; Tuesday: Closed; Wednesday: Closed; Thursday: 5:30 – 8:00 PM; Friday: 5:30 – 8:00 PM; Saturday: 10:00 AM – 5:30 PM; Sunday: 10:00 AM – 5:30 PM,dental_clinic,Manawatū-Whanganui,Palmerston North,no_prices
Susannah Wilson Dental,"250 Grey Street, Palmerston North Central, Palmerston North 4414, New Zealand",06 357 4575,+64 6 357 4575,https://swdental.co.nz/,5,14,OPERATIONAL,https://maps.google.com/?cid=4644758086525822951&g_mp=Cidnb29nbGUubWFwcy5wbGFjZXMudjEuUGxhY2VzLlNlYXJjaFRleHQQAhgEIAA,Monday: 8:00 AM – 5:00 PM; Tuesday: 8:00 AM – 5:00 PM; Wednesday: 8:00 AM – 5:00 PM; Thursday: 8:00 AM – 5:00 PM; Friday: 8:00 AM – 4:00 PM; Saturday: Closed; Sunday: Closed,dental_clinic,Manawatū-Whanganui,Palmerston North,no_prices
Taumarunui Dental Surgery,"Taumarunui Hospital, Kururau Road, Taumarunui 3991, New Zealand",07 895 7850,+64 7 895 7850,http://www.ruraldental.co.nz/,5,7,OPERATIONAL,https://maps.google.com/?cid=8579843240950087630&g_mp=Cidnb29nbGUubWFwcy5wbGFjZXMudjEuUGxhY2VzLlNlYXJjaFRleHQQAhgEIAA,Monday: 8:30 AM – 5:00 PM; Tuesday: 8:30 AM – 5:00 PM; Wednesday: 8:30 AM – 5:00 PM; Thursday: 8:30 AM – 5:00 PM; Friday: 8:30 AM – 5:00 PM; Saturday: Closed; Sunday: Closed,dental_clinic,Manawatū-Whanganui,Taumarunui,no_prices
The Dentists - Whanganui,"163 Wicksteed Street, Whanganui 4500, New Zealand",06 345 3030,+64 6 345 3030,https://www.dentistswhanganui.co.nz/,4.8,183,OPERATIONAL,https://maps.google.com/?cid=10417755971844484126&g_mp=Cidnb29nbGUubWFwcy5wbGFjZXMudjEuUGxhY2VzLlNlYXJjaFRleHQQAhgEIAA,Monday: 8:00 AM – 5:00 PM; Tuesday: 8:00 AM – 5:00 PM; Wednesday: 8:00 AM – 5:00 PM; Thursday: 8:00 AM – 5:00 PM; Friday: 8:00 AM – 5:00 PM; Saturday: Closed; Sunday: Closed,dental_clinic,Manawatū-Whanganui,Whanganui,no_prices
The Orthodontic Centre,"499 Church Street, Hokowhitu, Palmerston North 4410, New Zealand",06 356 8946,+64 6 356 8946,http://theoc.co.nz/,4.6,30,OPERATIONAL,https://maps.google.com/?cid=1248055043003726324&g_mp=Cidnb29nbGUubWFwcy5wbGFjZXMudjEuUGxhY2VzLlNlYXJjaFRleHQQAhgEIAA,Monday: 8:00 AM – 5:00 PM; Tuesday: 8:00 AM – 5:00 PM; Wednesday: 8:00 AM – 5:00 PM; Thursday: 8:00 AM – 5:00 PM; Friday: 8:00 AM – 1:00 PM; Saturday: Closed; Sunday: Closed,dental_clinic,Manawatū-Whanganui,Palmerston North,some_prices
The Palms Medical Centre,"445 Ferguson Street, Palmerston North Central, Palmerston North 4410, New Zealand",06 354 7737,+64 6 354 7737,http://www.palmsmedical.co.nz/,2,325,OPERATIONAL,https://maps.google.com/?cid=12552246352805238788&g_mp=Cidnb29nbGUubWFwcy5wbGFjZXMudjEuUGxhY2VzLlNlYXJjaFRleHQQAhgEIAA,Monday: 8:00 AM – 5:30 PM; Tuesday: 8:00 AM – 5:30 PM; Wednesday: 8:00 AM – 5:30 PM; Thursday: 8:00 AM – 5:30 PM; Friday: 8:00 AM – 5:30 PM; Saturday: 8:00 AM – 5:00 PM; Sunday: Closed,dental_clinic,Manawatū-Whanganui,Palmerston North,no_prices
Victoria Dental,"1a Rutland Street, Whanganui 4500, New Zealand",06 345 3222,+64 6 345 3222,http://www.victoria-dental.co.nz/,4.8,46,OPERATIONAL,https://maps.google.com/?cid=17961840020540475580&g_mp=Cidnb29nbGUubWFwcy5wbGFjZXMudjEuUGxhY2VzLlNlYXJjaFRleHQQAhgEIAA,Monday: 8:00 AM – 5:00 PM; Tuesday: 8:00 AM – 5:00 PM; Wednesday: 8:00 AM – 5:00 PM; Thursday: 8:00 AM – 5:00 PM; Friday: 8:00 AM – 4:30 PM; Saturday: Closed; Sunday: Closed,dental_clinic,Manawatū-Whanganui,Whanganui,some_prices
"Vivian street Dental, Palmerston North","6 Vivian Street, Palmerston North Central, Palmerston North 4414, New Zealand",06 358 5882,+64 6 358 5882,,3.8,25,OPERATIONAL,https://maps.google.com/?cid=733531340688721221&g_mp=Cidnb29nbGUubWFwcy5wbGFjZXMudjEuUGxhY2VzLlNlYXJjaFRleHQQAhgEIAA,Monday: 8:30 AM – 5:30 PM; Tuesday: 8:30 AM – 5:30 PM; Wednesday: 8:00 AM – 4:00 PM; Thursday: 8:30 AM – 5:30 PM; Friday: Closed; Saturday: Closed; Sunday: Closed,dental_clinic,Manawatū-Whanganui,Palmerston North,no_prices
WW CLINIC ON GREY,"244 Grey Street, Palmerston North Central, Palmerston North 4414, New Zealand",06 353 7310,+64 6 353 7310,http://www.wwclinicongrey.co.nz/,4.3,32,OPERATIONAL,https://maps.google.com/?cid=7287925726250607109&g_mp=Cidnb29nbGUubWFwcy5wbGFjZXMudjEuUGxhY2VzLlNlYXJjaFRleHQQAhgEIAA,Monday: 8:00 AM – 5:00 PM; Tuesday: 8:00 AM – 5:00 PM; Wednesday: 8:00 AM – 5:00 PM; Thursday: 8:00 AM – 5:00 PM; Friday: 8:00 AM – 2:00 PM; Saturday: Closed; Sunday: Closed,dental_clinic,Manawatū-Whanganui,Palmerston North,no_prices
Waimarino Health Centre,"16 Seddon Street, Raetihi 4632, New Zealand",06 385 5019,+64 6 385 5019,https://wdhb.org.nz/,4.3,3,OPERATIONAL,https://maps.google.com/?cid=14303144808829035803&g_mp=Cidnb29nbGUubWFwcy5wbGFjZXMudjEuUGxhY2VzLlNlYXJjaFRleHQQAhgEIAA,Monday: 8:30 AM – 5:30 PM; Tuesday: 8:30 AM – 5:30 PM; Wednesday: 8:30 AM – 5:30 PM; Thursday: 8:30 AM – 5:30 PM; Friday: 8:30 AM – 5:30 PM; Saturday: Closed; Sunday: Closed,dental_clinic,Manawatū-Whanganui,Raetihi,no_prices
Woolworths Rangitikei St,"Rangitikei St &, Featherston Street, Palmerston North Central, Palmerston North 4471, New Zealand",06 354 5930,+64 6 354 5930,https://www.woolworths.co.nz/store-finder/9119/palmerston-north/rangitikei-st-woolworths?utm_source=google&utm_medium=organic&utm_campaign=gmb&utm_term=woolworths-rangitikei-st,4.1,1698,OPERATIONAL,https://maps.google.com/?cid=11467380288541353219&g_mp=Cidnb29nbGUubWFwcy5wbGFjZXMudjEuUGxhY2VzLlNlYXJjaFRleHQQAhgEIAA,Monday: 7:00 AM – 10:00 PM; Tuesday: 7:00 AM – 10:00 PM; Wednesday: 7:00 AM – 10:00 PM; Thursday: 7:00 AM – 10:00 PM; Friday: 7:00 AM – 10:00 PM; Saturday: 7:00 AM – 10:00 PM; Sunday: 7:00 AM – 10:00 PM,dental_clinic,Manawatū-Whanganui,Palmerston North,no_prices
A G Spence Dental Surgery,"150 Middle Renwick Road, Springlands, Blenheim 7201, New Zealand",03 578 9009,+64 3 578 9009,,,,OPERATIONAL,https://maps.google.com/?cid=8006038186071273840&g_mp=Cidnb29nbGUubWFwcy5wbGFjZXMudjEuUGxhY2VzLlNlYXJjaFRleHQQAhgEIAA,,dental_clinic,Marlborough,Blenheim,no_prices
Beattie Rose And Gilchist,"16 Francis Street, Blenheim Central, Blenheim 7201, New Zealand",03 578 5135,+64 3 578 5135,,4.3,14,OPERATIONAL,https://maps.google.com/?cid=11827012849372804788&g_mp=Cidnb29nbGUubWFwcy5wbGFjZXMudjEuUGxhY2VzLlNlYXJjaFRleHQQAhgEIAA,Monday: 8:00 AM – 5:30 PM; Tuesday: 8:00 AM – 5:30 PM; Wednesday: 8:00 AM – 5:30 PM; Thursday: 8:00 AM – 5:30 PM; Friday: 8:00 AM – 5:30 PM; Saturday: Closed; Sunday: Closed,needs_verification,Marlborough,Blenheim,no_prices
Blenheim Dental Care,"150 Middle Renwick Road, Springlands, Blenheim 7201, New Zealand",03 578 9009,+64 3 578 9009,http://blenheimdentalcare.co.nz/,4.3,11,OPERATIONAL,https://maps.google.com/?cid=372593275305567037&g_mp=Cidnb29nbGUubWFwcy5wbGFjZXMudjEuUGxhY2VzLlNlYXJjaFRleHQQAhgEIAA,Monday: 8:30 AM – 5:00 PM; Tuesday: 8:30 AM – 5:00 PM; Wednesday: 8:30 AM – 5:00 PM; Thursday: 8:30 AM – 5:00 PM; Friday: 8:30 AM – 5:00 PM; Saturday: Closed; Sunday: Closed,dental_clinic,Marlborough,Blenheim,no_prices
Blenheim Denture Studio,"71 Alfred Street, Blenheim Central, Blenheim 7201, New Zealand",03 578 4344,+64 3 578 4344,,,,OPERATIONAL,https://maps.google.com/?cid=10505914600259379239&g_mp=Cidnb29nbGUubWFwcy5wbGFjZXMudjEuUGxhY2VzLlNlYXJjaFRleHQQAhgEIAA,Monday: 9:00 AM – 4:30 PM; Tuesday: 9:00 AM – 4:30 PM; Wednesday: 9:00 AM – 4:30 PM; Thursday: 9:00 AM – 4:30 PM; Friday: Closed; Saturday: Closed; Sunday: Closed,dental_clinic,Marlborough,Blenheim,no_prices
Community Oral Health Service,"56 Nelson Street, Springlands, Blenheim 7201, New Zealand",0800 833 849,+64 800 833 849,,3.7,3,OPERATIONAL,https://maps.google.com/?cid=7914923685116362872&g_mp=Cidnb29nbGUubWFwcy5wbGFjZXMudjEuUGxhY2VzLlNlYXJjaFRleHQQAhgEIAA,Monday: 8:00 AM – 5:00 PM; Tuesday: 8:00 AM – 5:00 PM; Wednesday: 8:00 AM – 5:00 PM; Thursday: 8:00 AM – 5:00 PM; Friday: 8:00 AM – 5:00 PM; Saturday: Closed; Sunday: Closed,dental_clinic,Marlborough,Blenheim,no_prices
Durrheim & Associates,"4 Richardson Avenue, Burleigh, Blenheim 7201, New Zealand",03 578 5843,+64 3 578 5843,https://www.durrheimandassociates.co.nz/,4.2,30,OPERATIONAL,https://maps.google.com/?cid=5284504109232542758&g_mp=Cidnb29nbGUubWFwcy5wbGFjZXMudjEuUGxhY2VzLlNlYXJjaFRleHQQAhgEIAA,Monday: 8:30 AM – 5:00 PM; Tuesday: 8:30 AM – 5:00 PM; Wednesday: 8:30 AM – 5:00 PM; Thursday: 8:30 AM – 5:00 PM; Friday: 8:30 AM – 2:00 PM; Saturday: Closed; Sunday: Closed,needs_verification,Marlborough,Blenheim,no_prices
Gilchrist Dental,"16 Francis Street, Blenheim Central, Blenheim 7201, New Zealand",,,,,,OPERATIONAL,https://maps.google.com/?cid=12620321982863799015&g_mp=Cidnb29nbGUubWFwcy5wbGFjZXMudjEuUGxhY2VzLlNlYXJjaFRleHQQAhgEIAA,,dental_clinic,Marlborough,Blenheim,no_prices
Leonard & Koorey,"150 Middle Renwick Road, Springlands, Blenheim 7201, New Zealand",03 578 9009,+64 3 578 9009,,,,OPERATIONAL,https://maps.google.com/?cid=14983561058410391459&g_mp=Cidnb29nbGUubWFwcy5wbGFjZXMudjEuUGxhY2VzLlNlYXJjaFRleHQQAhgEIAA,,needs_verification,Marlborough,Blenheim,no_prices
Olliver Orthodontics Marlborough,"4 Richardson Avenue, Burleigh, Blenheim 7201, New Zealand",03 577 7100,+64 3 577 7100,http://www.olliverortho.co.nz/,5,20,OPERATIONAL,https://maps.google.com/?cid=1499318643795856808&g_mp=Cidnb29nbGUubWFwcy5wbGFjZXMudjEuUGxhY2VzLlNlYXJjaFRleHQQAhgEIAA,Monday: 8:00 AM – 5:00 PM; Tuesday: 8:00 AM – 5:00 PM; Wednesday: 8:00 AM – 5:00 PM; Thursday: 8:00 AM – 1:00 PM; Friday: Closed; Saturday: Closed; Sunday: Closed,dental_clinic,Marlborough,Blenheim,no_prices
Redwood Denture Services,"98 Howick Road, Redwoodtown, Blenheim 7201, New Zealand",020 4052 5002,+64 20 4052 5002,,5,5,OPERATIONAL,https://maps.google.com/?cid=6128493395019629252&g_mp=Cidnb29nbGUubWFwcy5wbGFjZXMudjEuUGxhY2VzLlNlYXJjaFRleHQQAhgEIAA,Monday: 9:00 AM – 5:00 PM; Tuesday: 9:00 AM – 5:00 PM; Wednesday: 9:00 AM – 5:00 PM; Thursday: 9:00 AM – 5:00 PM; Friday: 9:00 AM – 5:00 PM; Saturday: 9:00 AM – 1:00 PM; Sunday: Closed,dental_clinic,Marlborough,Blenheim,no_prices
Seymour Dental Centre,"62 Seymour Street, Blenheim Central, Blenheim 7201, New Zealand",03 578 4203,+64 3 578 4203,https://seymourdental.nz/,4,26,OPERATIONAL,https://maps.google.com/?cid=10788048146626662204&g_mp=Cidnb29nbGUubWFwcy5wbGFjZXMudjEuUGxhY2VzLlNlYXJjaFRleHQQAhgEIAA,Monday: 8:30 AM – 5:00 PM; Tuesday: 8:30 AM – 5:00 PM; Wednesday: 8:30 AM – 5:00 PM; Thursday: 8:30 AM – 5:00 PM; Friday: 8:30 AM – 4:00 PM; Saturday: Closed; Sunday: Closed,dental_clinic,Marlborough,Blenheim,no_prices
Seymour Smiles Blenheim | Lumino The Dentists,"67 Seymour Street, Blenheim Central, Blenheim 7201, New Zealand",03 578 7726,+64 3 578 7726,https://lumino.co.nz/dentists/seymour-smiles-blenheim/?utm_source=google_business_profile&utm_medium=organic,4.5,28,OPERATIONAL,https://maps.google.com/?cid=8242339905839657736&g_mp=Cidnb29nbGUubWFwcy5wbGFjZXMudjEuUGxhY2VzLlNlYXJjaFRleHQQAhgEIAA,Monday: 8:15 AM – 5:00 PM; Tuesday: 8:15 AM – 5:00 PM; Wednesday: 8:15 AM – 5:00 PM; Thursday: 8:15 AM – 5:00 PM; Friday: 8:15 AM – 5:00 PM; Saturday: Closed; Sunday: Closed,dental_clinic,Marlborough,Blenheim,some_prices
Smilewise Ltd,"71 Alfred Street, Blenheim Central, Blenheim 7201, New Zealand",03 578 4344,+64 3 578 4344,,5,2,OPERATIONAL,https://maps.google.com/?cid=13204637140298002150&g_mp=Cidnb29nbGUubWFwcy5wbGFjZXMudjEuUGxhY2VzLlNlYXJjaFRleHQQAhgEIAA,Monday: 9:00 AM – 4:30 PM; Tuesday: 9:00 AM – 4:30 PM; Wednesday: 9:00 AM – 4:30 PM; Thursday: 9:00 AM – 4:30 PM; Friday: 9:00 AM – 2:30 PM; Saturday: Closed; Sunday: Closed,dental_clinic,Marlborough,Blenheim,no_prices
Wairau Hospital,"30 Hospital Road, Witherlea, Blenheim 7201, New Zealand",03 520 9999,+64 3 520 9999,https://www.nmdhb.govt.nz/hospitals-and-community-services/hospitals/wairau-hospital/,3.6,78,OPERATIONAL,https://maps.google.com/?cid=1081127275368922448&g_mp=Cidnb29nbGUubWFwcy5wbGFjZXMudjEuUGxhY2VzLlNlYXJjaFRleHQQAhgEIAA,Monday: Open 24 hours; Tuesday: Open 24 hours; Wednesday: Open 24 hours; Thursday: Open 24 hours; Friday: Open 24 hours; Saturday: Open 24 hours; Sunday: Open 24 hours,needs_verification,Marlborough,Blenheim,no_prices
Health New Zealand | Te Whatu Ora - Nelson Marlborough,"Braemar Campus, Waimea Road, Nelson South, Nelson 7010, New Zealand",03 546 1800,+64 3 546 1800,http://www.nmdhb.govt.nz/,3,9,OPERATIONAL,https://maps.google.com/?cid=5550861303826940286&g_mp=Cidnb29nbGUubWFwcy5wbGFjZXMudjEuUGxhY2VzLlNlYXJjaFRleHQQAhgEIAA,Monday: 8:00 AM – 6:00 PM; Tuesday: 8:00 AM – 6:00 PM; Wednesday: 8:00 AM – 6:00 PM; Thursday: 8:00 AM – 6:00 PM; Friday: 8:00 AM – 6:00 PM; Saturday: Closed; Sunday: Closed,needs_verification,Nelson,Nelson,no_prices
Nelson Hospital,"Entrance off or Tipahi St, 7010 Franklyn Street, Nelson South, Nelson 7010, New Zealand",03 546 1800,+64 3 546 1800,http://www.nmdhb.govt.nz/,4,144,OPERATIONAL,https://maps.google.com/?cid=1081127275368922464&g_mp=Cidnb29nbGUubWFwcy5wbGFjZXMudjEuUGxhY2VzLlNlYXJjaFRleHQQAhgEIAA,Monday: Open 24 hours; Tuesday: Open 24 hours; Wednesday: Open 24 hours; Thursday: Open 24 hours; Friday: Open 24 hours; Saturday: Open 24 hours; Sunday: Open 24 hours,needs_verification,Nelson,Nelson,no_prices
Nelson Prosthodontics | Lumino The Dentists,"38 Collingwood Street, Nelson 7010, New Zealand",03 539 4255,+64 3 539 4255,https://lumino.co.nz/dentists/nelson-prosthodontics/?utm_source=google_business_profile&utm_medium=organic,4,4,OPERATIONAL,https://maps.google.com/?cid=6627015228748338205&g_mp=Cidnb29nbGUubWFwcy5wbGFjZXMudjEuUGxhY2VzLlNlYXJjaFRleHQQAhgEIAA,Monday: 8:30 AM – 5:00 PM; Tuesday: 8:30 AM – 5:00 PM; Wednesday: 8:30 AM – 5:00 PM; Thursday: 8:30 AM – 5:00 PM; Friday: 8:30 AM – 5:00 PM; Saturday: Closed; Sunday: Closed,dental_clinic,Nelson,Nelson,some_prices
AM Dental Ltd.,"193 Milton Street, The Wood, Nelson 7010, New Zealand",03 548 4345,+64 3 548 4345,http://fellworthhouse.co.nz/,4.6,60,OPERATIONAL,https://maps.google.com/?cid=7475851385290157047&g_mp=Cidnb29nbGUubWFwcy5wbGFjZXMudjEuUGxhY2VzLlNlYXJjaFRleHQQAhgEIAA,Monday: 9:00 AM – 6:00 PM; Tuesday: 9:00 AM – 6:00 PM; Wednesday: 9:00 AM – 6:00 PM; Thursday: 9:00 AM – 6:00 PM; Friday: 9:00 AM – 6:00 PM; Saturday: 9:00 AM – 6:00 PM; Sunday: 9:00 AM – 6:00 PM,dental_clinic,Nelson/Tasman,Nelson,no_prices
Access Dental NZ Ltd | Nelson Dental Surgery,"122 Kawai Street, Nelson South, Nelson 7010, New Zealand",03 548 3971,+64 3 548 3971,http://www.accessdental.co.nz/,4.9,353,OPERATIONAL,https://maps.google.com/?cid=12031847740550290665&g_mp=Cidnb29nbGUubWFwcy5wbGFjZXMudjEuUGxhY2VzLlNlYXJjaFRleHQQAhgEIAA,Monday: 8:30 AM – 5:00 PM; Tuesday: 8:30 AM – 6:00 PM; Wednesday: 8:30 AM – 5:00 PM; Thursday: 8:30 AM – 5:00 PM; Friday: 8:30 AM – 3:00 PM; Saturday: Closed; Sunday: Closed,dental_clinic,Nelson/Tasman,Nelson,full_prices
Advanced Dental,"70 Collingwood Street, Nelson 7010, New Zealand",03 548 4675,+64 3 548 4675,https://www.advanceddental.co.nz/,4.7,21,OPERATIONAL,https://maps.google.com/?cid=18188072451340246668&g_mp=Cidnb29nbGUubWFwcy5wbGFjZXMudjEuUGxhY2VzLlNlYXJjaFRleHQQAhgEIAA,Monday: 8:00 AM – 5:00 PM; Tuesday: 8:00 AM – 5:00 PM; Wednesday: 8:00 AM – 5:00 PM; Thursday: 8:00 AM – 5:00 PM; Friday: 8:00 AM – 5:00 PM; Saturday: Closed; Sunday: Closed,dental_clinic,Nelson/Tasman,Nelson,no_prices
Bays Dentures,"41 Washbourn Drive, Richmond 7020, New Zealand",03 546 4455,+64 3 546 4455,http://www.baysdentures.co.nz/,5,13,OPERATIONAL,https://maps.google.com/?cid=5781242728318002180&g_mp=Cidnb29nbGUubWFwcy5wbGFjZXMudjEuUGxhY2VzLlNlYXJjaFRleHQQAhgEIAA,Monday: 9:00 AM – 5:00 PM; Tuesday: 9:00 AM – 5:00 PM; Wednesday: 9:00 AM – 5:00 PM; Thursday: 9:00 AM – 5:00 PM; Friday: 9:00 AM – 5:00 PM; Saturday: Closed; Sunday: Closed,dental_clinic,Nelson/Tasman,Richmond,no_prices
Community Oral Health,"225 Nayland Road, Stoke, Nelson 7011, New Zealand",03 539 5321,+64 3 539 5321,,,,OPERATIONAL,https://maps.google.com/?cid=6105728142500354805&g_mp=Cidnb29nbGUubWFwcy5wbGFjZXMudjEuUGxhY2VzLlNlYXJjaFRleHQQAhgEIAA,Monday: 8:00 AM – 5:00 PM; Tuesday: 8:00 AM – 5:00 PM; Wednesday: 8:00 AM – 5:00 PM; Thursday: 8:00 AM – 5:00 PM; Friday: 8:00 AM – 5:00 PM; Saturday: Closed; Sunday: Closed,dental_clinic,Nelson/Tasman,Nelson,no_prices
Community Oral Health Services,"32 Franklyn Street, Nelson South, Nelson 7010, New Zealand",03 539 5324,+64 3 539 5324,,5,3,OPERATIONAL,https://maps.google.com/?cid=14367006894282388003&g_mp=Cidnb29nbGUubWFwcy5wbGFjZXMudjEuUGxhY2VzLlNlYXJjaFRleHQQAhgEIAA,,dental_clinic,Nelson/Tasman,Nelson,no_prices
Dental Aesthetics Limited,"132 Collingwood Street, Nelson 7010, New Zealand",03 545 8440,+64 3 545 8440,https://www.dentalaesthetics.co.nz/our-team/,,,OPERATIONAL,https://maps.google.com/?cid=15958413251492972337&g_mp=Cidnb29nbGUubWFwcy5wbGFjZXMudjEuUGxhY2VzLlNlYXJjaFRleHQQAhgEIAA,Monday: 9:00 AM – 5:00 PM; Tuesday: 9:00 AM – 5:00 PM; Wednesday: 9:00 AM – 5:00 PM; Thursday: 9:00 AM – 5:00 PM; Friday: 9:00 AM – 5:00 PM; Saturday: Closed; Sunday: Closed,dental_clinic,Nelson/Tasman,Nelson,no_prices
Dental Care Nelson,"193 Rutherford Street, Nelson 7010, New Zealand",03 548 8840,+64 3 548 8840,,5,11,OPERATIONAL,https://maps.google.com/?cid=9748447492665031376&g_mp=Cidnb29nbGUubWFwcy5wbGFjZXMudjEuUGxhY2VzLlNlYXJjaFRleHQQAhgEIAA,Monday: 8:30 AM – 5:00 PM; Tuesday: 8:30 AM – 5:00 PM; Wednesday: 8:30 AM – 5:00 PM; Thursday: 8:30 AM – 5:00 PM; Friday: 8:30 AM – 5:00 PM; Saturday: Closed; Sunday: Closed,dental_clinic,Nelson/Tasman,Nelson,no_prices
Dental Care Richmond,"12 Salisbury Road, Richmond 7020, New Zealand",03 543 9230,+64 3 543 9230,,5,15,OPERATIONAL,https://maps.google.com/?cid=14603568804232482152&g_mp=Cidnb29nbGUubWFwcy5wbGFjZXMudjEuUGxhY2VzLlNlYXJjaFRleHQQAhgEIAA,Monday: 8:00 AM – 5:00 PM; Tuesday: 8:00 AM – 5:00 PM; Wednesday: 8:00 AM – 5:00 PM; Thursday: 8:00 AM – 5:00 PM; Friday: 8:00 AM – 5:00 PM; Saturday: Closed; Sunday: Closed,dental_clinic,Nelson/Tasman,Richmond,no_prices
Emmaus Dental | Motueka,"20 Greenwood Street, Motueka 7120, New Zealand",03 528 0303,+64 3 528 0303,http://www.emmaus.dental/,4.6,10,OPERATIONAL,https://maps.google.com/?cid=12353055678118090449&g_mp=Cidnb29nbGUubWFwcy5wbGFjZXMudjEuUGxhY2VzLlNlYXJjaFRleHQQAhgEIAA,Monday: 8:30 AM – 5:00 PM; Tuesday: 8:30 AM – 5:00 PM; Wednesday: 8:30 AM – 5:00 PM; Thursday: 8:30 AM – 5:00 PM; Friday: 8:30 AM – 5:00 PM; Saturday: Closed; Sunday: Closed,dental_clinic,Nelson/Tasman,Motueka,no_prices
Emmaus Dental | Richmond,"205 Queen Street, Richmond 7020, New Zealand",03 544 8178,+64 3 544 8178,http://www.emmaus.dental/,4.6,32,OPERATIONAL,https://maps.google.com/?cid=8253819650547513004&g_mp=Cidnb29nbGUubWFwcy5wbGFjZXMudjEuUGxhY2VzLlNlYXJjaFRleHQQAhgEIAA,Monday: 8:30 AM – 5:00 PM; Tuesday: 8:30 AM – 5:00 PM; Wednesday: 8:30 AM – 5:00 PM; Thursday: 8:30 AM – 5:00 PM; Friday: 8:30 AM – 5:00 PM; Saturday: Closed; Sunday: Closed,dental_clinic,Nelson/Tasman,Richmond,no_prices
Fellworth House - AM Dental,"193 Milton Street, The Wood, Nelson 7010, New Zealand",03 548 4345,+64 3 548 4345,http://fellworthhouse.co.nz/,4.8,8,OPERATIONAL,https://maps.google.com/?cid=9477092764883868942&g_mp=Cidnb29nbGUubWFwcy5wbGFjZXMudjEuUGxhY2VzLlNlYXJjaFRleHQQAhgEIAA,Monday: 9:00 AM – 6:00 PM; Tuesday: 9:00 AM – 6:00 PM; Wednesday: 9:00 AM – 6:00 PM; Thursday: 9:00 AM – 6:00 PM; Friday: 9:00 AM – 6:00 PM; Saturday: 9:00 AM – 6:00 PM; Sunday: 9:00 AM – 6:00 PM,dental_clinic,Nelson/Tasman,Nelson,no_prices
Fresh Dental,"5 Bail Street, Stoke, Nelson 7011, New Zealand",03 547 6799,+64 3 547 6799,http://freshdental.co.nz/?utm_source=gmb&utm_medium=organic,4.6,18,OPERATIONAL,https://maps.google.com/?cid=12947379589021829280&g_mp=Cidnb29nbGUubWFwcy5wbGFjZXMudjEuUGxhY2VzLlNlYXJjaFRleHQQAhgEIAA,Monday: 8:00 AM – 5:00 PM; Tuesday: 8:00 AM – 5:00 PM; Wednesday: 8:00 AM – 5:00 PM; Thursday: 8:00 AM – 5:00 PM; Friday: 8:00 AM – 5:00 PM; Saturday: Closed; Sunday: Closed,dental_clinic,Nelson/Tasman,Nelson,some_prices
Gentle Dental Nelson Ltd,"32 Bridge Street, Nelson 7010, New Zealand",03 548 4601,+64 3 548 4601,http://www.gentledentalnelson.co.nz/,4.5,68,OPERATIONAL,https://maps.google.com/?cid=8163638863510554812&g_mp=Cidnb29nbGUubWFwcy5wbGFjZXMudjEuUGxhY2VzLlNlYXJjaFRleHQQAhgEIAA,Monday: 8:30 AM – 5:00 PM; Tuesday: 8:30 AM – 5:00 PM; Wednesday: 8:30 AM – 5:00 PM; Thursday: 8:30 AM – 5:00 PM; Friday: 8:30 AM – 5:00 PM; Saturday: Closed; Sunday: Closed,dental_clinic,Nelson/Tasman,Nelson,no_prices
Golden Bay Dental Centre,"120 Commercial Street, Tākaka 7110, New Zealand",03 525 8340,+64 3 525 8340,,3,14,OPERATIONAL,https://maps.google.com/?cid=4632336690344848414&g_mp=Cidnb29nbGUubWFwcy5wbGFjZXMudjEuUGxhY2VzLlNlYXJjaFRleHQQAhgEIAA,"Monday: Closed; Tuesday: 8:30 AM – 1:00 PM, 1:30 – 4:30 PM; Wednesday: 8:30 AM – 1:00 PM, 1:30 – 4:30 PM; Thursday: 8:30 AM – 1:00 PM, 1:30 – 4:30 PM; Friday: Closed; Saturday: Closed; Sunday: Closed",dental_clinic,Nelson/Tasman,Tākaka,no_prices
Lumino Nelson | Lumino The Dentists,"72 Collingwood Street, Nelson 7010, New Zealand",03 548 3693,+64 3 548 3693,https://lumino.co.nz/dentists/lumino-nelson/?utm_source=google_business_profile&utm_medium=organic,4.6,24,OPERATIONAL,https://maps.google.com/?cid=15937685763708156646&g_mp=Cidnb29nbGUubWFwcy5wbGFjZXMudjEuUGxhY2VzLlNlYXJjaFRleHQQAhgEIAA,Monday: 8:30 AM – 5:00 PM; Tuesday: 8:30 AM – 5:00 PM; Wednesday: 8:30 AM – 5:00 PM; Thursday: 8:30 AM – 5:00 PM; Friday: 9:00 AM – 4:00 PM; Saturday: Closed; Sunday: Closed,dental_clinic,Nelson/Tasman,Nelson,some_prices
Mapua Dental Service,"101-A Aranui Road, Māpua 7005, New Zealand",03 548 6564,+64 3 548 6564,,5,2,OPERATIONAL,https://maps.google.com/?cid=10972726854839927435&g_mp=Cidnb29nbGUubWFwcy5wbGFjZXMudjEuUGxhY2VzLlNlYXJjaFRleHQQAhgEIAA,Monday: Closed; Tuesday: Closed; Wednesday: Closed; Thursday: 8:30 AM – 5:00 PM; Friday: 8:30 AM – 5:00 PM; Saturday: Closed; Sunday: Closed,dental_clinic,Nelson/Tasman,Māpua,no_prices
McIntosh's Dental Surgery,"Nelson South, Nelson 7010, New Zealand",03 548 3937,+64 3 548 3937,,,,OPERATIONAL,https://maps.google.com/?cid=9608419219719648228&g_mp=Cidnb29nbGUubWFwcy5wbGFjZXMudjEuUGxhY2VzLlNlYXJjaFRleHQQAhgEIAA,,dental_clinic,Nelson/Tasman,Nelson,no_prices
Munro Dental,"37 Bridge Street, Nelson 7010, New Zealand",03 548 0000,+64 3 548 0000,http://www.munrodental.co.nz/,4.9,21,OPERATIONAL,https://maps.google.com/?cid=10931002427547438696&g_mp=Cidnb29nbGUubWFwcy5wbGFjZXMudjEuUGxhY2VzLlNlYXJjaFRleHQQAhgEIAA,Monday: 8:30 AM – 5:00 PM; Tuesday: 8:30 AM – 5:00 PM; Wednesday: 8:30 AM – 5:00 PM; Thursday: 8:30 AM – 5:00 PM; Friday: 8:30 AM – 5:00 PM; Saturday: Closed; Sunday: Closed,dental_clinic,Nelson/Tasman,Nelson,no_prices
My Smile NZ,"195 Queen Street, Richmond 7020, New Zealand",022 307 7975,+64 22 307 7975,https://www.fresha.com/book-now/skinpro-the-brows-lash-space-my-smile-nz-oukim79v/all-offer?pId=678771,,,OPERATIONAL,https://maps.google.com/?cid=15801453262779698965&g_mp=Cidnb29nbGUubWFwcy5wbGFjZXMudjEuUGxhY2VzLlNlYXJjaFRleHQQAhgEIAA,Monday: 8:00 AM – 8:00 PM; Tuesday: 8:00 AM – 8:00 PM; Wednesday: 8:00 AM – 8:00 PM; Thursday: 8:00 AM – 8:00 PM; Friday: 8:00 AM – 8:00 PM; Saturday: 8:00 AM – 8:00 PM; Sunday: Closed,dental_clinic,Nelson/Tasman,Richmond,no_prices
Nelson Dental Centre,"41A Halifax Street, Nelson 7010, New Zealand",03 548 4445,+64 3 548 4445,http://www.nelsondental.co.nz/,4,51,OPERATIONAL,https://maps.google.com/?cid=13490932175098274384&g_mp=Cidnb29nbGUubWFwcy5wbGFjZXMudjEuUGxhY2VzLlNlYXJjaFRleHQQAhgEIAA,Monday: 8:00 AM – 5:00 PM; Tuesday: 8:00 AM – 5:00 PM; Wednesday: 8:00 AM – 5:00 PM; Thursday: 8:00 AM – 5:00 PM; Friday: 8:00 AM – 4:30 PM; Saturday: Closed; Sunday: Closed,dental_clinic,Nelson/Tasman,Nelson,no_prices
Nelson Denture Clinic,"52 Waimea Road, Nelson South, Nelson 7010, New Zealand",03 548 1478,+64 3 548 1478,https://www.nelsondentureclinic.co.nz/,5,98,OPERATIONAL,https://maps.google.com/?cid=12794026151871037534&g_mp=Cidnb29nbGUubWFwcy5wbGFjZXMudjEuUGxhY2VzLlNlYXJjaFRleHQQAhgEIAA,Monday: Closed; Tuesday: 8:30 AM – 5:00 PM; Wednesday: 8:30 AM – 5:00 PM; Thursday: 8:30 AM – 5:00 PM; Friday: Closed; Saturday: Closed; Sunday: Closed,dental_clinic,Nelson/Tasman,Nelson,no_prices
Nelson Endodontic Centre,"27 Waimea Road, Nelson South, Nelson 7010, New Zealand",03 546 6981,+64 3 546 6981,https://www.waimeadental.co.nz/,5,1,OPERATIONAL,https://maps.google.com/?cid=12270882757466585769&g_mp=Cidnb29nbGUubWFwcy5wbGFjZXMudjEuUGxhY2VzLlNlYXJjaFRleHQQAhgEIAA,Monday: 9:00 AM – 4:30 PM; Tuesday: 8:30 AM – 4:30 PM; Wednesday: 8:30 AM – 4:30 PM; Thursday: 8:30 AM – 4:30 PM; Friday: Closed; Saturday: Closed; Sunday: Closed,dental_clinic,Nelson/Tasman,Nelson,no_prices
Nelson Hospital Dental Department,"Nelson South, Nelson 7010, New Zealand",03 546 1973,+64 3 546 1973,https://www.nmdhb.govt.nz/health-services/community-and-outpatient-services/hospital-oral-health-service/,5,2,OPERATIONAL,https://maps.google.com/?cid=15552361795197117027&g_mp=Cidnb29nbGUubWFwcy5wbGFjZXMudjEuUGxhY2VzLlNlYXJjaFRleHQQAhgEIAA,Monday: 8:00 AM – 4:30 PM; Tuesday: 8:00 AM – 4:30 PM; Wednesday: 8:00 AM – 4:30 PM; Thursday: 8:00 AM – 4:30 PM; Friday: 8:00 AM – 4:30 PM; Saturday: Closed; Sunday: Closed,dental_clinic,Nelson/Tasman,Nelson,no_prices
Nelson Oral Surgery,"37 Manuka Street, Nelson 7010, New Zealand",03 548 0838,+64 3 548 0838,http://www.nelsonoralsurgery.co.nz/,4.6,9,OPERATIONAL,https://maps.google.com/?cid=2371570905375252637&g_mp=Cidnb29nbGUubWFwcy5wbGFjZXMudjEuUGxhY2VzLlNlYXJjaFRleHQQAhgEIAA,,dental_clinic,Nelson/Tasman,Nelson,no_prices
Nelson Orthodontics,"27 Waimea Road, Nelson South, Nelson 7010, New Zealand",03 546 6981,+64 3 546 6981,http://www.nelsonortho.nz/,4.7,27,OPERATIONAL,https://maps.google.com/?cid=12050764537829679575&g_mp=Cidnb29nbGUubWFwcy5wbGFjZXMudjEuUGxhY2VzLlNlYXJjaFRleHQQAhgEIAA,Monday: 8:30 AM – 5:00 PM; Tuesday: 8:30 AM – 5:00 PM; Wednesday: 8:30 AM – 5:00 PM; Thursday: 8:30 AM – 5:00 PM; Friday: 8:30 AM – 5:00 PM; Saturday: Closed; Sunday: Closed,dental_clinic,Nelson/Tasman,Nelson,full_prices
Nelson Orthodontics,"57 Salisbury Road, Richmond 7020, New Zealand",03 546 6981,+64 3 546 6981,https://www.nelsonortho.nz/,4.8,6,OPERATIONAL,https://maps.google.com/?cid=9212841869091410354&g_mp=Cidnb29nbGUubWFwcy5wbGFjZXMudjEuUGxhY2VzLlNlYXJjaFRleHQQAhgEIAA,Monday: 8:30 AM – 5:00 PM; Tuesday: 8:30 AM – 5:00 PM; Wednesday: 8:30 AM – 5:00 PM; Thursday: 8:30 AM – 5:00 PM; Friday: 8:30 AM – 4:00 PM; Saturday: Closed; Sunday: Closed,dental_clinic,Nelson/Tasman,Richmond,full_prices
One Dental - Mapua,"66 Aranui Road, Best Island, Māpua 7005, New Zealand",03 540 3440,+64 3 540 3440,http://www.onedental.co.nz/,5,13,OPERATIONAL,https://maps.google.com/?cid=17265427583643169763&g_mp=Cidnb29nbGUubWFwcy5wbGFjZXMudjEuUGxhY2VzLlNlYXJjaFRleHQQAhgEIAA,Monday: 8:30 AM – 5:00 PM; Tuesday: 8:30 AM – 5:00 PM; Wednesday: 8:30 AM – 5:00 PM; Thursday: 8:30 AM – 5:00 PM; Friday: 8:30 AM – 5:00 PM; Saturday: Closed; Sunday: Closed,dental_clinic,Nelson/Tasman,Māpua,no_prices
One Dental Nelson - Stoke,"575 Main Road Stoke, Stoke, Nelson 7011, New Zealand",03 547 7725,+64 3 547 7725,http://www.onedental.co.nz/,4.7,98,OPERATIONAL,https://maps.google.com/?cid=17282486875112458144&g_mp=Cidnb29nbGUubWFwcy5wbGFjZXMudjEuUGxhY2VzLlNlYXJjaFRleHQQAhgEIAA,Monday: 8:00 AM – 5:00 PM; Tuesday: 8:00 AM – 5:00 PM; Wednesday: 8:00 AM – 5:00 PM; Thursday: 8:00 AM – 5:00 PM; Friday: 8:00 AM – 4:00 PM; Saturday: Closed; Sunday: Closed,dental_clinic,Nelson/Tasman,Nelson,no_prices
Quin Dental,"14 New Street, Nelson 7010, New Zealand",03 928 0121,+64 3 928 0121,http://quindental.nz/,5,11,OPERATIONAL,https://maps.google.com/?cid=2436790981098848898&g_mp=Cidnb29nbGUubWFwcy5wbGFjZXMudjEuUGxhY2VzLlNlYXJjaFRleHQQAhgEIAA,Monday: 8:00 AM – 5:00 PM; Tuesday: 8:00 AM – 5:00 PM; Wednesday: 8:00 AM – 5:00 PM; Thursday: 8:00 AM – 5:00 PM; Friday: 8:00 AM – 5:00 PM; Saturday: Closed; Sunday: Closed,dental_clinic,Nelson/Tasman,Nelson,no_prices
Sparklewhite Teeth | Nelson,"Brooklands Road, Atawhai, Nelson 7010, New Zealand",03 545 0615,+64 3 545 0615,http://www.inspiringbeauty.nz/contact,4,1,OPERATIONAL,https://maps.google.com/?cid=7644555195506726622&g_mp=Cidnb29nbGUubWFwcy5wbGFjZXMudjEuUGxhY2VzLlNlYXJjaFRleHQQAhgEIAA,,dental_clinic,Nelson/Tasman,Nelson,no_prices
Steph Wills Dental Motueka,"106 High Street, Motueka 7120, New Zealand",03 528 0032,+64 3 528 0032,https://www.stephwillsdental.co.nz/,4,16,OPERATIONAL,https://maps.google.com/?cid=17289652665837014653&g_mp=Cidnb29nbGUubWFwcy5wbGFjZXMudjEuUGxhY2VzLlNlYXJjaFRleHQQAhgEIAA,Monday: 8:00 AM – 5:00 PM; Tuesday: 8:00 AM – 5:00 PM; Wednesday: 8:00 AM – 5:00 PM; Thursday: 8:00 AM – 5:00 PM; Friday: 8:00 AM – 5:00 PM; Saturday: Closed; Sunday: Closed,dental_clinic,Nelson/Tasman,Motueka,no_prices
Steph Wills Dental Surgery,"4 Salisbury Road, Richmond 7020, New Zealand",03 544 5985,+64 3 544 5985,http://www.stephwillsdental.co.nz/,5,5,OPERATIONAL,https://maps.google.com/?cid=6809120845137908543&g_mp=Cidnb29nbGUubWFwcy5wbGFjZXMudjEuUGxhY2VzLlNlYXJjaFRleHQQAhgEIAA,Monday: 8:00 AM – 5:00 PM; Tuesday: 8:00 AM – 5:00 PM; Wednesday: 8:00 AM – 5:00 PM; Thursday: 8:00 AM – 5:00 PM; Friday: 8:00 AM – 5:00 PM; Saturday: Closed; Sunday: Closed,dental_clinic,Nelson/Tasman,Richmond,no_prices
Tahunanui Dental Centre,"85 Tahunanui Drive, Tāhunanui, Nelson 7011, New Zealand",03 548 6564,+64 3 548 6564,https://www.tahunanuidental.co.nz/,4.5,11,OPERATIONAL,https://maps.google.com/?cid=4045980183485001255&g_mp=Cidnb29nbGUubWFwcy5wbGFjZXMudjEuUGxhY2VzLlNlYXJjaFRleHQQAhgEIAA,Monday: 8:30 AM – 5:00 PM; Tuesday: 8:30 AM – 5:00 PM; Wednesday: 8:30 AM – 5:00 PM; Thursday: 8:30 AM – 5:00 PM; Friday: 8:30 AM – 5:00 PM; Saturday: Closed; Sunday: Closed,dental_clinic,Nelson/Tasman,Nelson,no_prices
Tasman Dental Centre,"Lower Queen Street Health, 355 Queen Street, Richmond, Nelson 7020, New Zealand",03 544 6776,+64 3 544 6776,http://www.tasmandental.co.nz/,4.3,6,OPERATIONAL,https://maps.google.com/?cid=633070357022476379&g_mp=Cidnb29nbGUubWFwcy5wbGFjZXMudjEuUGxhY2VzLlNlYXJjaFRleHQQAhgEIAA,Monday: 8:30 AM – 5:00 PM; Tuesday: 8:30 AM – 5:00 PM; Wednesday: 8:30 AM – 5:00 PM; Thursday: 8:30 AM – 5:00 PM; Friday: 8:30 AM – 5:00 PM; Saturday: Closed; Sunday: Closed,dental_clinic,Nelson/Tasman,Nelson,no_prices
Waimea Dental,"57 Salisbury Road, Richmond 7020, New Zealand",03 544 1902,+64 3 544 1902,https://www.waimeadental.co.nz/,,,OPERATIONAL,https://maps.google.com/?cid=12822901491619327592&g_mp=Cidnb29nbGUubWFwcy5wbGFjZXMudjEuUGxhY2VzLlNlYXJjaFRleHQQAhgEIAA,Monday: 8:30 AM – 5:00 PM; Tuesday: 8:30 AM – 5:00 PM; Wednesday: 8:30 AM – 5:00 PM; Thursday: 8:30 AM – 5:00 PM; Friday: 8:30 AM – 4:00 PM; Saturday: Closed; Sunday: Closed,dental_clinic,Nelson/Tasman,Richmond,no_prices
Wilson Denture Design,"82 Waimea Road, Nelson South, Nelson 7010, New Zealand",03 546 8551,+64 3 546 8551,http://www.wdenturedesign.co.nz/,5,48,OPERATIONAL,https://maps.google.com/?cid=14543582831814750397&g_mp=Cidnb29nbGUubWFwcy5wbGFjZXMudjEuUGxhY2VzLlNlYXJjaFRleHQQAhgEIAA,Monday: 9:00 AM – 5:30 PM; Tuesday: 9:00 AM – 5:30 PM; Wednesday: 9:00 AM – 5:30 PM; Thursday: 9:00 AM – 5:30 PM; Friday: 9:00 AM – 5:30 PM; Saturday: Closed; Sunday: Closed,dental_clinic,Nelson/Tasman,Nelson,no_prices
AIRLYTE: Animal Bedding & Garden Mulch,"1916 State Highway 1, Kaiwaka 0573, New Zealand",0274 341 329,+64 274 341 329,http://www.airlyte.co.nz/,5,1,OPERATIONAL,https://maps.google.com/?cid=8969382320305871214&g_mp=Cidnb29nbGUubWFwcy5wbGFjZXMudjEuUGxhY2VzLlNlYXJjaFRleHQQAhgEIAA,Monday: 10:00 AM – 4:00 PM; Tuesday: 10:00 AM – 4:00 PM; Wednesday: 10:00 AM – 4:00 PM; Thursday: 10:00 AM – 4:00 PM; Friday: 10:00 AM – 4:00 PM; Saturday: Closed; Sunday: Closed,dental_clinic,Northland,Kaiwaka,no_prices
Askew Dental Repairs,"1 Moody Avenue, Kensington, Whangārei 0112, New Zealand",09 437 7922,+64 9 437 7922,http://askewdental.co.nz/,4.6,9,OPERATIONAL,https://maps.google.com/?cid=12046152199801608333&g_mp=Cidnb29nbGUubWFwcy5wbGFjZXMudjEuUGxhY2VzLlNlYXJjaFRleHQQAhgEIAA,Monday: 8:30 AM – 5:00 PM; Tuesday: 8:30 AM – 5:00 PM; Wednesday: 8:30 AM – 5:00 PM; Thursday: 8:30 AM – 5:00 PM; Friday: 8:30 AM – 4:00 PM; Saturday: Closed; Sunday: Closed,dental_clinic,Northland,Whangārei,no_prices
Bank Street Whangarei | Lumino The Dentists,"Level 1/120 Bank Street, Whangārei 0112, New Zealand",09 438 7300,+64 9 438 7300,https://lumino.co.nz/dentists/bank-street-dental-whangarei/?utm_source=google_business_profile&utm_medium=organic,4.6,78,OPERATIONAL,https://maps.google.com/?cid=4996613844216228738&g_mp=Cidnb29nbGUubWFwcy5wbGFjZXMudjEuUGxhY2VzLlNlYXJjaFRleHQQAhgEIAA,Monday: 8:00 AM – 5:00 PM; Tuesday: 8:00 AM – 5:00 PM; Wednesday: 8:00 AM – 5:00 PM; Thursday: 10:00 AM – 7:00 PM; Friday: 8:00 AM – 3:00 PM; Saturday: Closed; Sunday: Closed,dental_clinic,Northland,Whangārei,some_prices
Bay Denture Studio,"5 Maraenui Drive, Kerikeri 0293, New Zealand",09 407 4251,+64 9 407 4251,https://www.baydenturestudio.co.nz/,5,3,OPERATIONAL,https://maps.google.com/?cid=16394466346943288759&g_mp=Cidnb29nbGUubWFwcy5wbGFjZXMudjEuUGxhY2VzLlNlYXJjaFRleHQQAhgEIAA,,dental_clinic,Northland,Kawakawa,no_prices
Bay of Islands Hospital,"Hospital Road, Kawakawa 0210, New Zealand",09 404 0280,+64 9 404 0280,https://www.northlanddhb.org.nz/our-services/our-hospitals/bay-of-islands-hospital-services/,4.6,46,OPERATIONAL,https://maps.google.com/?cid=2726561442758819381&g_mp=Cidnb29nbGUubWFwcy5wbGFjZXMudjEuUGxhY2VzLlNlYXJjaFRleHQQAhgEIAA,Monday: Open 24 hours; Tuesday: Open 24 hours; Wednesday: Open 24 hours; Thursday: Open 24 hours; Friday: Open 24 hours; Saturday: Open 24 hours; Sunday: Open 24 hours,dental_clinic,Northland,Kawakawa,no_prices
Baylis Dental Services Ltd,"41 Maunu Road, Woodhill, Whangārei 0110, New Zealand",09 988 9918,+64 9 988 9918,,5,6,OPERATIONAL,https://maps.google.com/?cid=16009279323928201805&g_mp=Cidnb29nbGUubWFwcy5wbGFjZXMudjEuUGxhY2VzLlNlYXJjaFRleHQQAhgEIAA,Monday: 8:00 AM – 5:00 PM; Tuesday: 8:00 AM – 6:00 PM; Wednesday: 8:00 AM – 5:00 PM; Thursday: 8:00 AM – 6:00 PM; Friday: 8:00 AM – 4:00 PM; Saturday: Closed; Sunday: Closed,dental_clinic,Northland,Whangārei,no_prices
Caleb Lawrence Orthodontics,"Ground Floor/4 Vinery Lane, Regent, Whangārei 0111, New Zealand",09 430 3331,+64 9 430 3331,http://www.clorthodontics.co.nz/,5,48,OPERATIONAL,https://maps.google.com/?cid=10024235347621417454&g_mp=Cidnb29nbGUubWFwcy5wbGFjZXMudjEuUGxhY2VzLlNlYXJjaFRleHQQAhgEIAA,Monday: 8:30 AM – 5:00 PM; Tuesday: 8:30 AM – 5:00 PM; Wednesday: 8:30 AM – 5:00 PM; Thursday: 9:00 AM – 5:00 PM; Friday: Closed; Saturday: Closed; Sunday: Closed,dental_clinic,Northland,Whangārei,no_prices
Collier & Jones Denture Clinic,"114 Bank Street, Whangārei 0110, New Zealand",09 438 8076,+64 9 438 8076,,4.8,8,OPERATIONAL,https://maps.google.com/?cid=7547551677756077618&g_mp=Cidnb29nbGUubWFwcy5wbGFjZXMudjEuUGxhY2VzLlNlYXJjaFRleHQQAhgEIAA,Monday: 9:00 AM – 3:00 PM; Tuesday: 9:00 AM – 3:00 PM; Wednesday: 9:00 AM – 3:00 PM; Thursday: 9:00 AM – 3:00 PM; Friday: 9:00 AM – 3:00 PM; Saturday: Closed; Sunday: Closed,dental_clinic,Northland,Whangārei,no_prices
Dargaville Hospital,"77 Awakino Road, Dargaville 0310, New Zealand",09 439 8079,+64 9 439 8079,http://www.northlanddhb.org.nz/,3.9,102,OPERATIONAL,https://maps.google.com/?cid=15527058285679113898&g_mp=Cidnb29nbGUubWFwcy5wbGFjZXMudjEuUGxhY2VzLlNlYXJjaFRleHQQAhgEIAA,Monday: 7:30 AM – 5:30 PM; Tuesday: 7:30 AM – 5:30 PM; Wednesday: 7:30 AM – 5:30 PM; Thursday: 7:30 AM – 5:30 PM; Friday: 7:30 AM – 5:30 PM; Saturday: 9:00 AM – 12:00 PM; Sunday: Closed,dental_clinic,Northland,Dargaville,no_prices
Dargaville Orthodontic Clinic,"30 Hokianga Road, Dargaville 0310, New Zealand",09 439 8158,+64 9 439 8158,,,,OPERATIONAL,https://maps.google.com/?cid=16234345587136324073&g_mp=Cidnb29nbGUubWFwcy5wbGFjZXMudjEuUGxhY2VzLlNlYXJjaFRleHQQAhgEIAA,,dental_clinic,Northland,Dargaville,no_prices
Dental Domain Mangawhai,"1 Kagan Avenue, Mangawhai 0505, New Zealand",09 777 4343,+64 9 777 4343,https://dentaldomain.co.nz/,4.8,32,OPERATIONAL,https://maps.google.com/?cid=9640672216027623914&g_mp=Cidnb29nbGUubWFwcy5wbGFjZXMudjEuUGxhY2VzLlNlYXJjaFRleHQQAhgEIAA,Monday: 9:00 AM – 5:00 PM; Tuesday: 9:00 AM – 5:00 PM; Wednesday: 9:00 AM – 5:00 PM; Thursday: 9:00 AM – 5:00 PM; Friday: 9:00 AM – 5:00 PM; Saturday: Closed; Sunday: Closed,dental_clinic,Northland,Mangawhai,no_prices
Dental Laser Centre,"131 Lower Dent Street, Whangārei 0110, New Zealand",,,,,,OPERATIONAL,https://maps.google.com/?cid=17359352184103800267&g_mp=Cidnb29nbGUubWFwcy5wbGFjZXMudjEuUGxhY2VzLlNlYXJjaFRleHQQAhgEIAA,,dental_clinic,Northland,Whangārei,no_prices
Dental North,"15 Porowini Avenue, Morningside, Whangārei 0110, New Zealand",09 777 0114,+64 9 777 0114,http://www.dentalnorth.co.nz/,4.9,152,OPERATIONAL,https://maps.google.com/?cid=9917479973049067833&g_mp=Cidnb29nbGUubWFwcy5wbGFjZXMudjEuUGxhY2VzLlNlYXJjaFRleHQQAhgEIAA,Monday: 7:30 AM – 5:00 PM; Tuesday: 8:00 AM – 5:00 PM; Wednesday: 7:30 AM – 5:00 PM; Thursday: 8:00 AM – 5:00 PM; Friday: 8:00 AM – 4:30 PM; Saturday: Closed; Sunday: Closed,dental_clinic,Northland,Whangārei,no_prices
Dr. Karthik Mohan,"163 Rodney Street, Wellsford 0900, New Zealand",09 423 8017,+64 9 423 8017,,,,OPERATIONAL,https://maps.google.com/?cid=4984235003478119797&g_mp=Cidnb29nbGUubWFwcy5wbGFjZXMudjEuUGxhY2VzLlNlYXJjaFRleHQQAhgEIAA,,dental_clinic,Northland,Kaiwaka,no_prices
Evolution Dental Ltd,"1A Carr Street, Te Kamo, Whangārei 0112, New Zealand",,,,5,1,OPERATIONAL,https://maps.google.com/?cid=5159725598578379590&g_mp=Cidnb29nbGUubWFwcy5wbGFjZXMudjEuUGxhY2VzLlNlYXJjaFRleHQQAhgEIAA,Monday: 8:00 AM – 4:30 PM; Tuesday: 8:00 AM – 4:30 PM; Wednesday: 8:00 AM – 4:30 PM; Thursday: 8:00 AM – 5:00 PM; Friday: 8:00 AM – 4:30 PM; Saturday: Closed; Sunday: Closed,dental_clinic,Northland,Whangārei,no_prices
Four Square Hikurangi,"29 King Street, Hikurangi 0114, New Zealand",09 433 8818,+64 9 433 8818,https://www.foursquare.co.nz/upper-north-island/northland/hikurangi?utm_source=google&utm_medium=organic&utm_campaign=Google+My+Business&utm_term=plcid_12884540354851611325&utm_content=Four+Square+Hikurangi,4.1,196,OPERATIONAL,https://maps.google.com/?cid=16375361506333160030&g_mp=Cidnb29nbGUubWFwcy5wbGFjZXMudjEuUGxhY2VzLlNlYXJjaFRleHQQAhgEIAA,Monday: 7:00 AM – 8:00 PM; Tuesday: 7:00 AM – 8:00 PM; Wednesday: 7:00 AM – 8:00 PM; Thursday: 7:00 AM – 8:00 PM; Friday: 7:00 AM – 8:00 PM; Saturday: 7:00 AM – 8:00 PM; Sunday: 7:30 AM – 8:00 PM,dental_clinic,Northland,Hikurangi,no_prices
Four Square Kaiwaka,"1 Kaiwaka Mangawhai Road, Northland, Kaiwaka 0975, New Zealand",09 431 2227,+64 9 431 2227,https://www.foursquare.co.nz/upper-north-island/northland/kaiwaka?utm_source=google&utm_medium=organic&utm_campaign=Google+My+Business&utm_term=plcid_13535945022390292549&utm_content=Four+Square+Kaiwaka,4.3,95,OPERATIONAL,https://maps.google.com/?cid=14245843759784405774&g_mp=Cidnb29nbGUubWFwcy5wbGFjZXMudjEuUGxhY2VzLlNlYXJjaFRleHQQAhgEIAA,Monday: 7:30 AM – 7:30 PM; Tuesday: 7:30 AM – 7:30 PM; Wednesday: 7:30 AM – 7:30 PM; Thursday: 7:30 AM – 7:30 PM; Friday: 7:30 AM – 7:30 PM; Saturday: 7:30 AM – 7:30 PM; Sunday: 7:30 AM – 7:30 PM,dental_clinic,Northland,Kaiwaka,no_prices
Four Square Kawakawa,"71 Gillies Street, Kawakawa 0210, New Zealand",09 404 0383,+64 9 404 0383,https://www.foursquare.co.nz/upper-north-island/northland/kawakawa?utm_source=google&utm_medium=organic&utm_campaign=Google+My+Business&utm_term=plcid_4502815434252232298&utm_content=Four+Square+Kawakawa,4.3,166,OPERATIONAL,https://maps.google.com/?cid=9887522221219586122&g_mp=Cidnb29nbGUubWFwcy5wbGFjZXMudjEuUGxhY2VzLlNlYXJjaFRleHQQAhgEIAA,Monday: 7:00 AM – 7:00 PM; Tuesday: 7:00 AM – 7:00 PM; Wednesday: 7:00 AM – 7:00 PM; Thursday: 7:00 AM – 7:00 PM; Friday: 7:00 AM – 7:00 PM; Saturday: 8:00 AM – 7:00 PM; Sunday: 9:00 AM – 6:30 PM,dental_clinic,Northland,Kawakawa,no_prices
Four Square Maungaturoto,"163 Hurndall Street East, West, Maungaturoto 0520, New Zealand",09 431 8700,+64 9 431 8700,https://www.foursquare.co.nz/upper-north-island/northland/maungaturoto?utm_source=google&utm_medium=organic&utm_campaign=Google+My+Business&utm_term=plcid_13110930130259868802&utm_content=Four+Square+Maungaturoto,4.2,229,OPERATIONAL,https://maps.google.com/?cid=6276860507397022175&g_mp=Cidnb29nbGUubWFwcy5wbGFjZXMudjEuUGxhY2VzLlNlYXJjaFRleHQQAhgEIAA,Monday: 7:30 AM – 6:30 PM; Tuesday: 7:30 AM – 6:30 PM; Wednesday: 7:30 AM – 6:30 PM; Thursday: 7:30 AM – 6:30 PM; Friday: 7:30 AM – 6:30 PM; Saturday: 8:00 AM – 6:30 PM; Sunday: 9:00 AM – 6:30 PM,dental_clinic,Northland,Maungaturoto,no_prices
Four Square Waipu,"43 The Centre, Waipu 0510, New Zealand",09 432 0004,+64 9 432 0004,https://www.foursquare.co.nz/upper-north-island/northland/waipu?utm_source=google&utm_medium=organic&utm_campaign=Google+My+Business&utm_term=plcid_11315720231203292717&utm_content=Four+Square+Waipu,4.4,350,OPERATIONAL,https://maps.google.com/?cid=10319142193448004983&g_mp=Cidnb29nbGUubWFwcy5wbGFjZXMudjEuUGxhY2VzLlNlYXJjaFRleHQQAhgEIAA,Monday: 7:00 AM – 8:00 PM; Tuesday: 7:00 AM – 8:00 PM; Wednesday: 7:00 AM – 8:00 PM; Thursday: 7:00 AM – 8:00 PM; Friday: 7:00 AM – 8:00 PM; Saturday: 7:00 AM – 8:00 PM; Sunday: 7:00 AM – 8:00 PM,dental_clinic,Northland,Waipu,no_prices
Gentle Dental Company - Gus Cameron,"2/17 Rust Avenue, Whangārei 0110, New Zealand",09 430 0046,+64 9 430 0046,,3.8,9,OPERATIONAL,https://maps.google.com/?cid=8587357042410832791&g_mp=Cidnb29nbGUubWFwcy5wbGFjZXMudjEuUGxhY2VzLlNlYXJjaFRleHQQAhgEIAA,Monday: 8:30 AM – 5:00 PM; Tuesday: 8:30 AM – 5:00 PM; Wednesday: 8:30 AM – 5:00 PM; Thursday: 8:30 AM – 5:00 PM; Friday: 8:30 AM – 5:00 PM; Saturday: Closed; Sunday: Closed,dental_clinic,Northland,Whangārei,no_prices
Gentle Dental Ruakaka,"19/378 Marsden Point Road, Ruakākā 0171, New Zealand",09 432 8139,+64 9 432 8139,,5,6,OPERATIONAL,https://maps.google.com/?cid=7852291358313617809&g_mp=Cidnb29nbGUubWFwcy5wbGFjZXMudjEuUGxhY2VzLlNlYXJjaFRleHQQAhgEIAA,Monday: 8:30 AM – 5:00 PM; Tuesday: 8:30 AM – 5:00 PM; Wednesday: 8:30 AM – 5:00 PM; Thursday: 8:30 AM – 5:00 PM; Friday: 8:30 AM – 5:00 PM; Saturday: Closed; Sunday: Closed,dental_clinic,Northland,Ruakākā,no_prices
Hikurangi Veterinary Services - Northland Veterinary Services,"Cnr George Street & Parks Streets, Hikurangi 0114, New Zealand",09 470 1060,+64 9 470 1060,https://www.northvets.co.nz/locations/hikurangi/,4.6,49,OPERATIONAL,https://maps.google.com/?cid=16302676479180831291&g_mp=Cidnb29nbGUubWFwcy5wbGFjZXMudjEuUGxhY2VzLlNlYXJjaFRleHQQAhgEIAA,Monday: 8:00 AM – 5:00 PM; Tuesday: 8:00 AM – 5:00 PM; Wednesday: 8:00 AM – 5:00 PM; Thursday: 8:00 AM – 5:00 PM; Friday: 8:00 AM – 5:00 PM; Saturday: Closed; Sunday: Closed,dental_clinic,Northland,Hikurangi,no_prices
Hokianga Health Enterprise Trust,"163 Parnell Street, Rawene 0473, New Zealand",09 405 7709,+64 9 405 7709,http://www.hokiangahealth.org.nz/index.php,4.9,7,OPERATIONAL,https://maps.google.com/?cid=10591240606821047037&g_mp=Cidnb29nbGUubWFwcy5wbGFjZXMudjEuUGxhY2VzLlNlYXJjaFRleHQQAhgEIAA,Monday: Open 24 hours; Tuesday: Open 24 hours; Wednesday: Open 24 hours; Thursday: Open 24 hours; Friday: Open 24 hours; Saturday: Open 24 hours; Sunday: Open 24 hours,dental_clinic,Northland,Rawene,no_prices
Julie the Dental Hygienist,"15 Porowini Avenue, Morningside, Whangārei 0110, New Zealand",,,https://juliedentalhygienist.co.nz/,,,OPERATIONAL,https://maps.google.com/?cid=8061439575981735882&g_mp=Cidnb29nbGUubWFwcy5wbGFjZXMudjEuUGxhY2VzLlNlYXJjaFRleHQQAhgEIAA,Monday: 8:00 AM – 4:30 PM; Tuesday: 8:00 AM – 5:30 PM; Wednesday: 8:00 AM – 4:00 PM; Thursday: Closed; Friday: Closed; Saturday: Closed; Sunday: Closed,dental_clinic,Northland,Whangārei,no_prices
Kaipara Dental,"30 Hokianga Road, Dargaville 0310, New Zealand",09 439 4911,+64 9 439 4911,https://kaiparadental.com/,4.5,13,OPERATIONAL,https://maps.google.com/?cid=9032786110682704738&g_mp=Cidnb29nbGUubWFwcy5wbGFjZXMudjEuUGxhY2VzLlNlYXJjaFRleHQQAhgEIAA,Monday: 9:00 AM – 4:00 PM; Tuesday: 9:00 AM – 4:00 PM; Wednesday: 9:00 AM – 4:00 PM; Thursday: 9:00 AM – 4:00 PM; Friday: Closed; Saturday: Closed; Sunday: Closed,dental_clinic,Northland,Dargaville,no_prices
Kaitaia Primary School Dental Clinic,"5 Church Road, Kaitaia 0410, New Zealand",09 408 2310,+64 9 408 2310,,,,OPERATIONAL,https://maps.google.com/?cid=14332808664810950005&g_mp=Cidnb29nbGUubWFwcy5wbGFjZXMudjEuUGxhY2VzLlNlYXJjaFRleHQQAhgEIAA,,dental_clinic,Northland,Kaitāia,no_prices
Kamo Community Oral Health Clinic,"3 Grant Street, Te Kamo, Whangārei 0112, New Zealand",0800 698 3384,+64 800 698 3384,https://www.northlanddhb.org.nz/our-services/a-z/oral-health-service/,5,6,OPERATIONAL,https://maps.google.com/?cid=4907900915891595400&g_mp=Cidnb29nbGUubWFwcy5wbGFjZXMudjEuUGxhY2VzLlNlYXJjaFRleHQQAhgEIAA,Monday: 8:00 AM – 5:00 PM; Tuesday: 8:00 AM – 5:00 PM; Wednesday: 8:00 AM – 5:00 PM; Thursday: 8:00 AM – 5:00 PM; Friday: 8:00 AM – 5:00 PM; Saturday: Closed; Sunday: Closed,dental_clinic,Northland,Whangārei,no_prices
Kamo Dental,"2 Grant Street, Te Kamo, Whangārei 0112, New Zealand",09 435 1431,+64 9 435 1431,http://kamodental.co.nz/,4.6,11,OPERATIONAL,https://maps.google.com/?cid=14708633504669318824&g_mp=Cidnb29nbGUubWFwcy5wbGFjZXMudjEuUGxhY2VzLlNlYXJjaFRleHQQAhgEIAA,Monday: 8:00 AM – 5:00 PM; Tuesday: 8:00 AM – 5:00 PM; Wednesday: 8:00 AM – 5:00 PM; Thursday: 8:00 AM – 5:00 PM; Friday: 8:00 AM – 5:00 PM; Saturday: Closed; Sunday: Closed,dental_clinic,Northland,Whangārei,no_prices
Kawakawa Pharmacy Ltd,"21-23 Gillies Street, Kawakawa 0210, New Zealand",09 404 0519,+64 9 404 0519,https://www.healthpoint.co.nz/pharmacy/pharmacy/kawakawa-pharmacy/,4.4,16,OPERATIONAL,https://maps.google.com/?cid=12487505538712146370&g_mp=Cidnb29nbGUubWFwcy5wbGFjZXMudjEuUGxhY2VzLlNlYXJjaFRleHQQAhgEIAA,Monday: 9:00 AM – 5:30 PM; Tuesday: 9:00 AM – 5:30 PM; Wednesday: 9:00 AM – 5:30 PM; Thursday: 9:00 AM – 5:30 PM; Friday: 9:00 AM – 5:30 PM; Saturday: 9:30 AM – 12:00 PM; Sunday: Closed,dental_clinic,Northland,Kawakawa,no_prices
Kensington Dental,"22 Kensington Avenue, Kensington, Whangārei 0112, New Zealand",09 437 0043,+64 9 437 0043,https://www.kensingtondental.co.nz/,4.8,76,OPERATIONAL,https://maps.google.com/?cid=17373407141048355782&g_mp=Cidnb29nbGUubWFwcy5wbGFjZXMudjEuUGxhY2VzLlNlYXJjaFRleHQQAhgEIAA,Monday: 8:00 AM – 4:30 PM; Tuesday: 8:00 AM – 4:30 PM; Wednesday: 8:00 AM – 4:30 PM; Thursday: 8:00 AM – 4:30 PM; Friday: 8:00 AM – 4:30 PM; Saturday: Closed; Sunday: Closed,dental_clinic,Northland,Whangārei,no_prices
Kerikeri Dental Centre | Lumino The Dentists,"Horizon Building 1st Floor/99 Kerikeri Road, Kerikeri 0230, New Zealand",09 407 8338,+64 9 407 8338,https://lumino.co.nz/dentists/kerikeri-dental-centre/?utm_source=google_business_profile&utm_medium=organic,4.7,72,OPERATIONAL,https://maps.google.com/?cid=15863227826670207090&g_mp=Cidnb29nbGUubWFwcy5wbGFjZXMudjEuUGxhY2VzLlNlYXJjaFRleHQQAhgEIAA,Monday: 8:00 AM – 5:00 PM; Tuesday: 8:00 AM – 5:00 PM; Wednesday: 8:00 AM – 5:00 PM; Thursday: 8:00 AM – 5:00 PM; Friday: 8:00 AM – 5:00 PM; Saturday: Closed; Sunday: Closed,dental_clinic,Northland,Kerikeri,some_prices
Kowhai Dental Kensington,"8 Kensington Avenue, Kensington, Whangārei 0112, New Zealand",09 430 0707,+64 9 430 0707,http://www.kowhaidental.co.nz/,4.8,11,OPERATIONAL,https://maps.google.com/?cid=13060043408284828889&g_mp=Cidnb29nbGUubWFwcy5wbGFjZXMudjEuUGxhY2VzLlNlYXJjaFRleHQQAhgEIAA,Monday: 7:00 AM – 3:00 PM; Tuesday: 7:00 AM – 3:00 PM; Wednesday: 7:00 AM – 3:00 PM; Thursday: 7:00 AM – 3:00 PM; Friday: 7:00 AM – 3:00 PM; Saturday: Closed; Sunday: Closed,dental_clinic,Northland,Whangārei,full_prices
Kowhai Dental Whangārei,"61-65 Maunu Road, Woodhill, Whangārei 0110, New Zealand",09 430 0707,+64 9 430 0707,https://www.kowhaidental.co.nz/,4.8,782,OPERATIONAL,https://maps.google.com/?cid=3218589431291469955&g_mp=Cidnb29nbGUubWFwcy5wbGFjZXMudjEuUGxhY2VzLlNlYXJjaFRleHQQAhgEIAA,Monday: 7:00 AM – 7:00 PM; Tuesday: 7:00 AM – 7:00 PM; Wednesday: 7:00 AM – 7:00 PM; Thursday: 7:00 AM – 7:00 PM; Friday: 7:00 AM – 1:00 PM; Saturday: Closed; Sunday: Closed,dental_clinic,Northland,Whangārei,full_prices
Mangawhai Dental Clinic,"30 Moir Street, Mangawhai 0505, New Zealand",09 431 5884,+64 9 431 5884,http://www.mangawhaidental.co.nz/,4.8,18,OPERATIONAL,https://maps.google.com/?cid=9707091123263073197&g_mp=Cidnb29nbGUubWFwcy5wbGFjZXMudjEuUGxhY2VzLlNlYXJjaFRleHQQAhgEIAA,Monday: 8:30 AM – 5:00 PM; Tuesday: 8:30 AM – 5:00 PM; Wednesday: 8:30 AM – 5:00 PM; Thursday: 8:30 AM – 5:00 PM; Friday: 8:30 AM – 5:00 PM; Saturday: Closed; Sunday: Closed,dental_clinic,Northland,Mangawhai,no_prices
Mark Fraser Dental,"5 Maraenui Drive, Kerikeri 0293, New Zealand",09 407 4545,+64 9 407 4545,https://markfraserdental.co.nz/,4.8,31,OPERATIONAL,https://maps.google.com/?cid=17786698805296604621&g_mp=Cidnb29nbGUubWFwcy5wbGFjZXMudjEuUGxhY2VzLlNlYXJjaFRleHQQAhgEIAA,Monday: 8:00 AM – 5:00 PM; Tuesday: 8:00 AM – 5:00 PM; Wednesday: 8:00 AM – 5:00 PM; Thursday: 8:00 AM – 5:00 PM; Friday: 8:00 AM – 5:00 PM; Saturday: Closed; Sunday: Closed,dental_clinic,Northland,Kerikeri,no_prices
Mark Jones Dental Surgery,"1/19-23 Hobson Avenue, Kerikeri 0230, New Zealand",09 407 7630,+64 9 407 7630,http://www.markjonesdentalsurgery.co.nz/,4.8,12,OPERATIONAL,https://maps.google.com/?cid=8791910393640681893&g_mp=Cidnb29nbGUubWFwcy5wbGFjZXMudjEuUGxhY2VzLlNlYXJjaFRleHQQAhgEIAA,Monday: 8:30 AM – 5:00 PM; Tuesday: 8:30 AM – 5:00 PM; Wednesday: 8:30 AM – 5:00 PM; Thursday: 8:30 AM – 5:00 PM; Friday: 9:00 AM – 5:00 PM; Saturday: Closed; Sunday: Closed,dental_clinic,Northland,Kerikeri,no_prices
Maunu Dental,"19 Maunu Road, Maunu, Whangārei 0110, New Zealand",09 438 4400,+64 9 438 4400,http://www.maunudental.co.nz/,4.9,137,OPERATIONAL,https://maps.google.com/?cid=1291004012111773458&g_mp=Cidnb29nbGUubWFwcy5wbGFjZXMudjEuUGxhY2VzLlNlYXJjaFRleHQQAhgEIAA,Monday: 8:00 AM – 5:00 PM; Tuesday: 8:00 AM – 5:00 PM; Wednesday: 8:00 AM – 5:00 PM; Thursday: 8:00 AM – 5:00 PM; Friday: 8:00 AM – 4:00 PM; Saturday: Closed; Sunday: Closed,dental_clinic,Northland,Whangārei,no_prices
New World Kaikohe,"8 Marino Place, Kaikohe 0405, New Zealand",09 401 5088,+64 9 401 5088,http://www.newworld.co.nz/,4.2,566,OPERATIONAL,https://maps.google.com/?cid=10570302278905938904&g_mp=Cidnb29nbGUubWFwcy5wbGFjZXMudjEuUGxhY2VzLlNlYXJjaFRleHQQAhgEIAA,Monday: 7:00 AM – 9:00 PM; Tuesday: 7:00 AM – 9:00 PM; Wednesday: 7:00 AM – 9:00 PM; Thursday: 7:00 AM – 9:00 PM; Friday: 7:00 AM – 9:00 PM; Saturday: 7:00 AM – 9:00 PM; Sunday: 7:00 AM – 9:00 PM,dental_clinic,Northland,Kaikohe,no_prices
Ngati Hine Health Trust,"2/4 Rayner Street, Kawakawa 0210, New Zealand",0800 737 573,+64 800 737 573,http://www.nhht.co.nz/,4.7,40,OPERATIONAL,https://maps.google.com/?cid=12574779558357718735&g_mp=Cidnb29nbGUubWFwcy5wbGFjZXMudjEuUGxhY2VzLlNlYXJjaFRleHQQAhgEIAA,Monday: 8:30 AM – 5:00 PM; Tuesday: 8:30 AM – 5:00 PM; Wednesday: 8:30 AM – 5:00 PM; Thursday: 8:30 AM – 5:00 PM; Friday: 8:30 AM – 5:00 PM; Saturday: Closed; Sunday: Closed,dental_clinic,Northland,Kawakawa,no_prices
Northland Dental Laboratory,"21 Albert Street, Whangārei, Vinetown 0110, New Zealand",09 438 1205,+64 9 438 1205,https://yellow.co.nz/y/northland-dental-laboratory-albert,4.8,12,OPERATIONAL,https://maps.google.com/?cid=475698060566703257&g_mp=Cidnb29nbGUubWFwcy5wbGFjZXMudjEuUGxhY2VzLlNlYXJjaFRleHQQAhgEIAA,,dental_clinic,Northland,Whangārei,no_prices
Oral Health Clinic,"10 Alexander Street, Whangārei 0110, New Zealand",,,,3,2,OPERATIONAL,https://maps.google.com/?cid=1760626465461918657&g_mp=Cidnb29nbGUubWFwcy5wbGFjZXMudjEuUGxhY2VzLlNlYXJjaFRleHQQAhgEIAA,,dental_clinic,Northland,Whangārei,no_prices
Oral Health Clinic,"123 Hone Heke Road, Kerikeri 0230, New Zealand",0800 698 3384,+64 800 698 3384,https://www.northlanddhb.org.nz/our-services/a-z/oral-health-service/,5,2,OPERATIONAL,https://maps.google.com/?cid=11273301347931265404&g_mp=Cidnb29nbGUubWFwcy5wbGFjZXMudjEuUGxhY2VzLlNlYXJjaFRleHQQAhgEIAA,Monday: Closed; Tuesday: Open 24 hours; Wednesday: Closed; Thursday: Closed; Friday: Closed; Saturday: Closed; Sunday: Closed,dental_clinic,Northland,Kerikeri,no_prices
Oral Health Clinic,"Charlotte Street, Dargaville 0310, New Zealand",,,,,,OPERATIONAL,https://maps.google.com/?cid=794605987598230225&g_mp=Cidnb29nbGUubWFwcy5wbGFjZXMudjEuUGxhY2VzLlNlYXJjaFRleHQQAhgEIAA,,dental_clinic,Northland,Dargaville,no_prices
Paihia Dental Practice | Lumino The Dentists,"1A Joyces Road, Paihia 0200, New Zealand",09 402 7714,+64 9 402 7714,https://lumino.co.nz/dentists/paihia-dental-practice/?utm_source=google_business_profile&utm_medium=organic,4.9,15,OPERATIONAL,https://maps.google.com/?cid=6670777269818850232&g_mp=Cidnb29nbGUubWFwcy5wbGFjZXMudjEuUGxhY2VzLlNlYXJjaFRleHQQAhgEIAA,Monday: 8:30 AM – 5:00 PM; Tuesday: 8:30 AM – 5:00 PM; Wednesday: 8:30 AM – 5:00 PM; Thursday: 8:30 AM – 5:00 PM; Friday: Closed; Saturday: Closed; Sunday: Closed,dental_clinic,Northland,Paihia,some_prices
Rawene Clinic,"163 Parnell Street, Rawene 0473, New Zealand",09 405 7709,+64 9 405 7709,https://bookmyvaccine.nz,,,OPERATIONAL,https://maps.google.com/?cid=5176273020944758422&g_mp=Cidnb29nbGUubWFwcy5wbGFjZXMudjEuUGxhY2VzLlNlYXJjaFRleHQQAhgEIAA,,dental_clinic,Northland,Rawene,no_prices
Rescue Dentist - Dr. Dennis Shepherd,"2 Puriri Park Road, Maunu, Whangārei 0110, New Zealand",09 438 7694,+64 9 438 7694,https://www.rescuedentist.co.nz/,5,32,OPERATIONAL,https://maps.google.com/?cid=5031370166491119348&g_mp=Cidnb29nbGUubWFwcy5wbGFjZXMudjEuUGxhY2VzLlNlYXJjaFRleHQQAhgEIAA,Monday: 8:30 AM – 4:30 PM; Tuesday: 8:30 AM – 4:30 PM; Wednesday: 8:30 AM – 4:30 PM; Thursday: 8:30 AM – 4:30 PM; Friday: 8:30 AM – 4:00 PM; Saturday: Closed; Sunday: Closed,dental_clinic,Northland,Whangārei,no_prices
Skin Image Waipu,"86 The Centre, Waipu 0510, New Zealand",022 394 1184,+64 22 394 1184,http://www.skinimage.co.nz/,5,30,OPERATIONAL,https://maps.google.com/?cid=7614593959584696010&g_mp=Cidnb29nbGUubWFwcy5wbGFjZXMudjEuUGxhY2VzLlNlYXJjaFRleHQQAhgEIAA,Monday: 9:00 AM – 7:00 PM; Tuesday: Closed; Wednesday: 9:00 AM – 7:00 PM; Thursday: Closed; Friday: 9:00 AM – 7:00 PM; Saturday: Closed; Sunday: Closed,dental_clinic,Northland,Waipu,no_prices
Smart Start Interlocks,"10 Griffin Road, Maungaturoto 0583, New Zealand",0800 002 182,+64 800 002 182,https://www.smartstartinterlocks.co.nz/,4.7,352,OPERATIONAL,https://maps.google.com/?cid=16043493086170801588&g_mp=Cidnb29nbGUubWFwcy5wbGFjZXMudjEuUGxhY2VzLlNlYXJjaFRleHQQAhgEIAA,Monday: 7:00 AM – 5:00 PM; Tuesday: 7:00 AM – 5:00 PM; Wednesday: 7:00 AM – 5:00 PM; Thursday: 7:00 AM – 5:00 PM; Friday: 7:00 AM – 5:00 PM; Saturday: Closed; Sunday: Closed,dental_clinic,Northland,Maungaturoto,no_prices
Smile Care Dental Studio,"142 Bank Street, Regent, Whangārei 0112, New Zealand",09 438 8181,+64 9 438 8181,https://www.smilecaredentalstudio.co.nz/contact.html,4.9,105,OPERATIONAL,https://maps.google.com/?cid=11043352131560039505&g_mp=Cidnb29nbGUubWFwcy5wbGFjZXMudjEuUGxhY2VzLlNlYXJjaFRleHQQAhgEIAA,Monday: 8:30 AM – 5:30 PM; Tuesday: 8:30 AM – 5:30 PM; Wednesday: 8:30 AM – 5:30 PM; Thursday: 8:30 AM – 5:30 PM; Friday: 8:30 AM – 5:30 PM; Saturday: Closed; Sunday: Closed,dental_clinic,Northland,Whangārei,some_prices
Take Ngakau,"2 Raihara Street, Kaikohe 0405, New Zealand",09 401 0906,+64 9 401 0906,,,,OPERATIONAL,https://maps.google.com/?cid=2211048087249718924&g_mp=Cidnb29nbGUubWFwcy5wbGFjZXMudjEuUGxhY2VzLlNlYXJjaFRleHQQAhgEIAA,,dental_clinic,Northland,Kaikohe,no_prices
Te Hau Ora O Ngāpuhi,"113 Broadway, Kaikohe 0405, New Zealand",09 405 2647,+64 9 405 2647,https://tehauoraongapuhi.org/,4.8,4,OPERATIONAL,https://maps.google.com/?cid=18061533244631658042&g_mp=Cidnb29nbGUubWFwcy5wbGFjZXMudjEuUGxhY2VzLlNlYXJjaFRleHQQAhgEIAA,Monday: 8:30 AM – 5:00 PM; Tuesday: 8:30 AM – 5:00 PM; Wednesday: 8:30 AM – 5:00 PM; Thursday: 8:30 AM – 5:00 PM; Friday: 8:30 AM – 5:00 PM; Saturday: Closed; Sunday: Closed,dental_clinic,Northland,Kaikohe,no_prices
Team Dental Whangarei,"34/48 Reyburn Street, Whangārei 0110, New Zealand",09 438 4760,+64 9 438 4760,https://www.team-dental.co.nz/northland/whangarei/?utm_campaign=whangarei&utm_medium=gbp&utm_source=google,4.7,192,OPERATIONAL,https://maps.google.com/?cid=954584607759340842&g_mp=Cidnb29nbGUubWFwcy5wbGFjZXMudjEuUGxhY2VzLlNlYXJjaFRleHQQAhgEIAA,Monday: 9:00 AM – 5:00 PM; Tuesday: 9:00 AM – 5:00 PM; Wednesday: 9:00 AM – 5:00 PM; Thursday: 9:00 AM – 5:00 PM; Friday: 9:00 AM – 5:00 PM; Saturday: 9:00 AM – 3:00 PM; Sunday: Closed,dental_clinic,Northland,Whangārei,some_prices
The Cosmetic Clinic Whangarei,"49 Cameron Street, Whangārei, Northland 0110, New Zealand",09 601 3339,+64 9 601 3339,https://www.thecosmeticclinic.co.nz/?utm_source=google&utm_medium=organic&utm_campaign=gmb&utm_term=website+link,5,138,OPERATIONAL,https://maps.google.com/?cid=3035480113537349125&g_mp=Cidnb29nbGUubWFwcy5wbGFjZXMudjEuUGxhY2VzLlNlYXJjaFRleHQQAhgEIAA,Monday: 9:00 AM – 6:00 PM; Tuesday: 9:00 AM – 6:00 PM; Wednesday: 9:00 AM – 6:00 PM; Thursday: 9:00 AM – 7:00 PM; Friday: 9:00 AM – 6:00 PM; Saturday: 10:00 AM – 4:00 PM; Sunday: Closed,dental_clinic,Northland,Whangārei,no_prices
The Fono Kaikohe Family Care Centre,"151 Broadway, Kaikohe 0405, New Zealand",09 405 2647,+64 9 405 2647,http://www.thefono.org/,,,OPERATIONAL,https://maps.google.com/?cid=18063191228907256497&g_mp=Cidnb29nbGUubWFwcy5wbGFjZXMudjEuUGxhY2VzLlNlYXJjaFRleHQQAhgEIAA,Monday: 8:30 AM – 5:00 PM; Tuesday: 8:30 AM – 5:00 PM; Wednesday: 8:30 AM – 5:00 PM; Thursday: 8:30 AM – 5:00 PM; Friday: 8:30 AM – 5:00 PM; Saturday: Closed; Sunday: Closed,dental_clinic,Northland,Kaikohe,no_prices
The Gentle Dental Company,"1/17 Rust Avenue, Whangārei 0110, New Zealand",09 438 7744,+64 9 438 7744,,5,2,OPERATIONAL,https://maps.google.com/?cid=2445442847065716183&g_mp=Cidnb29nbGUubWFwcy5wbGFjZXMudjEuUGxhY2VzLlNlYXJjaFRleHQQAhgEIAA,,dental_clinic,Northland,Whangārei,no_prices
The Gentle Dental Company - Joe Hermon,"1/17 Rust Avenue, Whangārei 0110, New Zealand",09 438 7744,+64 9 438 7744,http://www.gentledental.net.nz/,4.9,12,OPERATIONAL,https://maps.google.com/?cid=1730319656185409544&g_mp=Cidnb29nbGUubWFwcy5wbGFjZXMudjEuUGxhY2VzLlNlYXJjaFRleHQQAhgEIAA,Monday: 8:00 AM – 5:00 PM; Tuesday: 8:00 AM – 5:00 PM; Wednesday: 8:00 AM – 5:00 PM; Thursday: 8:00 AM – 5:00 PM; Friday: 8:00 AM – 5:00 PM; Saturday: Closed; Sunday: Closed,dental_clinic,Northland,Whangārei,no_prices
The Smile Clinic,"1381 State Highway 10, Kerikeri 0293, New Zealand",09 945 6295,+64 9 945 6295,https://www.thesmileclinic.co.nz/,5,19,OPERATIONAL,https://maps.google.com/?cid=13157990134434907181&g_mp=Cidnb29nbGUubWFwcy5wbGFjZXMudjEuUGxhY2VzLlNlYXJjaFRleHQQAhgEIAA,Monday: 7:30 AM – 6:15 PM; Tuesday: 7:30 AM – 4:00 PM; Wednesday: 7:30 AM – 6:15 PM; Thursday: 7:30 AM – 6:15 PM; Friday: 7:30 AM – 4:00 PM; Saturday: Closed; Sunday: Closed,dental_clinic,Northland,Kerikeri,no_prices
The Vet Centre Waipu,"53 The Centre, Waipu 0510, New Zealand",09 432 0693,+64 9 432 0693,http://www.thevetcentrenorthland.co.nz/,4.7,118,OPERATIONAL,https://maps.google.com/?cid=12289535912422307610&g_mp=Cidnb29nbGUubWFwcy5wbGFjZXMudjEuUGxhY2VzLlNlYXJjaFRleHQQAhgEIAA,Monday: 8:00 AM – 5:00 PM; Tuesday: 8:00 AM – 5:00 PM; Wednesday: 8:00 AM – 5:00 PM; Thursday: 8:00 AM – 5:00 PM; Friday: 8:00 AM – 5:00 PM; Saturday: 9:00 AM – 12:30 PM; Sunday: Closed,dental_clinic,Northland,Waipu,no_prices
The Whitening Co - Whangarei Teeth Whitening,"65 Hannah Street, Whangārei 0110, New Zealand",0800 294 4836,+64 800 294 4836,https://whiteningco.nz/pages/whangarei,5,20,OPERATIONAL,https://maps.google.com/?cid=9935526042626866383&g_mp=Cidnb29nbGUubWFwcy5wbGFjZXMudjEuUGxhY2VzLlNlYXJjaFRleHQQAhgEIAA,Monday: 3:30 – 8:00 PM; Tuesday: 3:30 – 6:00 PM; Wednesday: 3:30 – 8:00 PM; Thursday: 9:00 AM – 8:00 PM; Friday: 9:00 AM – 5:00 PM; Saturday: 10:00 AM – 2:00 PM; Sunday: Closed,dental_clinic,Northland,Whangārei,no_prices
Tikipunga Dental Centre,"Shop 13/81 Paramount Parade, Tikipunga, Whangārei 0112, New Zealand",09 553 3640,+64 9 553 3640,https://www.tikipungadentalcentre.nz/,4.9,103,OPERATIONAL,https://maps.google.com/?cid=5361310003534100459&g_mp=Cidnb29nbGUubWFwcy5wbGFjZXMudjEuUGxhY2VzLlNlYXJjaFRleHQQAhgEIAA,Monday: 8:00 AM – 5:00 PM; Tuesday: 8:00 AM – 5:00 PM; Wednesday: 8:00 AM – 5:00 PM; Thursday: 10:00 AM – 7:00 PM; Friday: Closed; Saturday: Closed; Sunday: Closed,dental_clinic,Northland,Whangārei,no_prices
Unichem Orrs Maungaturoto Pharmacy,"144 Hurndall Street East, Maungaturoto 0520, New Zealand",09 431 8045,+64 9 431 8045,https://www.unichem.co.nz/pharmacy-location-services/unichem-orrs-pharmacy-maungaturoto,4.5,22,OPERATIONAL,https://maps.google.com/?cid=4303083393050159952&g_mp=Cidnb29nbGUubWFwcy5wbGFjZXMudjEuUGxhY2VzLlNlYXJjaFRleHQQAhgEIAA,Monday: 9:00 AM – 5:00 PM; Tuesday: 9:00 AM – 5:00 PM; Wednesday: 9:00 AM – 5:00 PM; Thursday: 9:00 AM – 5:00 PM; Friday: 9:00 AM – 5:00 PM; Saturday: Closed; Sunday: Closed,dental_clinic,Northland,Maungaturoto,no_prices
Unichem Orrs Pharmacy Kaikohe,"34 Broadway, Kaikohe 0405, New Zealand",09 401 0055,+64 9 401 0055,http://www.kaikohepharmacy.co.nz/,4.5,47,OPERATIONAL,https://maps.google.com/?cid=1976910234143223550&g_mp=Cidnb29nbGUubWFwcy5wbGFjZXMudjEuUGxhY2VzLlNlYXJjaFRleHQQAhgEIAA,Monday: 8:30 AM – 5:30 PM; Tuesday: 8:30 AM – 5:30 PM; Wednesday: 8:30 AM – 5:30 PM; Thursday: 8:30 AM – 5:30 PM; Friday: 8:30 AM – 5:30 PM; Saturday: 9:30 AM – 12:30 PM; Sunday: Closed,dental_clinic,Northland,Kaikohe,no_prices
Waipu Liquor Centre,"15 The Centre, Waipu 0510, New Zealand",09 432 0225,+64 9 432 0225,https://www.waipuliquorcentre.co.nz/,4.5,53,OPERATIONAL,https://maps.google.com/?cid=983744586961407523&g_mp=Cidnb29nbGUubWFwcy5wbGFjZXMudjEuUGxhY2VzLlNlYXJjaFRleHQQAhgEIAA,Monday: 10:30 AM – 6:30 PM; Tuesday: 10:30 AM – 7:00 PM; Wednesday: 10:30 AM – 7:00 PM; Thursday: 10:30 AM – 7:00 PM; Friday: 10:30 AM – 7:30 PM; Saturday: 10:30 AM – 7:30 PM; Sunday: 11:00 AM – 6:30 PM,dental_clinic,Northland,Waipu,no_prices
Waipu Medical Centre,"56 Cove Road, Waipu 0510, New Zealand",09 432 1190,+64 9 432 1190,,2.2,10,OPERATIONAL,https://maps.google.com/?cid=11559542889183944662&g_mp=Cidnb29nbGUubWFwcy5wbGFjZXMudjEuUGxhY2VzLlNlYXJjaFRleHQQAhgEIAA,Monday: 8:00 AM – 5:00 PM; Tuesday: 8:00 AM – 5:00 PM; Wednesday: 8:00 AM – 5:00 PM; Thursday: 8:00 AM – 5:00 PM; Friday: 8:00 AM – 5:00 PM; Saturday: Closed; Sunday: Closed,dental_clinic,Northland,Waipu,no_prices
Waipu Pharmacy,"25 The Centre, Waipu 0510, New Zealand",09 432 0035,+64 9 432 0035,http://www.waipupharmacy.co.nz/,4.1,23,OPERATIONAL,https://maps.google.com/?cid=472661239990860667&g_mp=Cidnb29nbGUubWFwcy5wbGFjZXMudjEuUGxhY2VzLlNlYXJjaFRleHQQAhgEIAA,Monday: 9:00 AM – 5:00 PM; Tuesday: 9:00 AM – 5:00 PM; Wednesday: 9:00 AM – 5:00 PM; Thursday: 9:00 AM – 5:00 PM; Friday: 9:00 AM – 5:00 PM; Saturday: 9:00 AM – 12:00 PM; Sunday: Closed,dental_clinic,Northland,Waipu,no_prices
Waltdental Ltd,"2 Puriri Park Road, Maunu, Whangārei 0110, New Zealand",09 972 7058,+64 9 972 7058,,5,7,OPERATIONAL,https://maps.google.com/?cid=6248922643750127747&g_mp=Cidnb29nbGUubWFwcy5wbGFjZXMudjEuUGxhY2VzLlNlYXJjaFRleHQQAhgEIAA,Monday: 8:30 AM – 4:30 PM; Tuesday: 8:30 AM – 4:30 PM; Wednesday: 8:30 AM – 4:30 PM; Thursday: 8:30 AM – 4:30 PM; Friday: 8:30 AM – 4:00 PM; Saturday: Closed; Sunday: Closed,dental_clinic,Northland,Whangārei,no_prices
Wellsford Dental Centre,"163 Rodney Street, Wellsford 0900, New Zealand",09 423 8017,+64 9 423 8017,http://wellsforddental.co.nz/,5,73,OPERATIONAL,https://maps.google.com/?cid=14640551905406908076&g_mp=Cidnb29nbGUubWFwcy5wbGFjZXMudjEuUGxhY2VzLlNlYXJjaFRleHQQAhgEIAA,Monday: 8:30 AM – 5:00 PM; Tuesday: 8:30 AM – 5:00 PM; Wednesday: 9:00 AM – 5:00 PM; Thursday: 8:30 AM – 5:00 PM; Friday: 7:30 AM – 3:30 PM; Saturday: Closed; Sunday: Closed,dental_clinic,Northland,Kaiwaka,no_prices
West Coast Dental Kaitaia | Lumino The Dentists,"37 Puckey Avenue, Kaitaia 0410, New Zealand",09 408 4070,+64 9 408 4070,https://lumino.co.nz/dentists/west-coast-dental-kaitaia/?utm_source=google_business_profile&utm_medium=organic,3.4,5,OPERATIONAL,https://maps.google.com/?cid=5482249376729412354&g_mp=Cidnb29nbGUubWFwcy5wbGFjZXMudjEuUGxhY2VzLlNlYXJjaFRleHQQAhgEIAA,Monday: 9:00 AM – 5:00 PM; Tuesday: 9:00 AM – 5:00 PM; Wednesday: 9:00 AM – 5:00 PM; Thursday: 9:00 AM – 5:00 PM; Friday: 9:00 AM – 1:00 PM; Saturday: Closed; Sunday: Closed,dental_clinic,Northland,Kaitāia,some_prices
Whanau Ora Community Clinic - Kaikohe,"158 Broadway, Kaikohe 0405, New Zealand",0800 367 942,+64 800 367 942,http://www.whanauoracommunity.com/,5,2,OPERATIONAL,https://maps.google.com/?cid=3422729438010472404&g_mp=Cidnb29nbGUubWFwcy5wbGFjZXMudjEuUGxhY2VzLlNlYXJjaFRleHQQAhgEIAA,,dental_clinic,Northland,Kaikohe,no_prices
Whangarei,"37 Thomas Street, Tikipunga, Whangārei 0112, New Zealand",,,,,,OPERATIONAL,https://maps.google.com/?cid=4924544104446222273&g_mp=Cidnb29nbGUubWFwcy5wbGFjZXMudjEuUGxhY2VzLlNlYXJjaFRleHQQAhgEIAA,,dental_clinic,Northland,Whangārei,no_prices
Whangarei Hospital,"Private Bag 9742 Maunu Road, Horahora, Whangārei 0148, New Zealand",09 430 4100,+64 9 430 4100,http://www.northlanddhb.org.nz/,4.1,196,OPERATIONAL,https://maps.google.com/?cid=11921036725867346593&g_mp=Cidnb29nbGUubWFwcy5wbGFjZXMudjEuUGxhY2VzLlNlYXJjaFRleHQQAhgEIAA,Monday: Open 24 hours; Tuesday: Open 24 hours; Wednesday: Open 24 hours; Thursday: Open 24 hours; Friday: Open 24 hours; Saturday: Open 24 hours; Sunday: Open 24 hours,dental_clinic,Northland,Whangārei,no_prices
White Cross - Whangarei,"32 Reyburn Street, Whangārei 0110, New Zealand",09 470 1083,+64 9 470 1083,,3.8,214,OPERATIONAL,https://maps.google.com/?cid=4701307011986629724&g_mp=Cidnb29nbGUubWFwcy5wbGFjZXMudjEuUGxhY2VzLlNlYXJjaFRleHQQAhgEIAA,Monday: 8:00 AM – 8:00 PM; Tuesday: 8:00 AM – 8:00 PM; Wednesday: 8:00 AM – 8:00 PM; Thursday: 8:00 AM – 8:00 PM; Friday: 8:00 AM – 8:00 PM; Saturday: 8:00 AM – 8:00 PM; Sunday: 8:00 AM – 8:00 PM,dental_clinic,Northland,Whangārei,no_prices
Your Smile Orthodontist,"136 Bank Street, Regent, Whangārei 0110, New Zealand",09 438 1668,+64 9 438 1668,http://www.yoursmileorthodontist.nz/,4.3,27,OPERATIONAL,https://maps.google.com/?cid=9010407822212651087&g_mp=Cidnb29nbGUubWFwcy5wbGFjZXMudjEuUGxhY2VzLlNlYXJjaFRleHQQAhgEIAA,Monday: 8:30 AM – 5:00 PM; Tuesday: 8:30 AM – 5:00 PM; Wednesday: 8:30 AM – 5:00 PM; Thursday: 8:30 AM – 5:00 PM; Friday: 8:30 AM – 1:00 PM; Saturday: Closed; Sunday: Closed,dental_clinic,Northland,Whangārei,no_prices
YourVet,"86 Hurndall Street East, Maungaturoto 0520, New Zealand",09 431 8504,+64 9 431 8504,http://www.yourvet.co.nz/,4.9,38,OPERATIONAL,https://maps.google.com/?cid=7585912697417983639&g_mp=Cidnb29nbGUubWFwcy5wbGFjZXMudjEuUGxhY2VzLlNlYXJjaFRleHQQAhgEIAA,Monday: 8:00 AM – 5:00 PM; Tuesday: 8:00 AM – 5:00 PM; Wednesday: 8:00 AM – 5:00 PM; Thursday: 8:00 AM – 5:00 PM; Friday: 8:00 AM – 5:00 PM; Saturday: 9:00 AM – 12:00 PM; Sunday: Closed,dental_clinic,Northland,Maungaturoto,no_prices
Yourvet ltd,"8 Millbrook Road, Waipu 0582, New Zealand",09 432 0500,+64 9 432 0500,http://www.yourvet.co.nz/,4.9,121,OPERATIONAL,https://maps.google.com/?cid=5267179420779707710&g_mp=Cidnb29nbGUubWFwcy5wbGFjZXMudjEuUGxhY2VzLlNlYXJjaFRleHQQAhgEIAA,Monday: 8:00 AM – 5:00 PM; Tuesday: 8:00 AM – 5:00 PM; Wednesday: 8:00 AM – 5:00 PM; Thursday: 8:00 AM – 6:00 PM; Friday: 8:00 AM – 5:00 PM; Saturday: 9:00 AM – 12:00 PM; Sunday: Closed,dental_clinic,Northland,Waipu,no_prices
youDENTAL,"17 Rust Avenue, Whangārei 0110, New Zealand",09 430 0046,+64 9 430 0046,http://www.youdental.co.nz/,4.8,34,OPERATIONAL,https://maps.google.com/?cid=10726046062587010023&g_mp=Cidnb29nbGUubWFwcy5wbGFjZXMudjEuUGxhY2VzLlNlYXJjaFRleHQQAhgEIAA,Monday: 8:00 AM – 5:00 PM; Tuesday: 8:00 AM – 5:00 PM; Wednesday: 8:00 AM – 5:00 PM; Thursday: 8:00 AM – 5:00 PM; Friday: 8:00 AM – 5:00 PM; Saturday: Closed; Sunday: Closed,dental_clinic,Northland,Whangārei,no_prices
A1 smile clinic,"123 Balmacewen Road, Wakari, Dunedin 9010, New Zealand",0800 176 453,+64 800 176 453,https://www.a1smile.co.nz/,5,6,OPERATIONAL,https://maps.google.com/?cid=16676415918765063267&g_mp=Cidnb29nbGUubWFwcy5wbGFjZXMudjEuUGxhY2VzLlNlYXJjaFRleHQQAhgEIAA,Monday: 9:00 AM – 5:00 PM; Tuesday: 9:00 AM – 5:00 PM; Wednesday: 9:00 AM – 5:00 PM; Thursday: 9:00 AM – 5:00 PM; Friday: 9:00 AM – 5:00 PM; Saturday: Closed; Sunday: Closed,dental_clinic,Otago,Dunedin,no_prices
Arrowtown Medical & Health,"1 Berkshire Street, Queenstown 9302, New Zealand",03 442 0144,+64 3 442 0144,https://www.arrowmedhlth.nz/,5,2,OPERATIONAL,https://maps.google.com/?cid=6370234256393061121&g_mp=Cidnb29nbGUubWFwcy5wbGFjZXMudjEuUGxhY2VzLlNlYXJjaFRleHQQAhgEIAA,Monday: 9:00 AM – 5:00 PM; Tuesday: 9:00 AM – 5:00 PM; Wednesday: 9:00 AM – 5:00 PM; Thursday: 9:00 AM – 5:00 PM; Friday: 9:00 AM – 5:00 PM; Saturday: 9:00 AM – 12:00 PM; Sunday: Closed,needs_verification,Otago,Queenstown,no_prices
Aspiring Dental,"64 Brownston Street, Wānaka 9305, New Zealand",03 443 7705,+64 3 443 7705,https://aspiringdental.co.nz/,4.9,521,OPERATIONAL,https://maps.google.com/?cid=14699609785654327786&g_mp=Cidnb29nbGUubWFwcy5wbGFjZXMudjEuUGxhY2VzLlNlYXJjaFRleHQQAhgEIAA,Monday: 8:30 AM – 5:00 PM; Tuesday: 8:30 AM – 5:00 PM; Wednesday: 8:30 AM – 5:00 PM; Thursday: 8:30 AM – 5:00 PM; Friday: 8:30 AM – 5:00 PM; Saturday: Closed; Sunday: Closed,dental_clinic,Otago,Wānaka,full_prices
Bell Hill Dental,"109 Princes Street, Central Dunedin, Dunedin 9016, New Zealand",03 477 8387,+64 3 477 8387,https://www.bellhilldental.co.nz/?utm_source=local&utm_medium=organic&utm_campaign=gmb&utm_term=home,4.9,74,OPERATIONAL,https://maps.google.com/?cid=5277433504675763758&g_mp=Cidnb29nbGUubWFwcy5wbGFjZXMudjEuUGxhY2VzLlNlYXJjaFRleHQQAhgEIAA,Monday: 8:30 AM – 5:00 PM; Tuesday: 8:30 AM – 5:00 PM; Wednesday: 8:30 AM – 8:00 PM; Thursday: 8:30 AM – 5:00 PM; Friday: 8:30 AM – 5:00 PM; Saturday: Closed; Sunday: Closed,dental_clinic,Otago,Dunedin,no_prices
Bespoke Smiles Wanaka,"2/5 Sir Tim Wallis Drive, Wānaka 9305, New Zealand",03 443 1399,+64 3 443 1399,https://www.bespokesmiles.co.nz/?utm_source=google&utm_medium=organic&utm_campaign=gbp,5,85,OPERATIONAL,https://maps.google.com/?cid=8568890436630349022&g_mp=Cidnb29nbGUubWFwcy5wbGFjZXMudjEuUGxhY2VzLlNlYXJjaFRleHQQAhgEIAA,Monday: 8:30 AM – 5:00 PM; Tuesday: 8:30 AM – 7:00 PM; Wednesday: 8:30 AM – 5:00 PM; Thursday: 8:30 AM – 7:00 PM; Friday: 8:30 AM – 5:00 PM; Saturday: 8:30 AM – 12:00 PM; Sunday: Closed,dental_clinic,Otago,Wānaka,some_prices
CAP Dental,"Burns House Level 3/10 George Street, Central Dunedin, Dunedin 9016, New Zealand",03 477 0900,+64 3 477 0900,https://www.capdental.co.nz/?utm_source=google&utm_medium=wix_google_business_profile&utm_campaign=15700600575008376554,5,3,OPERATIONAL,https://maps.google.com/?cid=2125123745284916680&g_mp=Cidnb29nbGUubWFwcy5wbGFjZXMudjEuUGxhY2VzLlNlYXJjaFRleHQQAhgEIAA,Monday: 9:00 AM – 5:00 PM; Tuesday: 9:00 AM – 5:00 PM; Wednesday: 9:00 AM – 5:00 PM; Thursday: 9:00 AM – 1:00 PM; Friday: 9:00 AM – 1:00 PM; Saturday: Closed; Sunday: Closed,dental_clinic,Otago,Dunedin,no_prices
Central Dental,"17 Brandon Street, Alexandra 9320, New Zealand",03 448 8159,+64 3 448 8159,http://www.centraldental.co.nz/,4.8,16,OPERATIONAL,https://maps.google.com/?cid=5050488306240036219&g_mp=Cidnb29nbGUubWFwcy5wbGFjZXMudjEuUGxhY2VzLlNlYXJjaFRleHQQAhgEIAA,Monday: 8:30 AM – 5:00 PM; Tuesday: 8:30 AM – 5:00 PM; Wednesday: 8:30 AM – 5:00 PM; Thursday: 8:30 AM – 5:00 PM; Friday: 8:30 AM – 5:00 PM; Saturday: Closed; Sunday: Closed,dental_clinic,Otago,Alexandra,no_prices
Central Dental,"102b Barry Avenue, Cromwell 9310, New Zealand",03 448 8159,+64 3 448 8159,http://centraldental.co.nz/,4.9,60,OPERATIONAL,https://maps.google.com/?cid=14693688929311221035&g_mp=Cidnb29nbGUubWFwcy5wbGFjZXMudjEuUGxhY2VzLlNlYXJjaFRleHQQAhgEIAA,Monday: 8:30 AM – 5:00 PM; Tuesday: 8:30 AM – 5:00 PM; Wednesday: 8:30 AM – 5:00 PM; Thursday: 8:30 AM – 5:00 PM; Friday: 8:30 AM – 5:00 PM; Saturday: Closed; Sunday: Closed,dental_clinic,Otago,Cromwell,no_prices
Central Dental - Cromwell,"102B Barry Avenue, Cromwell 9320, New Zealand",03 448 8159,+64 3 448 8159,,5,1,OPERATIONAL,https://maps.google.com/?cid=6969575679656071585&g_mp=Cidnb29nbGUubWFwcy5wbGFjZXMudjEuUGxhY2VzLlNlYXJjaFRleHQQAhgEIAA,Monday: 8:30 AM – 5:00 PM; Tuesday: 8:30 AM – 5:00 PM; Wednesday: 8:30 AM – 5:00 PM; Thursday: 8:30 AM – 5:00 PM; Friday: 8:30 AM – 5:00 PM; Saturday: Closed; Sunday: Closed,dental_clinic,Otago,Cromwell,no_prices
Central Dental Ranfurly,"1 Tyrone Street, Ranfurly 9332, New Zealand",03 448 8159,+64 3 448 8159,http://www.centraldental.co.nz/,,,OPERATIONAL,https://maps.google.com/?cid=18266877503305741682&g_mp=Cidnb29nbGUubWFwcy5wbGFjZXMudjEuUGxhY2VzLlNlYXJjaFRleHQQAhgEIAA,Monday: 9:00 AM – 5:00 PM; Tuesday: 9:00 AM – 5:00 PM; Wednesday: Closed; Thursday: Closed; Friday: Closed; Saturday: Closed; Sunday: Closed,dental_clinic,Otago,Ranfurly,no_prices
Chew Dental,"2 Jenkins Street, Green Island, Dunedin 9018, New Zealand",03 425 0006,+64 3 425 0006,https://www.chewdental.co.nz/,4.8,101,OPERATIONAL,https://maps.google.com/?cid=12551668901605523033&g_mp=Cidnb29nbGUubWFwcy5wbGFjZXMudjEuUGxhY2VzLlNlYXJjaFRleHQQAhgEIAA,Monday: 8:30 AM – 7:00 PM; Tuesday: 8:30 AM – 7:00 PM; Wednesday: 8:30 AM – 7:00 PM; Thursday: 8:30 AM – 5:00 PM; Friday: 8:30 AM – 4:00 PM; Saturday: 8:30 AM – 1:00 PM; Sunday: Closed,dental_clinic,Otago,Dunedin,full_prices
Clutha Dental (Formerly Graham York Dental),"131 Clyde Street, Balclutha 9230, New Zealand",03 418 1294,+64 3 418 1294,https://cluthadental.co.nz/,3.7,12,OPERATIONAL,https://maps.google.com/?cid=10239880587332292113&g_mp=Cidnb29nbGUubWFwcy5wbGFjZXMudjEuUGxhY2VzLlNlYXJjaFRleHQQAhgEIAA,Monday: 8:30 AM – 5:00 PM; Tuesday: 8:30 AM – 5:00 PM; Wednesday: 8:30 AM – 5:00 PM; Thursday: 8:30 AM – 5:00 PM; Friday: 8:30 AM – 5:00 PM; Saturday: Closed; Sunday: Closed,dental_clinic,Otago,Balclutha,no_prices
Community Law Otago,"Dunedin Dental Building Floor 1/169 Princes Street, Central Dunedin, Dunedin 9016, New Zealand",03 474 1922,+64 3 474 1922,https://communitylawotago.com/,4.5,62,OPERATIONAL,https://maps.google.com/?cid=12951653999091876949&g_mp=Cidnb29nbGUubWFwcy5wbGFjZXMudjEuUGxhY2VzLlNlYXJjaFRleHQQAhgEIAA,Monday: 10:00 – 11:30 AM; Tuesday: 10:00 – 11:30 AM; Wednesday: 10:00 – 11:30 AM; Thursday: 10:00 – 11:30 AM; Friday: Closed; Saturday: Closed; Sunday: Closed,needs_verification,Otago,Dunedin,no_prices
Community Oral Health Clinic,"45 Frances Street, Balclutha 9230, New Zealand",03 418 3366,+64 3 418 3366,,5,1,OPERATIONAL,https://maps.google.com/?cid=2391941909813267334&g_mp=Cidnb29nbGUubWFwcy5wbGFjZXMudjEuUGxhY2VzLlNlYXJjaFRleHQQAhgEIAA,,dental_clinic,Otago,Balclutha,no_prices
Community Oral Health Clinic,"43 Exe Street, Oamaru 9400, New Zealand",0800 672 543,+64 800 672 543,https://www.southernhealth.nz/getting-help-you-need/dental-and-oral-health,5,1,OPERATIONAL,https://maps.google.com/?cid=2188873874949548103&g_mp=Cidnb29nbGUubWFwcy5wbGFjZXMudjEuUGxhY2VzLlNlYXJjaFRleHQQAhgEIAA,Monday: 8:00 AM – 4:30 PM; Tuesday: 8:00 AM – 4:30 PM; Wednesday: 8:00 AM – 4:30 PM; Thursday: 8:00 AM – 4:30 PM; Friday: 8:00 AM – 4:30 PM; Saturday: Closed; Sunday: Closed,dental_clinic,Otago,Oamaru,no_prices
Community Oral Health Service,"5 Ventry Street, Alexandra 9320, New Zealand",03 448 5915,+64 3 448 5915,,,,OPERATIONAL,https://maps.google.com/?cid=5575111206287637758&g_mp=Cidnb29nbGUubWFwcy5wbGFjZXMudjEuUGxhY2VzLlNlYXJjaFRleHQQAhgEIAA,,dental_clinic,Otago,Alexandra,no_prices
Cooper & Hunt Dental Care,"4 Frome Street, Oamaru North, Oamaru 9400, New Zealand",03 437 0466,+64 3 437 0466,,3.9,30,OPERATIONAL,https://maps.google.com/?cid=2214729216632474393&g_mp=Cidnb29nbGUubWFwcy5wbGFjZXMudjEuUGxhY2VzLlNlYXJjaFRleHQQAhgEIAA,Monday: 8:00 AM – 5:00 PM; Tuesday: 8:00 AM – 5:00 PM; Wednesday: 8:00 AM – 5:00 PM; Thursday: 8:00 AM – 5:00 PM; Friday: 8:00 AM – 5:00 PM; Saturday: Closed; Sunday: Closed,dental_clinic,Otago,Oamaru,no_prices
Cromwell Dental Centre,"33 The Mall, Cromwell 9310, New Zealand",03 445 1177,+64 3 445 1177,http://www.cromwelldental.co.nz/,4.9,35,OPERATIONAL,https://maps.google.com/?cid=11344884941416425388&g_mp=Cidnb29nbGUubWFwcy5wbGFjZXMudjEuUGxhY2VzLlNlYXJjaFRleHQQAhgEIAA,Monday: 8:30 AM – 5:00 PM; Tuesday: 8:30 AM – 5:00 PM; Wednesday: 8:30 AM – 5:00 PM; Thursday: 8:30 AM – 5:00 PM; Friday: 8:30 AM – 5:00 PM; Saturday: Closed; Sunday: Closed,dental_clinic,Otago,Cromwell,no_prices
David Campbell Dental Surgery,"10 George Street, Central Dunedin, Dunedin 9016, New Zealand",03 477 9360,+64 3 477 9360,,,,OPERATIONAL,https://maps.google.com/?cid=17993333857701288606&g_mp=Cidnb29nbGUubWFwcy5wbGFjZXMudjEuUGxhY2VzLlNlYXJjaFRleHQQAhgEIAA,,dental_clinic,Otago,Dunedin,no_prices
Dent Design Dental Lab Ltd,"25 Bernard Street, Kenmure, Dunedin 9011, New Zealand",03 453 6776,+64 3 453 6776,https://dentdesigndental.co.nz/,,,OPERATIONAL,https://maps.google.com/?cid=15933584602306465252&g_mp=Cidnb29nbGUubWFwcy5wbGFjZXMudjEuUGxhY2VzLlNlYXJjaFRleHQQAhgEIAA,,dental_clinic,Otago,Dunedin,no_prices
Dental Care Dunedin,"504 George Street, Dunedin North, Dunedin 9016, New Zealand",03 477 8751,+64 3 477 8751,https://dunedindentalcare.nz/,5,26,OPERATIONAL,https://maps.google.com/?cid=5884053572004212434&g_mp=Cidnb29nbGUubWFwcy5wbGFjZXMudjEuUGxhY2VzLlNlYXJjaFRleHQQAhgEIAA,Monday: 9:00 AM – 5:00 PM; Tuesday: 9:00 AM – 5:00 PM; Wednesday: 9:00 AM – 5:00 PM; Thursday: 9:00 AM – 5:00 PM; Friday: 9:00 AM – 1:00 PM; Saturday: Closed; Sunday: Closed,dental_clinic,Otago,Dunedin,no_prices
Dentistry On Musselburgh,"84 Musselburgh Rise Left, Musselburgh, Dunedin 9013, New Zealand",03 455 0621,+64 3 455 0621,https://www.dentistdunedin.co.nz/make-an-appointment/,4.4,10,OPERATIONAL,https://maps.google.com/?cid=4948104744127989791&g_mp=Cidnb29nbGUubWFwcy5wbGFjZXMudjEuUGxhY2VzLlNlYXJjaFRleHQQAhgEIAA,Monday: 8:00 AM – 5:00 PM; Tuesday: 8:00 AM – 5:00 PM; Wednesday: 8:00 AM – 5:00 PM; Thursday: 8:00 AM – 5:00 PM; Friday: 8:00 AM – 5:00 PM; Saturday: 9:00 AM – 5:00 PM; Sunday: Closed,dental_clinic,Otago,Dunedin,no_prices
Dentistry on Highgate (Smith Dental Ltd t/a Dentistry on Highgate),"289B Highgate, Roslyn, Dunedin 9010, New Zealand",03 474 0029,+64 3 474 0029,https://www.dunedindentists.nz/,4.4,7,OPERATIONAL,https://maps.google.com/?cid=18261763617544474889&g_mp=Cidnb29nbGUubWFwcy5wbGFjZXMudjEuUGxhY2VzLlNlYXJjaFRleHQQAhgEIAA,Monday: 9:00 AM – 5:00 PM; Tuesday: 9:00 AM – 5:00 PM; Wednesday: 9:00 AM – 5:00 PM; Thursday: 9:00 AM – 5:00 PM; Friday: 9:00 AM – 5:00 PM; Saturday: Closed; Sunday: Closed,dental_clinic,Otago,Dunedin,no_prices
Denture Centre Queenstown,"34/159 Gorge Road, Queenstown 9300, New Zealand",03 409 0770,+64 3 409 0770,https://denturecentre.nz/,5,6,OPERATIONAL,https://maps.google.com/?cid=11337052814785735060&g_mp=Cidnb29nbGUubWFwcy5wbGFjZXMudjEuUGxhY2VzLlNlYXJjaFRleHQQAhgEIAA,Monday: 9:00 AM – 5:00 PM; Tuesday: 9:00 AM – 5:00 PM; Wednesday: 9:00 AM – 5:00 PM; Thursday: 9:00 AM – 5:00 PM; Friday: 9:00 AM – 1:00 PM; Saturday: Closed; Sunday: Closed,dental_clinic,Otago,Queenstown,no_prices
Dunbar Wilson Dental,"55 Crawford Street, Dunedin 9016, New Zealand",03 477 9765,+64 3 477 9765,http://dunbarwilson.co.nz/,4.8,17,OPERATIONAL,https://maps.google.com/?cid=17746400324209057229&g_mp=Cidnb29nbGUubWFwcy5wbGFjZXMudjEuUGxhY2VzLlNlYXJjaFRleHQQAhgEIAA,Monday: 8:30 AM – 5:00 PM; Tuesday: 8:30 AM – 5:00 PM; Wednesday: 8:30 AM – 5:00 PM; Thursday: 8:30 AM – 5:00 PM; Friday: 8:30 AM – 4:00 PM; Saturday: Closed; Sunday: Closed,dental_clinic,Otago,Dunedin,no_prices
Duncan Anderson Dental Surgeons,"116 Centennial Avenue, Alexandra 9320, New Zealand",03 440 2119,+64 3 440 2119,http://duncanandersondental.co.nz/,4.7,14,OPERATIONAL,https://maps.google.com/?cid=12509513595176161457&g_mp=Cidnb29nbGUubWFwcy5wbGFjZXMudjEuUGxhY2VzLlNlYXJjaFRleHQQAhgEIAA,,dental_clinic,Otago,Alexandra,no_prices
Duncroft Radiology,"John Wickliffe House, Level 7/265 Princes Street, Central Dunedin, Dunedin 9016, New Zealand",03 477 1447,+64 3 477 1447,,5,1,OPERATIONAL,https://maps.google.com/?cid=15334987142132018069&g_mp=Cidnb29nbGUubWFwcy5wbGFjZXMudjEuUGxhY2VzLlNlYXJjaFRleHQQAhgEIAA,Monday: 8:00 AM – 5:00 PM; Tuesday: 8:00 AM – 5:00 PM; Wednesday: 8:00 AM – 5:00 PM; Thursday: 8:00 AM – 5:00 PM; Friday: 8:00 AM – 5:00 PM; Saturday: Closed; Sunday: Closed,needs_verification,Otago,Dunedin,no_prices
Dunedin Dental,"Dunedin Dental Building 1/169 Princes Street, Central City, Dunedin 9016, New Zealand",03 477 4829,+64 3 477 4829,http://www.dunedindental.co.nz/,4.9,86,OPERATIONAL,https://maps.google.com/?cid=7793601166292115151&g_mp=Cidnb29nbGUubWFwcy5wbGFjZXMudjEuUGxhY2VzLlNlYXJjaFRleHQQAhgEIAA,Monday: 8:30 AM – 5:30 PM; Tuesday: 8:30 AM – 5:30 PM; Wednesday: 8:30 AM – 8:00 PM; Thursday: 8:30 AM – 8:00 PM; Friday: 8:30 AM – 5:30 PM; Saturday: Closed; Sunday: Closed,dental_clinic,Otago,Dunedin,some_prices
Dunedin Dental Laboratory,"333 King Edward Street, South Dunedin, Dunedin 9012, New Zealand",03 455 0989,+64 3 455 0989,,,,OPERATIONAL,https://maps.google.com/?cid=11963796182257904976&g_mp=Cidnb29nbGUubWFwcy5wbGFjZXMudjEuUGxhY2VzLlNlYXJjaFRleHQQAhgEIAA,,dental_clinic,Otago,Dunedin,no_prices
Dunedin Hospital,"201 Great King Street, Central Dunedin, Dunedin 9016, New Zealand",03 474 0999,+64 3 474 0999,https://www.southernhealth.nz/services/dunedin-hospital,3.6,233,OPERATIONAL,https://maps.google.com/?cid=15768077867731236123&g_mp=Cidnb29nbGUubWFwcy5wbGFjZXMudjEuUGxhY2VzLlNlYXJjaFRleHQQAhgEIAA,Monday: Open 24 hours; Tuesday: Open 24 hours; Wednesday: Open 24 hours; Thursday: Open 24 hours; Friday: Open 24 hours; Saturday: Open 24 hours; Sunday: Open 24 hours,needs_verification,Otago,Dunedin,no_prices
Dunedin Orthodontics,"Burns House Level 4/10 George Street, Central Dunedin, Dunedin 9016, New Zealand",03 477 6655,+64 3 477 6655,http://www.dunedinortho.co.nz/,4.9,80,OPERATIONAL,https://maps.google.com/?cid=13749799383749974795&g_mp=Cidnb29nbGUubWFwcy5wbGFjZXMudjEuUGxhY2VzLlNlYXJjaFRleHQQAhgEIAA,Monday: 8:00 AM – 4:00 PM; Tuesday: 8:30 AM – 1:00 PM; Wednesday: 8:30 AM – 4:00 PM; Thursday: Closed; Friday: 8:30 AM – 1:00 PM; Saturday: Closed; Sunday: Closed,dental_clinic,Otago,Dunedin,no_prices
Dunedin South Community Oral Health Clinic,"225 Macandrew Road, South Dunedin, Dunedin 9012, New Zealand",0800 672 543,+64 800 672 543,https://www.southernhealth.nz/services/dunedin-south-community-oral-health-clinic,4.2,6,OPERATIONAL,https://maps.google.com/?cid=16683903948390164492&g_mp=Cidnb29nbGUubWFwcy5wbGFjZXMudjEuUGxhY2VzLlNlYXJjaFRleHQQAhgEIAA,Monday: 8:00 AM – 4:30 PM; Tuesday: 8:00 AM – 4:30 PM; Wednesday: 8:00 AM – 4:30 PM; Thursday: 8:00 AM – 4:30 PM; Friday: 8:00 AM – 4:30 PM; Saturday: Closed; Sunday: Closed,dental_clinic,Otago,Dunedin,no_prices
Dunedin Urgent Doctors & Accident Centre,"18 Filleul Street, Central Dunedin, Dunedin 9016, New Zealand",03 479 2900,+64 3 479 2900,http://www.dunedinurgentdoctors.co.nz/,3.1,149,OPERATIONAL,https://maps.google.com/?cid=15075404216865568451&g_mp=Cidnb29nbGUubWFwcy5wbGFjZXMudjEuUGxhY2VzLlNlYXJjaFRleHQQAhgEIAA,Monday: 8:00 AM – 10:00 PM; Tuesday: 8:00 AM – 10:00 PM; Wednesday: 8:00 AM – 10:00 PM; Thursday: 8:00 AM – 10:00 PM; Friday: 8:00 AM – 10:00 PM; Saturday: 8:00 AM – 10:00 PM; Sunday: 8:00 AM – 10:00 PM,needs_verification,Otago,Dunedin,no_prices
F & F Dental Care Ltd,"2/6 Coquet Street, Oamaru 9400, New Zealand",03 434 8349,+64 3 434 8349,,4.5,13,OPERATIONAL,https://maps.google.com/?cid=7376350229731144456&g_mp=Cidnb29nbGUubWFwcy5wbGFjZXMudjEuUGxhY2VzLlNlYXJjaFRleHQQAhgEIAA,Monday: 8:00 AM – 6:00 PM; Tuesday: 8:00 AM – 5:30 PM; Wednesday: 8:00 AM – 5:30 PM; Thursday: 8:00 AM – 5:30 PM; Friday: 8:00 AM – 5:30 PM; Saturday: Closed; Sunday: Closed,dental_clinic,Otago,Oamaru,no_prices
Faculty of Dentistry,"310 Great King Street North, Dunedin North, Dunedin 9016, New Zealand",03 479 8889,+64 3 479 8889,http://www.otago.ac.nz/dentistry,3.6,46,OPERATIONAL,https://maps.google.com/?cid=4357133845065247946&g_mp=Cidnb29nbGUubWFwcy5wbGFjZXMudjEuUGxhY2VzLlNlYXJjaFRleHQQAhgEIAA,Monday: 8:30 AM – 5:00 PM; Tuesday: 8:30 AM – 5:00 PM; Wednesday: 8:30 AM – 5:00 PM; Thursday: 8:30 AM – 5:00 PM; Friday: 8:30 AM – 5:00 PM; Saturday: Closed; Sunday: Closed,dental_clinic,Otago,Dunedin,full_prices
Farella Orthodontics,"Burns House Level 5/10 George Street, CBD, Dunedin 9016, New Zealand",03 425 7444,+64 3 425 7444,http://farella.co.nz/,5,33,OPERATIONAL,https://maps.google.com/?cid=3319734544975838955&g_mp=Cidnb29nbGUubWFwcy5wbGFjZXMudjEuUGxhY2VzLlNlYXJjaFRleHQQAhgEIAA,Monday: 9:00 AM – 8:00 PM; Tuesday: 9:00 AM – 8:00 PM; Wednesday: 9:00 AM – 8:00 PM; Thursday: 9:00 AM – 8:00 PM; Friday: 9:00 AM – 8:00 PM; Saturday: Closed; Sunday: Closed,dental_clinic,Otago,Dunedin,no_prices
Fine Orthodontist Queenstown,"Shop 102-11, Dart House, 12 Hawthorne Drive, Frankton, Queenstown 9300, New Zealand",03 555 2127,+64 3 555 2127,http://www.fineorthodontics.co.nz/?utm_source=gmb&utm_medium=organic&utm_campaign=google-my-business-listing,4.7,54,OPERATIONAL,https://maps.google.com/?cid=16055006502269553634&g_mp=Cidnb29nbGUubWFwcy5wbGFjZXMudjEuUGxhY2VzLlNlYXJjaFRleHQQAhgEIAA,Monday: 9:30 AM – 5:00 PM; Tuesday: 9:30 AM – 5:00 PM; Wednesday: 9:30 AM – 5:00 PM; Thursday: 9:30 AM – 5:00 PM; Friday: 9:30 AM – 5:00 PM; Saturday: Closed; Sunday: Closed,needs_verification,Otago,Queenstown,no_prices
Fiona Firth Orthodontics (Unison Dental Specialists),"Level 9/8 Water Street, Central Dunedin, Dunedin 9016, New Zealand",021 223 3414,+64 21 223 3414,https://www.firthortho.co.nz/,5,2,OPERATIONAL,https://maps.google.com/?cid=10099918668125368588&g_mp=Cidnb29nbGUubWFwcy5wbGFjZXMudjEuUGxhY2VzLlNlYXJjaFRleHQQAhgEIAA,Monday: Closed; Tuesday: 8:00 AM – 5:00 PM; Wednesday: 8:00 AM – 2:00 PM; Thursday: 8:00 AM – 5:00 PM; Friday: 8:00 AM – 5:00 PM; Saturday: Closed; Sunday: Closed,dental_clinic,Otago,Dunedin,no_prices
Four Square Arrowtown,"32 Adamson Drive, Arrowtown 9302, New Zealand",03 442 1671,+64 3 442 1671,https://www.foursquare.co.nz/south-island/otago/arrowtown?utm_source=google&utm_medium=organic&utm_campaign=Google+My+Business&utm_term=plcid_14296880060199046372&utm_content=Four+Square+Arrowtown,4.5,202,OPERATIONAL,https://maps.google.com/?cid=15573902379366426735&g_mp=Cidnb29nbGUubWFwcy5wbGFjZXMudjEuUGxhY2VzLlNlYXJjaFRleHQQAhgEIAA,Monday: 7:00 AM – 8:00 PM; Tuesday: 7:00 AM – 8:00 PM; Wednesday: 7:00 AM – 8:00 PM; Thursday: 7:00 AM – 8:00 PM; Friday: 7:00 AM – 8:00 PM; Saturday: 7:00 AM – 8:00 PM; Sunday: 7:00 AM – 8:00 PM,needs_verification,Otago,Arrowtown,no_prices
Four Square Tapanui,"44 Northumberland Street, Tapanui 9522, New Zealand",03 204 8630,+64 3 204 8630,https://www.foursquare.co.nz/south-island/otago/tapanui?utm_source=google&utm_medium=organic&utm_campaign=Google+My+Business&utm_term=plcid_289395375963805037&utm_content=Four+Square+Tapanui,4.5,109,OPERATIONAL,https://maps.google.com/?cid=16404264878498423314&g_mp=Cidnb29nbGUubWFwcy5wbGFjZXMudjEuUGxhY2VzLlNlYXJjaFRleHQQAhgEIAA,Monday: 7:30 AM – 7:00 PM; Tuesday: 7:30 AM – 7:00 PM; Wednesday: 7:30 AM – 7:00 PM; Thursday: 7:30 AM – 7:00 PM; Friday: 7:30 AM – 7:00 PM; Saturday: 9:00 AM – 6:00 PM; Sunday: 9:00 AM – 6:00 PM,needs_verification,Otago,Tapanui,no_prices
Frankton Dental Queenstown | Lumino The Dentists,"16 McBride Street, Frankton, Queenstown 9300, New Zealand",03 442 2711,+64 3 442 2711,https://lumino.co.nz/dentists/frankton-dental-queenstown/?utm_source=google%20my%20business&utm_medium=organic,4.9,89,OPERATIONAL,https://maps.google.com/?cid=6487132211158755258&g_mp=Cidnb29nbGUubWFwcy5wbGFjZXMudjEuUGxhY2VzLlNlYXJjaFRleHQQAhgEIAA,Monday: 8:00 AM – 5:00 PM; Tuesday: 8:00 AM – 7:00 PM; Wednesday: 8:00 AM – 5:30 PM; Thursday: 8:00 AM – 5:30 PM; Friday: 7:30 AM – 5:00 PM; Saturday: Closed; Sunday: Closed,dental_clinic,Otago,Queenstown,some_prices
FreshChoice Roxburgh,"93 Scotland Street, Roxburgh 9500, New Zealand",03 446 8118,+64 3 446 8118,https://roxburgh.store.freshchoice.co.nz/,4.4,202,OPERATIONAL,https://maps.google.com/?cid=7169990352498898197&g_mp=Cidnb29nbGUubWFwcy5wbGFjZXMudjEuUGxhY2VzLlNlYXJjaFRleHQQAhgEIAA,Monday: 7:00 AM – 8:00 PM; Tuesday: 7:00 AM – 8:00 PM; Wednesday: 7:00 AM – 8:00 PM; Thursday: 7:00 AM – 8:00 PM; Friday: 7:00 AM – 8:00 PM; Saturday: 7:00 AM – 8:00 PM; Sunday: 7:00 AM – 8:00 PM,needs_verification,Otago,Roxburgh,no_prices
Gardens Dental Dunedin,"26 Bank Street, North East Valley, Dunedin 9010, New Zealand",03 470 1391,+64 3 470 1391,https://gardensdental.nz/,5,3,OPERATIONAL,https://maps.google.com/?cid=10874384477524009593&g_mp=Cidnb29nbGUubWFwcy5wbGFjZXMudjEuUGxhY2VzLlNlYXJjaFRleHQQAhgEIAA,Monday: 9:00 AM – 5:00 PM; Tuesday: 9:00 AM – 5:00 PM; Wednesday: 9:00 AM – 5:00 PM; Thursday: 9:00 AM – 5:00 PM; Friday: 9:00 AM – 5:00 PM; Saturday: Closed; Sunday: Closed,dental_clinic,Otago,Dunedin,no_prices
Gardens Medical Centre,"26 Bank Street, North East Valley, Dunedin 9010, New Zealand",03 473 0144,+64 3 473 0144,https://gardenshealth.co.nz/,3.9,14,OPERATIONAL,https://maps.google.com/?cid=4600565785039098444&g_mp=Cidnb29nbGUubWFwcy5wbGFjZXMudjEuUGxhY2VzLlNlYXJjaFRleHQQAhgEIAA,Monday: 8:30 AM – 5:00 PM; Tuesday: 8:30 AM – 5:00 PM; Wednesday: 8:30 AM – 5:00 PM; Thursday: 8:30 AM – 5:00 PM; Friday: 8:30 AM – 5:00 PM; Saturday: Closed; Sunday: Closed,needs_verification,Otago,Dunedin,no_prices
Gentle Dental,"10 George Street, Central Dunedin, Dunedin 9016, New Zealand",03 477 6071,+64 3 477 6071,http://www.gentdent.co.nz/,4.7,16,OPERATIONAL,https://maps.google.com/?cid=14609751413709223979&g_mp=Cidnb29nbGUubWFwcy5wbGFjZXMudjEuUGxhY2VzLlNlYXJjaFRleHQQAhgEIAA,Monday: 9:00 AM – 5:00 PM; Tuesday: 9:00 AM – 5:00 PM; Wednesday: 9:00 AM – 5:00 PM; Thursday: 8:15 AM – 4:15 PM; Friday: 8:15 AM – 4:15 PM; Saturday: Closed; Sunday: Closed,dental_clinic,Otago,Dunedin,no_prices
Gentle Hygiene and Therapy,"Burns House Level 5/10 George Street, Central Dunedin, Dunedin 9016, New Zealand",03 477 6071,+64 3 477 6071,https://www.gentdent.co.nz/hygiene-therapy/,5,5,OPERATIONAL,https://maps.google.com/?cid=12027226239796147259&g_mp=Cidnb29nbGUubWFwcy5wbGFjZXMudjEuUGxhY2VzLlNlYXJjaFRleHQQAhgEIAA,Monday: 8:30 AM – 5:00 PM; Tuesday: 9:00 AM – 6:00 PM; Wednesday: 9:00 AM – 7:00 PM; Thursday: 8:15 AM – 4:15 PM; Friday: 8:15 AM – 4:15 PM; Saturday: 9:00 AM – 1:00 PM; Sunday: Closed,needs_verification,Otago,Dunedin,no_prices
Green Island Dental Centre,"187 Main South Road, Green Island, Dunedin 9018, New Zealand",03 488 3129,+64 3 488 3129,http://greenislanddentist.co.nz/,4.4,10,OPERATIONAL,https://maps.google.com/?cid=3318153535925658829&g_mp=Cidnb29nbGUubWFwcy5wbGFjZXMudjEuUGxhY2VzLlNlYXJjaFRleHQQAhgEIAA,Monday: 8:30 AM – 5:00 PM; Tuesday: 8:30 AM – 5:00 PM; Wednesday: 8:30 AM – 5:00 PM; Thursday: 8:30 AM – 5:00 PM; Friday: 8:30 AM – 5:00 PM; Saturday: Closed; Sunday: Closed,dental_clinic,Otago,Dunedin,no_prices
Green Island Wellness Centre,"2 Jenkins Street, Green Island, Dunedin 9018, New Zealand",03 425 0006,+64 3 425 0006,http://www.chewdental.co.nz/,4.8,22,OPERATIONAL,https://maps.google.com/?cid=576341866791394590&g_mp=Cidnb29nbGUubWFwcy5wbGFjZXMudjEuUGxhY2VzLlNlYXJjaFRleHQQAhgEIAA,Monday: 9:00 AM – 5:00 PM; Tuesday: 9:00 AM – 5:00 PM; Wednesday: 9:00 AM – 5:00 PM; Thursday: 9:00 AM – 5:00 PM; Friday: 9:00 AM – 5:00 PM; Saturday: 9:00 AM – 12:30 PM; Sunday: Closed,needs_verification,Otago,Dunedin,full_prices
Harley Dentist,"Ward Street, Central Dunedin, Dunedin 9016, New Zealand",,,,,,OPERATIONAL,https://maps.google.com/?cid=3770133361158342579&g_mp=Cidnb29nbGUubWFwcy5wbGFjZXMudjEuUGxhY2VzLlNlYXJjaFRleHQQAhgEIAA,,dental_clinic,Otago,Dunedin,no_prices
Hauman Endodontics,"291E Highgate, Roslyn, Dunedin 9010, New Zealand",03 777 3270,+64 3 777 3270,http://endodontics.co.nz/,4.9,12,OPERATIONAL,https://maps.google.com/?cid=4044057658627882250&g_mp=Cidnb29nbGUubWFwcy5wbGFjZXMudjEuUGxhY2VzLlNlYXJjaFRleHQQAhgEIAA,,needs_verification,Otago,Dunedin,no_prices
Highland Pharmacy Central Roxburgh,"107 Scotland Street, Roxburgh 9500, New Zealand",03 446 8009,+64 3 446 8009,http://www.highlandpharmacy.co.nz/,4.4,8,OPERATIONAL,https://maps.google.com/?cid=4713893175178892435&g_mp=Cidnb29nbGUubWFwcy5wbGFjZXMudjEuUGxhY2VzLlNlYXJjaFRleHQQAhgEIAA,Monday: 9:00 AM – 5:30 PM; Tuesday: 9:00 AM – 5:30 PM; Wednesday: 9:00 AM – 5:30 PM; Thursday: 9:00 AM – 5:30 PM; Friday: 9:00 AM – 7:00 PM; Saturday: 10:00 AM – 2:00 PM; Sunday: Closed,needs_verification,Otago,Roxburgh,no_prices
John Heenan Dental Care,"106 George Street, Central Dunedin, Dunedin 9016, New Zealand",03 477 1783,+64 3 477 1783,,5,2,OPERATIONAL,https://maps.google.com/?cid=9847695412581878282&g_mp=Cidnb29nbGUubWFwcy5wbGFjZXMudjEuUGxhY2VzLlNlYXJjaFRleHQQAhgEIAA,,dental_clinic,Otago,Dunedin,no_prices
John Street Dental Centre,"8 John Street, Balclutha 9230, New Zealand",03 418 1374,+64 3 418 1374,http://www.johnstreetdental.co.nz/,4.5,23,OPERATIONAL,https://maps.google.com/?cid=16658608832209560947&g_mp=Cidnb29nbGUubWFwcy5wbGFjZXMudjEuUGxhY2VzLlNlYXJjaFRleHQQAhgEIAA,Monday: 8:30 AM – 5:00 PM; Tuesday: 8:30 AM – 5:00 PM; Wednesday: 8:30 AM – 5:00 PM; Thursday: 8:30 AM – 5:00 PM; Friday: 8:30 AM – 3:00 PM; Saturday: Closed; Sunday: Closed,dental_clinic,Otago,Balclutha,no_prices
Kaikorai Dental Surgery,"19 Nairn Street, Kaikorai, Dunedin 9010, New Zealand",03 466 7043,+64 3 466 7043,https://www.dentist.co.nz/dentist-detail/dunedin/kaikorai-dental-centre/A11007263,3.9,10,OPERATIONAL,https://maps.google.com/?cid=4252811028409260391&g_mp=Cidnb29nbGUubWFwcy5wbGFjZXMudjEuUGxhY2VzLlNlYXJjaFRleHQQAhgEIAA,,dental_clinic,Otago,Dunedin,no_prices
Kerr V M,"Burns House, Level 3, 10 George Street, Central Dunedin, Dunedin 9016, New Zealand",03 477 0900,+64 3 477 0900,,3,2,OPERATIONAL,https://maps.google.com/?cid=13807631626693730430&g_mp=Cidnb29nbGUubWFwcy5wbGFjZXMudjEuUGxhY2VzLlNlYXJjaFRleHQQAhgEIAA,Monday: 9:00 AM – 5:00 PM; Tuesday: 9:00 AM – 5:00 PM; Wednesday: 9:00 AM – 5:00 PM; Thursday: 9:00 AM – 5:00 PM; Friday: 9:00 AM – 5:00 PM; Saturday: Closed; Sunday: Closed,needs_verification,Otago,Dunedin,no_prices
Knight Dental Specialists,"Trevian House | Lower Ground Floor/60 Tennyson Street, Central Dunedin, Dunedin 9016, New Zealand",03 777 3990,+64 3 777 3990,http://www.knightdental.co.nz/,4.8,19,OPERATIONAL,https://maps.google.com/?cid=2574024117141237694&g_mp=Cidnb29nbGUubWFwcy5wbGFjZXMudjEuUGxhY2VzLlNlYXJjaFRleHQQAhgEIAA,Monday: 9:00 AM – 5:00 PM; Tuesday: 9:00 AM – 5:00 PM; Wednesday: 9:00 AM – 5:00 PM; Thursday: 9:00 AM – 5:00 PM; Friday: 9:00 AM – 5:00 PM; Saturday: Closed; Sunday: Closed,dental_clinic,Otago,Dunedin,no_prices
Knox Dental Centre | Lumino The Dentists,"483 George Street, Dunedin North, Dunedin 9016, New Zealand",03 477 1179,+64 3 477 1179,https://lumino.co.nz/dentists/knox-dental-dunedin/?utm_source=google%20my%20business&utm_medium=organic,4.7,36,OPERATIONAL,https://maps.google.com/?cid=6965575439471203202&g_mp=Cidnb29nbGUubWFwcy5wbGFjZXMudjEuUGxhY2VzLlNlYXJjaFRleHQQAhgEIAA,Monday: 7:00 AM – 8:00 PM; Tuesday: 7:00 AM – 8:00 PM; Wednesday: 7:00 AM – 8:00 PM; Thursday: 7:00 AM – 8:00 PM; Friday: 7:00 AM – 4:00 PM; Saturday: Closed; Sunday: Closed,dental_clinic,Otago,Dunedin,some_prices
LANZ.Dental,"248 Cumberland Street, Central Dunedin, Dunedin 9016, New Zealand",021 229 7070,+64 21 229 7070,http://www.lanz.dental/,,,OPERATIONAL,https://maps.google.com/?cid=6131003846147057933&g_mp=Cidnb29nbGUubWFwcy5wbGFjZXMudjEuUGxhY2VzLlNlYXJjaFRleHQQAhgEIAA,Monday: 8:30 AM – 5:00 PM; Tuesday: 8:30 AM – 5:00 PM; Wednesday: 8:30 AM – 5:00 PM; Thursday: 8:30 AM – 5:00 PM; Friday: 8:30 AM – 5:00 PM; Saturday: Closed; Sunday: Closed,dental_clinic,Otago,Dunedin,no_prices
Lakeside Dental Practice,"12 Lake Esplanade, Queenstown 9300, New Zealand",03 441 8248,+64 3 441 8248,http://www.lakesidedentalpractice.com/,4.7,25,OPERATIONAL,https://maps.google.com/?cid=178606001555435868&g_mp=Cidnb29nbGUubWFwcy5wbGFjZXMudjEuUGxhY2VzLlNlYXJjaFRleHQQAhgEIAA,Monday: 9:00 AM – 5:00 PM; Tuesday: 9:00 AM – 5:00 PM; Wednesday: 9:00 AM – 5:00 PM; Thursday: 9:00 AM – 5:00 PM; Friday: 9:00 AM – 5:00 PM; Saturday: Closed; Sunday: Closed,dental_clinic,Otago,Queenstown,no_prices
London Street Specialists,"Vero House 34 London Street, Central Dunedin, Dunedin 9016, New Zealand",03 477 3123,+64 3 477 3123,https://londonst.co.nz/,4.1,13,OPERATIONAL,https://maps.google.com/?cid=4186135094953242646&g_mp=Cidnb29nbGUubWFwcy5wbGFjZXMudjEuUGxhY2VzLlNlYXJjaFRleHQQAhgEIAA,Monday: 8:30 AM – 5:00 PM; Tuesday: 8:30 AM – 5:00 PM; Wednesday: 8:30 AM – 5:00 PM; Thursday: 8:30 AM – 5:00 PM; Friday: 8:30 AM – 5:00 PM; Saturday: Closed; Sunday: Closed,needs_verification,Otago,Dunedin,no_prices
McClea & Green Dental,"Burns House 7/10 George Street, Central Dunedin, Dunedin 9016, New Zealand",03 477 1783,+64 3 477 1783,https://www.mccleagreendental.nz/,5,5,OPERATIONAL,https://maps.google.com/?cid=12705461155025547945&g_mp=Cidnb29nbGUubWFwcy5wbGFjZXMudjEuUGxhY2VzLlNlYXJjaFRleHQQAhgEIAA,Monday: 9:00 AM – 5:00 PM; Tuesday: 9:00 AM – 5:00 PM; Wednesday: 9:00 AM – 5:00 PM; Thursday: 9:00 AM – 5:00 PM; Friday: 9:00 AM – 5:00 PM; Saturday: Closed; Sunday: Closed,dental_clinic,Otago,Dunedin,no_prices
Milton Health Centre - Lumino The Dentists,"7 Eden Street, Milton 9220, New Zealand",03 417 8290,+64 3 417 8290,https://lumino.co.nz/dentists/milton-dental-centre-otago/?utm_source=google_business_profile&utm_medium=organic,4.2,5,OPERATIONAL,https://maps.google.com/?cid=6220239598348730475&g_mp=Cidnb29nbGUubWFwcy5wbGFjZXMudjEuUGxhY2VzLlNlYXJjaFRleHQQAhgEIAA,Monday: 8:30 AM – 5:00 PM; Tuesday: 8:30 AM – 5:00 PM; Wednesday: 8:30 AM – 5:00 PM; Thursday: 8:30 AM – 5:00 PM; Friday: 8:30 AM – 5:00 PM; Saturday: Closed; Sunday: Closed,dental_clinic,Otago,Milton,some_prices
Mornington Dental,"27 Mailer Street, Mornington, Dunedin 9011, New Zealand",03 453 4000,+64 3 453 4000,http://www.morningtondentist.co.nz/,4.6,14,OPERATIONAL,https://maps.google.com/?cid=15428379119544210756&g_mp=Cidnb29nbGUubWFwcy5wbGFjZXMudjEuUGxhY2VzLlNlYXJjaFRleHQQAhgEIAA,Monday: 8:00 AM – 5:00 PM; Tuesday: 8:00 AM – 5:00 PM; Wednesday: 8:00 AM – 5:00 PM; Thursday: 8:00 AM – 5:00 PM; Friday: 8:00 AM – 5:00 PM; Saturday: Closed; Sunday: Closed,dental_clinic,Otago,Dunedin,no_prices
Mosgiel Community Oral Health Clinic,"19 Green Street, Mosgiel 9024, New Zealand",03 489 3480,+64 3 489 3480,https://www.southernhealth.nz/services/mosgiel-community-oral-health-clinic,4.5,2,OPERATIONAL,https://maps.google.com/?cid=6539615569321245559&g_mp=Cidnb29nbGUubWFwcy5wbGFjZXMudjEuUGxhY2VzLlNlYXJjaFRleHQQAhgEIAA,Monday: 8:30 AM – 4:30 PM; Tuesday: 8:30 AM – 4:30 PM; Wednesday: 8:30 AM – 4:30 PM; Thursday: 8:30 AM – 4:30 PM; Friday: 8:30 AM – 4:30 PM; Saturday: Closed; Sunday: Closed,dental_clinic,Otago,Mosgiel,no_prices
Mosgiel Dental Centre,"26A Factory Road, Mosgiel 9024, New Zealand",03 489 6049,+64 3 489 6049,http://www.mosgieldentalcentre.co.nz/,4.8,11,OPERATIONAL,https://maps.google.com/?cid=17540166469998269851&g_mp=Cidnb29nbGUubWFwcy5wbGFjZXMudjEuUGxhY2VzLlNlYXJjaFRleHQQAhgEIAA,Monday: 9:00 AM – 5:00 PM; Tuesday: 9:00 AM – 5:00 PM; Wednesday: 9:00 AM – 5:00 PM; Thursday: 9:00 AM – 5:00 PM; Friday: 9:00 AM – 5:00 PM; Saturday: Closed; Sunday: Closed,dental_clinic,Otago,Mosgiel,no_prices
Mosgiel Dental Practice | Lumino The Dentists,"184 Gordon Road, Mosgiel 9024, New Zealand",03 489 7040,+64 3 489 7040,https://lumino.co.nz/dentists/mosgiel-dental-practice/?utm_source=google_business_profile&utm_medium=organic,4.9,11,OPERATIONAL,https://maps.google.com/?cid=10349814895831028833&g_mp=Cidnb29nbGUubWFwcy5wbGFjZXMudjEuUGxhY2VzLlNlYXJjaFRleHQQAhgEIAA,Monday: 9:00 AM – 5:00 PM; Tuesday: 9:00 AM – 5:00 PM; Wednesday: 9:00 AM – 5:00 PM; Thursday: 9:00 AM – 5:00 PM; Friday: 9:00 AM – 5:00 PM; Saturday: 9:00 AM – 5:00 PM; Sunday: Closed,dental_clinic,Otago,Mosgiel,some_prices
Mosgiel Dentists,"166 Gordon Road, Mosgiel 9024, New Zealand",03 484 7702,+64 3 484 7702,https://www.mosgieldentists.co.nz/,5,2,OPERATIONAL,https://maps.google.com/?cid=1946633177532663985&g_mp=Cidnb29nbGUubWFwcy5wbGFjZXMudjEuUGxhY2VzLlNlYXJjaFRleHQQAhgEIAA,Monday: 9:00 AM – 5:00 PM; Tuesday: 9:00 AM – 5:00 PM; Wednesday: 9:00 AM – 5:00 PM; Thursday: 9:00 AM – 5:00 PM; Friday: 9:00 AM – 5:00 PM; Saturday: Closed; Sunday: Closed,dental_clinic,Otago,Mosgiel,no_prices
Mosgiel Denture Care,"174 Gordon Road, Mosgiel, Dunedin 9024, New Zealand",03 222 0330,+64 3 222 0330,,5,4,OPERATIONAL,https://maps.google.com/?cid=10201810592879812416&g_mp=Cidnb29nbGUubWFwcy5wbGFjZXMudjEuUGxhY2VzLlNlYXJjaFRleHQQAhgEIAA,Monday: 8:30 AM – 5:00 PM; Tuesday: 8:30 AM – 5:00 PM; Wednesday: 8:30 AM – 5:00 PM; Thursday: 8:30 AM – 5:00 PM; Friday: 8:30 AM – 5:00 PM; Saturday: Closed; Sunday: Closed,dental_clinic,Otago,Dunedin,no_prices
Oamaru Denture Clinic/Oamaru Dental Laboratory,"4/6 Coquet Street, Oamaru 9400, New Zealand",03 434 7560,+64 3 434 7560,https://www.oamarudentureclinic.co.nz/,5,6,OPERATIONAL,https://maps.google.com/?cid=16379563421110454240&g_mp=Cidnb29nbGUubWFwcy5wbGFjZXMudjEuUGxhY2VzLlNlYXJjaFRleHQQAhgEIAA,Monday: 9:00 AM – 5:00 PM; Tuesday: 9:00 AM – 5:00 PM; Wednesday: 9:00 AM – 5:00 PM; Thursday: 9:00 AM – 5:00 PM; Friday: 9:00 AM – 5:00 PM; Saturday: Closed; Sunday: Closed,dental_clinic,Otago,Oamaru,no_prices
Origin Oral Surgeons,"Level 1/123 Vogel Street, Central Dunedin, Dunedin 9016, New Zealand",03 471 8881,+64 3 471 8881,http://originsurgeons.nz/,5,73,OPERATIONAL,https://maps.google.com/?cid=15141242071381186594&g_mp=Cidnb29nbGUubWFwcy5wbGFjZXMudjEuUGxhY2VzLlNlYXJjaFRleHQQAhgEIAA,Monday: Closed; Tuesday: 8:30 AM – 4:30 PM; Wednesday: 8:30 AM – 4:30 PM; Thursday: 8:30 AM – 4:30 PM; Friday: 8:30 AM – 4:30 PM; Saturday: Closed; Sunday: Closed,dental_clinic,Otago,Dunedin,some_prices
Otago Dental Services,"83 Crawford Street, Central Dunedin, Dunedin 9016, New Zealand",03 477 0106,+64 3 477 0106,http://www.otagodentalservice.co.nz/,4,6,OPERATIONAL,https://maps.google.com/?cid=1755153036980483012&g_mp=Cidnb29nbGUubWFwcy5wbGFjZXMudjEuUGxhY2VzLlNlYXJjaFRleHQQAhgEIAA,Monday: 8:00 AM – 5:00 PM; Tuesday: 8:00 AM – 5:00 PM; Wednesday: 8:00 AM – 5:00 PM; Thursday: 8:00 AM – 5:00 PM; Friday: 8:00 AM – 5:00 PM; Saturday: Closed; Sunday: Closed,dental_clinic,Otago,Dunedin,no_prices
Otago Oral Surgery & Implant Centre,"Smile Co. Dental Building 373 Princes Street, Central Dunedin, Dunedin 9016, New Zealand",03 972 7835,+64 3 972 7835,https://otagooralsurgery.nz/,5,26,OPERATIONAL,https://maps.google.com/?cid=17577388272447015704&g_mp=Cidnb29nbGUubWFwcy5wbGFjZXMudjEuUGxhY2VzLlNlYXJjaFRleHQQAhgEIAA,Monday: 8:30 AM – 4:30 PM; Tuesday: Closed; Wednesday: 8:30 AM – 4:30 PM; Thursday: Closed; Friday: 8:30 AM – 4:30 PM; Saturday: Closed; Sunday: Closed,dental_clinic,Otago,Dunedin,no_prices
Otago Orthodontics,"86 Stuart Street, Central Dunedin, Dunedin 9058, New Zealand",03 477 6372,+64 3 477 6372,http://www.otago-orthodontics.co.nz/,5,103,OPERATIONAL,https://maps.google.com/?cid=572874627234992113&g_mp=Cidnb29nbGUubWFwcy5wbGFjZXMudjEuUGxhY2VzLlNlYXJjaFRleHQQAhgEIAA,Monday: 8:15 AM – 5:00 PM; Tuesday: 8:15 AM – 5:00 PM; Wednesday: 8:15 AM – 5:00 PM; Thursday: 8:15 AM – 5:00 PM; Friday: 8:15 AM – 5:00 PM; Saturday: Closed; Sunday: Closed,dental_clinic,Otago,Dunedin,no_prices
Palmerston Dental Surgery Limited,"54 Tiverton Street, Palmerston 9430, New Zealand",03 465 1591,+64 3 465 1591,https://www.healthpoint.co.nz/dentistry/general-dentist/palmerston-dental-surgery/,5,2,OPERATIONAL,https://maps.google.com/?cid=17695460378593844282&g_mp=Cidnb29nbGUubWFwcy5wbGFjZXMudjEuUGxhY2VzLlNlYXJjaFRleHQQAhgEIAA,Monday: 9:00 AM – 5:00 PM; Tuesday: 9:00 AM – 5:00 PM; Wednesday: 9:00 AM – 5:00 PM; Thursday: 3:00 – 9:00 PM; Friday: 9:00 AM – 5:00 PM; Saturday: 9:00 AM – 4:00 PM; Sunday: Closed,dental_clinic,Otago,Palmerston,no_prices
Paterson Orthodontics,"55 Crawford Street, Central Dunedin, Dunedin 9016, New Zealand",021 244 9212,+64 21 244 9212,http://www.patersonortho.co.nz/,5,18,OPERATIONAL,https://maps.google.com/?cid=7806058284374063880&g_mp=Cidnb29nbGUubWFwcy5wbGFjZXMudjEuUGxhY2VzLlNlYXJjaFRleHQQAhgEIAA,Monday: 9:00 AM – 2:00 PM; Tuesday: 9:00 AM – 5:00 PM; Wednesday: 9:00 AM – 5:00 PM; Thursday: 8:30 AM – 5:00 PM; Friday: 8:30 AM – 5:00 PM; Saturday: Closed; Sunday: Closed,dental_clinic,Otago,Dunedin,no_prices
Perry Adank Dental Surgery,"504 George Street, Dunedin North, Dunedin 9016, New Zealand",03 477 7553,+64 3 477 7553,http://www.dunedindentalcare.nz/,5,2,OPERATIONAL,https://maps.google.com/?cid=347042944776291646&g_mp=Cidnb29nbGUubWFwcy5wbGFjZXMudjEuUGxhY2VzLlNlYXJjaFRleHQQAhgEIAA,Monday: 9:00 AM – 5:00 PM; Tuesday: 9:00 AM – 5:00 PM; Wednesday: 9:00 AM – 5:00 PM; Thursday: 9:00 AM – 5:00 PM; Friday: 9:00 AM – 1:00 PM; Saturday: Closed; Sunday: Closed,dental_clinic,Otago,Dunedin,no_prices
Peter Ashton Dental Surgery,"504 George Street, Dunedin North, Dunedin 9016, New Zealand",03 477 4440,+64 3 477 4440,http://www.dunedindentalcare.nz/,,,OPERATIONAL,https://maps.google.com/?cid=16912883044878480973&g_mp=Cidnb29nbGUubWFwcy5wbGFjZXMudjEuUGxhY2VzLlNlYXJjaFRleHQQAhgEIAA,Monday: 9:00 AM – 5:00 PM; Tuesday: 9:00 AM – 5:00 PM; Wednesday: 9:00 AM – 5:00 PM; Thursday: 9:00 AM – 5:00 PM; Friday: 9:00 AM – 1:00 PM; Saturday: Closed; Sunday: Closed,dental_clinic,Otago,Dunedin,no_prices
Pitt Street Dental Dunedin | Lumino The Dentists,"10 Pitt Street, Dunedin North, Dunedin 9016, New Zealand",03 477 0039,+64 3 477 0039,https://lumino.co.nz/dentists/pitt-street-dental-dunedin/?utm_source=google_business_profile&utm_medium=organic,4.3,38,OPERATIONAL,https://maps.google.com/?cid=3442354039727591080&g_mp=Cidnb29nbGUubWFwcy5wbGFjZXMudjEuUGxhY2VzLlNlYXJjaFRleHQQAhgEIAA,Monday: 8:00 AM – 5:00 PM; Tuesday: 8:00 AM – 7:00 PM; Wednesday: 8:00 AM – 7:00 PM; Thursday: 8:00 AM – 8:00 PM; Friday: 8:00 AM – 5:00 PM; Saturday: 9:00 AM – 5:00 PM; Sunday: Closed,dental_clinic,Otago,Dunedin,some_prices
Project Dental,"152 Hillside Road, South Dunedin, Dunedin 9012, New Zealand",03 455 3770,+64 3 455 3770,http://www.projectdental.co.nz/,3.8,26,OPERATIONAL,https://maps.google.com/?cid=11311306988309745754&g_mp=Cidnb29nbGUubWFwcy5wbGFjZXMudjEuUGxhY2VzLlNlYXJjaFRleHQQAhgEIAA,Monday: 8:00 AM – 5:00 PM; Tuesday: 8:00 AM – 5:00 PM; Wednesday: 8:00 AM – 5:00 PM; Thursday: 8:00 AM – 5:00 PM; Friday: 8:00 AM – 4:00 PM; Saturday: Closed; Sunday: Closed,dental_clinic,Otago,Dunedin,no_prices
Queenstown Dental Centre | Lumino The Dentists,"7 Shotover Street, Queenstown 9300, New Zealand",03 442 8580,+64 3 442 8580,https://lumino.co.nz/dentists/queenstown-dental-centre/?utm_source=google_business_profile&utm_medium=organic,4.9,44,OPERATIONAL,https://maps.google.com/?cid=15159396082012268406&g_mp=Cidnb29nbGUubWFwcy5wbGFjZXMudjEuUGxhY2VzLlNlYXJjaFRleHQQAhgEIAA,Monday: 8:00 AM – 5:30 PM; Tuesday: 8:00 AM – 5:30 PM; Wednesday: 8:00 AM – 5:30 PM; Thursday: 8:00 AM – 5:30 PM; Friday: 8:00 AM – 5:30 PM; Saturday: Closed; Sunday: Closed,dental_clinic,Otago,Queenstown,some_prices
Queenstown Dentist,"44 Beach Street, Queenstown 9300, New Zealand",03 442 7274,+64 3 442 7274,https://www.queenstowndentist.co.nz/,4.9,55,OPERATIONAL,https://maps.google.com/?cid=3662625755747378025&g_mp=Cidnb29nbGUubWFwcy5wbGFjZXMudjEuUGxhY2VzLlNlYXJjaFRleHQQAhgEIAA,Monday: 8:00 AM – 5:00 PM; Tuesday: 8:00 AM – 5:00 PM; Wednesday: 8:00 AM – 5:00 PM; Thursday: 8:00 AM – 5:00 PM; Friday: 8:00 AM – 5:00 PM; Saturday: Closed; Sunday: Closed,dental_clinic,Otago,Queenstown,some_prices
Queenstown Oral & Maxillofacial Surgery (QTOMS),"Level 2, Dart House Remarkables Park Town Centre, Frankton, Queenstown 9300, New Zealand",03 927 4641,+64 3 927 4641,http://www.molar.co.nz/,5,67,OPERATIONAL,https://maps.google.com/?cid=17679948577805447591&g_mp=Cidnb29nbGUubWFwcy5wbGFjZXMudjEuUGxhY2VzLlNlYXJjaFRleHQQAhgEIAA,Monday: 8:00 AM – 4:30 PM; Tuesday: 8:00 AM – 4:30 PM; Wednesday: 8:00 AM – 4:30 PM; Thursday: 8:00 AM – 4:30 PM; Friday: 8:00 AM – 4:30 PM; Saturday: Closed; Sunday: Closed,dental_clinic,Otago,Queenstown,no_prices
Remarkable Vets,"1079 Malaghans Road, Arrowtown 9371, New Zealand",03 442 1411,+64 3 442 1411,https://www.remarkablevets.co.nz/contact-us,4.7,51,OPERATIONAL,https://maps.google.com/?cid=4429773811603360093&g_mp=Cidnb29nbGUubWFwcy5wbGFjZXMudjEuUGxhY2VzLlNlYXJjaFRleHQQAhgEIAA,Monday: 8:30 AM – 5:30 PM; Tuesday: 8:30 AM – 5:30 PM; Wednesday: 8:30 AM – 5:30 PM; Thursday: 8:30 AM – 5:30 PM; Friday: 8:30 AM – 5:30 PM; Saturday: Closed; Sunday: Closed,needs_verification,Otago,Arrowtown,no_prices
Remarkables Dental,"Level 1, Aurum House Terrace Junction 1092, Frankton Road, Frankton, Queenstown 9300, New Zealand",03 442 3531,+64 3 442 3531,http://www.remarkablesdental.co.nz/,4.6,128,OPERATIONAL,https://maps.google.com/?cid=14941065413127030203&g_mp=Cidnb29nbGUubWFwcy5wbGFjZXMudjEuUGxhY2VzLlNlYXJjaFRleHQQAhgEIAA,Monday: 8:30 AM – 5:00 PM; Tuesday: 8:30 AM – 5:00 PM; Wednesday: 8:30 AM – 5:00 PM; Thursday: 8:30 AM – 5:00 PM; Friday: 8:30 AM – 5:00 PM; Saturday: 8:30 AM – 5:00 PM; Sunday: Closed,dental_clinic,Otago,Queenstown,full_prices
Remarkables Park Town Centre,"Suite 305, Building 7, Remarkables Park Town Centre, Hawthorne Drive, Frankton, Queenstown 9300, New Zealand",03 451 0440,+64 3 451 0440,http://www.remarkablesparktowncentre.co.nz/,4.3,1131,OPERATIONAL,https://maps.google.com/?cid=6303513943229105320&g_mp=Cidnb29nbGUubWFwcy5wbGFjZXMudjEuUGxhY2VzLlNlYXJjaFRleHQQAhgEIAA,Monday: 9:00 AM – 6:00 PM; Tuesday: 9:00 AM – 6:00 PM; Wednesday: 9:00 AM – 6:00 PM; Thursday: 9:00 AM – 6:00 PM; Friday: 9:00 AM – 6:00 PM; Saturday: 9:00 AM – 6:00 PM; Sunday: 9:00 AM – 6:00 PM,needs_verification,Otago,Queenstown,no_prices
Revitalise Dental Ltd,"Consultancy House 3rd floor/7 Bond Street, Central Dunedin, Dunedin 9016, New Zealand",03 425 0135,+64 3 425 0135,http://www.revitalisedental.co.nz/,5,3,OPERATIONAL,https://maps.google.com/?cid=731633498038927084&g_mp=Cidnb29nbGUubWFwcy5wbGFjZXMudjEuUGxhY2VzLlNlYXJjaFRleHQQAhgEIAA,Monday: 8:00 AM – 5:00 PM; Tuesday: 8:00 AM – 5:00 PM; Wednesday: 8:00 AM – 5:00 PM; Thursday: 8:00 AM – 5:00 PM; Friday: 8:00 AM – 5:00 PM; Saturday: Closed; Sunday: Closed,dental_clinic,Otago,Dunedin,no_prices
Roxburgh Area School,"78 Scotland Street, Roxburgh 9500, New Zealand",03 446 8460,+64 3 446 8460,http://www.roxburgh.school.nz,,,OPERATIONAL,https://maps.google.com/?cid=8871561095145437605&g_mp=Cidnb29nbGUubWFwcy5wbGFjZXMudjEuUGxhY2VzLlNlYXJjaFRleHQQAhgEIAA,Monday: 8:00 AM – 4:00 PM; Tuesday: 8:00 AM – 4:00 PM; Wednesday: 8:00 AM – 4:00 PM; Thursday: 8:00 AM – 4:00 PM; Friday: 8:00 AM – 4:00 PM; Saturday: Closed; Sunday: Closed,needs_verification,Otago,Roxburgh,no_prices
Roxburgh Medical Centre,"65 Scotland Street, Roxburgh 9500, New Zealand",03 446 8200,+64 3 446 8200,https://bookmyvaccine.nz,4.2,17,OPERATIONAL,https://maps.google.com/?cid=17137925957088948385&g_mp=Cidnb29nbGUubWFwcy5wbGFjZXMudjEuUGxhY2VzLlNlYXJjaFRleHQQAhgEIAA,,needs_verification,Otago,Roxburgh,no_prices
Shearer Dental Oamaru | Lumino The Dentists,"6 Coquet Street, Oamaru 8901, New Zealand",03 434 8554,+64 3 434 8554,https://lumino.co.nz/dentists/shearer-dental-oamaru/?utm_source=google_business_profile&utm_medium=organic,5,4,OPERATIONAL,https://maps.google.com/?cid=5951287559645521995&g_mp=Cidnb29nbGUubWFwcy5wbGFjZXMudjEuUGxhY2VzLlNlYXJjaFRleHQQAhgEIAA,Monday: Closed; Tuesday: 7:30 AM – 4:00 PM; Wednesday: 8:30 AM – 5:00 PM; Thursday: 7:30 AM – 4:00 PM; Friday: Closed; Saturday: Closed; Sunday: Closed,dental_clinic,Otago,Oamaru,some_prices
Smart Dental Care,"161 High Street, Central Dunedin, Dunedin 9016, New Zealand",03 453 5223,+64 3 453 5223,http://smartdental.co.nz/,4.8,26,OPERATIONAL,https://maps.google.com/?cid=7402459009418357120&g_mp=Cidnb29nbGUubWFwcy5wbGFjZXMudjEuUGxhY2VzLlNlYXJjaFRleHQQAhgEIAA,Monday: 8:30 AM – 5:30 PM; Tuesday: 8:30 AM – 5:30 PM; Wednesday: 8:30 AM – 8:00 PM; Thursday: 8:30 AM – 8:00 PM; Friday: 8:30 AM – 5:30 PM; Saturday: 9:00 AM – 1:00 PM; Sunday: Closed,dental_clinic,Otago,Dunedin,full_prices
Smile Co Dental,"373 Princes Street, Dunedin 9016, New Zealand",03 477 7993,+64 3 477 7993,https://www.smilecodental.nz/,4.8,31,OPERATIONAL,https://maps.google.com/?cid=7036295212244867717&g_mp=Cidnb29nbGUubWFwcy5wbGFjZXMudjEuUGxhY2VzLlNlYXJjaFRleHQQAhgEIAA,Monday: 8:30 AM – 5:00 PM; Tuesday: 8:30 AM – 5:00 PM; Wednesday: 8:30 AM – 5:00 PM; Thursday: 8:30 AM – 5:00 PM; Friday: 8:30 AM – 5:00 PM; Saturday: Closed; Sunday: Closed,dental_clinic,Otago,Dunedin,no_prices
South Dunedin Dental Laboratory,"1 King Edward Street, Kensington, Dunedin 9012, New Zealand",03 456 4066,+64 3 456 4066,http://www.dentlab.co.nz/,5,18,OPERATIONAL,https://maps.google.com/?cid=2240571771381969640&g_mp=Cidnb29nbGUubWFwcy5wbGFjZXMudjEuUGxhY2VzLlNlYXJjaFRleHQQAhgEIAA,Monday: 8:30 AM – 5:00 PM; Tuesday: 8:30 AM – 5:00 PM; Wednesday: 8:30 AM – 5:00 PM; Thursday: 8:30 AM – 5:00 PM; Friday: 8:30 AM – 5:00 PM; Saturday: Closed; Sunday: Closed,dental_clinic,Otago,Dunedin,no_prices
Synergy Dental,"8 Water Street Level 7 John Wickliffe House, 265 Princes Street, Central Dunedin, Dunedin 9016, New Zealand",03 477 1447,+64 3 477 1447,https://www.synergydental.co.nz/,4.7,93,OPERATIONAL,https://maps.google.com/?cid=3925472061899076606&g_mp=Cidnb29nbGUubWFwcy5wbGFjZXMudjEuUGxhY2VzLlNlYXJjaFRleHQQAhgEIAA,Monday: 7:30 AM – 8:00 PM; Tuesday: 7:30 AM – 8:00 PM; Wednesday: 7:30 AM – 8:00 PM; Thursday: 7:30 AM – 8:00 PM; Friday: 8:30 AM – 4:30 PM; Saturday: 8:30 AM – 4:30 PM; Sunday: Closed,dental_clinic,Otago,Dunedin,full_prices
Tapanui Pharmacy,"42 Northumberland Street, Tapanui 9522, New Zealand",03 204 8417,+64 3 204 8417,,,,OPERATIONAL,https://maps.google.com/?cid=3294573070316843975&g_mp=Cidnb29nbGUubWFwcy5wbGFjZXMudjEuUGxhY2VzLlNlYXJjaFRleHQQAhgEIAA,Monday: 9:30 AM – 5:00 PM; Tuesday: 9:30 AM – 5:00 PM; Wednesday: 9:30 AM – 5:00 PM; Thursday: 9:30 AM – 5:00 PM; Friday: 9:30 AM – 5:00 PM; Saturday: Closed; Sunday: Closed,needs_verification,Otago,Tapanui,no_prices
Tarbert Street Dental Surgery,"56 Tarbert Street, Alexandra 9320, New Zealand",03 448 8899,+64 3 448 8899,http://www.tarbertstdental.nz/,5,2,OPERATIONAL,https://maps.google.com/?cid=17523380288222333742&g_mp=Cidnb29nbGUubWFwcy5wbGFjZXMudjEuUGxhY2VzLlNlYXJjaFRleHQQAhgEIAA,Monday: 8:00 AM – 5:00 PM; Tuesday: 8:00 AM – 5:00 PM; Wednesday: 8:00 AM – 5:00 PM; Thursday: 8:00 AM – 5:00 PM; Friday: 8:00 AM – 5:00 PM; Saturday: Closed; Sunday: Closed,dental_clinic,Otago,Alexandra,no_prices
Te Kaika Wellbeing Hub,"25 College Street, Caversham, Dunedin 9012, New Zealand",03 471 9960,+64 3 471 9960,http://tekaika.nz/,3,68,OPERATIONAL,https://maps.google.com/?cid=12717203116195650503&g_mp=Cidnb29nbGUubWFwcy5wbGFjZXMudjEuUGxhY2VzLlNlYXJjaFRleHQQAhgEIAA,Monday: 9:00 AM – 5:00 PM; Tuesday: 9:00 AM – 5:00 PM; Wednesday: 9:00 AM – 5:00 PM; Thursday: 9:00 AM – 5:00 PM; Friday: 9:00 AM – 5:00 PM; Saturday: Closed; Sunday: Closed,needs_verification,Otago,Dunedin,no_prices
Teeth Whitening Associates,"342 George Street, Central Dunedin, Dunedin 9016, New Zealand",03 477 0808,+64 3 477 0808,,,,OPERATIONAL,https://maps.google.com/?cid=13430884180706792873&g_mp=Cidnb29nbGUubWFwcy5wbGFjZXMudjEuUGxhY2VzLlNlYXJjaFRleHQQAhgEIAA,,dental_clinic,Otago,Dunedin,no_prices
The Dental Walrus,"27I Albany Street, Dunedin North, Dunedin 9016, New Zealand",03 470 1156,+64 3 470 1156,,4.8,32,OPERATIONAL,https://maps.google.com/?cid=3950792439156217941&g_mp=Cidnb29nbGUubWFwcy5wbGFjZXMudjEuUGxhY2VzLlNlYXJjaFRleHQQAhgEIAA,,dental_clinic,Otago,Dunedin,no_prices
The Village Medical Centre,"1092 Frankton Road, Frankton, Queenstown 9300, New Zealand",03 441 4333,+64 3 441 4333,http://www.villagemedicalcentre.co.nz/,4.2,16,OPERATIONAL,https://maps.google.com/?cid=3617044704852458160&g_mp=Cidnb29nbGUubWFwcy5wbGFjZXMudjEuUGxhY2VzLlNlYXJjaFRleHQQAhgEIAA,Monday: 8:00 AM – 5:00 PM; Tuesday: 8:00 AM – 5:00 PM; Wednesday: 8:00 AM – 5:00 PM; Thursday: 8:00 AM – 5:00 PM; Friday: 8:00 AM – 5:00 PM; Saturday: Closed; Sunday: Closed,needs_verification,Otago,Queenstown,no_prices
The Whitening Co Queenstown - Professional Teeth Whitening,"1092 Frankton Road, Frankton, Queenstown 9300, New Zealand",,,http://whiteningco.nz/,,,OPERATIONAL,https://maps.google.com/?cid=9640500272561952197&g_mp=Cidnb29nbGUubWFwcy5wbGFjZXMudjEuUGxhY2VzLlNlYXJjaFRleHQQAhgEIAA,Monday: 8:00 AM – 5:00 AM; Tuesday: 8:00 AM – 5:00 AM; Wednesday: 8:00 AM – 5:00 AM; Thursday: 8:00 AM – 5:00 AM; Friday: 8:00 AM – 5:00 AM; Saturday: 8:00 AM – 2:00 AM; Sunday: Closed,dental_clinic,Otago,Queenstown,some_prices
Tina Hauman Endodonics,"291 Highgate, Roslyn, Dunedin 9010, New Zealand",,,,,,OPERATIONAL,https://maps.google.com/?cid=8306241297358365603&g_mp=Cidnb29nbGUubWFwcy5wbGFjZXMudjEuUGxhY2VzLlNlYXJjaFRleHQQAhgEIAA,,dental_clinic,Otago,Dunedin,no_prices
Tony Ryder Dental Rooms,"504 George Street, Dunedin North, Dunedin 9016, New Zealand",03 477 8751,+64 3 477 8751,http://www.dunedindentalcare.nz/ryderdental,5,4,OPERATIONAL,https://maps.google.com/?cid=2366294769912942694&g_mp=Cidnb29nbGUubWFwcy5wbGFjZXMudjEuUGxhY2VzLlNlYXJjaFRleHQQAhgEIAA,Monday: 9:00 AM – 5:00 PM; Tuesday: 9:00 AM – 5:00 PM; Wednesday: 9:00 AM – 5:00 PM; Thursday: 9:00 AM – 5:00 PM; Friday: 9:00 AM – 1:00 PM; Saturday: Closed; Sunday: Closed,dental_clinic,Otago,Dunedin,no_prices
Tuapeka Community Health,"43 Whitehaven Street, Lawrence 9532, New Zealand",03 485 9050,+64 3 485 9050,https://www.healthpoint.co.nz/gps-accident-urgent-medical-care/gp/tuapeka-community-health-1/,5,3,OPERATIONAL,https://maps.google.com/?cid=4909954200931744330&g_mp=Cidnb29nbGUubWFwcy5wbGFjZXMudjEuUGxhY2VzLlNlYXJjaFRleHQQAhgEIAA,"Monday: 8:30 AM – 5:30 PM; Tuesday: 8:30 AM – 5:30 PM; Wednesday: 8:30 AM – 5:30 PM; Thursday: 8:30 AM – 1:00 PM, 3:00 – 7:30 PM; Friday: 8:30 AM – 5:30 PM; Saturday: Closed; Sunday: Closed",needs_verification,Otago,Lawrence,no_prices
Unichem Arrowtown Pharmacy,"20 Buckingham Street, Arrowtown 9302, New Zealand",03 442 0975,+64 3 442 0975,http://www.arrowtownpharmacy.co.nz/,4.9,20,OPERATIONAL,https://maps.google.com/?cid=9892537969002155432&g_mp=Cidnb29nbGUubWFwcy5wbGFjZXMudjEuUGxhY2VzLlNlYXJjaFRleHQQAhgEIAA,Monday: 8:30 AM – 6:00 PM; Tuesday: 8:30 AM – 6:00 PM; Wednesday: 8:30 AM – 6:00 PM; Thursday: 8:30 AM – 6:00 PM; Friday: 8:30 AM – 6:00 PM; Saturday: 8:30 AM – 6:00 PM; Sunday: 8:30 AM – 6:00 PM,needs_verification,Otago,Arrowtown,no_prices
VetSouth Tapanui,"87 Tapanui Waikoikoi Highway, Tapanui 9775, New Zealand",03 209 0865,+64 3 209 0865,https://vetsouth.co.nz/clinic/tapanui,4.6,21,OPERATIONAL,https://maps.google.com/?cid=14752957528719706500&g_mp=Cidnb29nbGUubWFwcy5wbGFjZXMudjEuUGxhY2VzLlNlYXJjaFRleHQQAhgEIAA,Monday: 8:00 AM – 5:00 PM; Tuesday: 8:00 AM – 5:00 PM; Wednesday: 8:00 AM – 5:00 PM; Thursday: 8:00 AM – 5:00 PM; Friday: 8:00 AM – 5:00 PM; Saturday: Closed; Sunday: Closed,needs_verification,Otago,Tapanui,no_prices
Victoria Liu Dental,"7 York Place, Dunedin North, Dunedin 9016, New Zealand",03 477 4440,+64 3 477 4440,http://www.vldental.co.nz/,2.9,8,OPERATIONAL,https://maps.google.com/?cid=18325826298510960265&g_mp=Cidnb29nbGUubWFwcy5wbGFjZXMudjEuUGxhY2VzLlNlYXJjaFRleHQQAhgEIAA,Monday: 9:00 AM – 5:00 PM; Tuesday: 9:00 AM – 5:00 PM; Wednesday: 9:00 AM – 5:00 PM; Thursday: 9:00 AM – 5:00 PM; Friday: 9:00 AM – 1:00 PM; Saturday: Closed; Sunday: Closed,dental_clinic,Otago,Dunedin,some_prices
Wakatipu Community Oral Health Clinic,"19A Douglas Street, Frankton, Queenstown 9300, New Zealand",03 450 9370,+64 3 450 9370,,,,OPERATIONAL,https://maps.google.com/?cid=13099698053175643535&g_mp=Cidnb29nbGUubWFwcy5wbGFjZXMudjEuUGxhY2VzLlNlYXJjaFRleHQQAhgEIAA,,dental_clinic,Otago,Queenstown,no_prices
Wakatipu Dental Centre,"Office 207 Dart House, Remarkables Park Town Centre, Frankton, Queenstown 9300, New Zealand",03 442 7105,+64 3 442 7105,http://wakatipudentalcentre.co.nz/,4.6,42,OPERATIONAL,https://maps.google.com/?cid=9304034491097435665&g_mp=Cidnb29nbGUubWFwcy5wbGFjZXMudjEuUGxhY2VzLlNlYXJjaFRleHQQAhgEIAA,Monday: 9:00 AM – 5:00 PM; Tuesday: 9:00 AM – 5:00 PM; Wednesday: 9:00 AM – 5:00 PM; Thursday: 9:00 AM – 5:00 PM; Friday: 9:00 AM – 5:00 PM; Saturday: Closed; Sunday: Closed,dental_clinic,Otago,Queenstown,no_prices
Wanaka Dental,"123 Totara Terrace, Wānaka 9305, New Zealand",03 443 7769,+64 3 443 7769,http://www.wanakadental.co.nz/,4.9,154,OPERATIONAL,https://maps.google.com/?cid=3781204785015805992&g_mp=Cidnb29nbGUubWFwcy5wbGFjZXMudjEuUGxhY2VzLlNlYXJjaFRleHQQAhgEIAA,Monday: 8:30 AM – 5:00 PM; Tuesday: 8:30 AM – 5:00 PM; Wednesday: 8:30 AM – 5:00 PM; Thursday: 8:30 AM – 5:00 PM; Friday: 8:30 AM – 5:00 PM; Saturday: Closed; Sunday: Closed,dental_clinic,Otago,Wānaka,full_prices
Wanaka Dental Clinic,"Koru Way, Wānaka 9305, New Zealand",,,,,,OPERATIONAL,https://maps.google.com/?cid=14682776657300122228&g_mp=Cidnb29nbGUubWFwcy5wbGFjZXMudjEuUGxhY2VzLlNlYXJjaFRleHQQAhgEIAA,,dental_clinic,Otago,Wānaka,no_prices
Wanaka Dental Practice | Lumino The Dentists,"23 Cardrona Valley Road, Otago, Wānaka 9305, New Zealand",03 443 0790,+64 3 443 0790,https://lumino.co.nz/dentists/wanaka-dental-practice/?utm_source=google_business_profile&utm_medium=organic,4.3,16,OPERATIONAL,https://maps.google.com/?cid=6768076630824412903&g_mp=Cidnb29nbGUubWFwcy5wbGFjZXMudjEuUGxhY2VzLlNlYXJjaFRleHQQAhgEIAA,Monday: 8:30 AM – 5:00 PM; Tuesday: 8:30 AM – 5:00 PM; Wednesday: 8:30 AM – 5:00 PM; Thursday: 8:30 AM – 5:00 PM; Friday: 8:30 AM – 4:00 PM; Saturday: Closed; Sunday: Closed,dental_clinic,Otago,Wānaka,some_prices
West Otago Health Limited,"50 Tapanui-Raes Junction Highway, 90, Tapanui 9522, New Zealand",03 204 8668,+64 3 204 8668,http://www.wohealth.co.nz/,5,2,OPERATIONAL,https://maps.google.com/?cid=2655906422886086706&g_mp=Cidnb29nbGUubWFwcy5wbGFjZXMudjEuUGxhY2VzLlNlYXJjaFRleHQQAhgEIAA,Monday: 8:30 AM – 5:00 PM; Tuesday: 8:30 AM – 5:00 PM; Wednesday: 8:30 AM – 5:00 PM; Thursday: 8:30 AM – 5:00 PM; Friday: 8:30 AM – 5:00 PM; Saturday: Closed; Sunday: Closed,needs_verification,Otago,Tapanui,no_prices
York Place Dental,"504 George Street, Dunedin North, Dunedin 9016, New Zealand",03 474 0557,+64 3 474 0557,https://dunedindentalcare.nz/yorkdental/,5,2,OPERATIONAL,https://maps.google.com/?cid=17114331551976613263&g_mp=Cidnb29nbGUubWFwcy5wbGFjZXMudjEuUGxhY2VzLlNlYXJjaFRleHQQAhgEIAA,Monday: 9:00 AM – 5:00 PM; Tuesday: 9:00 AM – 5:00 PM; Wednesday: 9:00 AM – 5:00 PM; Thursday: 9:00 AM – 5:00 PM; Friday: 9:00 AM – 1:00 PM; Saturday: Closed; Sunday: Closed,dental_clinic,Otago,Dunedin,no_prices
Birch Lane Dental Ltd,"9 Birch Lane, Gore 9710, New Zealand",03 203 9041,+64 3 203 9041,https://www.gorehealth.co.nz/dental,4.9,7,OPERATIONAL,https://maps.google.com/?cid=11053090947366421778&g_mp=Cidnb29nbGUubWFwcy5wbGFjZXMudjEuUGxhY2VzLlNlYXJjaFRleHQQAhgEIAA,Monday: 8:30 AM – 5:00 PM; Tuesday: 8:30 AM – 5:00 PM; Wednesday: 8:30 AM – 5:00 PM; Thursday: 8:30 AM – 5:00 PM; Friday: 8:30 AM – 5:00 PM; Saturday: Closed; Sunday: Closed,dental_clinic,Southland,Gore,no_prices
Carletons Pharmacy,"151 Main Street, Otautau 9610, New Zealand",03 225 8321,+64 3 225 8321,https://www.healthpoint.co.nz/pharmacy/prescription-collection-depot/carletons-healthcare-depot/,5,2,OPERATIONAL,https://maps.google.com/?cid=11206455021085165145&g_mp=Cidnb29nbGUubWFwcy5wbGFjZXMudjEuUGxhY2VzLlNlYXJjaFRleHQQAhgEIAA,Monday: 10:00 AM – 5:00 PM; Tuesday: 10:00 AM – 5:00 PM; Wednesday: 10:00 AM – 5:00 PM; Thursday: 10:00 AM – 5:00 PM; Friday: 10:00 AM – 5:00 PM; Saturday: Closed; Sunday: Closed,needs_verification,Southland,Otautau,no_prices
Christmas P I Oral Surgeon,"223 Spey Street, Invercargill 9810, New Zealand",03 218 3320,+64 3 218 3320,,4.1,8,OPERATIONAL,https://maps.google.com/?cid=2015453283553000737&g_mp=Cidnb29nbGUubWFwcy5wbGFjZXMudjEuUGxhY2VzLlNlYXJjaFRleHQQAhgEIAA,,dental_clinic,Southland,Invercargill,no_prices
"Cosmetic Denture Clinic - Invercargill - Denture Expert in Complete, Partial and Immediate Dentures","WSP House 65 Arena Avenue, Avenal, Invercargill 9810, New Zealand",03 218 4937,+64 3 218 4937,https://cosmeticdentureclinic.co.nz/,5,2,OPERATIONAL,https://maps.google.com/?cid=10459057134004744115&g_mp=Cidnb29nbGUubWFwcy5wbGFjZXMudjEuUGxhY2VzLlNlYXJjaFRleHQQAhgEIAA,Monday: 8:30 AM – 5:00 PM; Tuesday: 8:30 AM – 5:00 PM; Wednesday: 8:30 AM – 5:00 PM; Thursday: 8:30 AM – 5:00 PM; Friday: 8:30 AM – 5:00 PM; Saturday: Closed; Sunday: Closed,dental_clinic,Southland,Invercargill,no_prices
Dentures Direct New Zealand,"79 Nith Street, West Invercargill, Invercargill 9810, New Zealand",03 218 9606,+64 3 218 9606,http://www.denturesdirect.net.nz/,4.7,15,OPERATIONAL,https://maps.google.com/?cid=3884084718822791156&g_mp=Cidnb29nbGUubWFwcy5wbGFjZXMudjEuUGxhY2VzLlNlYXJjaFRleHQQAhgEIAA,Monday: 9:00 AM – 5:00 PM; Tuesday: 9:00 AM – 5:00 PM; Wednesday: 9:00 AM – 5:00 PM; Thursday: 9:00 AM – 5:00 PM; Friday: 9:00 AM – 5:00 PM; Saturday: Closed; Sunday: Closed,dental_clinic,Southland,Invercargill,no_prices
Dougherty Dental,"74 Kelvin Street, Invercargill 9810, New Zealand",03 218 9687,+64 3 218 9687,http://www.doughertydental.co.nz/,3.2,9,OPERATIONAL,https://maps.google.com/?cid=287177989966765946&g_mp=Cidnb29nbGUubWFwcy5wbGFjZXMudjEuUGxhY2VzLlNlYXJjaFRleHQQAhgEIAA,Monday: 8:00 AM – 5:00 PM; Tuesday: 8:00 AM – 5:00 PM; Wednesday: 8:00 AM – 5:00 PM; Thursday: 8:00 AM – 4:30 PM; Friday: 8:00 AM – 12:00 PM; Saturday: Closed; Sunday: Closed,dental_clinic,Southland,Invercargill,no_prices
Duchenne Dentures Invercargill,"68 Windsor Street, Invercargill 9810, New Zealand",0800 486 633,+64 800 486 633,http://www.duchenne.co.nz/,5,11,OPERATIONAL,https://maps.google.com/?cid=18038915937721302548&g_mp=Cidnb29nbGUubWFwcy5wbGFjZXMudjEuUGxhY2VzLlNlYXJjaFRleHQQAhgEIAA,Monday: 8:00 AM – 5:00 PM; Tuesday: 8:00 AM – 5:00 PM; Wednesday: 8:00 AM – 5:00 PM; Thursday: 8:00 AM – 5:00 PM; Friday: 8:00 AM – 5:00 PM; Saturday: Closed; Sunday: Closed,dental_clinic,Southland,Invercargill,some_prices
East Gore Dental Clinic,"3 Wentworth Street, East Gore, Gore 9710, New Zealand",03 208 5332,+64 3 208 5332,,,,OPERATIONAL,https://maps.google.com/?cid=8453371390842369973&g_mp=Cidnb29nbGUubWFwcy5wbGFjZXMudjEuUGxhY2VzLlNlYXJjaFRleHQQAhgEIAA,,dental_clinic,Southland,Gore,no_prices
Egan Dentures,"296 Dee Street, Avenal, Invercargill 9810, New Zealand",03 218 9198,+64 3 218 9198,https://www.egandentures.co.nz/,5,1,OPERATIONAL,https://maps.google.com/?cid=12885471915763000492&g_mp=Cidnb29nbGUubWFwcy5wbGFjZXMudjEuUGxhY2VzLlNlYXJjaFRleHQQAhgEIAA,Monday: 9:30 AM – 5:00 PM; Tuesday: 9:30 AM – 5:00 PM; Wednesday: 9:30 AM – 5:00 PM; Thursday: 9:30 AM – 7:00 PM; Friday: Closed; Saturday: Closed; Sunday: Closed,dental_clinic,Southland,Invercargill,no_prices
Embrace Orthodontics,"76 Victoria Avenue, Avenal, Invercargill 9810, New Zealand",03 218 9970,+64 3 218 9970,http://www.embraceorthodontics.co.nz/,4.8,42,OPERATIONAL,https://maps.google.com/?cid=12909776759002859594&g_mp=Cidnb29nbGUubWFwcy5wbGFjZXMudjEuUGxhY2VzLlNlYXJjaFRleHQQAhgEIAA,Monday: 8:30 AM – 5:00 PM; Tuesday: 8:30 AM – 12:30 PM; Wednesday: 8:30 AM – 5:00 PM; Thursday: 8:30 AM – 5:00 PM; Friday: 8:30 AM – 5:00 PM; Saturday: Closed; Sunday: Closed,dental_clinic,Southland,Invercargill,no_prices
Fiordland Dental Centre,"52 Town Centre, Te Anau 9600, New Zealand",03 249 8580,+64 3 249 8580,https://www.fiordland.org.nz/services/health-and-beauty-services/,3.8,12,OPERATIONAL,https://maps.google.com/?cid=14953569494845576760&g_mp=Cidnb29nbGUubWFwcy5wbGFjZXMudjEuUGxhY2VzLlNlYXJjaFRleHQQAhgEIAA,Monday: 9:00 AM – 4:00 PM; Tuesday: 9:00 AM – 4:00 PM; Wednesday: 9:00 AM – 4:00 PM; Thursday: 9:00 AM – 4:00 PM; Friday: 9:00 AM – 4:00 PM; Saturday: Closed; Sunday: Closed,dental_clinic,Southland,Te Anau,no_prices
Four Square Lumsden,"14 Diana Street, Lumsden 9730, New Zealand",03 248 7143,+64 3 248 7143,https://www.foursquare.co.nz/south-island/southland-and-stewart-island/lumsden?utm_source=google&utm_medium=organic&utm_campaign=Google+My+Business&utm_term=plcid_15367820435488938116&utm_content=Four+Square+Lumsden,4.3,143,OPERATIONAL,https://maps.google.com/?cid=18176684943578603786&g_mp=Cidnb29nbGUubWFwcy5wbGFjZXMudjEuUGxhY2VzLlNlYXJjaFRleHQQAhgEIAA,Monday: 7:00 AM – 7:00 PM; Tuesday: 7:00 AM – 7:00 PM; Wednesday: 7:00 AM – 7:00 PM; Thursday: 7:00 AM – 7:00 PM; Friday: 7:00 AM – 7:00 PM; Saturday: 8:00 AM – 7:00 PM; Sunday: 8:00 AM – 7:00 PM,needs_verification,Southland,Lumsden,no_prices
Four Square Nightcaps,"11 Johnston Road, Nightcaps 9630, New Zealand",03 225 7885,+64 3 225 7885,https://www.foursquare.co.nz/south-island/southland-and-stewart-island/nightcaps?utm_source=google&utm_medium=organic&utm_campaign=Google+My+Business&utm_term=plcid_4937864866431278096&utm_content=Four+Square+Nightcaps,4.5,66,OPERATIONAL,https://maps.google.com/?cid=4320061863559646249&g_mp=Cidnb29nbGUubWFwcy5wbGFjZXMudjEuUGxhY2VzLlNlYXJjaFRleHQQAhgEIAA,Monday: 7:00 AM – 8:30 PM; Tuesday: 7:00 AM – 8:30 PM; Wednesday: 7:00 AM – 8:30 PM; Thursday: 7:00 AM – 8:30 PM; Friday: 7:00 AM – 8:30 PM; Saturday: 7:00 AM – 8:30 PM; Sunday: 9:00 AM – 8:30 PM,needs_verification,Southland,Nightcaps,no_prices
Four Square Stewart Island,"20 Elgin Terrace, Oban 9818, New Zealand",03 219 1069,+64 3 219 1069,https://www.foursquare.co.nz/south-island/southland-and-stewart-island/stewart-island?utm_source=google&utm_medium=organic&utm_campaign=Google+My+Business&utm_term=plcid_17006413242227420096&utm_content=Four+Square+Stewart+Island+-+Oban,4.6,143,OPERATIONAL,https://maps.google.com/?cid=3833667989293864653&g_mp=Cidnb29nbGUubWFwcy5wbGFjZXMudjEuUGxhY2VzLlNlYXJjaFRleHQQAhgEIAA,Monday: 7:30 AM – 7:00 PM; Tuesday: 7:30 AM – 7:00 PM; Wednesday: 7:30 AM – 7:00 PM; Thursday: 7:30 AM – 7:00 PM; Friday: 7:30 AM – 7:00 PM; Saturday: 7:30 AM – 7:00 PM; Sunday: 7:30 AM – 7:00 PM,needs_verification,Southland,Oban,no_prices
Four Square Tuatapere,"73 Main Road, Tuatapere 9620, New Zealand",03 226 6898,+64 3 226 6898,https://www.foursquare.co.nz/south-island/southland-and-stewart-island/tuatapere?utm_source=google&utm_medium=organic&utm_campaign=Google+My+Business&utm_term=plcid_9163212091306297968&utm_content=Four+Square+Tuatapere,4.3,174,OPERATIONAL,https://maps.google.com/?cid=3888233354259837165&g_mp=Cidnb29nbGUubWFwcy5wbGFjZXMudjEuUGxhY2VzLlNlYXJjaFRleHQQAhgEIAA,Monday: 7:30 AM – 9:00 PM; Tuesday: 7:30 AM – 9:00 PM; Wednesday: 7:30 AM – 9:00 PM; Thursday: 7:30 AM – 9:00 PM; Friday: 7:30 AM – 9:00 PM; Saturday: 7:30 AM – 9:00 PM; Sunday: 7:30 AM – 9:00 PM,needs_verification,Southland,Tuatapere,no_prices
FreshChoice Otautau,"157 Main Street, Otautau 9610, New Zealand",03 225 8029,+64 3 225 8029,https://otautau.store.freshchoice.co.nz/,4.4,100,OPERATIONAL,https://maps.google.com/?cid=17124431171114412931&g_mp=Cidnb29nbGUubWFwcy5wbGFjZXMudjEuUGxhY2VzLlNlYXJjaFRleHQQAhgEIAA,Monday: 8:00 AM – 8:00 PM; Tuesday: 8:00 AM – 8:00 PM; Wednesday: 8:00 AM – 8:00 PM; Thursday: 8:00 AM – 8:00 PM; Friday: 8:00 AM – 8:00 PM; Saturday: 8:00 AM – 8:00 PM; Sunday: 8:00 AM – 8:00 PM,needs_verification,Southland,Otautau,no_prices
Gore Dental | Lumino The Dentists,"5 Irk Street, Gore 9710, New Zealand",03 208 7413,+64 3 208 7413,https://lumino.co.nz/dentists/gore-dental/?utm_source=google_business_profile&utm_medium=organic,4.8,19,OPERATIONAL,https://maps.google.com/?cid=7922952292721276342&g_mp=Cidnb29nbGUubWFwcy5wbGFjZXMudjEuUGxhY2VzLlNlYXJjaFRleHQQAhgEIAA,Monday: 8:15 AM – 5:00 PM; Tuesday: 8:15 AM – 5:00 PM; Wednesday: 8:15 AM – 4:00 PM; Thursday: 8:15 AM – 5:00 PM; Friday: 8:15 AM – 5:00 PM; Saturday: Closed; Sunday: Closed,dental_clinic,Southland,Gore,some_prices
Hokonui Dental Care,"Fairfield Building 2 Medway Street, East Gore, Gore 9710, New Zealand",03 208 4422,+64 3 208 4422,http://hokonuidentalcare.co.nz/,5,1,OPERATIONAL,https://maps.google.com/?cid=9193909951947397375&g_mp=Cidnb29nbGUubWFwcy5wbGFjZXMudjEuUGxhY2VzLlNlYXJjaFRleHQQAhgEIAA,Monday: 9:00 AM – 5:00 PM; Tuesday: 9:00 AM – 5:00 PM; Wednesday: 9:00 AM – 5:00 PM; Thursday: 9:00 AM – 5:00 PM; Friday: 9:30 AM – 3:00 PM; Saturday: Closed; Sunday: Closed,dental_clinic,Southland,Gore,no_prices
Invercargill City Dentists,"89 Don Street, Invercargill 9810, New Zealand",03 218 3456,+64 3 218 3456,https://www.invercargillcitydentists.co.nz/,3.6,34,OPERATIONAL,https://maps.google.com/?cid=17535963629746137466&g_mp=Cidnb29nbGUubWFwcy5wbGFjZXMudjEuUGxhY2VzLlNlYXJjaFRleHQQAhgEIAA,Monday: 8:30 AM – 5:00 PM; Tuesday: 8:30 AM – 5:00 PM; Wednesday: 8:30 AM – 5:00 PM; Thursday: 8:30 AM – 5:00 PM; Friday: 8:30 AM – 5:00 PM; Saturday: Closed; Sunday: Closed,dental_clinic,Southland,Invercargill,no_prices
John Harris Dental Surgery,"79 Don Street, Invercargill 9810, New Zealand",03 218 8356,+64 3 218 8356,http://www.johnharrisdental.co.nz/,4.6,9,OPERATIONAL,https://maps.google.com/?cid=5446363049926170396&g_mp=Cidnb29nbGUubWFwcy5wbGFjZXMudjEuUGxhY2VzLlNlYXJjaFRleHQQAhgEIAA,Monday: 8:30 AM – 5:00 PM; Tuesday: 8:30 AM – 5:00 PM; Wednesday: 8:30 AM – 9:00 PM; Thursday: 8:30 AM – 5:00 PM; Friday: 8:30 AM – 5:00 PM; Saturday: Closed; Sunday: Closed,dental_clinic,Southland,Invercargill,no_prices
Kieran O'Neill Orthodontics Invercargill,"Health Centre 1 Herbert Street, Gladstone, Invercargill 9810, New Zealand",03 218 4799,+64 3 218 4799,https://www.oneillortho.nz/,3.1,8,OPERATIONAL,https://maps.google.com/?cid=6282854439336933949&g_mp=Cidnb29nbGUubWFwcy5wbGFjZXMudjEuUGxhY2VzLlNlYXJjaFRleHQQAhgEIAA,Monday: 8:30 AM – 5:00 PM; Tuesday: 8:30 AM – 5:00 PM; Wednesday: 8:30 AM – 5:00 PM; Thursday: 8:30 AM – 5:00 PM; Friday: Closed; Saturday: Closed; Sunday: Closed,dental_clinic,Southland,Invercargill,no_prices
Larry Dougherty Dental Health Care now Dougherty Dental,"74 Kelvin Street, Invercargill 9810, New Zealand",03 218 9687,+64 3 218 9687,https://www.doughertydental.co.nz/new-clients/,,,OPERATIONAL,https://maps.google.com/?cid=7249323828465428040&g_mp=Cidnb29nbGUubWFwcy5wbGFjZXMudjEuUGxhY2VzLlNlYXJjaFRleHQQAhgEIAA,,dental_clinic,Southland,Invercargill,no_prices
Lumino Invercargill | Lumino The Dentists,"52 Victoria Avenue, Avenal, Invercargill 9810, New Zealand",03 218 3036,+64 3 218 3036,https://lumino.co.nz/dentists/lumino-invercargill/?utm_source=google_business_profile&utm_medium=organic,4,15,OPERATIONAL,https://maps.google.com/?cid=15094656929293988437&g_mp=Cidnb29nbGUubWFwcy5wbGFjZXMudjEuUGxhY2VzLlNlYXJjaFRleHQQAhgEIAA,Monday: 8:00 AM – 5:00 PM; Tuesday: 8:00 AM – 5:00 PM; Wednesday: 8:00 AM – 5:00 PM; Thursday: 8:00 AM – 5:00 PM; Friday: 8:00 AM – 1:00 PM; Saturday: Closed; Sunday: Closed,dental_clinic,Southland,Invercargill,some_prices
Lumsden Prescriptions and Gifts,"24 Diana Street, Lumsden 9730, New Zealand",03 248 7102,+64 3 248 7102,,4.8,6,OPERATIONAL,https://maps.google.com/?cid=17219165725886101830&g_mp=Cidnb29nbGUubWFwcy5wbGFjZXMudjEuUGxhY2VzLlNlYXJjaFRleHQQAhgEIAA,Monday: 10:00 AM – 5:00 PM; Tuesday: 10:00 AM – 5:00 PM; Wednesday: 8:00 AM – 5:00 PM; Thursday: 8:00 AM – 5:00 PM; Friday: 8:00 AM – 5:00 PM; Saturday: Closed; Sunday: Closed,needs_verification,Southland,Lumsden,no_prices
Lumsden School,"19 Maria Street, Lumsden 9730, New Zealand",03 248 7474,+64 3 248 7474,https://www.lumsden.school.nz/,,,OPERATIONAL,https://maps.google.com/?cid=8426111768254933037&g_mp=Cidnb29nbGUubWFwcy5wbGFjZXMudjEuUGxhY2VzLlNlYXJjaFRleHQQAhgEIAA,,needs_verification,Southland,Lumsden,no_prices
ME and MI Supermarket,"244 Main Street, OTAUTAU 9610, Otautau 9641, New Zealand",03 225 8436,+64 3 225 8436,,4.3,67,OPERATIONAL,https://maps.google.com/?cid=4538740377256752132&g_mp=Cidnb29nbGUubWFwcy5wbGFjZXMudjEuUGxhY2VzLlNlYXJjaFRleHQQAhgEIAA,Monday: 7:00 AM – 9:00 PM; Tuesday: 7:00 AM – 9:00 PM; Wednesday: 7:00 AM – 9:00 PM; Thursday: 7:00 AM – 9:00 PM; Friday: 7:00 AM – 9:00 PM; Saturday: 7:00 AM – 9:00 PM; Sunday: 8:00 AM – 8:00 PM,needs_verification,Southland,Otautau,no_prices
Mataura Dental Clinic,"Oakland Street, Mataura 9712, New Zealand",03 203 8482,+64 3 203 8482,,,,OPERATIONAL,https://maps.google.com/?cid=7913471599311244729&g_mp=Cidnb29nbGUubWFwcy5wbGFjZXMudjEuUGxhY2VzLlNlYXJjaFRleHQQAhgEIAA,,dental_clinic,Southland,Mataura,no_prices
NSVets - Northern Southland Vets - Lumsden,"137 Flora Road, Lumsden 9730, New Zealand",03 248 7199,+64 3 248 7199,https://www.nsvets.co.nz/,5,1,OPERATIONAL,https://maps.google.com/?cid=1194824733904806139&g_mp=Cidnb29nbGUubWFwcy5wbGFjZXMudjEuUGxhY2VzLlNlYXJjaFRleHQQAhgEIAA,Monday: 9:00 AM – 1:00 PM; Tuesday: 9:00 AM – 1:00 PM; Wednesday: 9:00 AM – 1:00 PM; Thursday: 9:00 AM – 1:00 PM; Friday: 9:00 AM – 1:00 PM; Saturday: Closed; Sunday: Closed,needs_verification,Southland,Lumsden,no_prices
Northern Southland Medical Centre,"58 Garden Street, Southland 9730, New Zealand",03 248 7146,+64 3 248 7146,http://www.lumsdenmed.co.nz/,4,6,OPERATIONAL,https://maps.google.com/?cid=14527497255391506152&g_mp=Cidnb29nbGUubWFwcy5wbGFjZXMudjEuUGxhY2VzLlNlYXJjaFRleHQQAhgEIAA,"Monday: 9:00 AM – 12:00 PM, 1:30 – 5:00 PM; Tuesday: 9:00 AM – 12:00 PM, 1:30 – 5:00 PM; Wednesday: 9:00 AM – 12:00 PM, 1:30 – 5:00 PM; Thursday: 9:00 AM – 12:00 PM, 1:30 – 5:00 PM; Friday: 9:00 AM – 12:00 PM, 1:30 – 5:00 PM; Saturday: Closed; Sunday: Closed",needs_verification,Southland,Lumsden,no_prices
Oral Surgery South,"223 Spey Street, Invercargill 9810, New Zealand",03 218 3320,+64 3 218 3320,http://ossouth.nz/,5,10,OPERATIONAL,https://maps.google.com/?cid=12300287053379271424&g_mp=Cidnb29nbGUubWFwcy5wbGFjZXMudjEuUGxhY2VzLlNlYXJjaFRleHQQAhgEIAA,Monday: 8:30 AM – 4:30 PM; Tuesday: Closed; Wednesday: 8:30 AM – 4:30 PM; Thursday: 8:30 AM – 4:30 PM; Friday: 8:30 AM – 2:30 PM; Saturday: Closed; Sunday: Closed,dental_clinic,Southland,Invercargill,full_prices
Otautau Medical Centre,"Chester Street, Otautau 9610, New Zealand",03 225 8099,+64 3 225 8099,https://www.healthpoint.co.nz/gps-accident-urgent-medical-care/gp/otautau-medical-centre/,4.3,4,OPERATIONAL,https://maps.google.com/?cid=16609534233330542651&g_mp=Cidnb29nbGUubWFwcy5wbGFjZXMudjEuUGxhY2VzLlNlYXJjaFRleHQQAhgEIAA,"Monday: 8:30 AM – 12:30 PM, 1:30 – 5:00 PM; Tuesday: 8:30 AM – 12:30 PM, 1:30 – 5:00 PM; Wednesday: 8:30 AM – 12:30 PM, 1:30 – 5:00 PM; Thursday: 8:30 AM – 12:30 PM, 1:30 – 5:00 PM; Friday: 8:30 AM – 12:30 PM, 1:30 – 5:00 PM; Saturday: Closed; Sunday: Closed",needs_verification,Southland,Otautau,no_prices
Otautau School,"17 Elles Road, Otautau 9610, New Zealand",03 225 8320,+64 3 225 8320,http://www.otautau.school.nz/,,,OPERATIONAL,https://maps.google.com/?cid=10819567002219376636&g_mp=Cidnb29nbGUubWFwcy5wbGFjZXMudjEuUGxhY2VzLlNlYXJjaFRleHQQAhgEIAA,,needs_verification,Southland,Otautau,no_prices
Otautau Vets Limited,"71 Main Street, Otautau 9610, New Zealand",03 225 8134,+64 3 225 8134,http://www.otautauvets.co.nz/,4.4,14,OPERATIONAL,https://maps.google.com/?cid=11074338329855414419&g_mp=Cidnb29nbGUubWFwcy5wbGFjZXMudjEuUGxhY2VzLlNlYXJjaFRleHQQAhgEIAA,Monday: 8:30 AM – 5:30 PM; Tuesday: 8:30 AM – 5:30 PM; Wednesday: 8:30 AM – 5:30 PM; Thursday: 8:30 AM – 5:30 PM; Friday: 8:30 AM – 5:30 PM; Saturday: Closed; Sunday: Closed,needs_verification,Southland,Otautau,no_prices
Rachel Ward Dental,"38 Windsor Street, Windsor, Invercargill 9810, New Zealand",03 217 7134,+64 3 217 7134,,5,3,OPERATIONAL,https://maps.google.com/?cid=6926144710083551134&g_mp=Cidnb29nbGUubWFwcy5wbGFjZXMudjEuUGxhY2VzLlNlYXJjaFRleHQQAhgEIAA,Monday: 8:30 AM – 5:00 PM; Tuesday: 8:30 AM – 5:00 PM; Wednesday: 8:30 AM – 5:00 PM; Thursday: 8:30 AM – 5:00 PM; Friday: 8:30 AM – 5:00 PM; Saturday: Closed; Sunday: Closed,dental_clinic,Southland,Invercargill,no_prices
Remarkable Smile Dentistry,"83 Don Street, Invercargill 9810, New Zealand",03 218 3257,+64 3 218 3257,https://www.remarkablesmile.co.nz/,5,20,OPERATIONAL,https://maps.google.com/?cid=8102424596086318190&g_mp=Cidnb29nbGUubWFwcy5wbGFjZXMudjEuUGxhY2VzLlNlYXJjaFRleHQQAhgEIAA,Monday: 8:30 AM – 5:00 PM; Tuesday: 8:30 AM – 5:00 PM; Wednesday: 8:30 AM – 5:00 PM; Thursday: 8:30 AM – 5:00 PM; Friday: 8:30 AM – 5:00 PM; Saturday: Closed; Sunday: Closed,dental_clinic,Southland,Invercargill,no_prices
Smiles Denture Clinic,"93 Yarrow Street, Invercargill 9810, New Zealand",03 454 5118,+64 3 454 5118,https://www.smilesdentureclinic.co.nz/,4.6,9,OPERATIONAL,https://maps.google.com/?cid=17925804721446338067&g_mp=Cidnb29nbGUubWFwcy5wbGFjZXMudjEuUGxhY2VzLlNlYXJjaFRleHQQAhgEIAA,Monday: 9:00 AM – 5:00 PM; Tuesday: 9:00 AM – 3:30 PM; Wednesday: 9:00 AM – 5:00 PM; Thursday: 9:00 AM – 12:00 PM; Friday: Closed; Saturday: Closed; Sunday: Closed,dental_clinic,Southland,Invercargill,no_prices
Southland Hospital,"Kew Road, Kew, Invercargill 9812, New Zealand",03 218 1949,+64 3 218 1949,https://www.southernhealth.nz/services/southland-hospital-invercargill,3.2,182,OPERATIONAL,https://maps.google.com/?cid=8665942716633975413&g_mp=Cidnb29nbGUubWFwcy5wbGFjZXMudjEuUGxhY2VzLlNlYXJjaFRleHQQAhgEIAA,Monday: Open 24 hours; Tuesday: Open 24 hours; Wednesday: Open 24 hours; Thursday: Open 24 hours; Friday: Open 24 hours; Saturday: Open 24 hours; Sunday: Open 24 hours,needs_verification,Southland,Invercargill,no_prices
Stewart Island Health Centre,"7 Argyle Street, Oban 9818, New Zealand",03 219 1098,+64 3 219 1098,,5,1,OPERATIONAL,https://maps.google.com/?cid=6913823712222840555&g_mp=Cidnb29nbGUubWFwcy5wbGFjZXMudjEuUGxhY2VzLlNlYXJjaFRleHQQAhgEIAA,Monday: 10:00 AM – 12:30 PM; Tuesday: 10:00 AM – 12:30 PM; Wednesday: 10:00 AM – 12:30 PM; Thursday: 10:00 AM – 12:30 PM; Friday: 10:00 AM – 12:30 PM; Saturday: 10:00 AM – 12:30 PM; Sunday: 10:00 AM – 12:30 PM,needs_verification,Southland,Oban,no_prices
The Dentist on Kelvin,"27 Kelvin Street, Invercargill 9810, New Zealand",03 218 6280,+64 3 218 6280,,4.2,38,OPERATIONAL,https://maps.google.com/?cid=5340158484390774519&g_mp=Cidnb29nbGUubWFwcy5wbGFjZXMudjEuUGxhY2VzLlNlYXJjaFRleHQQAhgEIAA,Monday: 8:30 AM – 5:00 PM; Tuesday: 8:30 AM – 5:00 PM; Wednesday: 8:30 AM – 5:00 PM; Thursday: 8:30 AM – 5:00 PM; Friday: 8:30 AM – 5:00 PM; Saturday: Closed; Sunday: Closed,dental_clinic,Southland,Invercargill,no_prices
Tooth Works,"Opus House 65 Arena Avenue, Avenal, Invercargill 9810, New Zealand",03 218 4937,+64 3 218 4937,https://toothworks.co.nz/,4.8,24,OPERATIONAL,https://maps.google.com/?cid=2762834025038184518&g_mp=Cidnb29nbGUubWFwcy5wbGFjZXMudjEuUGxhY2VzLlNlYXJjaFRleHQQAhgEIAA,Monday: 8:00 AM – 5:00 PM; Tuesday: 8:00 AM – 5:00 PM; Wednesday: 8:00 AM – 5:00 PM; Thursday: 8:00 AM – 5:00 PM; Friday: 8:00 AM – 5:00 PM; Saturday: Closed; Sunday: Closed,dental_clinic,Southland,Invercargill,no_prices
Tuatapere Medical Centre,"69a Orawia Road, Tuatapere 9620, New Zealand",03 226 6123,+64 3 226 6123,https://www.healthpoint.co.nz/gps-accident-urgent-medical-care/gp/tuatapere-medical-centre/,4,10,OPERATIONAL,https://maps.google.com/?cid=8681505133633004010&g_mp=Cidnb29nbGUubWFwcy5wbGFjZXMudjEuUGxhY2VzLlNlYXJjaFRleHQQAhgEIAA,Monday: 9:00 AM – 5:00 PM; Tuesday: 9:00 AM – 5:00 PM; Wednesday: 9:00 AM – 5:00 PM; Thursday: 9:00 AM – 5:00 PM; Friday: 9:00 AM – 5:00 PM; Saturday: Closed; Sunday: Closed,needs_verification,Southland,Tuatapere,no_prices
VetSouth Lumsden,"44 Diana Street, Lumsden 9730, New Zealand",03 248 9030,+64 3 248 9030,https://vetsouth.co.nz/clinic/lumsden,4.6,10,OPERATIONAL,https://maps.google.com/?cid=2298468728363575107&g_mp=Cidnb29nbGUubWFwcy5wbGFjZXMudjEuUGxhY2VzLlNlYXJjaFRleHQQAhgEIAA,Monday: 9:00 AM – 4:00 PM; Tuesday: 9:00 AM – 4:00 PM; Wednesday: 9:00 AM – 4:00 PM; Thursday: 9:00 AM – 4:00 PM; Friday: 9:00 AM – 4:00 PM; Saturday: Closed; Sunday: Closed,needs_verification,Southland,Lumsden,no_prices
VetSouth Otautau,"203 Main Street, Otautau 9610, New Zealand",03 225 8206,+64 3 225 8206,https://vetsouth.co.nz/clinic/otautau,4.9,13,OPERATIONAL,https://maps.google.com/?cid=5675498136153006164&g_mp=Cidnb29nbGUubWFwcy5wbGFjZXMudjEuUGxhY2VzLlNlYXJjaFRleHQQAhgEIAA,Monday: 8:30 AM – 4:00 PM; Tuesday: 8:30 AM – 4:00 PM; Wednesday: 8:30 AM – 4:00 PM; Thursday: 8:30 AM – 4:00 PM; Friday: 8:30 AM – 4:00 PM; Saturday: Closed; Sunday: Closed,needs_verification,Southland,Otautau,no_prices
Village Denture Studio - Invercargill,"WSP House 65 Arena Avenue, Avenal, Invercargill 9810, New Zealand",03 222 3886,+64 3 222 3886,https://vdstudio.co.nz/,,,OPERATIONAL,https://maps.google.com/?cid=6415814979385844872&g_mp=Cidnb29nbGUubWFwcy5wbGFjZXMudjEuUGxhY2VzLlNlYXJjaFRleHQQAhgEIAA,,dental_clinic,Southland,Invercargill,no_prices
Waihopai Dental Clinic,"90 Alice Street, Gladstone, Invercargill 9810, New Zealand",03 218 7744,+64 3 218 7744,,5,2,OPERATIONAL,https://maps.google.com/?cid=12459095642625426837&g_mp=Cidnb29nbGUubWFwcy5wbGFjZXMudjEuUGxhY2VzLlNlYXJjaFRleHQQAhgEIAA,,dental_clinic,Southland,Invercargill,no_prices
Windsor Street Dental,"Windsor Street, Windsor, Invercargill 9810, New Zealand",03 217 7134,+64 3 217 7134,https://www.windsorstreetdental.nz/,5,8,OPERATIONAL,https://maps.google.com/?cid=9342033664724214455&g_mp=Cidnb29nbGUubWFwcy5wbGFjZXMudjEuUGxhY2VzLlNlYXJjaFRleHQQAhgEIAA,Monday: 8:30 AM – 5:00 PM; Tuesday: 8:30 AM – 5:00 PM; Wednesday: 8:30 AM – 5:00 PM; Thursday: 8:30 AM – 5:00 PM; Friday: 8:30 AM – 5:00 PM; Saturday: Closed; Sunday: Closed,dental_clinic,Southland,Invercargill,no_prices
Winton Dental,"233 Great North Road, Winton 9720, New Zealand",03 242 5025,+64 3 242 5025,,5,4,OPERATIONAL,https://maps.google.com/?cid=8289231589442341178&g_mp=Cidnb29nbGUubWFwcy5wbGFjZXMudjEuUGxhY2VzLlNlYXJjaFRleHQQAhgEIAA,Monday: 9:00 AM – 5:00 PM; Tuesday: 9:00 AM – 5:00 PM; Wednesday: 9:00 AM – 5:00 PM; Thursday: 9:00 AM – 5:00 PM; Friday: 9:00 AM – 5:00 PM; Saturday: Closed; Sunday: Closed,dental_clinic,Southland,Winton,no_prices
Aces Dental Supplies,"134 Manawapou Road, Hawera, Hāwera 4610, New Zealand",0800 422 377,+64 800 422 377,http://acesdental.co.nz/,5,3,OPERATIONAL,https://maps.google.com/?cid=9846069907228297066&g_mp=Cidnb29nbGUubWFwcy5wbGFjZXMudjEuUGxhY2VzLlNlYXJjaFRleHQQAhgEIAA,Monday: 7:00 AM – 5:00 PM; Tuesday: 7:00 AM – 5:00 PM; Wednesday: 7:00 AM – 5:00 PM; Thursday: 7:00 AM – 5:00 PM; Friday: 7:00 AM – 5:00 PM; Saturday: Closed; Sunday: Closed,dental_clinic,Taranaki,Hawera,no_prices
Blue Aster Market,"42 North Street, Mokau 4376, New Zealand",0210 814 6676,+64 210 814 6676,https://www.blueaster.co.nz/,5,3,OPERATIONAL,https://maps.google.com/?cid=13949985532621141335&g_mp=Cidnb29nbGUubWFwcy5wbGFjZXMudjEuUGxhY2VzLlNlYXJjaFRleHQQAhgEIAA,Monday: Closed; Tuesday: Closed; Wednesday: 8:00 AM – 8:00 PM; Thursday: 8:00 AM – 8:00 PM; Friday: 8:00 AM – 8:00 PM; Saturday: 8:00 AM – 8:00 PM; Sunday: 8:00 AM – 8:00 PM,dental_clinic,Taranaki,Mokau,no_prices
Capsite Dental Limited,"31 Tukapa Street, Westown, New Plymouth 4310, New Zealand",06 758 2307,+64 6 758 2307,http://www.dentist.co.nz/dentist-detail/new-plymouth/capsite-dental/A11006938,4.5,14,OPERATIONAL,https://maps.google.com/?cid=4928357103409934772&g_mp=Cidnb29nbGUubWFwcy5wbGFjZXMudjEuUGxhY2VzLlNlYXJjaFRleHQQAhgEIAA,Monday: 8:30 AM – 4:00 PM; Tuesday: 8:30 AM – 4:00 PM; Wednesday: 8:30 AM – 4:00 PM; Thursday: Closed; Friday: 8:30 AM – 4:00 PM; Saturday: Closed; Sunday: Closed,dental_clinic,Taranaki,New Plymouth,no_prices
Coastal Veterinary Services,"24 Tasman Street, 70A Victoria Stree, Ōpunake 4616, New Zealand",06 761 8105,+64 6 761 8105,http://www.coastalvets.co.nz/,4.7,59,OPERATIONAL,https://maps.google.com/?cid=745592919031566313&g_mp=Cidnb29nbGUubWFwcy5wbGFjZXMudjEuUGxhY2VzLlNlYXJjaFRleHQQAhgEIAA,Monday: 8:00 AM – 5:00 PM; Tuesday: 8:00 AM – 5:00 PM; Wednesday: 8:00 AM – 5:00 PM; Thursday: 8:00 AM – 5:00 PM; Friday: 8:00 AM – 5:00 PM; Saturday: Closed; Sunday: Closed,dental_clinic,Taranaki,Ōpunake,no_prices
CoastalCare,"26 Napier Street, Ōpunake 4616, New Zealand",06 761 8488,+64 6 761 8488,http://www.coastalcare.co.nz/,,,OPERATIONAL,https://maps.google.com/?cid=5703434248321100690&g_mp=Cidnb29nbGUubWFwcy5wbGFjZXMudjEuUGxhY2VzLlNlYXJjaFRleHQQAhgEIAA,Monday: 8:30 AM – 5:00 PM; Tuesday: 8:30 AM – 5:00 PM; Wednesday: 8:30 AM – 5:00 PM; Thursday: 8:30 AM – 5:00 PM; Friday: 8:30 AM – 5:00 PM; Saturday: 9:00 AM – 12:00 PM; Sunday: Closed,dental_clinic,Taranaki,Ōpunake,no_prices
Dental Artistry,"79 Liardet Street, New Plymouth Central, New Plymouth 4310, New Zealand",0800 999 009,+64 800 999 009,,3.5,4,OPERATIONAL,https://maps.google.com/?cid=15960439238111637795&g_mp=Cidnb29nbGUubWFwcy5wbGFjZXMudjEuUGxhY2VzLlNlYXJjaFRleHQQAhgEIAA,,dental_clinic,Taranaki,New Plymouth,no_prices
Dental Care High St,"24 High Street, Hāwera 4610, New Zealand",06 278 5562,+64 6 278 5562,http://www.dentist.co.nz/dentist-detail/hawera/dental-care-high-street/A13011462,3.7,10,OPERATIONAL,https://maps.google.com/?cid=2253755461654642881&g_mp=Cidnb29nbGUubWFwcy5wbGFjZXMudjEuUGxhY2VzLlNlYXJjaFRleHQQAhgEIAA,Monday: 8:15 AM – 5:15 PM; Tuesday: 8:15 AM – 5:15 PM; Wednesday: 8:15 AM – 5:15 PM; Thursday: 8:15 AM – 5:15 PM; Friday: 8:15 AM – 5:15 PM; Saturday: Closed; Sunday: Closed,dental_clinic,Taranaki,Hawera,no_prices
Dental Delight Hori Street,"30 Hori Street, Vogeltown, New Plymouth 4310, New Zealand",06 753 0943,+64 6 753 0943,http://dentaldelight.nz/,4.8,78,OPERATIONAL,https://maps.google.com/?cid=14909596836847871463&g_mp=Cidnb29nbGUubWFwcy5wbGFjZXMudjEuUGxhY2VzLlNlYXJjaFRleHQQAhgEIAA,Monday: 9:00 AM – 5:00 PM; Tuesday: 9:00 AM – 5:00 PM; Wednesday: 9:00 AM – 5:00 PM; Thursday: 9:00 AM – 5:00 PM; Friday: 9:00 AM – 4:00 PM; Saturday: Closed; Sunday: Closed,dental_clinic,Taranaki,New Plymouth,no_prices
Dental Delight Molesworth Street,"56 Molesworth Street, New Plymouth Central, New Plymouth 4310, New Zealand",06 759 4066,+64 6 759 4066,http://www.dentaldelight.nz/,4.8,63,OPERATIONAL,https://maps.google.com/?cid=8494046315486257494&g_mp=Cidnb29nbGUubWFwcy5wbGFjZXMudjEuUGxhY2VzLlNlYXJjaFRleHQQAhgEIAA,Monday: 8:15 AM – 5:00 PM; Tuesday: 8:15 AM – 5:00 PM; Wednesday: 8:15 AM – 5:00 PM; Thursday: 8:15 AM – 5:00 PM; Friday: 8:15 AM – 4:00 PM; Saturday: Closed; Sunday: Closed,dental_clinic,Taranaki,New Plymouth,no_prices
Dental Delight The Valley,"1 Struthers Place, Waiwhakaiho, New Plymouth 4312, New Zealand",06 759 8690,+64 6 759 8690,https://dentaldelight.nz/,4.5,26,OPERATIONAL,https://maps.google.com/?cid=7723173444583583817&g_mp=Cidnb29nbGUubWFwcy5wbGFjZXMudjEuUGxhY2VzLlNlYXJjaFRleHQQAhgEIAA,Monday: 8:15 AM – 5:00 PM; Tuesday: 8:15 AM – 5:00 PM; Wednesday: 8:15 AM – 5:00 PM; Thursday: 8:15 AM – 5:00 PM; Friday: 8:15 AM – 3:00 PM; Saturday: 10:00 AM – 2:00 PM; Sunday: 10:00 AM – 2:00 PM,dental_clinic,Taranaki,New Plymouth,no_prices
Dental Design Studio,"455 Devon Street East, Strandon, New Plymouth 4312, New Zealand",06 758 5678,+64 6 758 5678,http://www.dentaldesignstudio.co.nz/,3.7,3,OPERATIONAL,https://maps.google.com/?cid=18298820612654780472&g_mp=Cidnb29nbGUubWFwcy5wbGFjZXMudjEuUGxhY2VzLlNlYXJjaFRleHQQAhgEIAA,Monday: 9:00 AM – 4:00 PM; Tuesday: 9:00 AM – 4:00 PM; Wednesday: 9:00 AM – 4:00 PM; Thursday: 9:00 AM – 4:00 PM; Friday: 9:00 AM – 4:00 PM; Saturday: 9:00 AM – 4:00 PM; Sunday: Closed,dental_clinic,Taranaki,New Plymouth,no_prices
Eltham Dental Centre,"193 High Street, Eltham 4322, New Zealand",06 764 8732,+64 6 764 8732,,4.3,11,OPERATIONAL,https://maps.google.com/?cid=4698954764775764216&g_mp=Cidnb29nbGUubWFwcy5wbGFjZXMudjEuUGxhY2VzLlNlYXJjaFRleHQQAhgEIAA,,dental_clinic,Taranaki,Eltham,no_prices
Four Square Urenui,"16 Ngakoti Street, Taranaki, Urenui 4349, New Zealand",06 752 3895,+64 6 752 3895,https://www.foursquare.co.nz/lower-north-island/taranaki/urenui?utm_source=google&utm_medium=organic&utm_campaign=Google+My+Business&utm_term=plcid_12515541478685045183&utm_content=Four+Square+Urenui,4.4,243,OPERATIONAL,https://maps.google.com/?cid=11270631935927864564&g_mp=Cidnb29nbGUubWFwcy5wbGFjZXMudjEuUGxhY2VzLlNlYXJjaFRleHQQAhgEIAA,Monday: 6:30 AM – 7:00 PM; Tuesday: 6:30 AM – 7:00 PM; Wednesday: 6:30 AM – 7:00 PM; Thursday: 6:30 AM – 7:00 PM; Friday: 6:30 AM – 7:00 PM; Saturday: 6:30 AM – 7:00 PM; Sunday: 7:00 AM – 6:30 PM,dental_clinic,Taranaki,Urenui,no_prices
Happy Teeth Dental,"21 Devon Street West, Manifold, New Plymouth 4310, New Zealand",06 759 8288,+64 6 759 8288,https://yellow.co.nz/y/happy-teeth-dental-new,4.5,33,OPERATIONAL,https://maps.google.com/?cid=14112472325676978307&g_mp=Cidnb29nbGUubWFwcy5wbGFjZXMudjEuUGxhY2VzLlNlYXJjaFRleHQQAhgEIAA,Monday: 9:00 AM – 5:00 PM; Tuesday: 9:00 AM – 5:00 PM; Wednesday: 9:00 AM – 5:00 PM; Thursday: 9:00 AM – 5:00 PM; Friday: 9:00 AM – 5:00 PM; Saturday: Closed; Sunday: Closed,dental_clinic,Taranaki,New Plymouth,no_prices
Hawera Dental Surgery,"5 Furlong Street, Hāwera 4610, New Zealand",06 278 3279,+64 6 278 3279,https://haweradentalsurgery.co.nz/,3.2,17,OPERATIONAL,https://maps.google.com/?cid=8162037818909134562&g_mp=Cidnb29nbGUubWFwcy5wbGFjZXMudjEuUGxhY2VzLlNlYXJjaFRleHQQAhgEIAA,Monday: 8:00 AM – 5:00 PM; Tuesday: 8:00 AM – 5:00 PM; Wednesday: 8:00 AM – 5:00 PM; Thursday: 8:00 AM – 5:00 PM; Friday: 8:00 AM – 5:00 PM; Saturday: Closed; Sunday: Closed,dental_clinic,Taranaki,Hawera,no_prices
High Street Dental and Medical Chambers,"24 High Street, Hāwera 4610, New Zealand",06 278 5189,+64 6 278 5189,,5,2,OPERATIONAL,https://maps.google.com/?cid=5104173956441006082&g_mp=Cidnb29nbGUubWFwcy5wbGFjZXMudjEuUGxhY2VzLlNlYXJjaFRleHQQAhgEIAA,Monday: 9:00 AM – 5:00 PM; Tuesday: 9:00 AM – 5:00 PM; Wednesday: 9:00 AM – 5:00 PM; Thursday: 9:00 AM – 5:00 PM; Friday: 9:00 AM – 5:00 PM; Saturday: Closed; Sunday: Closed,dental_clinic,Taranaki,Hawera,no_prices
Inglewood Dental Surgery,"12 Brown Street, Inglewood 4330, New Zealand",06 756 8717,+64 6 756 8717,https://www.inglewooddental.nz/,4.6,11,OPERATIONAL,https://maps.google.com/?cid=11844375124505436390&g_mp=Cidnb29nbGUubWFwcy5wbGFjZXMudjEuUGxhY2VzLlNlYXJjaFRleHQQAhgEIAA,Monday: 8:30 AM – 5:00 PM; Tuesday: 8:30 AM – 4:30 PM; Wednesday: 8:30 AM – 6:30 PM; Thursday: 8:30 AM – 5:00 PM; Friday: 8:30 AM – 12:00 PM; Saturday: Closed; Sunday: Closed,dental_clinic,Taranaki,Inglewood,no_prices
Kerry Hamilton Dental New Plymouth | Lumino The Dentists,"13 Mangorei Road, Strandon, New Plymouth 4312, New Zealand",06 758 3732,+64 6 758 3732,https://lumino.co.nz/dentists/kerry-hamilton-dental-surgery-new-plymouth/?utm_source=google_business_profile&utm_medium=organic,3.5,21,OPERATIONAL,https://maps.google.com/?cid=5612991881161875422&g_mp=Cidnb29nbGUubWFwcy5wbGFjZXMudjEuUGxhY2VzLlNlYXJjaFRleHQQAhgEIAA,Monday: 8:00 AM – 5:00 PM; Tuesday: 8:00 AM – 5:00 PM; Wednesday: 8:00 AM – 5:00 PM; Thursday: 8:00 AM – 5:00 PM; Friday: 8:00 AM – 1:00 PM; Saturday: Closed; Sunday: Closed,dental_clinic,Taranaki,New Plymouth,some_prices
Lees Dental Company,"124 Saint Aubyn Street, New Plymouth Central, New Plymouth 4310, New Zealand",06 759 1630,+64 6 759 1630,http://www.leesdental.co.nz/,3.9,11,OPERATIONAL,https://maps.google.com/?cid=17618421520320241493&g_mp=Cidnb29nbGUubWFwcy5wbGFjZXMudjEuUGxhY2VzLlNlYXJjaFRleHQQAhgEIAA,Monday: 8:30 AM – 5:00 PM; Tuesday: 8:30 AM – 5:00 PM; Wednesday: 8:30 AM – 5:00 PM; Thursday: 8:30 AM – 5:00 PM; Friday: 8:30 AM – 5:00 PM; Saturday: Closed; Sunday: Closed,dental_clinic,Taranaki,New Plymouth,no_prices
Mangorei Dental Care,"200 Mangorei Road, Merrilands, New Plymouth 4312, New Zealand",06 759 4059,+64 6 759 4059,http://www.mangoreidental.co.nz/,4.7,27,OPERATIONAL,https://maps.google.com/?cid=15180664947301788779&g_mp=Cidnb29nbGUubWFwcy5wbGFjZXMudjEuUGxhY2VzLlNlYXJjaFRleHQQAhgEIAA,Monday: 8:30 AM – 5:00 PM; Tuesday: 8:30 AM – 5:00 PM; Wednesday: 8:30 AM – 5:00 PM; Thursday: 8:30 AM – 5:00 PM; Friday: 8:30 AM – 5:00 PM; Saturday: Closed; Sunday: Closed,dental_clinic,Taranaki,New Plymouth,no_prices
Medicross Dental and Orthodontics,"21 Northgate, Strandon, New Plymouth 4312, New Zealand",06 757 3600,+64 6 757 3600,https://www.medicrossdentists.co.nz/,4,9,OPERATIONAL,https://maps.google.com/?cid=10399625962421460375&g_mp=Cidnb29nbGUubWFwcy5wbGFjZXMudjEuUGxhY2VzLlNlYXJjaFRleHQQAhgEIAA,Monday: Closed; Tuesday: Closed; Wednesday: 9:00 AM – 6:00 PM; Thursday: 10:00 AM – 8:00 PM; Friday: 9:00 AM – 6:00 PM; Saturday: Closed; Sunday: Closed,dental_clinic,Taranaki,New Plymouth,no_prices
Mokau Motel,"53 Main Rd, Mokau 4376, New Zealand",06 752 9725,+64 6 752 9725,http://www.mokaumotels.co.nz/,4.7,124,OPERATIONAL,https://maps.google.com/?cid=13498399091711262850&g_mp=Cidnb29nbGUubWFwcy5wbGFjZXMudjEuUGxhY2VzLlNlYXJjaFRleHQQAhgEIAA,Monday: Open 24 hours; Tuesday: Open 24 hours; Wednesday: Open 24 hours; Thursday: Open 24 hours; Friday: Open 24 hours; Saturday: Open 24 hours; Sunday: Open 24 hours,dental_clinic,Taranaki,Mokau,no_prices
Mokau Museum & Gallery,"33 North Street, Mokau 4376, New Zealand",06 752 9072,+64 6 752 9072,http://www.mokaumuseum.co.nz/,4.6,110,OPERATIONAL,https://maps.google.com/?cid=8103626903472649723&g_mp=Cidnb29nbGUubWFwcy5wbGFjZXMudjEuUGxhY2VzLlNlYXJjaFRleHQQAhgEIAA,Monday: 10:00 AM – 4:00 PM; Tuesday: 10:00 AM – 4:00 PM; Wednesday: 10:00 AM – 4:00 PM; Thursday: 10:00 AM – 4:00 PM; Friday: 10:00 AM – 4:00 PM; Saturday: 10:00 AM – 4:00 PM; Sunday: 10:00 AM – 4:00 PM,dental_clinic,Taranaki,Mokau,no_prices
Ms M A Costelloe,"82 Miranda Street, Stratford 4332, New Zealand",06 765 5839,+64 6 765 5839,http://www.stratforddental.co.nz/,4.2,30,OPERATIONAL,https://maps.google.com/?cid=18214351429199469721&g_mp=Cidnb29nbGUubWFwcy5wbGFjZXMudjEuUGxhY2VzLlNlYXJjaFRleHQQAhgEIAA,Monday: 8:00 AM – 4:30 PM; Tuesday: 8:00 AM – 4:30 PM; Wednesday: 8:00 AM – 4:30 PM; Thursday: 8:00 AM – 4:30 PM; Friday: 8:00 AM – 4:30 PM; Saturday: Closed; Sunday: Closed,dental_clinic,Taranaki,Stratford,no_prices
New Plymouth Dental Centre,"79 Liardet Street, New Plymouth Central, New Plymouth 4310, New Zealand",06 758 2433,+64 6 758 2433,https://www.newplymouthdental.co.nz/,3,49,OPERATIONAL,https://maps.google.com/?cid=2463019069836848221&g_mp=Cidnb29nbGUubWFwcy5wbGFjZXMudjEuUGxhY2VzLlNlYXJjaFRleHQQAhgEIAA,Monday: 8:00 AM – 5:00 PM; Tuesday: 8:00 AM – 5:00 PM; Wednesday: 8:00 AM – 5:00 PM; Thursday: 8:00 AM – 5:00 PM; Friday: 8:00 AM – 5:00 PM; Saturday: Closed; Sunday: Closed,dental_clinic,Taranaki,New Plymouth,no_prices
New Plymouth Dental Practice | Lumino The Dentists,"54 Lemon Street, New Plymouth Central, Gore 4310, New Zealand",06 758 2358,+64 6 758 2358,https://lumino.co.nz/dentists/new-plymouth-dental-practice/?utm_source=google_business_profile&utm_medium=organic,4.2,29,OPERATIONAL,https://maps.google.com/?cid=9599083628392650485&g_mp=Cidnb29nbGUubWFwcy5wbGFjZXMudjEuUGxhY2VzLlNlYXJjaFRleHQQAhgEIAA,Monday: 8:30 AM – 5:00 PM; Tuesday: 8:30 AM – 5:00 PM; Wednesday: 8:30 AM – 5:00 PM; Thursday: 8:30 AM – 5:00 PM; Friday: Closed; Saturday: Closed; Sunday: Closed,dental_clinic,Taranaki,New Plymouth,no_prices
Opunake Coastal Pharmacy,"55 Tasman Street, Ōpunake 4616, New Zealand",,,,5,5,OPERATIONAL,https://maps.google.com/?cid=11246481074421218166&g_mp=Cidnb29nbGUubWFwcy5wbGFjZXMudjEuUGxhY2VzLlNlYXJjaFRleHQQAhgEIAA,Monday: 8:30 AM – 5:30 PM; Tuesday: 8:30 AM – 5:30 PM; Wednesday: 8:30 AM – 5:30 PM; Thursday: 8:30 AM – 5:30 PM; Friday: 8:30 AM – 5:30 PM; Saturday: 10:00 AM – 1:00 PM; Sunday: Closed,dental_clinic,Taranaki,Ōpunake,no_prices
Opunake Health Centre,"Havelock Street, Ōpunake 4616, New Zealand",06 761 8777,+64 6 761 8777,http://www.coastalcare.co.nz/,,,OPERATIONAL,https://maps.google.com/?cid=5146268110397380074&g_mp=Cidnb29nbGUubWFwcy5wbGFjZXMudjEuUGxhY2VzLlNlYXJjaFRleHQQAhgEIAA,,dental_clinic,Taranaki,Ōpunake,no_prices
Opunake Medical Centre,"20/26 Napier Street, Ōpunake 4616, New Zealand",06 761 7324,+64 6 761 7324,http://opunakemedical.co.nz/,3.4,10,OPERATIONAL,https://maps.google.com/?cid=13763363725833874649&g_mp=Cidnb29nbGUubWFwcy5wbGFjZXMudjEuUGxhY2VzLlNlYXJjaFRleHQQAhgEIAA,Monday: 8:30 AM – 5:00 PM; Tuesday: 8:30 AM – 5:00 PM; Wednesday: 8:30 AM – 5:00 PM; Thursday: 8:30 AM – 5:00 PM; Friday: 8:30 AM – 5:00 PM; Saturday: Closed; Sunday: Closed,dental_clinic,Taranaki,Ōpunake,no_prices
Opunake Pharmacy,"26 Napier Street, Ōpunake 4616, New Zealand",06 761 8144,+64 6 761 8144,https://www.opunakepharmacy.co.nz/,4.8,6,OPERATIONAL,https://maps.google.com/?cid=9723546627059200028&g_mp=Cidnb29nbGUubWFwcy5wbGFjZXMudjEuUGxhY2VzLlNlYXJjaFRleHQQAhgEIAA,Monday: 8:30 AM – 5:00 PM; Tuesday: 8:30 AM – 5:00 PM; Wednesday: 8:30 AM – 5:00 PM; Thursday: 8:30 AM – 5:00 PM; Friday: 8:30 AM – 5:00 PM; Saturday: 9:00 AM – 12:00 PM; Sunday: Closed,dental_clinic,Taranaki,Ōpunake,no_prices
Opunake Primary School,"Longfellow Road, Ōpunake 4616, New Zealand",06 761 8367,+64 6 761 8367,http://www.opunakeprimary.school.nz,,,OPERATIONAL,https://maps.google.com/?cid=2994300991707615714&g_mp=Cidnb29nbGUubWFwcy5wbGFjZXMudjEuUGxhY2VzLlNlYXJjaFRleHQQAhgEIAA,Monday: 9:00 AM – 3:00 PM; Tuesday: 9:00 AM – 3:00 PM; Wednesday: 9:00 AM – 3:00 PM; Thursday: 9:00 AM – 3:00 PM; Friday: 9:00 AM – 3:00 PM; Saturday: Closed; Sunday: Closed,dental_clinic,Taranaki,Ōpunake,no_prices
Opunake Supermarket,"59 Tasman Street, Ōpunake 4616, New Zealand",06 761 8686,+64 6 761 8686,,4.3,100,OPERATIONAL,https://maps.google.com/?cid=12131081863675028536&g_mp=Cidnb29nbGUubWFwcy5wbGFjZXMudjEuUGxhY2VzLlNlYXJjaFRleHQQAhgEIAA,Monday: 7:30 AM – 8:00 PM; Tuesday: 7:30 AM – 8:00 PM; Wednesday: 7:30 AM – 8:00 PM; Thursday: 7:30 AM – 8:00 PM; Friday: 7:30 AM – 8:00 PM; Saturday: 7:30 AM – 8:00 PM; Sunday: 7:30 AM – 8:00 PM,dental_clinic,Taranaki,Ōpunake,no_prices
Patea Community Health Centre,"1 Lincoln Street, Pātea 4520, New Zealand",06 273 8088,+64 6 273 8088,https://www.healthpoint.co.nz/gps-accident-urgent-medical-care/gp/ngati-ruanui-patea-medical-centre/,3,1,OPERATIONAL,https://maps.google.com/?cid=10966481933509044368&g_mp=Cidnb29nbGUubWFwcy5wbGFjZXMudjEuUGxhY2VzLlNlYXJjaFRleHQQAhgEIAA,,dental_clinic,Taranaki,Pātea,no_prices
Patea Health Clinic,"29 Victoria Street, Pātea 4520, New Zealand",06 273 8255,+64 6 273 8255,,4,1,OPERATIONAL,https://maps.google.com/?cid=2270577552902557757&g_mp=Cidnb29nbGUubWFwcy5wbGFjZXMudjEuUGxhY2VzLlNlYXJjaFRleHQQAhgEIAA,,dental_clinic,Taranaki,Pātea,no_prices
Patea Pharmacy,"71 Egmont Street, Pātea 4520, New Zealand",06 273 8338,+64 6 273 8338,http://www.pateapharmacy.co.nz/,4.5,15,OPERATIONAL,https://maps.google.com/?cid=7506711708627458428&g_mp=Cidnb29nbGUubWFwcy5wbGFjZXMudjEuUGxhY2VzLlNlYXJjaFRleHQQAhgEIAA,Monday: 8:30 AM – 5:00 PM; Tuesday: 8:30 AM – 5:00 PM; Wednesday: 8:30 AM – 5:00 PM; Thursday: 8:30 AM – 5:00 PM; Friday: 8:30 AM – 5:00 PM; Saturday: Closed; Sunday: Closed,dental_clinic,Taranaki,Pātea,no_prices
Pure Dental,"465 Devon Street East, Strandon, New Plymouth 4312, New Zealand",06 758 5629,+64 6 758 5629,http://www.puredental.co.nz/,4.5,18,OPERATIONAL,https://maps.google.com/?cid=13457276135376791116&g_mp=Cidnb29nbGUubWFwcy5wbGFjZXMudjEuUGxhY2VzLlNlYXJjaFRleHQQAhgEIAA,Monday: 8:30 AM – 5:00 PM; Tuesday: 8:30 AM – 5:00 PM; Wednesday: 8:30 AM – 5:00 PM; Thursday: 8:30 AM – 5:00 PM; Friday: 8:30 AM – 2:00 PM; Saturday: Closed; Sunday: Closed,dental_clinic,Taranaki,New Plymouth,no_prices
Rangiatea Community Dental Clinic,"131 South Road, Spotswood, New Plymouth 4310, New Zealand",06 751 3507,+64 6 751 3507,http://www.tdhb.org.nz/,3.7,3,OPERATIONAL,https://maps.google.com/?cid=2035381976185269553&g_mp=Cidnb29nbGUubWFwcy5wbGFjZXMudjEuUGxhY2VzLlNlYXJjaFRleHQQAhgEIAA,Monday: 8:00 AM – 4:30 PM; Tuesday: 8:00 AM – 4:30 PM; Wednesday: 8:00 AM – 4:30 PM; Thursday: 8:00 AM – 4:30 PM; Friday: 8:00 AM – 4:30 PM; Saturday: Closed; Sunday: Closed,dental_clinic,Taranaki,New Plymouth,no_prices
Sparkle White Teeth New Plymouth,"5A Puketotara Street, Highlands Park, New Plymouth 4312, New Zealand",022 656 4558,+64 22 656 4558,,,,OPERATIONAL,https://maps.google.com/?cid=7780163719492491586&g_mp=Cidnb29nbGUubWFwcy5wbGFjZXMudjEuUGxhY2VzLlNlYXJjaFRleHQQAhgEIAA,Monday: 9:00 AM – 4:00 PM; Tuesday: 9:00 AM – 6:00 PM; Wednesday: 9:00 AM – 6:00 PM; Thursday: 9:00 AM – 6:00 PM; Friday: 9:00 AM – 6:00 PM; Saturday: 10:00 AM – 4:00 PM; Sunday: 1:00 – 4:00 PM,dental_clinic,Taranaki,New Plymouth,no_prices
TCB Dentures,"1 David Street, Westown, New Plymouth 4310, New Zealand",06 753 8833,+64 6 753 8833,http://www.tcbdentures.co.nz/,5,59,OPERATIONAL,https://maps.google.com/?cid=4226414984615244507&g_mp=Cidnb29nbGUubWFwcy5wbGFjZXMudjEuUGxhY2VzLlNlYXJjaFRleHQQAhgEIAA,Monday: 8:00 AM – 4:30 PM; Tuesday: 8:00 AM – 4:30 PM; Wednesday: 8:00 AM – 4:30 PM; Thursday: 8:00 AM – 4:30 PM; Friday: 8:00 AM – 12:00 PM; Saturday: Closed; Sunday: Closed,dental_clinic,Taranaki,New Plymouth,no_prices
Taranaki Base Hospital,"David Street, Westown, New Plymouth 4310, New Zealand",06 753 6139,+64 6 753 6139,http://tdhb.org.nz/,3.5,173,OPERATIONAL,https://maps.google.com/?cid=16910423419596909602&g_mp=Cidnb29nbGUubWFwcy5wbGFjZXMudjEuUGxhY2VzLlNlYXJjaFRleHQQAhgEIAA,Monday: Open 24 hours; Tuesday: Open 24 hours; Wednesday: Open 24 hours; Thursday: Open 24 hours; Friday: Open 24 hours; Saturday: Open 24 hours; Sunday: Open 24 hours,dental_clinic,Taranaki,New Plymouth,no_prices
Taylor Dental Practice,"95 Lemon Street, New Plymouth Central, New Plymouth 4312, New Zealand",06 759 1047,+64 6 759 1047,http://www.taylordental.co.nz/,3.5,23,OPERATIONAL,https://maps.google.com/?cid=13507828114105777749&g_mp=Cidnb29nbGUubWFwcy5wbGFjZXMudjEuUGxhY2VzLlNlYXJjaFRleHQQAhgEIAA,Monday: 8:30 AM – 5:00 PM; Tuesday: 8:30 AM – 5:00 PM; Wednesday: 8:30 AM – 5:00 PM; Thursday: 8:30 AM – 5:00 PM; Friday: 8:30 AM – 5:00 PM; Saturday: Closed; Sunday: Closed,dental_clinic,Taranaki,New Plymouth,no_prices
Taylor Dental Waitara,"26 Grey Street, Located in Tui Ora Health Centre Tui Ora Centre, Waitara 4320, New Zealand",06 759 1047,+64 6 759 1047,https://taylordental.co.nz/contact-us,5,1,OPERATIONAL,https://maps.google.com/?cid=5798824412247765926&g_mp=Cidnb29nbGUubWFwcy5wbGFjZXMudjEuUGxhY2VzLlNlYXJjaFRleHQQAhgEIAA,Monday: Closed; Tuesday: 8:30 AM – 4:30 PM; Wednesday: 8:30 AM – 4:30 PM; Thursday: 8:30 AM – 4:30 PM; Friday: Closed; Saturday: Closed; Sunday: Closed,dental_clinic,Taranaki,Waitara,no_prices
Te Henui Dental Clinic,"74 Mangorei Road, Strandon, New Plymouth 4312, New Zealand",06 757 3405,+64 6 757 3405,,4.8,6,OPERATIONAL,https://maps.google.com/?cid=7567933889539476610&g_mp=Cidnb29nbGUubWFwcy5wbGFjZXMudjEuUGxhY2VzLlNlYXJjaFRleHQQAhgEIAA,,dental_clinic,Taranaki,New Plymouth,no_prices
Total Orthodontics,"24 High Street, Hāwera 4610, New Zealand",06 278 5562,+64 6 278 5562,http://www.totalorthodontics.co.nz/,5,1,OPERATIONAL,https://maps.google.com/?cid=4684559923948640373&g_mp=Cidnb29nbGUubWFwcy5wbGFjZXMudjEuUGxhY2VzLlNlYXJjaFRleHQQAhgEIAA,Monday: 8:30 AM – 5:00 PM; Tuesday: 8:30 AM – 5:00 PM; Wednesday: 8:30 AM – 5:00 PM; Thursday: 8:30 AM – 5:00 PM; Friday: 8:30 AM – 5:00 PM; Saturday: Closed; Sunday: Closed,dental_clinic,Taranaki,Hawera,no_prices
Urenui & Mōkau Rural Healthcare Inc. - Head Office,"15A Takiroa Street, Urenui 4375, New Zealand",0800 000 281,+64 800 000 281,https://www.facebook.com/UrenuiandMokauHealthcare,,,OPERATIONAL,https://maps.google.com/?cid=12756999886047709027&g_mp=Cidnb29nbGUubWFwcy5wbGFjZXMudjEuUGxhY2VzLlNlYXJjaFRleHQQAhgEIAA,Monday: Closed; Tuesday: Closed; Wednesday: Closed; Thursday: Closed; Friday: 10:30 AM – 12:30 PM; Saturday: Closed; Sunday: Closed,dental_clinic,Taranaki,Urenui,no_prices
Vivian Dental,"53 Vivian Street, New Plymouth Central, New Plymouth 4310, New Zealand",06 758 4747,+64 6 758 4747,http://www.viviandental.co.nz/,4.1,25,OPERATIONAL,https://maps.google.com/?cid=17036930109292245898&g_mp=Cidnb29nbGUubWFwcy5wbGFjZXMudjEuUGxhY2VzLlNlYXJjaFRleHQQAhgEIAA,Monday: 8:30 AM – 5:00 PM; Tuesday: 8:30 AM – 5:00 PM; Wednesday: 8:30 AM – 5:00 PM; Thursday: 8:30 AM – 5:00 PM; Friday: 8:30 AM – 4:00 PM; Saturday: Closed; Sunday: Closed,dental_clinic,Taranaki,New Plymouth,no_prices
Ōpunake,"Ōpunake, New Zealand",,,,,,,https://maps.google.com/?cid=360551171215257632&g_mp=Cidnb29nbGUubWFwcy5wbGFjZXMudjEuUGxhY2VzLlNlYXJjaFRleHQQAhgEIAA,,dental_clinic,Taranaki,Ōpunake,no_prices
"127 Peachgrove Rd, Hamilton","Hamilton East, Hamilton 3216, New Zealand",,,,5,1,OPERATIONAL,https://maps.google.com/?cid=11638403930828372587&g_mp=Cidnb29nbGUubWFwcy5wbGFjZXMudjEuUGxhY2VzLlNlYXJjaFRleHQQAhgEIAA,,dental_clinic,Waikato,Enderley Hamilton,no_prices
AK Dental,"127 Spa Road, Taupō 3330, New Zealand",07 378 9069,+64 7 378 9069,http://akdental.co.nz/,5,8,OPERATIONAL,https://maps.google.com/?cid=14539480284842586641&g_mp=Cidnb29nbGUubWFwcy5wbGFjZXMudjEuUGxhY2VzLlNlYXJjaFRleHQQAhgEIAA,Monday: 8:30 AM – 5:00 PM; Tuesday: 8:30 AM – 5:00 PM; Wednesday: 8:30 AM – 5:00 PM; Thursday: 8:30 AM – 5:00 PM; Friday: 8:30 AM – 5:00 PM; Saturday: Closed; Sunday: Closed,dental_clinic,Waikato,Taupo,no_prices
Absolute Dental Limited - Tokoroa,"53 Bridge Street, Tokoroa 3420, New Zealand",07 886 5020,+64 7 886 5020,http://www.absolutedental.co.nz/,4.8,6,OPERATIONAL,https://maps.google.com/?cid=4785132022545902444&g_mp=Cidnb29nbGUubWFwcy5wbGFjZXMudjEuUGxhY2VzLlNlYXJjaFRleHQQAhgEIAA,Monday: 8:00 AM – 5:00 PM; Tuesday: 8:00 AM – 5:00 PM; Wednesday: 8:00 AM – 5:00 PM; Thursday: 8:00 AM – 5:00 PM; Friday: 8:00 AM – 5:00 PM; Saturday: Closed; Sunday: Closed,dental_clinic,Waikato,Tokoroa,no_prices
Absolute Dental Limited-Morrinsville,"60 Moorhouse Street, Morrinsville 3300, New Zealand",07 889 5257,+64 7 889 5257,https://www.absolutedental.co.nz/,4.1,18,OPERATIONAL,https://maps.google.com/?cid=11259986529306216097&g_mp=Cidnb29nbGUubWFwcy5wbGFjZXMudjEuUGxhY2VzLlNlYXJjaFRleHQQAhgEIAA,Monday: 8:00 AM – 5:00 PM; Tuesday: 8:00 AM – 5:00 PM; Wednesday: 8:00 AM – 5:00 PM; Thursday: 8:00 AM – 5:00 PM; Friday: 8:00 AM – 5:00 PM; Saturday: Closed; Sunday: Closed,dental_clinic,Waikato,Morrinsville,no_prices
Affinity Denture Clinic,"63 Alpha Street, Cambridge 3434, New Zealand",07 929 0424,+64 7 929 0424,http://www.affinitydentures.co.nz/,3.7,3,OPERATIONAL,https://maps.google.com/?cid=13856125435382220401&g_mp=Cidnb29nbGUubWFwcy5wbGFjZXMudjEuUGxhY2VzLlNlYXJjaFRleHQQAhgEIAA,Monday: Closed; Tuesday: Closed; Wednesday: Closed; Thursday: Closed; Friday: 9:00 AM – 5:00 PM; Saturday: Closed; Sunday: Closed,dental_clinic,Waikato,Cambridge,no_prices
Affordable Denture Hamilton,"41 Karewa Place, Pukete, Hamilton 3200, New Zealand",0800 368 873,+64 800 368 873,https://www.instagram.com/affordable_denture_nz/,5,6,OPERATIONAL,https://maps.google.com/?cid=15414213978751401520&g_mp=Cidnb29nbGUubWFwcy5wbGFjZXMudjEuUGxhY2VzLlNlYXJjaFRleHQQAhgEIAA,Monday: 9:00 AM – 6:00 PM; Tuesday: 9:00 AM – 6:00 PM; Wednesday: 9:00 AM – 6:00 PM; Thursday: 9:00 AM – 6:00 PM; Friday: 9:00 AM – 6:00 PM; Saturday: 9:00 AM – 6:00 PM; Sunday: 9:00 AM – 6:00 PM,dental_clinic,Waikato,Te Rapa Hamilton,no_prices
Affordable Denture Thames,"541 Pollen Street, Thames 3500, New Zealand",0800 368 873,+64 800 368 873,https://www.instagram.com/affordable_denture_nz/,5,1,OPERATIONAL,https://maps.google.com/?cid=12015779244191672478&g_mp=Cidnb29nbGUubWFwcy5wbGFjZXMudjEuUGxhY2VzLlNlYXJjaFRleHQQAhgEIAA,Monday: 8:00 AM – 5:00 PM; Tuesday: 8:00 AM – 5:00 PM; Wednesday: 8:00 AM – 5:00 PM; Thursday: 8:00 AM – 5:00 PM; Friday: 8:00 AM – 5:00 PM; Saturday: Closed; Sunday: Closed,dental_clinic,Waikato,Thames,no_prices
Affordable Denture Waihi,"NZ, 3/22 Rosemont Road, Waihi 3610, New Zealand",0800 368 873,+64 800 368 873,https://www.instagram.com/affordable_denture_nz/,4.4,8,OPERATIONAL,https://maps.google.com/?cid=11371945780984003882&g_mp=Cidnb29nbGUubWFwcy5wbGFjZXMudjEuUGxhY2VzLlNlYXJjaFRleHQQAhgEIAA,Monday: Closed; Tuesday: 10:00 AM – 4:00 PM; Wednesday: Closed; Thursday: Closed; Friday: 10:00 AM – 4:00 PM; Saturday: Closed; Sunday: Closed,dental_clinic,Waikato,Waihi,no_prices
All About Smiles,"191 Spa Road, Taupō 3330, New Zealand",021 190 1136,+64 21 190 1136,https://allaboutsmiles.co.nz/,5,82,OPERATIONAL,https://maps.google.com/?cid=2681509731911443013&g_mp=Cidnb29nbGUubWFwcy5wbGFjZXMudjEuUGxhY2VzLlNlYXJjaFRleHQQAhgEIAA,Monday: 9:00 AM – 6:00 PM; Tuesday: 9:00 AM – 5:00 PM; Wednesday: 9:00 AM – 5:00 PM; Thursday: 9:00 AM – 6:00 PM; Friday: 9:00 AM – 5:00 PM; Saturday: Closed; Sunday: Closed,dental_clinic,Waikato,Taupo,some_prices
All Good Dental,"Inside Medical Centre 4 Queen Street, Paeroa 3600, New Zealand",07 260 7077,+64 7 260 7077,https://www.allgooddental.co.nz/,,,OPERATIONAL,https://maps.google.com/?cid=7143795596454384278&g_mp=Cidnb29nbGUubWFwcy5wbGFjZXMudjEuUGxhY2VzLlNlYXJjaFRleHQQAhgEIAA,Monday: 9:00 AM – 5:00 PM; Tuesday: 9:00 AM – 5:00 PM; Wednesday: 9:00 AM – 5:00 PM; Thursday: 9:00 AM – 5:00 PM; Friday: 9:00 AM – 5:00 PM; Saturday: Closed; Sunday: Closed,dental_clinic,Waikato,Paeroa,no_prices
Alpers Dental Cambridge,"1902 Cambridge Road, Cambridge 3434, New Zealand",07 222 3498,+64 7 222 3498,https://www.alpersdentalcambridge.co.nz/,5,14,OPERATIONAL,https://maps.google.com/?cid=12553068616644312692&g_mp=Cidnb29nbGUubWFwcy5wbGFjZXMudjEuUGxhY2VzLlNlYXJjaFRleHQQAhgEIAA,Monday: 8:00 AM – 5:00 PM; Tuesday: 8:00 AM – 5:00 PM; Wednesday: 8:00 AM – 5:00 PM; Thursday: 8:00 AM – 5:00 PM; Friday: 8:00 AM – 5:00 PM; Saturday: Closed; Sunday: Closed,dental_clinic,Waikato,Cambridge,some_prices
Alpha Dental Ltd,"Level 1/5 Somerset Street, Frankton, Hamilton 3204, New Zealand",09 360 0680,+64 9 360 0680,http://www.alphadental.co.nz/,5,1,OPERATIONAL,https://maps.google.com/?cid=7167521205437507297&g_mp=Cidnb29nbGUubWFwcy5wbGFjZXMudjEuUGxhY2VzLlNlYXJjaFRleHQQAhgEIAA,Monday: 10:00 AM – 3:00 PM; Tuesday: 10:00 AM – 3:00 PM; Wednesday: 10:00 AM – 3:00 PM; Thursday: 10:00 AM – 3:00 PM; Friday: 10:00 AM – 3:00 PM; Saturday: Closed; Sunday: Closed,dental_clinic,Waikato,Hamilton Central,no_prices
Alpha Street Dental,"82 Alpha Street, Cambridge 3434, New Zealand",07 823 5328,+64 7 823 5328,https://alpha.dental/,5,6,OPERATIONAL,https://maps.google.com/?cid=4922106332005332217&g_mp=Cidnb29nbGUubWFwcy5wbGFjZXMudjEuUGxhY2VzLlNlYXJjaFRleHQQAhgEIAA,Monday: 9:00 AM – 5:00 PM; Tuesday: 9:00 AM – 5:00 PM; Wednesday: 9:00 AM – 5:00 PM; Thursday: 2:00 – 5:00 PM; Friday: Closed; Saturday: Closed; Sunday: Closed,dental_clinic,Waikato,Cambridge,no_prices
Andrew Chang Dental,"438 Pollen Street, Thames 3500, New Zealand",07 868 9581,+64 7 868 9581,http://thamesdentalcentre.co.nz/,,,OPERATIONAL,https://maps.google.com/?cid=3363647260114293960&g_mp=Cidnb29nbGUubWFwcy5wbGFjZXMudjEuUGxhY2VzLlNlYXJjaFRleHQQAhgEIAA,Monday: 8:30 AM – 5:00 PM; Tuesday: 8:30 AM – 5:00 PM; Wednesday: 8:30 AM – 5:00 PM; Thursday: 8:30 AM – 5:00 PM; Friday: 8:30 AM – 5:00 PM; Saturday: Closed; Sunday: Closed,dental_clinic,Waikato,Thames,no_prices
Anexa Vets Ngatea,"49 Orchard West Road, Ngatea 3503, New Zealand",07 867 7256,+64 7 867 7256,https://anexa.co.nz/clinics/ngatea/,4.6,21,OPERATIONAL,https://maps.google.com/?cid=10560676584739911418&g_mp=Cidnb29nbGUubWFwcy5wbGFjZXMudjEuUGxhY2VzLlNlYXJjaFRleHQQAhgEIAA,Monday: 8:00 AM – 5:00 PM; Tuesday: 8:00 AM – 5:00 PM; Wednesday: 8:00 AM – 5:00 PM; Thursday: 8:00 AM – 5:00 PM; Friday: 8:00 AM – 5:00 PM; Saturday: Closed; Sunday: Closed,dental_clinic,Waikato,Ngatea,no_prices
Anglesea A & E,"Gate 1 Cnr Thackeray, Anglesea Street, Hamilton Central, Hamilton 3420, New Zealand",07 858 0800,+64 7 858 0800,http://www.anglesea.co.nz/,2.5,297,OPERATIONAL,https://maps.google.com/?cid=12593007947810103346&g_mp=Cidnb29nbGUubWFwcy5wbGFjZXMudjEuUGxhY2VzLlNlYXJjaFRleHQQAhgEIAA,Monday: Open 24 hours; Tuesday: Open 24 hours; Wednesday: Open 24 hours; Thursday: Open 24 hours; Friday: Open 24 hours; Saturday: Open 24 hours; Sunday: Open 24 hours,dental_clinic,Waikato,Hamilton Central,no_prices
Anglesea Endodontics,"1 Thackeray Street, Hamilton Central, Hamilton 3204, New Zealand",07 957 4910,+64 7 957 4910,https://www.angleseaendodontics.com/contact,5,1,OPERATIONAL,https://maps.google.com/?cid=1443203248702926841&g_mp=Cidnb29nbGUubWFwcy5wbGFjZXMudjEuUGxhY2VzLlNlYXJjaFRleHQQAhgEIAA,,dental_clinic,Waikato,Hamilton Central,no_prices
Anglesea OMS,"62 Tristram Street, Hamilton Central, Hamilton 3204, New Zealand",07 858 0762,+64 7 858 0762,http://www.angleseaoms.co.nz/,5,48,OPERATIONAL,https://maps.google.com/?cid=3202216997636241557&g_mp=Cidnb29nbGUubWFwcy5wbGFjZXMudjEuUGxhY2VzLlNlYXJjaFRleHQQAhgEIAA,Monday: 8:00 AM – 5:00 PM; Tuesday: 8:00 AM – 5:00 PM; Wednesday: 8:00 AM – 5:00 PM; Thursday: 8:00 AM – 5:00 PM; Friday: 8:00 AM – 5:00 PM; Saturday: Closed; Sunday: Closed,dental_clinic,Waikato,Hamilton Central,no_prices
Avalon Dental,"6 Avalon Drive, Nawton, Hamilton 3200, New Zealand",07 847 5767,+64 7 847 5767,http://www.avalondental.co.nz/,4.3,40,OPERATIONAL,https://maps.google.com/?cid=5933462966066992146&g_mp=Cidnb29nbGUubWFwcy5wbGFjZXMudjEuUGxhY2VzLlNlYXJjaFRleHQQAhgEIAA,Monday: 8:00 AM – 5:00 PM; Tuesday: 8:00 AM – 5:00 PM; Wednesday: 8:00 AM – 5:00 PM; Thursday: 8:00 AM – 5:00 PM; Friday: 8:00 AM – 4:00 PM; Saturday: Closed; Sunday: Closed,dental_clinic,Waikato,Hamilton Central,no_prices
BEACH DENTAL PRACTICE,"823 Pollen Street, Thames 3500, New Zealand",07 868 8643,+64 7 868 8643,http://www.beachdental.nz/,5,2,OPERATIONAL,https://maps.google.com/?cid=13317971432212570743&g_mp=Cidnb29nbGUubWFwcy5wbGFjZXMudjEuUGxhY2VzLlNlYXJjaFRleHQQAhgEIAA,Monday: 8:00 AM – 5:00 PM; Tuesday: 8:00 AM – 5:00 PM; Wednesday: 8:00 AM – 5:00 PM; Thursday: 8:00 AM – 5:00 PM; Friday: 8:00 AM – 4:00 PM; Saturday: Closed; Sunday: Closed,dental_clinic,Waikato,Thames,no_prices
Bankwood School Dental Clinic,"Bankwood Road, Chartwell, Hamilton 3210, New Zealand",07 853 7049,+64 7 853 7049,,,,OPERATIONAL,https://maps.google.com/?cid=12409495309262950447&g_mp=Cidnb29nbGUubWFwcy5wbGFjZXMudjEuUGxhY2VzLlNlYXJjaFRleHQQAhgEIAA,,dental_clinic,Waikato,Enderley Hamilton,no_prices
Bella Dental,"310 Cambridge Road, Hillcrest, Hamilton 3216, New Zealand",07 858 4131,+64 7 858 4131,http://www.belladental.nz/,3.7,6,OPERATIONAL,https://maps.google.com/?cid=18099012472367167687&g_mp=Cidnb29nbGUubWFwcy5wbGFjZXMudjEuUGxhY2VzLlNlYXJjaFRleHQQAhgEIAA,Monday: 9:00 AM – 6:00 PM; Tuesday: 9:00 AM – 5:00 PM; Wednesday: 9:00 AM – 5:00 PM; Thursday: 9:00 AM – 5:00 PM; Friday: Closed; Saturday: Closed; Sunday: Closed,dental_clinic,Waikato,Hillcrest Hamilton,no_prices
Breathe Free Clinic,"33 Mangauika Road, Pirongia 3876, New Zealand",027 292 9222,+64 27 292 9222,https://breathefreeclinic.co.nz/,5,28,OPERATIONAL,https://maps.google.com/?cid=17055189741370002264&g_mp=Cidnb29nbGUubWFwcy5wbGFjZXMudjEuUGxhY2VzLlNlYXJjaFRleHQQAhgEIAA,Monday: 9:00 AM – 6:00 PM; Tuesday: 7:00 AM – 6:00 PM; Wednesday: 11:00 AM – 7:00 PM; Thursday: 7:00 AM – 7:00 PM; Friday: 11:00 AM – 5:00 PM; Saturday: 9:00 AM – 2:00 PM; Sunday: Closed,dental_clinic,Waikato,Pirongia,no_prices
Bright Cambridge Dental & Denture Clinic,"50 Burns Street, Leamington, Cambridge 3432, New Zealand",0800 765 777,+64 800 765 777,https://brightdental.nz/,4.9,32,OPERATIONAL,https://maps.google.com/?cid=4154327257112548110&g_mp=Cidnb29nbGUubWFwcy5wbGFjZXMudjEuUGxhY2VzLlNlYXJjaFRleHQQAhgEIAA,Monday: Closed; Tuesday: 10:00 AM – 6:00 PM; Wednesday: 9:00 AM – 6:00 PM; Thursday: Closed; Friday: 9:00 AM – 6:00 PM; Saturday: 9:00 AM – 6:00 PM; Sunday: Closed,dental_clinic,Waikato,Cambridge,no_prices
Brite White Dental Centre,"Corner Rostrevor and Tristram Streets, 130 Rostrevor Street, Hamilton Central, Hamilton 3204, New Zealand",07 958 1435,+64 7 958 1435,https://www.britewhitedental.nz/,4.4,8,OPERATIONAL,https://maps.google.com/?cid=17847395065864736382&g_mp=Cidnb29nbGUubWFwcy5wbGFjZXMudjEuUGxhY2VzLlNlYXJjaFRleHQQAhgEIAA,Monday: 8:00 AM – 5:30 PM; Tuesday: 8:00 AM – 5:30 PM; Wednesday: 8:00 AM – 5:30 PM; Thursday: 8:00 AM – 5:30 PM; Friday: 8:00 AM – 5:30 PM; Saturday: 8:00 AM – 5:00 PM; Sunday: Closed,dental_clinic,Waikato,Hamilton Central,no_prices
Busfield Dental Care,"59 Swanston Street, Tokoroa 3420, New Zealand",07 886 6767,+64 7 886 6767,,4,19,OPERATIONAL,https://maps.google.com/?cid=10694646811494431203&g_mp=Cidnb29nbGUubWFwcy5wbGFjZXMudjEuUGxhY2VzLlNlYXJjaFRleHQQAhgEIAA,Monday: 8:00 AM – 5:00 PM; Tuesday: 8:00 AM – 5:00 PM; Wednesday: 8:00 AM – 5:00 PM; Thursday: 8:00 AM – 5:00 PM; Friday: 8:00 AM – 5:00 PM; Saturday: Closed; Sunday: Closed,dental_clinic,Waikato,Tokoroa,no_prices
C & R Dental Care,"697C Wairere Drive, Chartwell, Hamilton 3210, New Zealand",07 856 4116,+64 7 856 4116,https://www.crdentalcare.co.nz/?utm_source=google&utm_medium=wix_google_business_profile&utm_campaign=14195611318754636039,5,11,OPERATIONAL,https://maps.google.com/?cid=6315207301054630477&g_mp=Cidnb29nbGUubWFwcy5wbGFjZXMudjEuUGxhY2VzLlNlYXJjaFRleHQQAhgEIAA,Monday: 8:00 AM – 5:00 PM; Tuesday: 8:00 AM – 5:00 PM; Wednesday: 8:00 AM – 5:00 PM; Thursday: 8:00 AM – 5:00 PM; Friday: 8:00 AM – 4:00 PM; Saturday: Closed; Sunday: Closed,dental_clinic,Waikato,Hamilton Central,no_prices
Cambridge Dental,"9A Anzac Street, Cambridge 3434, New Zealand",07 823 1210,+64 7 823 1210,https://cambridgedental.co.nz/,4.1,34,OPERATIONAL,https://maps.google.com/?cid=11406212874194012521&g_mp=Cidnb29nbGUubWFwcy5wbGFjZXMudjEuUGxhY2VzLlNlYXJjaFRleHQQAhgEIAA,Monday: 8:00 AM – 5:00 PM; Tuesday: 8:00 AM – 5:00 PM; Wednesday: 8:00 AM – 5:00 PM; Thursday: 8:00 AM – 5:00 PM; Friday: 8:00 AM – 5:00 PM; Saturday: Closed; Sunday: Closed,dental_clinic,Waikato,Cambridge,no_prices
Cambridge Family Health,"1913 Cambridge Road, Cambridge 3434, New Zealand",07 827 4234,+64 7 827 4234,http://cambridgefamilyhealth.co.nz/,3.8,37,OPERATIONAL,https://maps.google.com/?cid=5373783033018266892&g_mp=Cidnb29nbGUubWFwcy5wbGFjZXMudjEuUGxhY2VzLlNlYXJjaFRleHQQAhgEIAA,Monday: 8:30 AM – 5:00 PM; Tuesday: 8:30 AM – 5:00 PM; Wednesday: 8:30 AM – 5:00 PM; Thursday: 8:30 AM – 5:00 PM; Friday: 8:30 AM – 5:00 PM; Saturday: Closed; Sunday: Closed,dental_clinic,Waikato,Cambridge,no_prices
Cambridge Middle School Dental Clinic,"50 Clare Street, Cambridge 3434, New Zealand",0800 825 583,+64 800 825 583,http://www.waikatodhb.health.nz/oralhealth,5,3,OPERATIONAL,https://maps.google.com/?cid=9386455957389483287&g_mp=Cidnb29nbGUubWFwcy5wbGFjZXMudjEuUGxhY2VzLlNlYXJjaFRleHQQAhgEIAA,Monday: 8:10 AM – 4:15 PM; Tuesday: 8:10 AM – 4:15 PM; Wednesday: 8:10 AM – 4:15 PM; Thursday: 8:10 AM – 4:15 PM; Friday: 8:10 AM – 4:15 PM; Saturday: Closed; Sunday: Closed,dental_clinic,Waikato,Cambridge,no_prices
Cambridge Primary School Dental Clinic,"Cambridge 3434, New Zealand",07 827 6501,+64 7 827 6501,,,,OPERATIONAL,https://maps.google.com/?cid=14260919672933071054&g_mp=Cidnb29nbGUubWFwcy5wbGFjZXMudjEuUGxhY2VzLlNlYXJjaFRleHQQAhgEIAA,,dental_clinic,Waikato,Cambridge,no_prices
Cambridge Smile Centre,"24 Dick Street, Cambridge 3434, New Zealand",07 827 5653,+64 7 827 5653,https://cambridgesmile.co.nz/,4.3,16,OPERATIONAL,https://maps.google.com/?cid=13907214583719836993&g_mp=Cidnb29nbGUubWFwcy5wbGFjZXMudjEuUGxhY2VzLlNlYXJjaFRleHQQAhgEIAA,Monday: 8:30 AM – 5:00 PM; Tuesday: 10:00 AM – 7:00 PM; Wednesday: 8:30 AM – 5:00 PM; Thursday: 9:00 AM – 5:00 PM; Friday: 9:00 AM – 4:00 PM; Saturday: Closed; Sunday: Closed,dental_clinic,Waikato,Cambridge,no_prices
Cambridge White Dental,"33 Duke Street, Cambridge 3434, New Zealand",07 823 0232,+64 7 823 0232,http://www.cambridgewhite.co.nz/,5,11,OPERATIONAL,https://maps.google.com/?cid=16693920029525873936&g_mp=Cidnb29nbGUubWFwcy5wbGFjZXMudjEuUGxhY2VzLlNlYXJjaFRleHQQAhgEIAA,Monday: 10:00 AM – 5:00 PM; Tuesday: 10:00 AM – 5:00 PM; Wednesday: 10:00 AM – 5:00 PM; Thursday: 10:00 AM – 5:00 PM; Friday: 10:00 AM – 5:00 PM; Saturday: Closed; Sunday: Closed,dental_clinic,Waikato,Cambridge,some_prices
Changing Faces,"1 Hill Street, Hamilton Lake, Hamilton 3204, New Zealand",07 839 4080,+64 7 839 4080,http://www.changingfaces.co.nz/,4.1,86,OPERATIONAL,https://maps.google.com/?cid=2879575518667931913&g_mp=Cidnb29nbGUubWFwcy5wbGFjZXMudjEuUGxhY2VzLlNlYXJjaFRleHQQAhgEIAA,Monday: 8:00 AM – 6:00 PM; Tuesday: 8:00 AM – 6:00 PM; Wednesday: 8:00 AM – 6:00 PM; Thursday: 8:00 AM – 6:00 PM; Friday: Closed; Saturday: Closed; Sunday: Closed,dental_clinic,Waikato,Hamilton Central,some_prices
Chapman O'Brien Dental Surgery,"100 Tūwharetoa Street, Taupō 3330, New Zealand",07 377 0800,+64 7 377 0800,,4.5,15,OPERATIONAL,https://maps.google.com/?cid=7311947050269711952&g_mp=Cidnb29nbGUubWFwcy5wbGFjZXMudjEuUGxhY2VzLlNlYXJjaFRleHQQAhgEIAA,Monday: 9:00 AM – 5:00 PM; Tuesday: 9:00 AM – 5:00 PM; Wednesday: 9:00 AM – 5:00 PM; Thursday: 9:00 AM – 5:00 PM; Friday: 9:00 AM – 5:00 PM; Saturday: Closed; Sunday: Closed,dental_clinic,Waikato,Taupo,no_prices
Chemist Warehouse Cambridge,"2/34D Lake Street, Lakewood, Cambridge 3434, New Zealand",07 280 7274,+64 7 280 7274,https://www.chemistwarehouse.co.nz/,4.5,79,OPERATIONAL,https://maps.google.com/?cid=1551527228426759304&g_mp=Cidnb29nbGUubWFwcy5wbGFjZXMudjEuUGxhY2VzLlNlYXJjaFRleHQQAhgEIAA,Monday: 8:00 AM – 8:00 PM; Tuesday: 8:00 AM – 8:00 PM; Wednesday: 8:00 AM – 8:00 PM; Thursday: 8:00 AM – 8:00 PM; Friday: 8:00 AM – 8:00 PM; Saturday: 8:00 AM – 7:00 PM; Sunday: 8:00 AM – 7:00 PM,dental_clinic,Waikato,Cambridge,no_prices
Chilukuri Dental,"7 Motutaiko Street, Taupō 3330, New Zealand",07 378 7540,+64 7 378 7540,,4.8,55,OPERATIONAL,https://maps.google.com/?cid=4668966224676680664&g_mp=Cidnb29nbGUubWFwcy5wbGFjZXMudjEuUGxhY2VzLlNlYXJjaFRleHQQAhgEIAA,Monday: 9:00 AM – 5:00 PM; Tuesday: 9:00 AM – 5:00 PM; Wednesday: 9:00 AM – 5:00 PM; Thursday: 9:00 AM – 5:00 PM; Friday: 9:00 AM – 3:00 PM; Saturday: Closed; Sunday: Closed,dental_clinic,Waikato,Taupo,no_prices
Choice Dentures,"6 Gordonton Road, Parkwood, Hamilton 3210, New Zealand",022 021 1018,+64 22 021 1018,,4.9,7,OPERATIONAL,https://maps.google.com/?cid=10384305025104471897&g_mp=Cidnb29nbGUubWFwcy5wbGFjZXMudjEuUGxhY2VzLlNlYXJjaFRleHQQAhgEIAA,Monday: 9:00 AM – 5:00 PM; Tuesday: 9:00 AM – 5:00 PM; Wednesday: 9:00 AM – 5:00 PM; Thursday: 9:00 AM – 5:00 PM; Friday: 9:00 AM – 4:30 PM; Saturday: Closed; Sunday: Closed,dental_clinic,Waikato,Enderley Hamilton,no_prices
City Smile Dental - Anglesea St Dentist Hamilton,"487D Anglesea Street, Hamilton Central, Hamilton 3204, New Zealand",0800 248 976,+64 800 248 976,https://citysmiledental.co.nz/,4.7,327,OPERATIONAL,https://maps.google.com/?cid=16612089689001492899&g_mp=Cidnb29nbGUubWFwcy5wbGFjZXMudjEuUGxhY2VzLlNlYXJjaFRleHQQAhgEIAA,Monday: 8:00 AM – 6:00 PM; Tuesday: 8:00 AM – 6:00 PM; Wednesday: 8:00 AM – 6:00 PM; Thursday: 8:00 AM – 6:00 PM; Friday: 8:00 AM – 6:00 PM; Saturday: 8:00 AM – 3:00 PM; Sunday: 9:00 AM – 1:00 PM,dental_clinic,Waikato,Hamilton Central,some_prices
City Smile Dental - Victoria St Dentist Hamilton,"King St Building Level One/462 Victoria Street, Hamilton Central, Hamilton 3204, New Zealand",0800 248 976,+64 800 248 976,http://www.citysmiledental.co.nz/,4.2,67,OPERATIONAL,https://maps.google.com/?cid=8552342591533352106&g_mp=Cidnb29nbGUubWFwcy5wbGFjZXMudjEuUGxhY2VzLlNlYXJjaFRleHQQAhgEIAA,Monday: 7:00 AM – 7:00 PM; Tuesday: 7:00 AM – 7:00 PM; Wednesday: 7:00 AM – 7:00 PM; Thursday: 7:00 AM – 7:00 PM; Friday: 7:00 AM – 7:00 PM; Saturday: 7:00 AM – 3:00 PM; Sunday: Closed,dental_clinic,Waikato,Hamilton Central,some_prices
Clarence Dental,"Level 1/2 Fifth Avenue, Hamilton 3214, New Zealand",07 839 5559,+64 7 839 5559,http://www.clarencedental.co.nz/,4.8,22,OPERATIONAL,https://maps.google.com/?cid=17921613023581581092&g_mp=Cidnb29nbGUubWFwcy5wbGFjZXMudjEuUGxhY2VzLlNlYXJjaFRleHQQAhgEIAA,Monday: 9:00 AM – 6:00 PM; Tuesday: 9:00 AM – 6:00 PM; Wednesday: 9:00 AM – 6:00 PM; Thursday: 9:00 AM – 6:00 PM; Friday: 9:00 AM – 2:00 PM; Saturday: Closed; Sunday: Closed,dental_clinic,Waikato,Claudelands Hamilton,no_prices
Claudelands Park,"Corner of Brooklyn Road and, Heaphy Terrace, Claudelands, Hamilton 3214, New Zealand",07 958 5895,+64 7 958 5895,,4.4,2582,OPERATIONAL,https://maps.google.com/?cid=8734812587175146571&g_mp=Cidnb29nbGUubWFwcy5wbGFjZXMudjEuUGxhY2VzLlNlYXJjaFRleHQQAhgEIAA,,dental_clinic,Waikato,Claudelands Hamilton,no_prices
Clinico Denture & Hearing - Hamilton,"33 Tawa Street, Melville, Hamilton 3206, New Zealand",0800 112 324,+64 800 112 324,http://www.clinico.co.nz/,4.9,126,OPERATIONAL,https://maps.google.com/?cid=2277298433137772052&g_mp=Cidnb29nbGUubWFwcy5wbGFjZXMudjEuUGxhY2VzLlNlYXJjaFRleHQQAhgEIAA,Monday: 8:00 AM – 5:00 PM; Tuesday: 8:00 AM – 5:00 PM; Wednesday: 8:00 AM – 5:00 PM; Thursday: 8:00 AM – 5:00 PM; Friday: 8:00 AM – 5:00 PM; Saturday: Closed; Sunday: Closed,dental_clinic,Waikato,Hamilton Central,some_prices
Clinico Denture & Hearing - Te Awamutu,"Mahoe Med Centre Cambridge Road, Te Awamutu 3800, New Zealand",0800 112 324,+64 800 112 324,,,,OPERATIONAL,https://maps.google.com/?cid=6753072668353277066&g_mp=Cidnb29nbGUubWFwcy5wbGFjZXMudjEuUGxhY2VzLlNlYXJjaFRleHQQAhgEIAA,Monday: 1:30 – 5:00 PM; Tuesday: Closed; Wednesday: Closed; Thursday: 1:30 – 5:00 PM; Friday: Closed; Saturday: Closed; Sunday: Closed,dental_clinic,Waikato,Te Awamutu,some_prices
Clinico Denture & Hearing - Thames,"418 Pollen Street, Thames 3500, New Zealand",0800 112 324,+64 800 112 324,http://clinico.co.nz/,5,1,OPERATIONAL,https://maps.google.com/?cid=13448925809478304972&g_mp=Cidnb29nbGUubWFwcy5wbGFjZXMudjEuUGxhY2VzLlNlYXJjaFRleHQQAhgEIAA,Monday: Closed; Tuesday: Closed; Wednesday: Closed; Thursday: 9:00 AM – 3:30 PM; Friday: Closed; Saturday: Closed; Sunday: Closed,dental_clinic,Waikato,Thames,some_prices
Clinico Denture & Hearing - Tokoroa,"25 Bridge Street, Tokoroa 3420, New Zealand",0800 112 324,+64 800 112 324,http://www.clinico.co.nz/,,,OPERATIONAL,https://maps.google.com/?cid=11354504932104887120&g_mp=Cidnb29nbGUubWFwcy5wbGFjZXMudjEuUGxhY2VzLlNlYXJjaFRleHQQAhgEIAA,Monday: Closed; Tuesday: Closed; Wednesday: 9:00 AM – 4:00 PM; Thursday: Closed; Friday: Closed; Saturday: Closed; Sunday: Closed,dental_clinic,Waikato,Tokoroa,some_prices
Clinico Denture & Hearing - Waihi,"2 School Lane, Waihi 3610, New Zealand",0800 112 324,+64 800 112 324,http://clinico.co.nz/dentures-waihi,5,1,OPERATIONAL,https://maps.google.com/?cid=13997028406155321816&g_mp=Cidnb29nbGUubWFwcy5wbGFjZXMudjEuUGxhY2VzLlNlYXJjaFRleHQQAhgEIAA,Monday: Closed; Tuesday: 9:30 AM – 3:30 PM; Wednesday: Closed; Thursday: Closed; Friday: Closed; Saturday: Closed; Sunday: Closed,dental_clinic,Waikato,Waihi,some_prices
Collingwood Dental Centre,"210 Collingwood Street, Hamilton Lake, Hamilton 3204, New Zealand",,,,,,OPERATIONAL,https://maps.google.com/?cid=8948304930270643298&g_mp=Cidnb29nbGUubWFwcy5wbGFjZXMudjEuUGxhY2VzLlNlYXJjaFRleHQQAhgEIAA,Monday: 8:00 AM – 4:00 AM; Tuesday: 8:00 AM – 4:00 AM; Wednesday: 8:00 AM – 4:00 AM; Thursday: 8:00 AM – 4:00 AM; Friday: 8:00 AM – 12:00 AM; Saturday: Open 24 hours; Sunday: Open 24 hours,dental_clinic,Waikato,Hamilton Central,no_prices
ConTact CARE,"48 Orchard West Road, Ngatea 3503, New Zealand",027 294 8514,+64 27 294 8514,http://www.contactcare.co.nz/,4.6,8,OPERATIONAL,https://maps.google.com/?cid=4607367546359997965&g_mp=Cidnb29nbGUubWFwcy5wbGFjZXMudjEuUGxhY2VzLlNlYXJjaFRleHQQAhgEIAA,,dental_clinic,Waikato,Ngatea,no_prices
CoroVets Tairua,"1 Wharf Road, Tairua 3508, New Zealand",0800 267 683,+64 800 267 683,http://www.corovets.co.nz/,4.8,16,OPERATIONAL,https://maps.google.com/?cid=12603635339505946637&g_mp=Cidnb29nbGUubWFwcy5wbGFjZXMudjEuUGxhY2VzLlNlYXJjaFRleHQQAhgEIAA,Monday: 12:00 – 4:00 PM; Tuesday: Closed; Wednesday: Closed; Thursday: 12:00 – 4:00 PM; Friday: Closed; Saturday: Closed; Sunday: Closed,dental_clinic,Waikato,Tairua,no_prices
Coromandel Family Health Clinic,"80 Kapanga Road, Coromandel 3506, New Zealand",07 866 8500,+64 7 866 8500,,4.8,4,OPERATIONAL,https://maps.google.com/?cid=8199490963575529940&g_mp=Cidnb29nbGUubWFwcy5wbGFjZXMudjEuUGxhY2VzLlNlYXJjaFRleHQQAhgEIAA,Monday: 8:30 AM – 5:00 PM; Tuesday: 8:30 AM – 5:00 PM; Wednesday: 8:30 AM – 5:00 PM; Thursday: 8:30 AM – 5:00 PM; Friday: 8:30 AM – 5:00 PM; Saturday: Closed; Sunday: Closed,dental_clinic,Waikato,Coromandel Town,no_prices
Dental Care Cambridge,"2/1913 Cambridge Road, Cambridge 3434, New Zealand",07 827 0119,+64 7 827 0119,http://dentalcarecambridge.co.nz/,4.4,12,OPERATIONAL,https://maps.google.com/?cid=4212245214263615476&g_mp=Cidnb29nbGUubWFwcy5wbGFjZXMudjEuUGxhY2VzLlNlYXJjaFRleHQQAhgEIAA,Monday: 8:30 AM – 5:00 PM; Tuesday: 8:30 AM – 5:00 PM; Wednesday: 8:30 AM – 5:00 PM; Thursday: 8:30 AM – 5:00 PM; Friday: 8:30 AM – 5:00 PM; Saturday: Closed; Sunday: Closed,dental_clinic,Waikato,Cambridge,some_prices
Dental Excellence,"1100 Victoria Street, Whitiora, Hamilton 3200, New Zealand",07 839 5831,+64 7 839 5831,http://www.dentalexcellence.co.nz/,5,4,OPERATIONAL,https://maps.google.com/?cid=4778468997913483033&g_mp=Cidnb29nbGUubWFwcy5wbGFjZXMudjEuUGxhY2VzLlNlYXJjaFRleHQQAhgEIAA,Monday: 8:00 AM – 5:00 PM; Tuesday: 8:00 AM – 5:00 PM; Wednesday: 8:00 AM – 5:00 PM; Thursday: 8:00 AM – 5:00 PM; Friday: 8:00 AM – 4:00 PM; Saturday: Closed; Sunday: Closed,dental_clinic,Waikato,Hamilton Central,some_prices
Dental Holistix,"Cnr Anglesea &, Thackeray Street, Hamilton Central, Hamilton 3204, New Zealand",07 858 0750,+64 7 858 0750,https://dentalholistix.co.nz/,4.9,94,OPERATIONAL,https://maps.google.com/?cid=16748439580955911040&g_mp=Cidnb29nbGUubWFwcy5wbGFjZXMudjEuUGxhY2VzLlNlYXJjaFRleHQQAhgEIAA,Monday: 8:30 AM – 5:00 PM; Tuesday: 8:30 AM – 5:00 PM; Wednesday: 8:30 AM – 5:00 PM; Thursday: 8:30 AM – 5:00 PM; Friday: 8:30 AM – 5:00 PM; Saturday: Closed; Sunday: Closed,dental_clinic,Waikato,Hamilton Central,some_prices
Dental On Mahoe,"371 Mahoe Street, Te Awamutu 3800, New Zealand",07 871 7432,+64 7 871 7432,http://www.dentalonmahoe.co.nz/,4.8,25,OPERATIONAL,https://maps.google.com/?cid=5443424503806051954&g_mp=Cidnb29nbGUubWFwcy5wbGFjZXMudjEuUGxhY2VzLlNlYXJjaFRleHQQAhgEIAA,Monday: 8:30 AM – 5:00 PM; Tuesday: 8:30 AM – 5:00 PM; Wednesday: 8:30 AM – 5:00 PM; Thursday: 8:30 AM – 5:00 PM; Friday: 8:30 AM – 5:00 PM; Saturday: Closed; Sunday: Closed,dental_clinic,Waikato,Te Awamutu,no_prices
Dentist,"147 Wilson Street, Cambridge 3434, New Zealand",,,,,,OPERATIONAL,https://maps.google.com/?cid=12028057791519305290&g_mp=Cidnb29nbGUubWFwcy5wbGFjZXMudjEuUGxhY2VzLlNlYXJjaFRleHQQAhgEIAA,,dental_clinic,Waikato,Cambridge,no_prices
Denture Plus,"726 Pollen Street, Thames 3500, New Zealand",0800 664 486,+64 800 664 486,,4.2,10,OPERATIONAL,https://maps.google.com/?cid=13345621683414467162&g_mp=Cidnb29nbGUubWFwcy5wbGFjZXMudjEuUGxhY2VzLlNlYXJjaFRleHQQAhgEIAA,Monday: 10:00 AM – 5:00 PM; Tuesday: 10:00 AM – 5:00 PM; Wednesday: 10:00 AM – 5:00 PM; Thursday: 10:00 AM – 5:00 PM; Friday: Closed; Saturday: Closed; Sunday: Closed,dental_clinic,Waikato,Thames,no_prices
"Deveron Dental Centre, Huntly","Ogilvie Ave, Huntly AB54 8AT, UK",01466 794089,+44 1466 794089,https://www.deverondentalcentre.com/,4.8,157,OPERATIONAL,https://maps.google.com/?cid=6070764412420391616&g_mp=Cidnb29nbGUubWFwcy5wbGFjZXMudjEuUGxhY2VzLlNlYXJjaFRleHQQAhgEIAA,Monday: 8:15 AM – 5:00 PM; Tuesday: 8:15 AM – 6:00 PM; Wednesday: 8:15 AM – 5:00 PM; Thursday: 8:15 AM – 5:00 PM; Friday: 8:15 AM – 5:00 PM; Saturday: Closed; Sunday: Closed,dental_clinic,Waikato,Huntly,no_prices
Dinsdale Dental Hamilton | Lumino The Dentists,"44 Whatawhata Road, Dinsdale, Hamilton 3204, New Zealand",07 847 3221,+64 7 847 3221,https://lumino.co.nz/dentists/dinsdale-dental-hamilton/?utm_source=google_business_profile&utm_medium=organic,4.7,22,OPERATIONAL,https://maps.google.com/?cid=5296562080400732138&g_mp=Cidnb29nbGUubWFwcy5wbGFjZXMudjEuUGxhY2VzLlNlYXJjaFRleHQQAhgEIAA,Monday: Closed; Tuesday: 8:00 AM – 5:00 PM; Wednesday: 8:00 AM – 5:00 PM; Thursday: 8:00 AM – 5:00 PM; Friday: 8:00 AM – 3:00 PM; Saturday: Closed; Sunday: Closed,dental_clinic,Waikato,Hamilton Central,some_prices
Dinsdale Dental and Denture Centre,"35/45 Whatawhata Road, Dinsdale, Hamilton 3204, New Zealand",07 846 6086,+64 7 846 6086,https://m.facebook.com/Dinsdale-Dental-and-Denture-Centre-112628811079332/?tsid=0.07797161706472067&source=result,4.4,30,OPERATIONAL,https://maps.google.com/?cid=3858328378774356025&g_mp=Cidnb29nbGUubWFwcy5wbGFjZXMudjEuUGxhY2VzLlNlYXJjaFRleHQQAhgEIAA,Monday: Closed; Tuesday: 8:30 AM – 4:30 PM; Wednesday: 8:30 AM – 4:30 PM; Thursday: 8:30 AM – 4:30 PM; Friday: 8:30 AM – 4:30 PM; Saturday: Closed; Sunday: Closed,dental_clinic,Waikato,Hamilton Central,no_prices
Enderley Park,"4298276, Enderley, Hamilton 3214, New Zealand",,,,4.1,35,OPERATIONAL,https://maps.google.com/?cid=8321979579467634272&g_mp=Cidnb29nbGUubWFwcy5wbGFjZXMudjEuUGxhY2VzLlNlYXJjaFRleHQQAhgEIAA,Monday: Open 24 hours; Tuesday: Open 24 hours; Wednesday: Open 24 hours; Thursday: Open 24 hours; Friday: Open 24 hours; Saturday: Open 24 hours; Sunday: Open 24 hours,dental_clinic,Waikato,Enderley Hamilton,no_prices
Essence Wellness Clinic,"24 Kaihere Road, Ngatea 3503, New Zealand",027 550 1150,+64 27 550 1150,https://www.essencewellnessclinic.co.nz/,5,4,OPERATIONAL,https://maps.google.com/?cid=11846678325277857603&g_mp=Cidnb29nbGUubWFwcy5wbGFjZXMudjEuUGxhY2VzLlNlYXJjaFRleHQQAhgEIAA,Monday: Closed; Tuesday: 9:00 AM – 3:00 AM; Wednesday: 9:00 AM – 4:00 PM; Thursday: 9:00 AM – 4:30 PM; Friday: Closed; Saturday: 12:00 – 4:00 PM; Sunday: Closed,dental_clinic,Waikato,Ngatea,no_prices
Fairfield Community Dental clinic,"33 Kensington Place, Fairfield, Hamilton 3214, New Zealand",0800 825 583,+64 800 825 583,,4.4,17,OPERATIONAL,https://maps.google.com/?cid=11239876702077781321&g_mp=Cidnb29nbGUubWFwcy5wbGFjZXMudjEuUGxhY2VzLlNlYXJjaFRleHQQAhgEIAA,Monday: 8:30 AM – 4:30 PM; Tuesday: 8:30 AM – 4:30 PM; Wednesday: 8:30 AM – 4:30 PM; Thursday: 8:30 AM – 4:30 PM; Friday: 8:30 AM – 4:30 PM; Saturday: Closed; Sunday: Closed,dental_clinic,Waikato,Enderley Hamilton,no_prices
Family Dental Centre,"62a Moorhouse Street, Morrinsville 3300, New Zealand",07 889 5257,+64 7 889 5257,http://www.dentist.co.nz/dentist-detail/morrinsville/family-dental-centre-morrinsville/A11006390,3.4,5,OPERATIONAL,https://maps.google.com/?cid=18173557512464183786&g_mp=Cidnb29nbGUubWFwcy5wbGFjZXMudjEuUGxhY2VzLlNlYXJjaFRleHQQAhgEIAA,Monday: 8:15 AM – 5:00 PM; Tuesday: 8:15 AM – 5:00 PM; Wednesday: 8:15 AM – 5:00 PM; Thursday: 8:15 AM – 5:00 PM; Friday: 8:15 AM – 5:00 PM; Saturday: Closed; Sunday: Closed,dental_clinic,Waikato,Morrinsville,no_prices
Family Dental Centre Matamata,"5 Weka Street, Matamata 3400, New Zealand",07 880 9979,+64 7 880 9979,http://familydentalmatamata.co.nz/,4.4,7,OPERATIONAL,https://maps.google.com/?cid=13753927557975476542&g_mp=Cidnb29nbGUubWFwcy5wbGFjZXMudjEuUGxhY2VzLlNlYXJjaFRleHQQAhgEIAA,Monday: 8:30 AM – 5:00 PM; Tuesday: 8:30 AM – 5:00 PM; Wednesday: 8:30 AM – 5:00 PM; Thursday: 8:30 AM – 5:00 PM; Friday: 8:30 AM – 5:00 PM; Saturday: Closed; Sunday: Closed,dental_clinic,Waikato,Matamata,no_prices
Five Cross Rds Dental Centre,"Cnr Fifth Ave & Peachgrove Rd, Fairfield, Hamilton 3214, New Zealand",07 855 6574,+64 7 855 6574,,,,OPERATIONAL,https://maps.google.com/?cid=14860194824761799370&g_mp=Cidnb29nbGUubWFwcy5wbGFjZXMudjEuUGxhY2VzLlNlYXJjaFRleHQQAhgEIAA,,dental_clinic,Waikato,Claudelands Hamilton,no_prices
Flagstaff Dental,"127 Peachgrove Road, Hamilton East, Hamilton 3216, New Zealand",07 855 7764,+64 7 855 7764,https://flagstaffdental.co.nz/about-us/,5,3,OPERATIONAL,https://maps.google.com/?cid=12933552260186867230&g_mp=Cidnb29nbGUubWFwcy5wbGFjZXMudjEuUGxhY2VzLlNlYXJjaFRleHQQAhgEIAA,,dental_clinic,Waikato,Hamilton Central,some_prices
Focus 32 Dental,"41 Hukanui Road, Fairfield, Hamilton 3214, New Zealand",07 853 0620,+64 7 853 0620,http://www.focus32.co.nz/,5,41,OPERATIONAL,https://maps.google.com/?cid=13484291435747557734&g_mp=Cidnb29nbGUubWFwcy5wbGFjZXMudjEuUGxhY2VzLlNlYXJjaFRleHQQAhgEIAA,Monday: 9:00 AM – 7:00 PM; Tuesday: 9:00 AM – 5:00 PM; Wednesday: 9:00 AM – 5:00 PM; Thursday: 9:00 AM – 5:00 PM; Friday: 9:00 AM – 5:00 PM; Saturday: 9:00 AM – 1:00 PM; Sunday: Closed,dental_clinic,Waikato,Enderley Hamilton,some_prices
Four Square Coromandel,"50 Wharf Road, Coromandel 3506, New Zealand",07 866 8808,+64 7 866 8808,https://www.foursquare.co.nz/upper-north-island/coromandel/coromandel?utm_source=google&utm_medium=organic&utm_campaign=Google+My+Business&utm_term=plcid_12974852753797128044&utm_content=Four+Square+Coromandel,4.3,413,OPERATIONAL,https://maps.google.com/?cid=2153818863249433110&g_mp=Cidnb29nbGUubWFwcy5wbGFjZXMudjEuUGxhY2VzLlNlYXJjaFRleHQQAhgEIAA,Monday: 7:00 AM – 7:00 PM; Tuesday: 7:00 AM – 7:00 PM; Wednesday: 7:00 AM – 7:00 PM; Thursday: 7:00 AM – 7:00 PM; Friday: 7:00 AM – 7:00 PM; Saturday: 7:00 AM – 7:00 PM; Sunday: 7:00 AM – 7:00 PM,dental_clinic,Waikato,Coromandel Town,no_prices
Four Square Mangakino,"Civic Centre Main road Rangatira Drive, Dx Box: Gx 10113, Mangakino 3421, New Zealand",07 882 8112,+64 7 882 8112,https://www.foursquare.co.nz/upper-north-island/waikato/mangakino?utm_source=google&utm_medium=organic&utm_campaign=gmaps&utm_term=mangakino,4.2,128,OPERATIONAL,https://maps.google.com/?cid=3235628940751225601&g_mp=Cidnb29nbGUubWFwcy5wbGFjZXMudjEuUGxhY2VzLlNlYXJjaFRleHQQAhgEIAA,Monday: 7:00 AM – 8:00 PM; Tuesday: 7:00 AM – 8:00 PM; Wednesday: 7:00 AM – 8:00 PM; Thursday: 7:00 AM – 8:00 PM; Friday: 7:00 AM – 8:00 PM; Saturday: 7:30 AM – 8:00 PM; Sunday: 7:30 AM – 8:00 PM,dental_clinic,Waikato,Mangakino,no_prices
Four Square Ngatea,"25 Orchard West Road, Ngatea 3503, New Zealand",07 867 7037,+64 7 867 7037,https://www.foursquare.co.nz/upper-north-island/waikato/ngatea?utm_source=google&utm_medium=organic&utm_campaign=Google+My+Business&utm_term=plcid_12986354773191133880&utm_content=Four+Square+Ngatea,4.4,183,OPERATIONAL,https://maps.google.com/?cid=701889292882612112&g_mp=Cidnb29nbGUubWFwcy5wbGFjZXMudjEuUGxhY2VzLlNlYXJjaFRleHQQAhgEIAA,Monday: 7:30 AM – 7:00 PM; Tuesday: 7:30 AM – 7:00 PM; Wednesday: 7:30 AM – 7:00 PM; Thursday: 7:30 AM – 7:00 PM; Friday: 7:30 AM – 7:00 PM; Saturday: 7:30 AM – 7:00 PM; Sunday: 8:00 AM – 6:00 PM,dental_clinic,Waikato,Ngatea,no_prices
Four Square Pirongia,"269 Crozier Street, Pirongia 3802, New Zealand",07 871 9152,+64 7 871 9152,https://www.foursquare.co.nz/upper-north-island/waikato/pirongia?utm_source=google&utm_medium=organic&utm_campaign=Google+My+Business&utm_term=plcid_17512838939314962674&utm_content=Four+Square+Pirongia,4.3,199,OPERATIONAL,https://maps.google.com/?cid=17521371049510928087&g_mp=Cidnb29nbGUubWFwcy5wbGFjZXMudjEuUGxhY2VzLlNlYXJjaFRleHQQAhgEIAA,Monday: 7:30 AM – 7:30 PM; Tuesday: 7:30 AM – 7:30 PM; Wednesday: 7:30 AM – 7:30 PM; Thursday: 7:30 AM – 7:30 PM; Friday: 7:30 AM – 7:30 PM; Saturday: 7:30 AM – 7:30 PM; Sunday: 7:30 AM – 7:30 PM,dental_clinic,Waikato,Pirongia,no_prices
Four Square Tairua,"234 Main Road North, Tairua 3508, New Zealand",07 864 8582,+64 7 864 8582,https://www.foursquare.co.nz/upper-north-island/coromandel/tairua?utm_source=google&utm_medium=organic&utm_campaign=Google+My+Business&utm_term=plcid_3376505661163316393&utm_content=Four+Square+Tairua,4,326,OPERATIONAL,https://maps.google.com/?cid=16059412540735227172&g_mp=Cidnb29nbGUubWFwcy5wbGFjZXMudjEuUGxhY2VzLlNlYXJjaFRleHQQAhgEIAA,Monday: 7:00 AM – 6:00 PM; Tuesday: 7:00 AM – 6:00 PM; Wednesday: 7:00 AM – 6:00 PM; Thursday: 7:00 AM – 6:00 PM; Friday: 7:00 AM – 6:00 PM; Saturday: 7:00 AM – 6:00 PM; Sunday: 7:00 AM – 6:00 PM,dental_clinic,Waikato,Tairua,no_prices
Frankton Community Dental,"194 Massey Street, Frankton, Hamilton 3204, New Zealand",07 859 9160,+64 7 859 9160,http://www.waikatodhb.health.nz/oralhealth,4.9,7,OPERATIONAL,https://maps.google.com/?cid=15028965983943720086&g_mp=Cidnb29nbGUubWFwcy5wbGFjZXMudjEuUGxhY2VzLlNlYXJjaFRleHQQAhgEIAA,Monday: 8:30 AM – 4:00 PM; Tuesday: 8:30 AM – 4:00 PM; Wednesday: 8:30 AM – 4:00 PM; Thursday: 8:30 AM – 4:00 PM; Friday: 8:30 AM – 4:00 PM; Saturday: Closed; Sunday: Closed,dental_clinic,Waikato,Frankton Hamilton,no_prices
Garden Place Dental Hamilton | Lumino The Dentists,"Level 3/24 Garden Place, Hamilton Central, Hamilton 3204, New Zealand",07 839 5862,+64 7 839 5862,https://lumino.co.nz/dentists/garden-place-dental-hamilton/?utm_source=google_business_profile&utm_medium=organic,4.8,48,OPERATIONAL,https://maps.google.com/?cid=5963412896873647720&g_mp=Cidnb29nbGUubWFwcy5wbGFjZXMudjEuUGxhY2VzLlNlYXJjaFRleHQQAhgEIAA,Monday: 8:00 AM – 5:00 PM; Tuesday: 8:00 AM – 5:00 PM; Wednesday: 8:00 AM – 6:00 PM; Thursday: 8:00 AM – 5:00 PM; Friday: 8:00 AM – 5:00 PM; Saturday: Closed; Sunday: Closed,dental_clinic,Waikato,Hamilton Central,some_prices
Gentle Dental Cambridge,"33 Victoria Street, Cambridge 3434, New Zealand",07 827 8953,+64 7 827 8953,http://www.gentledentalcambridge.co.nz/contactus.aspx,4.1,43,OPERATIONAL,https://maps.google.com/?cid=1408829025525894899&g_mp=Cidnb29nbGUubWFwcy5wbGFjZXMudjEuUGxhY2VzLlNlYXJjaFRleHQQAhgEIAA,Monday: 8:30 AM – 6:30 PM; Tuesday: 8:30 AM – 5:30 PM; Wednesday: 8:30 AM – 5:30 PM; Thursday: 8:30 AM – 5:30 PM; Friday: 8:30 AM – 5:30 PM; Saturday: Closed; Sunday: Closed,dental_clinic,Waikato,Cambridge,some_prices
Gentle Dental Hamilton,"24 Harwood Street, Hamilton Central, Hamilton 3204, New Zealand",07 839 0353,+64 7 839 0353,http://gentledentalhamilton.com/contact-us.php,4.8,54,OPERATIONAL,https://maps.google.com/?cid=16686679907469211214&g_mp=Cidnb29nbGUubWFwcy5wbGFjZXMudjEuUGxhY2VzLlNlYXJjaFRleHQQAhgEIAA,Monday: 8:30 AM – 5:30 PM; Tuesday: 8:30 AM – 6:00 PM; Wednesday: 8:30 AM – 5:30 PM; Thursday: 8:30 AM – 6:30 PM; Friday: 8:30 AM – 12:30 PM; Saturday: Closed; Sunday: Closed,dental_clinic,Waikato,Hamilton Central,no_prices
Hamilton Dental & Prosthetic Lab,"Health Centre Unit P/6 Avalon Drive, Avalon, Hamilton 3200, New Zealand",07 846 6905,+64 7 846 6905,https://www.hdpl.co.nz/,4.7,23,OPERATIONAL,https://maps.google.com/?cid=17673202990861366527&g_mp=Cidnb29nbGUubWFwcy5wbGFjZXMudjEuUGxhY2VzLlNlYXJjaFRleHQQAhgEIAA,Monday: 8:00 AM – 5:00 PM; Tuesday: 8:00 AM – 5:00 PM; Wednesday: 8:00 AM – 5:00 PM; Thursday: 8:00 AM – 5:00 PM; Friday: 8:00 AM – 3:00 PM; Saturday: Closed; Sunday: Closed,dental_clinic,Waikato,Enderley Hamilton,no_prices
Hamilton Dental Centre,"3/111 Thomas Road, Rototuna, Hamilton 3210, New Zealand",07 854 8905,+64 7 854 8905,https://www.thehamiltondentist.co.nz/,4.9,249,OPERATIONAL,https://maps.google.com/?cid=8957110264370332006&g_mp=Cidnb29nbGUubWFwcy5wbGFjZXMudjEuUGxhY2VzLlNlYXJjaFRleHQQAhgEIAA,Monday: 8:00 AM – 6:00 PM; Tuesday: 8:00 AM – 6:00 PM; Wednesday: 8:00 AM – 6:00 PM; Thursday: 8:00 AM – 6:00 PM; Friday: 8:00 AM – 1:00 PM; Saturday: Closed; Sunday: Closed,dental_clinic,Waikato,Hamilton Central,no_prices
Hamilton Dental Clinic,"41 Karewa Place, Pukete, Hamilton 3200, New Zealand",0800 765 777,+64 800 765 777,https://hamiltondental.nz/,5,3,OPERATIONAL,https://maps.google.com/?cid=4398674238964196027&g_mp=Cidnb29nbGUubWFwcy5wbGFjZXMudjEuUGxhY2VzLlNlYXJjaFRleHQQAhgEIAA,Monday: 9:00 AM – 5:00 PM; Tuesday: 9:00 AM – 5:00 PM; Wednesday: 9:00 AM – 5:00 PM; Thursday: 9:00 AM – 5:00 PM; Friday: 9:00 AM – 5:00 PM; Saturday: Closed; Sunday: Closed,dental_clinic,Waikato,Hamilton Central,no_prices
Hamilton Dental Emergency Centre,"481 Anglesea Street, Hamilton Central, Hamilton 3204, New Zealand",07 834 9293,+64 7 834 9293,http://www.hamiltonemergencydentist.co.nz/,4.6,518,OPERATIONAL,https://maps.google.com/?cid=4812227232815291222&g_mp=Cidnb29nbGUubWFwcy5wbGFjZXMudjEuUGxhY2VzLlNlYXJjaFRleHQQAhgEIAA,Monday: 7:00 AM – 7:00 PM; Tuesday: 7:00 AM – 7:00 PM; Wednesday: 7:00 AM – 7:00 PM; Thursday: 7:00 AM – 7:00 PM; Friday: 7:00 AM – 7:00 PM; Saturday: 7:00 AM – 7:00 PM; Sunday: 9:00 AM – 5:00 PM,dental_clinic,Waikato,Hamilton Central,no_prices
Hamilton East Dental Centre,"395 Grey Street, Hamilton East, Hamilton 3216, New Zealand",07 856 6438,+64 7 856 6438,https://hamiltoneastdentalcentre.co.nz/,4.2,21,OPERATIONAL,https://maps.google.com/?cid=8375068150200905889&g_mp=Cidnb29nbGUubWFwcy5wbGFjZXMudjEuUGxhY2VzLlNlYXJjaFRleHQQAhgEIAA,Monday: 8:00 AM – 5:00 PM; Tuesday: 8:00 AM – 5:00 PM; Wednesday: 8:00 AM – 5:00 PM; Thursday: 8:00 AM – 5:00 PM; Friday: 8:00 AM – 5:00 PM; Saturday: Closed; Sunday: Closed,dental_clinic,Waikato,Hamilton Central,no_prices
Hamilton Family Dental,"1359 Victoria Street, Beerescourt, Hamilton 3200, New Zealand",07 214 5987,+64 7 214 5987,http://www.hamiltonfamilydental.co.nz/,4.3,95,OPERATIONAL,https://maps.google.com/?cid=11473286690390174325&g_mp=Cidnb29nbGUubWFwcy5wbGFjZXMudjEuUGxhY2VzLlNlYXJjaFRleHQQAhgEIAA,Monday: 8:00 AM – 5:00 PM; Tuesday: 8:00 AM – 5:00 PM; Wednesday: 8:00 AM – 5:00 PM; Thursday: 8:00 AM – 5:00 PM; Friday: 8:00 AM – 5:00 PM; Saturday: Closed; Sunday: Closed,dental_clinic,Waikato,Hamilton Central,no_prices
Hamilton Orthodontics,"17 Pembroke Street, Hamilton Lake, Hamilton 3204, New Zealand",07 839 5870,+64 7 839 5870,https://hamiltonorthodontics.co.nz/,4.6,18,OPERATIONAL,https://maps.google.com/?cid=13816493374693378937&g_mp=Cidnb29nbGUubWFwcy5wbGFjZXMudjEuUGxhY2VzLlNlYXJjaFRleHQQAhgEIAA,Monday: 8:30 AM – 5:00 PM; Tuesday: 8:30 AM – 5:00 PM; Wednesday: 8:30 AM – 5:00 PM; Thursday: 8:30 AM – 5:00 PM; Friday: 8:30 AM – 4:00 PM; Saturday: Closed; Sunday: Closed,dental_clinic,Waikato,Hamilton Central,no_prices
Hard Lacquer Nail Studio,"247 Main Road North, Tairua 3508, New Zealand",0210 240 8313,+64 210 240 8313,http://www.hardlacquer.co.nz/,5,7,OPERATIONAL,https://maps.google.com/?cid=14600792755060301735&g_mp=Cidnb29nbGUubWFwcy5wbGFjZXMudjEuUGxhY2VzLlNlYXJjaFRleHQQAhgEIAA,,dental_clinic,Waikato,Tairua,no_prices
Hauraki Vets,"87 Orchard West Road, Ngatea 3503, New Zealand",07 867 7056,+64 7 867 7056,http://www.haurakivets.co.nz/,4.9,100,OPERATIONAL,https://maps.google.com/?cid=17533720587195391133&g_mp=Cidnb29nbGUubWFwcy5wbGFjZXMudjEuUGxhY2VzLlNlYXJjaFRleHQQAhgEIAA,Monday: 8:00 AM – 5:00 PM; Tuesday: 8:00 AM – 5:00 PM; Wednesday: 8:00 AM – 5:00 PM; Thursday: 8:00 AM – 5:00 PM; Friday: 8:00 AM – 5:00 PM; Saturday: Closed; Sunday: Closed,dental_clinic,Waikato,Ngatea,no_prices
Health New Zealand Te Whatu Ora Waikato,"Hague Road, Hamilton West, Hamilton 3204, New Zealand",07 839 8899,+64 7 839 8899,http://www.waikatodhb.health.nz/,3.8,4,OPERATIONAL,https://maps.google.com/?cid=9720021688961685085&g_mp=Cidnb29nbGUubWFwcy5wbGFjZXMudjEuUGxhY2VzLlNlYXJjaFRleHQQAhgEIAA,Monday: Open 24 hours; Tuesday: Open 24 hours; Wednesday: Open 24 hours; Thursday: Open 24 hours; Friday: Open 24 hours; Saturday: Open 24 hours; Sunday: Open 24 hours,dental_clinic,Waikato,Hamilton Central,no_prices
Health Ngatea,"Dent Street, Ngatea 3503, New Zealand",07 867 7521,+64 7 867 7521,http://www.healthngatea.co.nz/,3.7,66,OPERATIONAL,https://maps.google.com/?cid=15626232109785942586&g_mp=Cidnb29nbGUubWFwcy5wbGFjZXMudjEuUGxhY2VzLlNlYXJjaFRleHQQAhgEIAA,Monday: 9:00 AM – 5:00 PM; Tuesday: 9:00 AM – 5:00 PM; Wednesday: 9:00 AM – 5:00 PM; Thursday: 9:00 AM – 5:00 PM; Friday: 9:00 AM – 5:00 PM; Saturday: Closed; Sunday: Closed,dental_clinic,Waikato,Ngatea,no_prices
Hillcrest Dental Centre,"153 Cambridge Road, Hillcrest, Hamilton 3216, New Zealand",07 856 7462,+64 7 856 7462,http://www.hillcrestdental.co.nz/,4.7,23,OPERATIONAL,https://maps.google.com/?cid=4882677618354366351&g_mp=Cidnb29nbGUubWFwcy5wbGFjZXMudjEuUGxhY2VzLlNlYXJjaFRleHQQAhgEIAA,Monday: 8:00 AM – 5:00 PM; Tuesday: 8:00 AM – 5:00 PM; Wednesday: 8:00 AM – 5:00 PM; Thursday: 8:00 AM – 5:00 PM; Friday: 8:00 AM – 5:00 PM; Saturday: Closed; Sunday: Closed,dental_clinic,Waikato,Hamilton Central,no_prices
Hillcrest Normal School Dental Clinic,"Cambridge Road, Hillcrest, Hamilton 3216, New Zealand",07 856 5798,+64 7 856 5798,,,,OPERATIONAL,https://maps.google.com/?cid=11664155642141687682&g_mp=Cidnb29nbGUubWFwcy5wbGFjZXMudjEuUGxhY2VzLlNlYXJjaFRleHQQAhgEIAA,,dental_clinic,Waikato,Hillcrest Hamilton,no_prices
Huntly Dental Centre,"156 Main Street, Huntly 3700, New Zealand",07 828 7472,+64 7 828 7472,,4.3,23,OPERATIONAL,https://maps.google.com/?cid=11041745306295692531&g_mp=Cidnb29nbGUubWFwcy5wbGFjZXMudjEuUGxhY2VzLlNlYXJjaFRleHQQAhgEIAA,,dental_clinic,Waikato,Huntly,no_prices
Huntly Dental Practice,"41 Duke St, Huntly AB54 8DT, UK",01466 792787,+44 1466 792787,http://www.huntlydentalpractice.co.uk/,4.9,70,OPERATIONAL,https://maps.google.com/?cid=6990790187001591498&g_mp=Cidnb29nbGUubWFwcy5wbGFjZXMudjEuUGxhY2VzLlNlYXJjaFRleHQQAhgEIAA,Monday: 8:00 AM – 6:00 PM; Tuesday: 8:00 AM – 6:00 PM; Wednesday: 8:00 AM – 6:00 PM; Thursday: 8:00 AM – 6:00 PM; Friday: 8:00 AM – 5:00 PM; Saturday: Closed; Sunday: Closed,dental_clinic,Waikato,Huntly,no_prices
Ian Ross,"27 Oneill Street, Claudelands, Hamilton 3214, New Zealand",07 853 2929,+64 7 853 2929,,,,OPERATIONAL,https://maps.google.com/?cid=18344802874135475459&g_mp=Cidnb29nbGUubWFwcy5wbGFjZXMudjEuUGxhY2VzLlNlYXJjaFRleHQQAhgEIAA,,dental_clinic,Waikato,Claudelands Hamilton,no_prices
Interdent Dental Laboratory,"1c/41 Karewa Place, Pukete, Hamilton 3200, New Zealand",,,,5,1,OPERATIONAL,https://maps.google.com/?cid=13868223675500541988&g_mp=Cidnb29nbGUubWFwcy5wbGFjZXMudjEuUGxhY2VzLlNlYXJjaFRleHQQAhgEIAA,,dental_clinic,Waikato,Te Rapa Hamilton,no_prices
Jogia Dental Surgery,"195 Peachgrove Road, Claudelands, Hamilton 3214, New Zealand",07 855 0701,+64 7 855 0701,,5,2,OPERATIONAL,https://maps.google.com/?cid=2824450670047911717&g_mp=Cidnb29nbGUubWFwcy5wbGFjZXMudjEuUGxhY2VzLlNlYXJjaFRleHQQAhgEIAA,Monday: 9:00 AM – 5:00 PM; Tuesday: 9:00 AM – 5:00 PM; Wednesday: 9:00 AM – 5:00 PM; Thursday: 9:00 AM – 5:00 PM; Friday: 9:00 AM – 5:00 PM; Saturday: Closed; Sunday: Closed,dental_clinic,Waikato,Hamilton Central,no_prices
Kawerau Dental,"58 Turners Building, Tokoroa 3420, New Zealand",07 886 5020,+64 7 886 5020,,,,OPERATIONAL,https://maps.google.com/?cid=11054709566902669196&g_mp=Cidnb29nbGUubWFwcy5wbGFjZXMudjEuUGxhY2VzLlNlYXJjaFRleHQQAhgEIAA,,dental_clinic,Waikato,Tokoroa,no_prices
Leamington Dental Cambridge | Lumino The Dentists,"Unit 1/127 Shakespeare Street, Leamington, Cambridge 3432, New Zealand",07 823 4665,+64 7 823 4665,https://lumino.co.nz/dentists/leamington-dental-cambridge/?utm_source=google%20my%20business&utm_medium=organic,4.5,32,OPERATIONAL,https://maps.google.com/?cid=15787682840038697218&g_mp=Cidnb29nbGUubWFwcy5wbGFjZXMudjEuUGxhY2VzLlNlYXJjaFRleHQQAhgEIAA,Monday: 8:00 AM – 6:00 PM; Tuesday: 8:00 AM – 5:00 PM; Wednesday: 8:00 AM – 5:00 PM; Thursday: 8:00 AM – 5:00 PM; Friday: Closed; Saturday: Closed; Sunday: Closed,dental_clinic,Waikato,Cambridge,some_prices
Lumino Chartwell | Lumino The Dentists,"Suite 5, Professional Suites, Chartwell, Hamilton 3210, New Zealand",07 855 4904,+64 7 855 4904,https://lumino.co.nz/dentists/lumino-chartwell/?utm_source=google_business_profile&utm_medium=organic,4.3,36,OPERATIONAL,https://maps.google.com/?cid=2485859946109498247&g_mp=Cidnb29nbGUubWFwcy5wbGFjZXMudjEuUGxhY2VzLlNlYXJjaFRleHQQAhgEIAA,Monday: 8:30 AM – 4:00 PM; Tuesday: 8:00 AM – 5:00 PM; Wednesday: 8:00 AM – 5:00 PM; Thursday: 8:00 AM – 5:00 PM; Friday: 8:00 AM – 4:00 PM; Saturday: Closed; Sunday: Closed,dental_clinic,Waikato,Chartwell Hamilton,some_prices
Lumino Rototuna | Lumino The Dentists,"17B Rototuna Shopping Centre, Thomas Road, Rototuna North, Hamilton 3210, New Zealand",07 853 0050,+64 7 853 0050,https://lumino.co.nz/dentists/lumino-rototuna/?utm_source=google_business_profile&utm_medium=organic,4.8,54,OPERATIONAL,https://maps.google.com/?cid=14814999189445199429&g_mp=Cidnb29nbGUubWFwcy5wbGFjZXMudjEuUGxhY2VzLlNlYXJjaFRleHQQAhgEIAA,Monday: 9:30 AM – 6:30 PM; Tuesday: 8:15 AM – 5:00 PM; Wednesday: 9:15 AM – 6:30 PM; Thursday: 8:15 AM – 5:00 PM; Friday: Closed; Saturday: Closed; Sunday: Closed,dental_clinic,Waikato,Rototuna Hamilton,some_prices
Mackie Dental Specialists,"157 Anglesea Street, Hamilton Central, Hamilton 3204, New Zealand",07 839 2824,+64 7 839 2824,http://www.mackiedental.co.nz/,4,4,OPERATIONAL,https://maps.google.com/?cid=13882582981396180530&g_mp=Cidnb29nbGUubWFwcy5wbGFjZXMudjEuUGxhY2VzLlNlYXJjaFRleHQQAhgEIAA,Monday: 8:45 AM – 5:00 PM; Tuesday: 8:45 AM – 5:00 PM; Wednesday: 8:45 AM – 5:00 PM; Thursday: 8:45 AM – 5:00 PM; Friday: 8:45 AM – 4:00 AM; Saturday: Closed; Sunday: Closed,dental_clinic,Waikato,Hamilton Central,some_prices
Mahoe Medical,"670/4 Cambridge Road, Te Awamutu, Waikato 3840, New Zealand",07 872 0923,+64 7 872 0923,http://mahoemed.co.nz/about-us/,3.3,58,OPERATIONAL,https://maps.google.com/?cid=14028653250334002551&g_mp=Cidnb29nbGUubWFwcy5wbGFjZXMudjEuUGxhY2VzLlNlYXJjaFRleHQQAhgEIAA,Monday: 8:00 AM – 8:00 PM; Tuesday: 8:00 AM – 8:00 PM; Wednesday: 8:00 AM – 8:00 PM; Thursday: 8:00 AM – 8:00 PM; Friday: 8:00 AM – 8:00 PM; Saturday: 9:00 AM – 3:00 PM; Sunday: 9:00 AM – 3:00 PM,dental_clinic,Waikato,Te Awamutu,no_prices
Mangakino Health Centre,"60 Rangatira Drive, Mangakino 3421, New Zealand",07 882 8299,+64 7 882 8299,http://www.mangakinohealth.com/,4.6,9,OPERATIONAL,https://maps.google.com/?cid=14898136207179889143&g_mp=Cidnb29nbGUubWFwcy5wbGFjZXMudjEuUGxhY2VzLlNlYXJjaFRleHQQAhgEIAA,Monday: 9:00 AM – 5:00 PM; Tuesday: 9:00 AM – 5:00 PM; Wednesday: Closed; Thursday: 9:00 AM – 5:00 PM; Friday: 9:00 AM – 5:00 PM; Saturday: Closed; Sunday: Closed,dental_clinic,Waikato,Mangakino,no_prices
Mangakino Pharmacy,"Rangatira Drive, Mangakino 3421, New Zealand",07 882 8019,+64 7 882 8019,,4,5,OPERATIONAL,https://maps.google.com/?cid=14382656928965052625&g_mp=Cidnb29nbGUubWFwcy5wbGFjZXMudjEuUGxhY2VzLlNlYXJjaFRleHQQAhgEIAA,Monday: 10:00 AM – 5:00 PM; Tuesday: 10:00 AM – 5:00 PM; Wednesday: 10:00 AM – 2:00 PM; Thursday: 10:00 AM – 5:00 PM; Friday: 10:00 AM – 5:00 PM; Saturday: Closed; Sunday: Closed,dental_clinic,Waikato,Mangakino,no_prices
Mark Smith Dental | Dental Centre in Waihi,"49 Haszard Street, Waihi 3610, New Zealand",07 863 8300,+64 7 863 8300,http://marksmithdental.co.nz/,5,8,OPERATIONAL,https://maps.google.com/?cid=240230737046606122&g_mp=Cidnb29nbGUubWFwcy5wbGFjZXMudjEuUGxhY2VzLlNlYXJjaFRleHQQAhgEIAA,Monday: 8:30 AM – 4:00 PM; Tuesday: 8:30 AM – 4:00 PM; Wednesday: 8:30 AM – 4:00 PM; Thursday: 8:30 AM – 4:00 PM; Friday: 8:30 AM – 4:00 PM; Saturday: Closed; Sunday: Closed,dental_clinic,Waikato,Waihi,no_prices
Market St Dentists,"34 Market Street, Te Awamutu 3800, New Zealand",0800 080 036,+64 800 080 036,https://ruraldental.co.nz/,4.4,13,OPERATIONAL,https://maps.google.com/?cid=3480161627414584542&g_mp=Cidnb29nbGUubWFwcy5wbGFjZXMudjEuUGxhY2VzLlNlYXJjaFRleHQQAhgEIAA,Monday: 8:00 AM – 5:00 PM; Tuesday: 8:00 AM – 5:00 PM; Wednesday: 8:00 AM – 5:00 PM; Thursday: 8:00 AM – 5:00 PM; Friday: 8:00 AM – 5:00 PM; Saturday: Closed; Sunday: Closed,dental_clinic,Waikato,Te Awamutu,some_prices
Matamata Community Dental Clinic,"45 Station Road, Waikato, Matamata 3400, New Zealand",07 888 5202,+64 7 888 5202,https://info.health.nz/locations/waikato/oral-health,5,4,OPERATIONAL,https://maps.google.com/?cid=17967111303562462049&g_mp=Cidnb29nbGUubWFwcy5wbGFjZXMudjEuUGxhY2VzLlNlYXJjaFRleHQQAhgEIAA,Monday: 8:30 AM – 4:30 PM; Tuesday: 8:30 AM – 4:30 PM; Wednesday: 8:30 AM – 4:30 PM; Thursday: 8:30 AM – 4:30 PM; Friday: 8:30 AM – 4:30 PM; Saturday: Closed; Sunday: Closed,dental_clinic,Waikato,Matamata,no_prices
Matamata Dental Centre,"80 Arawa Street, Matamata 3400, New Zealand",07 888 7490,+64 7 888 7490,https://matamatadentalcentre.nz/,4.4,15,OPERATIONAL,https://maps.google.com/?cid=10135134051467026487&g_mp=Cidnb29nbGUubWFwcy5wbGFjZXMudjEuUGxhY2VzLlNlYXJjaFRleHQQAhgEIAA,Monday: 9:00 AM – 5:00 PM; Tuesday: 9:00 AM – 5:00 PM; Wednesday: 9:00 AM – 5:00 PM; Thursday: 9:00 AM – 5:00 PM; Friday: 9:00 AM – 5:00 PM; Saturday: Closed; Sunday: Closed,dental_clinic,Waikato,Pirongia,no_prices
Mathai Dental Taupo,"118 Tūwharetoa Street, Taupō 3330, New Zealand",07 377 2547,+64 7 377 2547,http://mathaidentaltaupo.co.nz/,4.2,38,OPERATIONAL,https://maps.google.com/?cid=13054548974300253759&g_mp=Cidnb29nbGUubWFwcy5wbGFjZXMudjEuUGxhY2VzLlNlYXJjaFRleHQQAhgEIAA,Monday: 8:30 AM – 6:00 PM; Tuesday: 8:30 AM – 6:00 PM; Wednesday: 8:30 AM – 6:00 PM; Thursday: 8:30 AM – 6:00 PM; Friday: 8:30 AM – 6:00 PM; Saturday: Closed; Sunday: Closed,dental_clinic,Waikato,Taupo,no_prices
Medford House Dental Hamilton | Lumino The Dentists,"174 Collingwood Street, Hamilton Lake, Hamilton 3214, New Zealand",07 839 4030,+64 7 839 4030,https://lumino.co.nz/dentists/medford-house-dental-hamilton/?utm_source=google_business_profile&utm_medium=organic,4.7,30,OPERATIONAL,https://maps.google.com/?cid=16462648407003190838&g_mp=Cidnb29nbGUubWFwcy5wbGFjZXMudjEuUGxhY2VzLlNlYXJjaFRleHQQAhgEIAA,Monday: 8:00 AM – 5:00 PM; Tuesday: 8:00 AM – 6:00 PM; Wednesday: 8:00 AM – 5:00 PM; Thursday: 8:00 AM – 6:00 PM; Friday: 8:00 AM – 4:00 PM; Saturday: Closed; Sunday: Closed,dental_clinic,Waikato,Hamilton Central,some_prices
Mercury Bay Smiles,"14 Coghill Street, Whitianga 3510, New Zealand",07 211 6565,+64 7 211 6565,https://mercurybaysmiles.co.nz/,5,6,OPERATIONAL,https://maps.google.com/?cid=15068089622945508850&g_mp=Cidnb29nbGUubWFwcy5wbGFjZXMudjEuUGxhY2VzLlNlYXJjaFRleHQQAhgEIAA,Monday: 9:00 AM – 4:00 PM; Tuesday: Closed; Wednesday: 9:00 AM – 5:00 PM; Thursday: Closed; Friday: 9:00 AM – 4:00 PM; Saturday: Closed; Sunday: Closed,dental_clinic,Waikato,Coromandel Town,no_prices
Mitre 10 MEGA Te Awamutu,"670 Cambridge Road, Te Awamutu 3800, New Zealand",07 872 6210,+64 7 872 6210,https://www.mitre10.co.nz/store-locator?storeCode=59&storeName=Mitre-10-MEGA-Te-Awamutu&utm_source=google&utm_medium=organic&utm_campaign=gbp-Mitre-10-MEGA-Te-Awamutu&utm_content=listing-59,4.5,845,OPERATIONAL,https://maps.google.com/?cid=5227524365268888897&g_mp=Cidnb29nbGUubWFwcy5wbGFjZXMudjEuUGxhY2VzLlNlYXJjaFRleHQQAhgEIAA,Monday: 7:00 AM – 6:00 PM; Tuesday: 7:00 AM – 6:00 PM; Wednesday: 7:00 AM – 6:00 PM; Thursday: 7:00 AM – 6:00 PM; Friday: 7:00 AM – 6:00 PM; Saturday: 8:00 AM – 6:00 PM; Sunday: 8:00 AM – 6:00 PM,dental_clinic,Waikato,Te Awamutu,no_prices
Morrinsville Community Dental Clinic,"78 Moorhouse Street, Morrinsville 3300, New Zealand",07 889 0493,+64 7 889 0493,https://info.health.nz/locations/waikato/oral-health,5,2,OPERATIONAL,https://maps.google.com/?cid=5468549631791233823&g_mp=Cidnb29nbGUubWFwcy5wbGFjZXMudjEuUGxhY2VzLlNlYXJjaFRleHQQAhgEIAA,Monday: 8:00 AM – 4:40 PM; Tuesday: 8:00 AM – 4:40 PM; Wednesday: 8:00 AM – 4:40 PM; Thursday: 8:00 AM – 4:40 PM; Friday: 8:00 AM – 4:40 PM; Saturday: Closed; Sunday: Closed,dental_clinic,Waikato,Morrinsville,no_prices
Morrinsville Dental Centre,"236 Thames Street, Morrinsville 3300, New Zealand",07 889 6249,+64 7 889 6249,https://www.healthpoint.co.nz/dentistry/general-dentist/morrinsville-dental-centre/,4.2,5,OPERATIONAL,https://maps.google.com/?cid=9491292578352429605&g_mp=Cidnb29nbGUubWFwcy5wbGFjZXMudjEuUGxhY2VzLlNlYXJjaFRleHQQAhgEIAA,,dental_clinic,Waikato,Morrinsville,no_prices
Morrinsville Dental Surgery,"236 Thames Street, Morrinsville 3300, New Zealand",07 889 6249,+64 7 889 6249,http://www.dentist.co.nz/dentist-detail/morrinsville/jogia-dental-surgery/A11006367,4.1,10,OPERATIONAL,https://maps.google.com/?cid=31826172266452896&g_mp=Cidnb29nbGUubWFwcy5wbGFjZXMudjEuUGxhY2VzLlNlYXJjaFRleHQQAhgEIAA,,dental_clinic,Waikato,Morrinsville,no_prices
Nawton Dental and Denture Centre,"61 Hyde Avenue, Nawton, Hamilton 3200, New Zealand",07 846 5678,+64 7 846 5678,https://www.nawtondentalcentre.co.nz/,4.8,222,OPERATIONAL,https://maps.google.com/?cid=14119977125647108681&g_mp=Cidnb29nbGUubWFwcy5wbGFjZXMudjEuUGxhY2VzLlNlYXJjaFRleHQQAhgEIAA,Monday: 7:30 AM – 4:30 PM; Tuesday: 7:30 AM – 7:00 PM; Wednesday: 7:30 AM – 7:00 PM; Thursday: 7:30 AM – 7:00 PM; Friday: 7:30 AM – 7:00 PM; Saturday: 8:30 AM – 4:30 PM; Sunday: 8:30 AM – 4:30 PM,dental_clinic,Waikato,Hamilton Central,some_prices
Nawton School Dental Clinic,"58 Livingstone Avenue, Nawton, Hamilton 3200, New Zealand",07 847 7930,+64 7 847 7930,,,,OPERATIONAL,https://maps.google.com/?cid=2877480090125353436&g_mp=Cidnb29nbGUubWFwcy5wbGFjZXMudjEuUGxhY2VzLlNlYXJjaFRleHQQAhgEIAA,,dental_clinic,Waikato,Nawton Hamilton,no_prices
Neilson Dental Care,"823 Pollen Street, Thames 3500, New Zealand",07 868 8643,+64 7 868 8643,http://www.dentist.co.nz/dentist-detail/thames/neilson-dental-care/A11006889,5,9,OPERATIONAL,https://maps.google.com/?cid=7345507542138946594&g_mp=Cidnb29nbGUubWFwcy5wbGFjZXMudjEuUGxhY2VzLlNlYXJjaFRleHQQAhgEIAA,Monday: 8:30 AM – 5:00 PM; Tuesday: 8:30 AM – 5:00 PM; Wednesday: 8:30 AM – 5:00 PM; Thursday: 8:30 AM – 5:00 PM; Friday: 8:30 AM – 4:00 PM; Saturday: Closed; Sunday: Closed,dental_clinic,Waikato,Thames,no_prices
New Smile,"15 Galloway Street, Hamilton East, Hamilton 3216, New Zealand",07 834 1128,+64 7 834 1128,http://www.newsmiledental.co.nz/,4.7,28,OPERATIONAL,https://maps.google.com/?cid=2952869539094659073&g_mp=Cidnb29nbGUubWFwcy5wbGFjZXMudjEuUGxhY2VzLlNlYXJjaFRleHQQAhgEIAA,Monday: 10:00 AM – 7:00 PM; Tuesday: 8:30 AM – 5:30 PM; Wednesday: Closed; Thursday: 8:30 AM – 5:30 PM; Friday: 9:00 AM – 4:30 PM; Saturday: 9:00 AM – 4:00 PM; Sunday: Closed,dental_clinic,Waikato,Hamilton Central,some_prices
Ngatea Pharmacy,"20 Orchard West Road, Ngatea 3503, New Zealand",07 867 7408,+64 7 867 7408,http://www.ngateapharmacy.co.nz/,4.8,26,OPERATIONAL,https://maps.google.com/?cid=13198929896070754445&g_mp=Cidnb29nbGUubWFwcy5wbGFjZXMudjEuUGxhY2VzLlNlYXJjaFRleHQQAhgEIAA,Monday: 9:00 AM – 5:00 PM; Tuesday: 9:00 AM – 5:00 PM; Wednesday: 9:00 AM – 5:00 PM; Thursday: 9:00 AM – 5:00 PM; Friday: 9:00 AM – 5:00 PM; Saturday: Closed; Sunday: Closed,dental_clinic,Waikato,Ngatea,no_prices
NorthCare Dental Centre,"110A Vickery Street, Te Rapa, Hamilton 3200, New Zealand",07 850 5100,+64 7 850 5100,http://www.ncdc.co.nz/,5,23,OPERATIONAL,https://maps.google.com/?cid=10975078911317899731&g_mp=Cidnb29nbGUubWFwcy5wbGFjZXMudjEuUGxhY2VzLlNlYXJjaFRleHQQAhgEIAA,Monday: 8:30 AM – 5:00 PM; Tuesday: 8:30 AM – 5:00 PM; Wednesday: 8:30 AM – 5:00 PM; Thursday: 8:30 AM – 5:00 PM; Friday: 9:00 AM – 3:00 PM; Saturday: Closed; Sunday: Closed,dental_clinic,Waikato,Hamilton Central,no_prices
Oral Health Taupo (OHT Limited),"129 Te Heuheu Street, CBD, Taupō 3330, New Zealand",07 378 4637,+64 7 378 4637,,,,OPERATIONAL,https://maps.google.com/?cid=10528143123002184031&g_mp=Cidnb29nbGUubWFwcy5wbGFjZXMudjEuUGxhY2VzLlNlYXJjaFRleHQQAhgEIAA,Monday: 9:00 AM – 5:00 PM; Tuesday: 9:00 AM – 5:00 PM; Wednesday: 9:00 AM – 5:00 PM; Thursday: 9:00 AM – 5:00 PM; Friday: 9:00 AM – 12:00 PM; Saturday: Closed; Sunday: Closed,dental_clinic,Waikato,Taupo,no_prices
Oral Hygiene Clinic,"7/113 Alexandra Street, Hamilton Central, Hamilton 3204, New Zealand",022 610 0425,+64 22 610 0425,http://www.oralhygieneclinic.co.nz/,5,57,OPERATIONAL,https://maps.google.com/?cid=225981587615419116&g_mp=Cidnb29nbGUubWFwcy5wbGFjZXMudjEuUGxhY2VzLlNlYXJjaFRleHQQAhgEIAA,Monday: 9:00 AM – 4:30 PM; Tuesday: 9:00 AM – 1:00 PM; Wednesday: 9:00 AM – 4:30 PM; Thursday: 9:00 AM – 4:30 PM; Friday: 9:00 AM – 1:00 PM; Saturday: Closed; Sunday: Closed,dental_clinic,Waikato,Hamilton Central,no_prices
Otorohanga Dental Surgery,"25 Haerehuka Street, Otorohanga 3900, New Zealand",07 873 8824,+64 7 873 8824,http://www.ruraldental.co.nz/,4.6,33,OPERATIONAL,https://maps.google.com/?cid=8129828472134161820&g_mp=Cidnb29nbGUubWFwcy5wbGFjZXMudjEuUGxhY2VzLlNlYXJjaFRleHQQAhgEIAA,Monday: 8:30 AM – 5:00 PM; Tuesday: 8:30 AM – 5:00 PM; Wednesday: 8:30 AM – 5:00 PM; Thursday: 8:30 AM – 5:00 PM; Friday: 8:30 AM – 5:00 PM; Saturday: Closed; Sunday: Closed,dental_clinic,Waikato,Pirongia,some_prices
Pacific Radiology - Te Kōhao,"47 Tennyson Road, Enderley, Hamilton 3214, New Zealand",0800 633 462,+64 800 633 462,https://pacificradiology.com/clinics/te-k%C5%8Dhao-health,4.6,5,OPERATIONAL,https://maps.google.com/?cid=12642798249218600087&g_mp=Cidnb29nbGUubWFwcy5wbGFjZXMudjEuUGxhY2VzLlNlYXJjaFRleHQQAhgEIAA,Monday: 8:00 AM – 5:00 PM; Tuesday: 8:00 AM – 5:00 PM; Wednesday: 8:00 AM – 5:00 PM; Thursday: 8:00 AM – 5:00 PM; Friday: 8:00 AM – 5:00 PM; Saturday: Closed; Sunday: Closed,dental_clinic,Waikato,Enderley Hamilton,no_prices
Paeroa Dental Clinic,"15 Princes Street, Paeroa 3600, New Zealand",07 862 8757,+64 7 862 8757,,3,2,OPERATIONAL,https://maps.google.com/?cid=11290491748716857954&g_mp=Cidnb29nbGUubWFwcy5wbGFjZXMudjEuUGxhY2VzLlNlYXJjaFRleHQQAhgEIAA,Monday: Closed; Tuesday: Closed; Wednesday: Closed; Thursday: Closed; Friday: 9:00 AM – 5:00 PM; Saturday: Closed; Sunday: Closed,dental_clinic,Waikato,Paeroa,no_prices
Peachgrove Community Dental Clinic,"80a Peachgrove Road, Hamilton East, Hamilton 3216, New Zealand",0800 825 583,+64 800 825 583,,5,7,OPERATIONAL,https://maps.google.com/?cid=14017058597684403867&g_mp=Cidnb29nbGUubWFwcy5wbGFjZXMudjEuUGxhY2VzLlNlYXJjaFRleHQQAhgEIAA,,dental_clinic,Waikato,Hamilton Central,no_prices
Raglan Smiles LTD,"12 Wallis Street, Raglan 3225, New Zealand",022 693 7696,+64 22 693 7696,,5,4,OPERATIONAL,https://maps.google.com/?cid=3295663225905973419&g_mp=Cidnb29nbGUubWFwcy5wbGFjZXMudjEuUGxhY2VzLlNlYXJjaFRleHQQAhgEIAA,Monday: 10:00 AM – 5:00 PM; Tuesday: 9:00 AM – 4:30 PM; Wednesday: 9:00 AM – 5:00 PM; Thursday: 9:00 AM – 5:00 PM; Friday: 9:00 AM – 3:00 PM; Saturday: Closed; Sunday: Closed,dental_clinic,Waikato,Raglan,no_prices
Rata Health - Five Cross Roads,"284 Peachgrove Road, Enderley, Hamilton 3214, New Zealand",07 855 7824,+64 7 855 7824,https://www.ratahealth.co.nz/five-cross-roads/,3.4,40,OPERATIONAL,https://maps.google.com/?cid=13959306771776663920&g_mp=Cidnb29nbGUubWFwcy5wbGFjZXMudjEuUGxhY2VzLlNlYXJjaFRleHQQAhgEIAA,Monday: 8:30 AM – 5:00 PM; Tuesday: 8:30 AM – 5:00 PM; Wednesday: 8:30 AM – 5:00 PM; Thursday: 8:30 AM – 5:00 PM; Friday: 8:30 AM – 5:00 PM; Saturday: Closed; Sunday: Closed,dental_clinic,Waikato,Enderley Hamilton,no_prices
Raukura Hauora o Tainui - Te Papanui Medical Clinic,"274 Peachgrove Road, Fairfield, Hamilton 3214, New Zealand",0800 472 858,+64 800 472 858,https://www.raukura.org.nz/,4.8,4,OPERATIONAL,https://maps.google.com/?cid=276753134774484354&g_mp=Cidnb29nbGUubWFwcy5wbGFjZXMudjEuUGxhY2VzLlNlYXJjaFRleHQQAhgEIAA,Monday: 8:30 AM – 5:00 PM; Tuesday: 8:30 AM – 5:00 PM; Wednesday: 8:30 AM – 5:00 PM; Thursday: 8:30 AM – 5:00 PM; Friday: 8:30 AM – 5:00 PM; Saturday: Closed; Sunday: Closed,dental_clinic,Waikato,Enderley Hamilton,no_prices
Raukura Hauora o Tainui - Te Rengarenga Medical Centre,"2/41 Whatawhata Road, Dinsdale, Hamilton 3204, New Zealand",0800 472 858,+64 800 472 858,http://www.raukura.org.nz/,2.2,71,OPERATIONAL,https://maps.google.com/?cid=6369258314116655551&g_mp=Cidnb29nbGUubWFwcy5wbGFjZXMudjEuUGxhY2VzLlNlYXJjaFRleHQQAhgEIAA,Monday: 8:30 AM – 5:00 PM; Tuesday: 8:30 AM – 5:00 PM; Wednesday: 8:30 AM – 5:00 PM; Thursday: 8:30 AM – 5:00 PM; Friday: 8:30 AM – 5:00 PM; Saturday: Closed; Sunday: Closed,dental_clinic,Waikato,Enderley Hamilton,no_prices
Raukura Hauora o Tainui - Waikato Office,"s102a The Base, Maahanga Drive, Te Rapa, Hamilton 3200, New Zealand",0800 472 858,+64 800 472 858,https://www.raukura.org.nz/,5,1,OPERATIONAL,https://maps.google.com/?cid=4295311978023539933&g_mp=Cidnb29nbGUubWFwcy5wbGFjZXMudjEuUGxhY2VzLlNlYXJjaFRleHQQAhgEIAA,,dental_clinic,Waikato,Enderley Hamilton,no_prices
Redicare Family Practice,"130 Rostrevor Street, Hamilton Central, Hamilton 3204, New Zealand",07 838 0300,+64 7 838 0300,http://www.redicare.co.nz/,3,118,OPERATIONAL,https://maps.google.com/?cid=7849187064934064987&g_mp=Cidnb29nbGUubWFwcy5wbGFjZXMudjEuUGxhY2VzLlNlYXJjaFRleHQQAhgEIAA,Monday: 8:30 AM – 5:00 PM; Tuesday: 8:30 AM – 7:00 PM; Wednesday: 8:30 AM – 5:00 PM; Thursday: 8:30 AM – 5:00 PM; Friday: 8:30 AM – 5:00 PM; Saturday: 9:00 AM – 12:00 PM; Sunday: Closed,dental_clinic,Waikato,Hamilton Central,no_prices
Relax Dental,"32 Te Aroha Street, Hamilton East, Hamilton 3216, New Zealand",07 855 8199,+64 7 855 8199,http://relaxdental.co.nz/,4.6,49,OPERATIONAL,https://maps.google.com/?cid=15041295289052454755&g_mp=Cidnb29nbGUubWFwcy5wbGFjZXMudjEuUGxhY2VzLlNlYXJjaFRleHQQAhgEIAA,Monday: 7:30 AM – 3:30 PM; Tuesday: 7:30 AM – 3:30 PM; Wednesday: 7:30 AM – 3:30 PM; Thursday: 7:30 AM – 3:30 PM; Friday: 7:30 AM – 3:30 PM; Saturday: Closed; Sunday: Closed,dental_clinic,Waikato,Hamilton Central,some_prices
River Road Dental Centre,"608 River Road, Fairfield, Hamilton 3214, New Zealand",07 853 3166,+64 7 853 3166,http://www.riverroaddental.co.nz/,4.9,273,OPERATIONAL,https://maps.google.com/?cid=10230734451937123999&g_mp=Cidnb29nbGUubWFwcy5wbGFjZXMudjEuUGxhY2VzLlNlYXJjaFRleHQQAhgEIAA,Monday: 8:00 AM – 5:15 PM; Tuesday: 8:00 AM – 5:30 PM; Wednesday: 8:00 AM – 5:15 PM; Thursday: 8:30 AM – 5:15 PM; Friday: 8:00 AM – 5:15 PM; Saturday: Closed; Sunday: Closed,dental_clinic,Waikato,Hamilton Central,no_prices
Riverside Dental Care,"1/47 Wilson Street, Cambridge 3434, New Zealand",07 827 6226,+64 7 827 6226,http://www.riversidedentalcare.co.nz/,4.9,191,OPERATIONAL,https://maps.google.com/?cid=14352057875012217345&g_mp=Cidnb29nbGUubWFwcy5wbGFjZXMudjEuUGxhY2VzLlNlYXJjaFRleHQQAhgEIAA,Monday: 8:30 AM – 5:00 PM; Tuesday: 8:30 AM – 5:00 PM; Wednesday: 8:30 AM – 5:00 PM; Thursday: 8:30 AM – 5:00 PM; Friday: 8:30 AM – 5:00 PM; Saturday: Closed; Sunday: Closed,dental_clinic,Waikato,Cambridge,no_prices
Silverdale Normal School Dental Clinic,"Silverdale Road, Hillcrest, Hamilton 3216, New Zealand",07 856 6055,+64 7 856 6055,,,,OPERATIONAL,https://maps.google.com/?cid=15194607650884186958&g_mp=Cidnb29nbGUubWFwcy5wbGFjZXMudjEuUGxhY2VzLlNlYXJjaFRleHQQAhgEIAA,,dental_clinic,Waikato,Hillcrest Hamilton,no_prices
Smile Dentures,"54A Alexandra Street, Te Awamutu 3800, New Zealand",0800 222 001,+64 800 222 001,https://www.facebook.com/share/1GMwDkoX3w/?mibextid=wwXIfr,5,2,OPERATIONAL,https://maps.google.com/?cid=9650516364280143184&g_mp=Cidnb29nbGUubWFwcy5wbGFjZXMudjEuUGxhY2VzLlNlYXJjaFRleHQQAhgEIAA,Monday: 8:00 AM – 5:00 PM; Tuesday: 8:00 AM – 5:00 PM; Wednesday: 8:00 AM – 5:00 PM; Thursday: 8:00 AM – 5:00 PM; Friday: 8:00 AM – 5:00 PM; Saturday: Closed; Sunday: Closed,dental_clinic,Waikato,Te Awamutu,no_prices
South City Dental,"91 Kahikatea Drive, Melville, Hamilton 3206, New Zealand",07 839 4041,+64 7 839 4041,http://www.southcitydental.co.nz/,4.8,60,OPERATIONAL,https://maps.google.com/?cid=16894145300696666181&g_mp=Cidnb29nbGUubWFwcy5wbGFjZXMudjEuUGxhY2VzLlNlYXJjaFRleHQQAhgEIAA,Monday: 8:00 AM – 7:00 PM; Tuesday: 8:00 AM – 6:00 PM; Wednesday: 8:00 AM – 7:00 PM; Thursday: 8:00 AM – 7:00 PM; Friday: 8:00 AM – 5:00 PM; Saturday: Closed; Sunday: Closed,dental_clinic,Waikato,Hamilton Central,no_prices
South Waikato Dental Surgery,"42 Tirau Street, Putāruru 3411, New Zealand",07 883 8727,+64 7 883 8727,http://www.ruraldental.co.nz/,3.6,45,OPERATIONAL,https://maps.google.com/?cid=4835741707928392573&g_mp=Cidnb29nbGUubWFwcy5wbGFjZXMudjEuUGxhY2VzLlNlYXJjaFRleHQQAhgEIAA,Monday: 8:00 AM – 5:00 PM; Tuesday: 8:00 AM – 5:00 PM; Wednesday: 8:00 AM – 5:00 PM; Thursday: 8:00 AM – 5:00 PM; Friday: 8:00 AM – 5:00 PM; Saturday: Closed; Sunday: Closed,dental_clinic,Waikato,Pirongia,some_prices
Stephen Driver Dentist,"Team Dental Thames 438 Pollen Street, Thames 3500, New Zealand",07 868 9581,+64 7 868 9581,http://www.thamesdentalcentre.co.nz/,,,OPERATIONAL,https://maps.google.com/?cid=6987476365606926704&g_mp=Cidnb29nbGUubWFwcy5wbGFjZXMudjEuUGxhY2VzLlNlYXJjaFRleHQQAhgEIAA,Monday: 8:30 AM – 5:00 PM; Tuesday: 8:30 AM – 5:00 PM; Wednesday: 8:30 AM – 5:00 PM; Thursday: 8:30 AM – 5:00 PM; Friday: 8:30 AM – 5:00 PM; Saturday: Closed; Sunday: Closed,dental_clinic,Waikato,Thames,no_prices
Tairua Medical Centre,"237 Main Road North, Tairua 3508, New Zealand",07 864 8737,+64 7 864 8737,,3.5,8,OPERATIONAL,https://maps.google.com/?cid=10662127362276816931&g_mp=Cidnb29nbGUubWFwcy5wbGFjZXMudjEuUGxhY2VzLlNlYXJjaFRleHQQAhgEIAA,Monday: 9:00 AM – 4:30 PM; Tuesday: 9:00 AM – 12:30 PM; Wednesday: 9:00 AM – 4:30 PM; Thursday: 9:00 AM – 12:00 PM; Friday: 9:00 AM – 4:30 PM; Saturday: Closed; Sunday: Closed,dental_clinic,Waikato,Tairua,no_prices
Tairua-Pauanui Pharmacy,"226 Main Road North, Tairua 3508, New Zealand",07 864 8660,+64 7 864 8660,http://www.tairuapauanuipharmacy.co.nz/,4.6,26,OPERATIONAL,https://maps.google.com/?cid=4699852432534170374&g_mp=Cidnb29nbGUubWFwcy5wbGFjZXMudjEuUGxhY2VzLlNlYXJjaFRleHQQAhgEIAA,Monday: 9:00 AM – 5:00 PM; Tuesday: 9:00 AM – 5:00 PM; Wednesday: 9:00 AM – 5:00 PM; Thursday: 9:00 AM – 5:00 PM; Friday: 9:00 AM – 5:00 PM; Saturday: 10:00 AM – 1:00 PM; Sunday: Closed,dental_clinic,Waikato,Tairua,no_prices
Taupo Dental Centre,"127 Spa Road, Taupō 3330, New Zealand",07 378 8005,+64 7 378 8005,https://www.taupodental.co.nz/,3.8,28,OPERATIONAL,https://maps.google.com/?cid=16026421999725760788&g_mp=Cidnb29nbGUubWFwcy5wbGFjZXMudjEuUGxhY2VzLlNlYXJjaFRleHQQAhgEIAA,Monday: 8:30 AM – 4:30 PM; Tuesday: 8:30 AM – 4:30 PM; Wednesday: 8:30 AM – 4:30 PM; Thursday: 8:30 AM – 4:30 PM; Friday: 8:30 AM – 4:30 PM; Saturday: Closed; Sunday: Closed,dental_clinic,Waikato,Taupo,no_prices
Taupo Health Centre,"113 Te Heuheu Street, Taupō 3330, New Zealand",07 378 7060,+64 7 378 7060,http://www.taupohealth.co.nz/,3.9,45,OPERATIONAL,https://maps.google.com/?cid=17592732573894296047&g_mp=Cidnb29nbGUubWFwcy5wbGFjZXMudjEuUGxhY2VzLlNlYXJjaFRleHQQAhgEIAA,Monday: 8:00 AM – 5:30 PM; Tuesday: 8:00 AM – 5:30 PM; Wednesday: 8:00 AM – 5:30 PM; Thursday: 8:00 AM – 5:30 PM; Friday: 8:00 AM – 5:30 PM; Saturday: Closed; Sunday: Closed,dental_clinic,Waikato,Taupo,no_prices
Taupo Hospital,"38 Kōtare Street, Hilltop, Taupō 3330, New Zealand",07 376 1000,+64 7 376 1000,http://www.lakesdhb.govt.nz/,3.5,64,OPERATIONAL,https://maps.google.com/?cid=13972847894459743729&g_mp=Cidnb29nbGUubWFwcy5wbGFjZXMudjEuUGxhY2VzLlNlYXJjaFRleHQQAhgEIAA,Monday: Open 24 hours; Tuesday: Open 24 hours; Wednesday: Open 24 hours; Thursday: Open 24 hours; Friday: Open 24 hours; Saturday: Open 24 hours; Sunday: Open 24 hours,dental_clinic,Waikato,Taupo,no_prices
Te Aroha Family Dental Practice,"28 Church Street, Te Aroha 3320, New Zealand",07 884 9507,+64 7 884 9507,,5,6,OPERATIONAL,https://maps.google.com/?cid=5718100432756500008&g_mp=Cidnb29nbGUubWFwcy5wbGFjZXMudjEuUGxhY2VzLlNlYXJjaFRleHQQAhgEIAA,Monday: 9:00 AM – 3:30 PM; Tuesday: 9:00 AM – 4:30 PM; Wednesday: 9:00 AM – 4:30 PM; Thursday: 9:00 AM – 4:30 PM; Friday: 9:00 AM – 4:00 PM; Saturday: Closed; Sunday: Closed,dental_clinic,Waikato,Te Aroha,no_prices
Te Awamutu Dental,"88 Teasdale Street, Te Awamutu 3800, New Zealand",07 871 7712,+64 7 871 7712,http://teawamutudental.co.nz/,4.7,19,OPERATIONAL,https://maps.google.com/?cid=7304298489668690955&g_mp=Cidnb29nbGUubWFwcy5wbGFjZXMudjEuUGxhY2VzLlNlYXJjaFRleHQQAhgEIAA,Monday: 9:00 AM – 5:30 PM; Tuesday: 9:00 AM – 5:30 PM; Wednesday: 9:00 AM – 5:30 PM; Thursday: 8:30 AM – 5:30 PM; Friday: 8:30 AM – 5:30 PM; Saturday: Closed; Sunday: Closed,dental_clinic,Waikato,Te Awamutu,some_prices
Te Awamutu General & Emergency Dental,"54 Albert Park Drive, Te Awamutu 3800, New Zealand",07 871 6452,+64 7 871 6452,https://www.teawamutuemergencydental.co.nz/,4.8,72,OPERATIONAL,https://maps.google.com/?cid=9822953798895992740&g_mp=Cidnb29nbGUubWFwcy5wbGFjZXMudjEuUGxhY2VzLlNlYXJjaFRleHQQAhgEIAA,Monday: 8:00 AM – 5:00 PM; Tuesday: 8:00 AM – 5:00 PM; Wednesday: 8:00 AM – 5:00 PM; Thursday: 8:00 AM – 5:00 PM; Friday: 8:00 AM – 5:00 PM; Saturday: 8:00 AM – 1:00 PM; Sunday: Closed,dental_clinic,Waikato,Te Awamutu,no_prices
Te Kohao Dental,"951 Wairere Drive, Hamilton East, Hamilton 3216, New Zealand",07 856 5479,+64 7 856 5479,,,,OPERATIONAL,https://maps.google.com/?cid=12637018903655858108&g_mp=Cidnb29nbGUubWFwcy5wbGFjZXMudjEuUGxhY2VzLlNlYXJjaFRleHQQAhgEIAA,Monday: 9:00 AM – 5:00 PM; Tuesday: 9:00 AM – 5:00 PM; Wednesday: 9:00 AM – 5:00 PM; Thursday: 9:00 AM – 5:00 PM; Friday: 9:00 AM – 5:00 PM; Saturday: Closed; Sunday: Closed,dental_clinic,Waikato,Enderley Hamilton,no_prices
Te Kohao Health - Taakiri Tuu Wellness and Diagnostic Centre,"47 Tennyson Road, Enderley, Hamilton 3214, New Zealand",07 981 4479,+64 7 981 4479,https://www.tekohaohealth.co.nz/taakiri-tuu,5,6,OPERATIONAL,https://maps.google.com/?cid=17348850212156732726&g_mp=Cidnb29nbGUubWFwcy5wbGFjZXMudjEuUGxhY2VzLlNlYXJjaFRleHQQAhgEIAA,Monday: 8:30 AM – 5:00 PM; Tuesday: 8:30 AM – 5:00 PM; Wednesday: 8:30 AM – 5:00 PM; Thursday: 8:30 AM – 5:00 PM; Friday: 8:30 AM – 5:00 PM; Saturday: Closed; Sunday: Closed,dental_clinic,Waikato,Enderley Hamilton,no_prices
Team Dental Thames,"438 Pollen Street, Thames 3500, New Zealand",07 868 9581,+64 7 868 9581,https://www.team-dental.co.nz/coromandel/thames/?utm_campaign=thames&utm_medium=gbp&utm_source=google,4.4,23,OPERATIONAL,https://maps.google.com/?cid=2509548608278525053&g_mp=Cidnb29nbGUubWFwcy5wbGFjZXMudjEuUGxhY2VzLlNlYXJjaFRleHQQAhgEIAA,Monday: 8:30 AM – 5:00 PM; Tuesday: 8:30 AM – 5:00 PM; Wednesday: 8:30 AM – 5:00 PM; Thursday: 8:30 AM – 5:00 PM; Friday: 8:30 AM – 5:00 PM; Saturday: Closed; Sunday: Closed,dental_clinic,Waikato,Thames,some_prices
Thames Hospital,"610 MacKay Street, Thames 3500, New Zealand",07 868 0040,+64 7 868 0040,https://www.waikatodhb.health.nz/locations/thames-hospital/,3.7,115,OPERATIONAL,https://maps.google.com/?cid=9455492355001514011&g_mp=Cidnb29nbGUubWFwcy5wbGFjZXMudjEuUGxhY2VzLlNlYXJjaFRleHQQAhgEIAA,Monday: Open 24 hours; Tuesday: Open 24 hours; Wednesday: Open 24 hours; Thursday: Open 24 hours; Friday: Open 24 hours; Saturday: Open 24 hours; Sunday: Open 24 hours,dental_clinic,Waikato,Thames,no_prices
Thames Medical Centre,"817 Rolleston Street, Thames 3500, New Zealand",07 868 9444,+64 7 868 9444,https://www.thamesmed.co.nz/,3.3,30,OPERATIONAL,https://maps.google.com/?cid=14883618137810591833&g_mp=Cidnb29nbGUubWFwcy5wbGFjZXMudjEuUGxhY2VzLlNlYXJjaFRleHQQAhgEIAA,Monday: 8:30 AM – 5:00 PM; Tuesday: 8:30 AM – 5:00 PM; Wednesday: 8:30 AM – 5:00 PM; Thursday: 8:30 AM – 5:00 PM; Friday: 8:30 AM – 5:00 PM; Saturday: Closed; Sunday: Closed,dental_clinic,Waikato,Thames,no_prices
The Cosmetic Clinic Centre Place,"501 Victoria Street, Hamilton Central, Hamilton 3204, New Zealand",07 260 0510,+64 7 260 0510,https://www.thecosmeticclinic.co.nz/?utm_source=google&utm_medium=organic&utm_campaign=gmb&utm_term=website+link,4.9,406,OPERATIONAL,https://maps.google.com/?cid=9385095617970014430&g_mp=Cidnb29nbGUubWFwcy5wbGFjZXMudjEuUGxhY2VzLlNlYXJjaFRleHQQAhgEIAA,Monday: 9:00 AM – 6:00 PM; Tuesday: 9:00 AM – 6:00 PM; Wednesday: 9:00 AM – 6:00 PM; Thursday: 9:00 AM – 7:00 PM; Friday: 9:00 AM – 6:00 PM; Saturday: 9:00 AM – 6:00 PM; Sunday: 10:00 AM – 5:00 PM,dental_clinic,Waikato,Claudelands Hamilton,no_prices
The Dental Health Group,"437 Pollen Street, Thames 3500, New Zealand",07 868 7677,+64 7 868 7677,http://www.thamesdental.co.nz/,4.1,19,OPERATIONAL,https://maps.google.com/?cid=9037247089954976088&g_mp=Cidnb29nbGUubWFwcy5wbGFjZXMudjEuUGxhY2VzLlNlYXJjaFRleHQQAhgEIAA,Monday: 8:30 AM – 5:00 PM; Tuesday: 8:30 AM – 5:00 PM; Wednesday: 8:30 AM – 5:00 PM; Thursday: 8:30 AM – 5:00 PM; Friday: 8:30 AM – 5:00 PM; Saturday: Closed; Sunday: Closed,dental_clinic,Waikato,Thames,no_prices
The Dentist Morrinsville,"37 Moorhouse Street, Morrinsville 3300, New Zealand",07 889 5909,+64 7 889 5909,http://www.dentist.co.nz/dentist-detail/waihi/the-dentist-morrinsville/A18015316,3.7,25,OPERATIONAL,https://maps.google.com/?cid=822652070968446110&g_mp=Cidnb29nbGUubWFwcy5wbGFjZXMudjEuUGxhY2VzLlNlYXJjaFRleHQQAhgEIAA,Monday: 9:00 AM – 4:30 PM; Tuesday: 9:00 AM – 4:30 PM; Wednesday: 9:00 AM – 4:30 PM; Thursday: 9:00 AM – 4:30 PM; Friday: 9:00 AM – 4:30 PM; Saturday: 9:00 AM – 2:00 PM; Sunday: Closed,dental_clinic,Waikato,Morrinsville,no_prices
The Dentists - Taupō,"7 Motutaiko Street, Taupō 3330, New Zealand",07 378 8112,+64 7 378 8112,https://www.dentiststaupo.co.nz/,4.9,262,OPERATIONAL,https://maps.google.com/?cid=3380386148918178565&g_mp=Cidnb29nbGUubWFwcy5wbGFjZXMudjEuUGxhY2VzLlNlYXJjaFRleHQQAhgEIAA,Monday: 8:00 AM – 5:00 PM; Tuesday: 8:00 AM – 5:00 PM; Wednesday: 8:00 AM – 5:00 PM; Thursday: 8:00 AM – 5:00 PM; Friday: 8:00 AM – 5:00 PM; Saturday: Closed; Sunday: Closed,dental_clinic,Waikato,Taupo,no_prices
The Denture Studio,"153 Peachgrove Road, Hamilton East, Waikato 3216, New Zealand",0800 224 233,+64 800 224 233,https://thedenturestudio.co.nz/contact-us/?utm_source=google&utm_medium=gbp,4.7,23,OPERATIONAL,https://maps.google.com/?cid=11369819190410783729&g_mp=Cidnb29nbGUubWFwcy5wbGFjZXMudjEuUGxhY2VzLlNlYXJjaFRleHQQAhgEIAA,Monday: 8:30 AM – 4:30 PM; Tuesday: 8:30 AM – 5:00 PM; Wednesday: 8:30 AM – 4:30 PM; Thursday: 8:30 AM – 5:00 PM; Friday: 8:30 AM – 5:00 PM; Saturday: Closed; Sunday: Closed,dental_clinic,Waikato,Claudelands Hamilton,no_prices
The Tooth Group,"127 Peachgrove Road, Hamilton East, Hamilton 3216, New Zealand",07 855 7764,+64 7 855 7764,http://www.thetoothgroup.co.nz/,4.4,67,OPERATIONAL,https://maps.google.com/?cid=17170770195281862467&g_mp=Cidnb29nbGUubWFwcy5wbGFjZXMudjEuUGxhY2VzLlNlYXJjaFRleHQQAhgEIAA,Monday: 8:30 AM – 5:30 PM; Tuesday: 8:30 AM – 7:00 PM; Wednesday: 8:30 AM – 5:30 PM; Thursday: 8:30 AM – 7:00 PM; Friday: 8:30 AM – 5:30 PM; Saturday: Closed; Sunday: Closed,dental_clinic,Waikato,Hamilton Central,some_prices
Tokoroa Family Health,"4560197, Tokoroa 3420, New Zealand",07 886 5431,+64 7 886 5431,http://www.tokoroafamilyhealth.co.nz/,4.7,15,OPERATIONAL,https://maps.google.com/?cid=14097416468980117942&g_mp=Cidnb29nbGUubWFwcy5wbGFjZXMudjEuUGxhY2VzLlNlYXJjaFRleHQQAhgEIAA,Monday: 8:30 AM – 5:00 PM; Tuesday: 8:30 AM – 5:00 PM; Wednesday: 8:30 AM – 5:00 PM; Thursday: 8:30 AM – 5:00 PM; Friday: 8:30 AM – 5:00 PM; Saturday: Closed; Sunday: Closed,dental_clinic,Waikato,Tokoroa,no_prices
Tokoroa Hospital,"55/75 Maraetai Road, Tokoroa 3420, New Zealand",07 885 0600,+64 7 885 0600,https://www.waikatodhb.health.nz/locations/tokoroa-hospital/,3.7,49,OPERATIONAL,https://maps.google.com/?cid=12780191141531227993&g_mp=Cidnb29nbGUubWFwcy5wbGFjZXMudjEuUGxhY2VzLlNlYXJjaFRleHQQAhgEIAA,Monday: Open 24 hours; Tuesday: Open 24 hours; Wednesday: Open 24 hours; Thursday: Open 24 hours; Friday: Open 24 hours; Saturday: Open 24 hours; Sunday: Open 24 hours,dental_clinic,Waikato,Tokoroa,no_prices
Tokoroa childrens community dental clinic,"Maraetai Road, Tokoroa 3420, New Zealand",027 314 8633,+64 27 314 8633,,,,OPERATIONAL,https://maps.google.com/?cid=7090447282572674699&g_mp=Cidnb29nbGUubWFwcy5wbGFjZXMudjEuUGxhY2VzLlNlYXJjaFRleHQQAhgEIAA,Monday: 8:15 AM – 4:15 PM; Tuesday: 8:15 AM – 4:15 PM; Wednesday: 8:15 AM – 4:15 PM; Thursday: 8:15 AM – 4:15 PM; Friday: 8:15 AM – 4:15 PM; Saturday: Closed; Sunday: Closed,dental_clinic,Waikato,Tokoroa,no_prices
True Smile Dentures,"470 Pollen Street, Thames 3500, New Zealand",07 868 5973,+64 7 868 5973,,4.5,19,OPERATIONAL,https://maps.google.com/?cid=8451434812930751085&g_mp=Cidnb29nbGUubWFwcy5wbGFjZXMudjEuUGxhY2VzLlNlYXJjaFRleHQQAhgEIAA,Monday: 9:00 AM – 4:00 PM; Tuesday: 9:00 AM – 4:00 PM; Wednesday: 9:00 AM – 4:00 PM; Thursday: 9:00 AM – 4:00 PM; Friday: 9:00 AM – 4:00 PM; Saturday: Closed; Sunday: Closed,dental_clinic,Waikato,Thames,no_prices
Tui Dental,"6 Gordonton Road, Huntington, Hamilton 3210, New Zealand",0800 175 175,+64 800 175 175,http://www.tuidental.co.nz/,4.5,17,OPERATIONAL,https://maps.google.com/?cid=12511132470552187439&g_mp=Cidnb29nbGUubWFwcy5wbGFjZXMudjEuUGxhY2VzLlNlYXJjaFRleHQQAhgEIAA,Monday: 8:30 AM – 5:00 PM; Tuesday: 8:30 AM – 5:00 PM; Wednesday: 8:30 AM – 5:00 PM; Thursday: 8:30 AM – 5:00 PM; Friday: 8:30 AM – 5:00 PM; Saturday: Closed; Sunday: Closed,dental_clinic,Waikato,Enderley Hamilton,no_prices
Tui Dental,"183 Main Street, Huntly 3200, New Zealand",07 849 6954,+64 7 849 6954,http://www.tuidental.co.nz/,,,OPERATIONAL,https://maps.google.com/?cid=11638622496016186477&g_mp=Cidnb29nbGUubWFwcy5wbGFjZXMudjEuUGxhY2VzLlNlYXJjaFRleHQQAhgEIAA,Monday: Closed; Tuesday: Closed; Wednesday: Closed; Thursday: 8:00 AM – 5:00 PM; Friday: 8:00 AM – 5:00 PM; Saturday: Closed; Sunday: Closed,dental_clinic,Waikato,Huntly,no_prices
Tui Dental Bryant Road,"26 Bryant Road, Te Rapa, Hamilton 3200, New Zealand",07 849 6954,+64 7 849 6954,http://www.tuidental.co.nz/,3.3,58,OPERATIONAL,https://maps.google.com/?cid=15893596981973342250&g_mp=Cidnb29nbGUubWFwcy5wbGFjZXMudjEuUGxhY2VzLlNlYXJjaFRleHQQAhgEIAA,Monday: 8:30 AM – 5:00 PM; Tuesday: 8:30 AM – 5:00 PM; Wednesday: 8:30 AM – 5:00 PM; Thursday: 8:30 AM – 5:00 PM; Friday: 8:30 AM – 5:00 PM; Saturday: 8:30 AM – 5:00 PM; Sunday: Closed,dental_clinic,Waikato,Te Rapa Hamilton,no_prices
Tui Medical Davies Corner,"31 Hukanui Road, Chartwell, Hamilton 3210, New Zealand",07 855 5370,+64 7 855 5370,http://www.tuimedical.co.nz/,4.4,284,OPERATIONAL,https://maps.google.com/?cid=5763476192834684958&g_mp=Cidnb29nbGUubWFwcy5wbGFjZXMudjEuUGxhY2VzLlNlYXJjaFRleHQQAhgEIAA,Monday: 8:30 AM – 4:30 PM; Tuesday: 8:30 AM – 4:30 PM; Wednesday: 8:30 AM – 4:30 PM; Thursday: 8:30 AM – 4:30 PM; Friday: 8:30 AM – 4:30 PM; Saturday: Closed; Sunday: Closed,dental_clinic,Waikato,Enderley Hamilton,no_prices
Tui Medical Te Rapa GP & Urgent Care,"26 Bryant Road, Te Rapa, Hamilton 3200, New Zealand",0800 175 175,+64 800 175 175,https://www.tuimedical.co.nz/location/te-rapa,4.3,825,OPERATIONAL,https://maps.google.com/?cid=7492358107470088308&g_mp=Cidnb29nbGUubWFwcy5wbGFjZXMudjEuUGxhY2VzLlNlYXJjaFRleHQQAhgEIAA,Monday: 7:00 AM – 5:00 PM; Tuesday: 7:00 AM – 5:00 PM; Wednesday: 7:00 AM – 5:00 PM; Thursday: 7:00 AM – 5:00 PM; Friday: 7:00 AM – 5:00 PM; Saturday: 7:00 AM – 5:00 PM; Sunday: 7:00 AM – 5:00 PM,dental_clinic,Waikato,Te Rapa Hamilton,no_prices
Tulip Dental,"152 Horsham Downs Road, Rototuna North, Hamilton 3210, New Zealand",07 949 6947,+64 7 949 6947,http://www.tulipdental.co.nz/,4.9,245,OPERATIONAL,https://maps.google.com/?cid=5478925668135053645&g_mp=Cidnb29nbGUubWFwcy5wbGFjZXMudjEuUGxhY2VzLlNlYXJjaFRleHQQAhgEIAA,Monday: 8:00 AM – 5:00 PM; Tuesday: 8:00 AM – 5:00 PM; Wednesday: 8:00 AM – 5:00 PM; Thursday: 8:00 AM – 5:00 PM; Friday: 8:30 AM – 4:00 PM; Saturday: Closed; Sunday: Closed,dental_clinic,Waikato,Rototuna Hamilton,some_prices
Turangi Dental,"74 The Town Centre, Tūrangi 3334, New Zealand",07 386 8966,+64 7 386 8966,http://www.turangidental.com/,3.9,19,OPERATIONAL,https://maps.google.com/?cid=11796930944221619475&g_mp=Cidnb29nbGUubWFwcy5wbGFjZXMudjEuUGxhY2VzLlNlYXJjaFRleHQQAhgEIAA,Monday: 8:30 AM – 5:00 PM; Tuesday: 8:30 AM – 5:00 PM; Wednesday: 11:00 AM – 7:30 PM; Thursday: 8:30 AM – 5:00 PM; Friday: 8:30 AM – 5:00 PM; Saturday: Closed; Sunday: Closed,dental_clinic,Waikato,Turangi,no_prices
Unichem Coromandel Pharmacy,"89 Kapanga Road, The, Coromandel 3506, New Zealand",07 866 8702,+64 7 866 8702,http://www.unichem.co.nz/storelocator/store?id=2535814324&sid=Coromandel,4.6,17,OPERATIONAL,https://maps.google.com/?cid=2668317749664200568&g_mp=Cidnb29nbGUubWFwcy5wbGFjZXMudjEuUGxhY2VzLlNlYXJjaFRleHQQAhgEIAA,Monday: 8:30 AM – 5:00 PM; Tuesday: 8:30 AM – 5:00 PM; Wednesday: 8:30 AM – 5:00 PM; Thursday: 8:30 AM – 5:00 PM; Friday: 8:30 AM – 5:00 PM; Saturday: 9:00 AM – 1:00 PM; Sunday: Closed,dental_clinic,Waikato,Coromandel Town,no_prices
Unichem Davies Corner Pharmacy,"29 Hukanui Road, Fairfield, Hamilton 3214, New Zealand",07 855 5389,+64 7 855 5389,http://www.unichem.co.nz/pharmacy-location-services/unichem-davies-corner-pharmacy,4.5,25,OPERATIONAL,https://maps.google.com/?cid=18312091592003494221&g_mp=Cidnb29nbGUubWFwcy5wbGFjZXMudjEuUGxhY2VzLlNlYXJjaFRleHQQAhgEIAA,Monday: 8:00 AM – 6:00 PM; Tuesday: 8:00 AM – 6:00 PM; Wednesday: 8:00 AM – 6:00 PM; Thursday: 8:00 AM – 6:00 PM; Friday: 8:00 AM – 6:00 PM; Saturday: Closed; Sunday: Closed,dental_clinic,Waikato,Enderley Hamilton,no_prices
Victoria Dentists,"270 Victoria Street, Hamilton Central, Hamilton 3204, New Zealand",07 839 1660,+64 7 839 1660,http://victoriadentists.co.nz/,4.9,115,OPERATIONAL,https://maps.google.com/?cid=7933417903959678506&g_mp=Cidnb29nbGUubWFwcy5wbGFjZXMudjEuUGxhY2VzLlNlYXJjaFRleHQQAhgEIAA,Monday: 8:00 AM – 5:00 PM; Tuesday: 8:00 AM – 5:00 PM; Wednesday: 8:00 AM – 5:00 PM; Thursday: 8:00 AM – 5:00 PM; Friday: 8:00 AM – 5:00 PM; Saturday: 9:00 AM – 1:00 PM; Sunday: Closed,dental_clinic,Waikato,Hamilton Central,some_prices
Victoria Denture,"ground floor/270 Victoria Street, CBD, Hamilton 3204, New Zealand",07 838 2791,+64 7 838 2791,,,,OPERATIONAL,https://maps.google.com/?cid=2603161442702054089&g_mp=Cidnb29nbGUubWFwcy5wbGFjZXMudjEuUGxhY2VzLlNlYXJjaFRleHQQAhgEIAA,Monday: 8:00 AM – 5:00 PM; Tuesday: 8:00 AM – 5:00 PM; Wednesday: 8:00 AM – 5:00 PM; Thursday: 8:00 AM – 5:00 PM; Friday: 8:00 AM – 5:00 PM; Saturday: Closed; Sunday: Closed,dental_clinic,Waikato,Enderley Hamilton,no_prices
Waihi Central School Dental Clinic,"Moresby Avenue, Waihi 3610, New Zealand",,,,,,OPERATIONAL,https://maps.google.com/?cid=18281664909119731528&g_mp=Cidnb29nbGUubWFwcy5wbGFjZXMudjEuUGxhY2VzLlNlYXJjaFRleHQQAhgEIAA,,dental_clinic,Waikato,Waihi,no_prices
Waihi Family Dental Centre,"6 School Lane, Waihi 3610, New Zealand",07 863 7272,+64 7 863 7272,https://www.facebook.com/pages/Waihi-Family-Dental-Centre/372454159624038,3.2,16,OPERATIONAL,https://maps.google.com/?cid=16864698854262848442&g_mp=Cidnb29nbGUubWFwcy5wbGFjZXMudjEuUGxhY2VzLlNlYXJjaFRleHQQAhgEIAA,Monday: 8:00 AM – 5:00 PM; Tuesday: 8:00 AM – 5:00 PM; Wednesday: 8:00 AM – 5:00 PM; Thursday: 8:00 AM – 5:00 PM; Friday: 8:00 AM – 5:00 PM; Saturday: Closed; Sunday: Closed,dental_clinic,Waikato,Waihi,no_prices
Waihi Health Centre,"1 Mueller Street, Waihi 3610, New Zealand",07 863 8195,+64 7 863 8195,https://thedoctors.co.nz/waihi-health-centre,3.5,21,OPERATIONAL,https://maps.google.com/?cid=7320556652542990890&g_mp=Cidnb29nbGUubWFwcy5wbGFjZXMudjEuUGxhY2VzLlNlYXJjaFRleHQQAhgEIAA,Monday: 8:30 AM – 4:00 PM; Tuesday: 8:30 AM – 4:00 PM; Wednesday: 8:30 AM – 4:00 PM; Thursday: 8:30 AM – 4:00 PM; Friday: 8:30 AM – 4:00 PM; Saturday: Closed; Sunday: Closed,dental_clinic,Waikato,Waihi,no_prices
Waikato Dental,"1000 Victoria Street, Whitiora, Hamilton 3200, New Zealand",07 839 5298,+64 7 839 5298,https://www.waikatodental.com/,4.4,64,OPERATIONAL,https://maps.google.com/?cid=8050383388437372482&g_mp=Cidnb29nbGUubWFwcy5wbGFjZXMudjEuUGxhY2VzLlNlYXJjaFRleHQQAhgEIAA,Monday: 8:30 AM – 5:00 PM; Tuesday: 8:30 AM – 5:00 PM; Wednesday: 8:30 AM – 5:00 PM; Thursday: 8:30 AM – 5:00 PM; Friday: 8:30 AM – 5:00 PM; Saturday: Closed; Sunday: Closed,dental_clinic,Waikato,Hamilton Central,no_prices
Waikato Hospital,"183 Pembroke Street, Waikato Hospital, Hamilton 3204, New Zealand",07 839 8899,+64 7 839 8899,http://www.waikatodhb.health.nz/,3.7,496,OPERATIONAL,https://maps.google.com/?cid=12102685669345564456&g_mp=Cidnb29nbGUubWFwcy5wbGFjZXMudjEuUGxhY2VzLlNlYXJjaFRleHQQAhgEIAA,Monday: Open 24 hours; Tuesday: Open 24 hours; Wednesday: Open 24 hours; Thursday: Open 24 hours; Friday: Open 24 hours; Saturday: Open 24 hours; Sunday: Open 24 hours,dental_clinic,Waikato,Hamilton Central,no_prices
Waikato Orthodontic Centre - Cambridge,"63 Alpha Street, Cambridge 3434, New Zealand",07 855 9512,+64 7 855 9512,https://www.thewoc.co.nz/,,,OPERATIONAL,https://maps.google.com/?cid=2459267413286279908&g_mp=Cidnb29nbGUubWFwcy5wbGFjZXMudjEuUGxhY2VzLlNlYXJjaFRleHQQAhgEIAA,Monday: Closed; Tuesday: 8:00 AM – 5:30 AM; Wednesday: 8:00 AM – 5:30 PM; Thursday: Closed; Friday: Closed; Saturday: Closed; Sunday: Closed,dental_clinic,Waikato,Cambridge,no_prices
Waikids Cambridge Community Dental Clinic,"64 Clare Street, Cambridge 3434, New Zealand",,,,,,OPERATIONAL,https://maps.google.com/?cid=2096346180535743703&g_mp=Cidnb29nbGUubWFwcy5wbGFjZXMudjEuUGxhY2VzLlNlYXJjaFRleHQQAhgEIAA,,dental_clinic,Waikato,Cambridge,no_prices
Waipā Dental,"15 Wilson Street, Cambridge 3434, New Zealand",07 444 4068,+64 7 444 4068,https://www.waipadental.co.nz/,5,7,OPERATIONAL,https://maps.google.com/?cid=8128428736262222501&g_mp=Cidnb29nbGUubWFwcy5wbGFjZXMudjEuUGxhY2VzLlNlYXJjaFRleHQQAhgEIAA,Monday: 8:30 AM – 5:00 PM; Tuesday: 8:30 AM – 5:00 PM; Wednesday: 8:30 AM – 5:00 PM; Thursday: 8:30 AM – 5:00 PM; Friday: 8:30 AM – 5:00 PM; Saturday: Closed; Sunday: Closed,dental_clinic,Waikato,Cambridge,no_prices
White with Envy,"56 Acacia Crescent, Glenview, Hamilton 3206, New Zealand",027 376 1116,+64 27 376 1116,,5,3,OPERATIONAL,https://maps.google.com/?cid=7146666866730831045&g_mp=Cidnb29nbGUubWFwcy5wbGFjZXMudjEuUGxhY2VzLlNlYXJjaFRleHQQAhgEIAA,Monday: 9:00 AM – 7:00 PM; Tuesday: 4:30 – 7:00 PM; Wednesday: 9:00 AM – 7:00 PM; Thursday: 4:30 – 7:30 PM; Friday: 12:30 – 7:00 PM; Saturday: 9:00 AM – 5:00 PM; Sunday: 9:00 AM – 5:00 PM,dental_clinic,Waikato,Enderley Hamilton,no_prices
Whitianga Dental Centre,"42 Albert Street, Whitianga 3510, New Zealand",07 866 4019,+64 7 866 4019,https://whitianga.dental/,5,10,OPERATIONAL,https://maps.google.com/?cid=13077764825435601865&g_mp=Cidnb29nbGUubWFwcy5wbGFjZXMudjEuUGxhY2VzLlNlYXJjaFRleHQQAhgEIAA,Monday: 9:00 AM – 5:00 PM; Tuesday: 9:00 AM – 5:00 PM; Wednesday: 9:00 AM – 1:00 PM; Thursday: 9:00 AM – 5:00 PM; Friday: 9:00 AM – 1:00 PM; Saturday: Closed; Sunday: Closed,dental_clinic,Waikato,Coromandel Town,no_prices
Whitianga Dental Practice | Lumino The Dentists,"12/1 Blacksmith Lane, Whitianga 3510, New Zealand",07 869 5500,+64 7 869 5500,https://lumino.co.nz/dentists/whitianga-dental-practice/?utm_source=google_business_profile&utm_medium=organic,4.3,11,OPERATIONAL,https://maps.google.com/?cid=2389637407828239958&g_mp=Cidnb29nbGUubWFwcy5wbGFjZXMudjEuUGxhY2VzLlNlYXJjaFRleHQQAhgEIAA,Monday: 8:45 AM – 5:00 PM; Tuesday: 8:45 AM – 5:30 PM; Wednesday: 8:45 AM – 5:30 PM; Thursday: 8:45 AM – 5:30 PM; Friday: 8:45 AM – 5:00 PM; Saturday: Closed; Sunday: Closed,dental_clinic,Waikato,Whitianga,some_prices
32 Gems Dental Care,"Level 1/131 Queens Drive, Hutt Central, Lower Hutt 5016, New Zealand",04 566 2211,+64 4 566 2211,http://www.32gemsdentalcare.co.nz/,4.7,58,OPERATIONAL,https://maps.google.com/?cid=8055908827746787198&g_mp=Cidnb29nbGUubWFwcy5wbGFjZXMudjEuUGxhY2VzLlNlYXJjaFRleHQQAhgEIAA,Monday: 8:30 AM – 5:00 PM; Tuesday: 8:30 AM – 5:00 PM; Wednesday: 8:30 AM – 7:00 PM; Thursday: 8:30 AM – 7:00 PM; Friday: 8:30 AM – 5:00 PM; Saturday: Closed; Sunday: Closed,dental_clinic,Wellington,Lower Hutt,no_prices
Animal Medical Centre,"114 Middleton Road, Churton Park, Wellington 6037, New Zealand",04 478 3880,+64 4 478 3880,https://www.animalmedicalcentre.co.nz/,4.9,191,OPERATIONAL,https://maps.google.com/?cid=11928908592701784833&g_mp=Cidnb29nbGUubWFwcy5wbGFjZXMudjEuUGxhY2VzLlNlYXJjaFRleHQQAhgEIAA,Monday: 8:00 AM – 6:00 PM; Tuesday: 8:00 AM – 6:00 PM; Wednesday: 8:00 AM – 6:00 PM; Thursday: 8:00 AM – 6:00 PM; Friday: 8:00 AM – 6:00 PM; Saturday: 8:30 AM – 12:00 PM; Sunday: Closed,dental_clinic,Wellington,Churton Park Wellington,no_prices
Animates Porirua,"3 Parumoana Street, Porirua City Centre, Porirua 5022, New Zealand",04 237 0307,+64 4 237 0307,https://www.animates.co.nz/,4.3,481,OPERATIONAL,https://maps.google.com/?cid=14971745227684654087&g_mp=Cidnb29nbGUubWFwcy5wbGFjZXMudjEuUGxhY2VzLlNlYXJjaFRleHQQAhgEIAA,Monday: 9:00 AM – 6:00 PM; Tuesday: 9:00 AM – 6:00 PM; Wednesday: 9:00 AM – 6:00 PM; Thursday: 9:00 AM – 6:00 PM; Friday: 9:00 AM – 6:00 PM; Saturday: 9:00 AM – 5:00 PM; Sunday: 9:00 AM – 5:00 PM,dental_clinic,Wellington,Porirua,no_prices
Art of Dentistry,"10 Royal Street, Upper Hutt Central, Upper Hutt 5018, New Zealand",04 527 9437,+64 4 527 9437,http://www.artofdentistry.co.nz/,4.5,94,OPERATIONAL,https://maps.google.com/?cid=17876572021500246790&g_mp=Cidnb29nbGUubWFwcy5wbGFjZXMudjEuUGxhY2VzLlNlYXJjaFRleHQQAhgEIAA,Monday: 8:00 AM – 9:00 PM; Tuesday: 8:00 AM – 8:30 PM; Wednesday: 8:00 AM – 9:00 PM; Thursday: 8:00 AM – 8:00 PM; Friday: 8:00 AM – 5:00 PM; Saturday: 9:00 AM – 2:00 PM; Sunday: 9:00 AM – 2:00 PM,dental_clinic,Wellington,Upper Hutt,no_prices
Ashley Aesthetics,"10 Trafford Terrace, Churton Park, Wellington 6037, New Zealand",020 4080 2217,+64 20 4080 2217,https://ashleyaesthetics.co.nz/,5,72,OPERATIONAL,https://maps.google.com/?cid=877848642013706401&g_mp=Cidnb29nbGUubWFwcy5wbGFjZXMudjEuUGxhY2VzLlNlYXJjaFRleHQQAhgEIAA,Monday: 10:00 AM – 5:00 PM; Tuesday: 10:00 AM – 5:30 PM; Wednesday: 10:00 AM – 7:00 PM; Thursday: 10:00 AM – 6:00 PM; Friday: 10:00 AM – 6:00 PM; Saturday: 10:00 AM – 4:00 PM; Sunday: Closed,dental_clinic,Wellington,Churton Park Wellington,no_prices
Ashwin Magan Dental Surgery,"CBD Towers Level 3, 84/90 Main Street, Upper Hutt Central, Upper Hutt 5018, New Zealand",04 527 7914,+64 4 527 7914,http://ashwinmagandentalsurgery.co.nz/,4.8,19,OPERATIONAL,https://maps.google.com/?cid=15718553442172998566&g_mp=Cidnb29nbGUubWFwcy5wbGFjZXMudjEuUGxhY2VzLlNlYXJjaFRleHQQAhgEIAA,Monday: 8:00 AM – 6:15 PM; Tuesday: 8:00 AM – 6:15 PM; Wednesday: 8:00 AM – 6:15 PM; Thursday: 8:00 AM – 6:15 PM; Friday: 8:00 AM – 12:30 PM; Saturday: Closed; Sunday: Closed,dental_clinic,Wellington,Upper Hutt,no_prices
Beachside Dental Surgery,"331 Kapiti Road, Paraparaumu Beach 5032, New Zealand",04 298 6004,+64 4 298 6004,http://beachsidedental.co.nz/,4.6,17,OPERATIONAL,https://maps.google.com/?cid=3708482090606545633&g_mp=Cidnb29nbGUubWFwcy5wbGFjZXMudjEuUGxhY2VzLlNlYXJjaFRleHQQAhgEIAA,Monday: Closed; Tuesday: 9:00 AM – 5:00 PM; Wednesday: Closed; Thursday: 9:00 AM – 5:00 PM; Friday: 9:00 AM – 4:00 PM; Saturday: Closed; Sunday: Closed,dental_clinic,Wellington,Paraparaumu,no_prices
Bee Healthy Dental Clinic,"100 Walters Street, Avalon, Lower Hutt 5011, New Zealand",0800 825 583,+64 800 825 583,https://info.health.nz/BeeHealthy,4.1,8,OPERATIONAL,https://maps.google.com/?cid=16955990490328084363&g_mp=Cidnb29nbGUubWFwcy5wbGFjZXMudjEuUGxhY2VzLlNlYXJjaFRleHQQAhgEIAA,Monday: 8:00 AM – 4:00 PM; Tuesday: 8:00 AM – 4:00 PM; Wednesday: 8:00 AM – 4:00 PM; Thursday: 8:00 AM – 4:00 PM; Friday: 8:00 AM – 4:00 PM; Saturday: Closed; Sunday: Closed,dental_clinic,Wellington,Hataitai Wellington,no_prices
Bee Healthy Regional Dental Service,"175A Adelaide Road, Newtown, Wellington 6021, New Zealand",0800 825 583,+64 800 825 583,https://info.health.nz/BeeHealthy,3.7,9,OPERATIONAL,https://maps.google.com/?cid=9360387684272547668&g_mp=Cidnb29nbGUubWFwcy5wbGFjZXMudjEuUGxhY2VzLlNlYXJjaFRleHQQAhgEIAA,Monday: 8:00 AM – 4:00 PM; Tuesday: 8:00 AM – 4:00 PM; Wednesday: 8:00 AM – 4:00 PM; Thursday: 8:00 AM – 4:00 PM; Friday: 8:00 AM – 4:00 PM; Saturday: Closed; Sunday: Closed,dental_clinic,Wellington,Wellington CBD,no_prices
Bee Healthy Regional Dental Service,"37 Haumia Street, Johnsonville, Wellington 6037, New Zealand",0800 825 583,+64 800 825 583,https://info.health.nz/BeeHealthy,4.3,4,OPERATIONAL,https://maps.google.com/?cid=845284208784195823&g_mp=Cidnb29nbGUubWFwcy5wbGFjZXMudjEuUGxhY2VzLlNlYXJjaFRleHQQAhgEIAA,Monday: 8:00 AM – 4:00 PM; Tuesday: 8:00 AM – 4:00 PM; Wednesday: 8:00 AM – 4:00 PM; Thursday: 8:00 AM – 4:00 PM; Friday: 8:00 AM – 4:00 PM; Saturday: Closed; Sunday: Closed,dental_clinic,Wellington,Johnsonville Wellington,no_prices
Bee Healthy Regional Dental Service,"38 Park Road, Miramar, Wellington 6022, New Zealand",0800 825 583,+64 800 825 583,https://info.health.nz/BeeHealthy,,,OPERATIONAL,https://maps.google.com/?cid=4863417922252518326&g_mp=Cidnb29nbGUubWFwcy5wbGFjZXMudjEuUGxhY2VzLlNlYXJjaFRleHQQAhgEIAA,Monday: 8:00 AM – 4:00 PM; Tuesday: 8:00 AM – 4:00 PM; Wednesday: 8:00 AM – 4:00 PM; Thursday: 8:00 AM – 4:00 PM; Friday: 8:00 AM – 4:00 PM; Saturday: Closed; Sunday: Closed,dental_clinic,Wellington,Miramar Wellington,no_prices
Bee Healthy Regional Dental Service,"32 Driver Crescent, Cannons Creek, Porirua 5024, New Zealand",0800 825 583,+64 800 825 583,https://info.health.nz/BeeHealthy,3.4,5,OPERATIONAL,https://maps.google.com/?cid=10807510367377793511&g_mp=Cidnb29nbGUubWFwcy5wbGFjZXMudjEuUGxhY2VzLlNlYXJjaFRleHQQAhgEIAA,Monday: 8:00 AM – 4:00 PM; Tuesday: 8:00 AM – 4:00 PM; Wednesday: 8:00 AM – 4:00 PM; Thursday: 8:00 AM – 4:00 PM; Friday: 8:00 AM – 4:00 PM; Saturday: Closed; Sunday: Closed,dental_clinic,Wellington,Churton Park Wellington,no_prices
Bee Healthy Regional Dental Service,"480 Hutt Road, Alicetown, Lower Hutt 5010, New Zealand",0800 825 583,+64 800 825 583,https://info.health.nz/BeeHealthy,5,1,OPERATIONAL,https://maps.google.com/?cid=1051027242146849465&g_mp=Cidnb29nbGUubWFwcy5wbGFjZXMudjEuUGxhY2VzLlNlYXJjaFRleHQQAhgEIAA,Monday: 8:00 AM – 4:00 PM; Tuesday: 8:00 AM – 4:00 PM; Wednesday: 8:00 AM – 4:00 PM; Thursday: 8:00 AM – 4:00 PM; Friday: 8:00 AM – 4:00 PM; Saturday: Closed; Sunday: Closed,dental_clinic,Wellington,Lower Hutt,no_prices
Bee Healthy Regional Dental Service,"47 Montgomery Street, Stokes Valley, Lower Hutt 5019, New Zealand",0800 825 583,+64 800 825 583,https://info.health.nz/BeeHealthy,5,2,OPERATIONAL,https://maps.google.com/?cid=7336036620909734024&g_mp=Cidnb29nbGUubWFwcy5wbGFjZXMudjEuUGxhY2VzLlNlYXJjaFRleHQQAhgEIAA,Monday: 8:00 AM – 4:00 PM; Tuesday: 8:00 AM – 4:00 PM; Wednesday: 8:00 AM – 4:00 PM; Thursday: 8:00 AM – 4:00 PM; Friday: 8:00 AM – 4:00 PM; Saturday: Closed; Sunday: Closed,dental_clinic,Wellington,Lower Hutt,no_prices
Bee Healthy Regional Dental Service,"12 Rata Street, Wainuiomata, Lower Hutt 5014, New Zealand",0800 825 583,+64 800 825 583,https://info.health.nz/BeeHealthy,3,4,OPERATIONAL,https://maps.google.com/?cid=6828817185208642305&g_mp=Cidnb29nbGUubWFwcy5wbGFjZXMudjEuUGxhY2VzLlNlYXJjaFRleHQQAhgEIAA,Monday: 8:00 AM – 4:00 PM; Tuesday: 8:00 AM – 4:00 PM; Wednesday: 8:00 AM – 4:00 PM; Thursday: 8:00 AM – 4:00 PM; Friday: 8:00 AM – 4:00 PM; Saturday: Closed; Sunday: Closed,dental_clinic,Wellington,Lower Hutt,no_prices
Bee Healthy Regional Dental Service,"20 Britannia Street, Petone, Lower Hutt 5012, New Zealand",0800 825 583,+64 800 825 583,https://info.health.nz/BeeHealthy,,,OPERATIONAL,https://maps.google.com/?cid=16141753732844624393&g_mp=Cidnb29nbGUubWFwcy5wbGFjZXMudjEuUGxhY2VzLlNlYXJjaFRleHQQAhgEIAA,Monday: 8:00 AM – 4:00 PM; Tuesday: 8:00 AM – 4:00 PM; Wednesday: 8:00 AM – 4:00 PM; Thursday: 8:00 AM – 4:00 PM; Friday: 8:00 AM – 4:00 PM; Saturday: Closed; Sunday: Closed,dental_clinic,Wellington,Petone Lower Hutt,no_prices
Bee Healthy Regional Dental Service,"Moonshine Road, Trentham, Upper Hutt 5018, New Zealand",0800 825 583,+64 800 825 583,https://info.health.nz/BeeHealthy,3.5,2,OPERATIONAL,https://maps.google.com/?cid=17200835831125346474&g_mp=Cidnb29nbGUubWFwcy5wbGFjZXMudjEuUGxhY2VzLlNlYXJjaFRleHQQAhgEIAA,Monday: 8:00 AM – 4:00 PM; Tuesday: 8:00 AM – 4:00 PM; Wednesday: 8:00 AM – 4:00 PM; Thursday: 8:00 AM – 4:00 PM; Friday: 8:00 AM – 4:00 PM; Saturday: Closed; Sunday: Closed,dental_clinic,Wellington,Upper Hutt,no_prices
Bellevue School Dental Clinic,"14 Bancroft Terrace, Newlands, Wellington 6037, New Zealand",04 478 6363,+64 4 478 6363,,,,OPERATIONAL,https://maps.google.com/?cid=10386971524826785383&g_mp=Cidnb29nbGUubWFwcy5wbGFjZXMudjEuUGxhY2VzLlNlYXJjaFRleHQQAhgEIAA,,dental_clinic,Wellington,Newlands Wellington,no_prices
Ben Catherwood Dental,"Wakefield House Level 1/90 The Terrace, Wellington Central, Wellington 6011, New Zealand",04 472 3510,+64 4 472 3510,http://www.discoverdental.co.nz/,5,4,OPERATIONAL,https://maps.google.com/?cid=13090425365098297112&g_mp=Cidnb29nbGUubWFwcy5wbGFjZXMudjEuUGxhY2VzLlNlYXJjaFRleHQQAhgEIAA,Monday: 8:00 AM – 5:00 PM; Tuesday: 8:00 AM – 5:00 PM; Wednesday: 8:00 AM – 5:00 PM; Thursday: 8:00 AM – 5:00 PM; Friday: 8:00 AM – 5:00 PM; Saturday: Closed; Sunday: Closed,dental_clinic,Wellington,Wellington CBD,some_prices
Brooklyn Central Health,"183 Ohiro Road, Brooklyn, Wellington 6021, New Zealand",04 801 8188,+64 4 801 8188,https://bch.net.nz/,4.4,23,OPERATIONAL,https://maps.google.com/?cid=8827552769995414458&g_mp=Cidnb29nbGUubWFwcy5wbGFjZXMudjEuUGxhY2VzLlNlYXJjaFRleHQQAhgEIAA,Monday: 8:00 AM – 6:00 PM; Tuesday: 8:00 AM – 6:00 PM; Wednesday: 8:00 AM – 6:00 PM; Thursday: 8:00 AM – 6:00 PM; Friday: 8:00 AM – 5:30 PM; Saturday: Closed; Sunday: Closed,dental_clinic,Wellington,Brooklyn Wellington,no_prices
Brooklyn Medical Centre,"155 Ohiro Road, Brooklyn, Wellington 6021, New Zealand",04 384 2761,+64 4 384 2761,http://brooklynmedical.co.nz/,3.9,16,OPERATIONAL,https://maps.google.com/?cid=1212003088975372387&g_mp=Cidnb29nbGUubWFwcy5wbGFjZXMudjEuUGxhY2VzLlNlYXJjaFRleHQQAhgEIAA,Monday: 8:30 AM – 5:30 PM; Tuesday: 8:30 AM – 5:30 PM; Wednesday: 8:30 AM – 5:30 PM; Thursday: 8:30 AM – 5:30 PM; Friday: 8:30 AM – 5:30 PM; Saturday: Closed; Sunday: Closed,dental_clinic,Wellington,Brooklyn Wellington,no_prices
Burgess P w G,"Wellington Central, Wellington 6011, New Zealand",04 472 6849,+64 4 472 6849,http://www.capitaldentures.co.nz/,5,3,OPERATIONAL,https://maps.google.com/?cid=1137730710433876689&g_mp=Cidnb29nbGUubWFwcy5wbGFjZXMudjEuUGxhY2VzLlNlYXJjaFRleHQQAhgEIAA,Monday: 8:00 AM – 5:00 PM; Tuesday: 8:00 AM – 5:00 PM; Wednesday: 8:00 AM – 5:00 PM; Thursday: 8:00 AM – 5:00 PM; Friday: 8:00 AM – 2:00 PM; Saturday: Closed; Sunday: Closed,dental_clinic,Wellington,Wellington CBD,no_prices
Burton & Brown Wellington | Lumino The Dentists,"Harbour City Tower Suite 601, Lvl 6/40 Panama Street, Wellington Central, Wellington 6011, New Zealand",04 472 1394,+64 4 472 1394,https://lumino.co.nz/dentists/burton-brown-wellington-cbd/?utm_source=google%20my%20business&utm_medium=organic,4.3,43,OPERATIONAL,https://maps.google.com/?cid=7059503621301166794&g_mp=Cidnb29nbGUubWFwcy5wbGFjZXMudjEuUGxhY2VzLlNlYXJjaFRleHQQAhgEIAA,Monday: 8:00 AM – 5:30 PM; Tuesday: 8:00 AM – 5:30 PM; Wednesday: 8:00 AM – 5:30 PM; Thursday: 8:00 AM – 5:30 PM; Friday: 8:00 AM – 5:30 PM; Saturday: Closed; Sunday: Closed,dental_clinic,Wellington,Wellington CBD,some_prices
Cannons Creek School Dental Clinic,"32 Driver Crescent, Cannons Creek, Porirua 5024, New Zealand",04 235 7958,+64 4 235 7958,http://www.beehealthy.org.nz/,1,1,OPERATIONAL,https://maps.google.com/?cid=7190249987910227718&g_mp=Cidnb29nbGUubWFwcy5wbGFjZXMudjEuUGxhY2VzLlNlYXJjaFRleHQQAhgEIAA,,dental_clinic,Wellington,Churton Park Wellington,no_prices
Capital Dental,"223 Main Road, Tawa, Wellington 5028, New Zealand",04 232 7146,+64 4 232 7146,http://bingdental.co.nz/,4.4,21,OPERATIONAL,https://maps.google.com/?cid=17200949843333322270&g_mp=Cidnb29nbGUubWFwcy5wbGFjZXMudjEuUGxhY2VzLlNlYXJjaFRleHQQAhgEIAA,Monday: 8:30 AM – 5:30 PM; Tuesday: 8:30 AM – 5:30 PM; Wednesday: 8:30 AM – 5:30 PM; Thursday: 8:30 AM – 5:30 PM; Friday: 8:30 AM – 5:30 PM; Saturday: Closed; Sunday: Closed,dental_clinic,Wellington,Tawa Wellington,no_prices
Capital Dental Brandon Street,"Harbour City tower level 6/29 Brandon Street, Wellington Central, Wellington 6011, New Zealand",04 473 7632,+64 4 473 7632,http://brandonstreetdentists.co.nz/,4.8,46,OPERATIONAL,https://maps.google.com/?cid=179950696904144853&g_mp=Cidnb29nbGUubWFwcy5wbGFjZXMudjEuUGxhY2VzLlNlYXJjaFRleHQQAhgEIAA,Monday: 8:00 AM – 5:00 PM; Tuesday: 8:00 AM – 5:00 PM; Wednesday: 8:00 AM – 5:00 PM; Thursday: 8:00 AM – 5:00 PM; Friday: 8:00 AM – 5:00 PM; Saturday: Closed; Sunday: Closed,dental_clinic,Wellington,Wellington CBD,no_prices
Capital Dental Lower Hutt,"level 1/577 High Street, Boulcott, Lower Hutt 5010, New Zealand",04 920 0886,+64 4 920 0886,http://www.dentistwellington.co.nz/,4.7,108,OPERATIONAL,https://maps.google.com/?cid=7371373399204282501&g_mp=Cidnb29nbGUubWFwcy5wbGFjZXMudjEuUGxhY2VzLlNlYXJjaFRleHQQAhgEIAA,Monday: 8:30 AM – 5:00 PM; Tuesday: 8:30 AM – 5:00 PM; Wednesday: 8:30 AM – 5:00 PM; Thursday: 8:30 AM – 5:00 PM; Friday: 8:30 AM – 3:30 PM; Saturday: 8:30 AM – 2:00 PM; Sunday: Closed,dental_clinic,Wellington,Lower Hutt,no_prices
Capital Dental Newtown,"172 Riddiford Street, Newtown, Wellington 6021, New Zealand",04 389 8880,+64 4 389 8880,https://www.dentistwellington.co.nz/,4.8,137,OPERATIONAL,https://maps.google.com/?cid=15514031274547744592&g_mp=Cidnb29nbGUubWFwcy5wbGFjZXMudjEuUGxhY2VzLlNlYXJjaFRleHQQAhgEIAA,Monday: 8:30 AM – 5:00 PM; Tuesday: 8:30 AM – 5:00 PM; Wednesday: 8:30 AM – 5:00 PM; Thursday: 8:30 AM – 5:00 PM; Friday: 8:30 AM – 5:00 PM; Saturday: Closed; Sunday: Closed,dental_clinic,Wellington,Wellington CBD,no_prices
Capital Dental Ngaio,"42 Ottawa Road, Ngaio, Wellington 6035, New Zealand",04 830 1366,+64 4 830 1366,https://ngaio.systeme.io/b90b6595,5,6,OPERATIONAL,https://maps.google.com/?cid=13787598135747363018&g_mp=Cidnb29nbGUubWFwcy5wbGFjZXMudjEuUGxhY2VzLlNlYXJjaFRleHQQAhgEIAA,Monday: 8:30 AM – 5:00 PM; Tuesday: 8:30 AM – 5:00 PM; Wednesday: 8:30 AM – 5:00 PM; Thursday: 8:30 AM – 5:00 PM; Friday: 8:30 AM – 5:00 PM; Saturday: Closed; Sunday: Closed,dental_clinic,Wellington,Ngaio Wellington,no_prices
Capital Dental Petone,"272 Jackson Street, Petone, Lower Hutt 5012, New Zealand",04 920 0880,+64 4 920 0880,http://www.dentistwellington.co.nz/clinic/capital-dental-petone,4.9,233,OPERATIONAL,https://maps.google.com/?cid=456719336377923553&g_mp=Cidnb29nbGUubWFwcy5wbGFjZXMudjEuUGxhY2VzLlNlYXJjaFRleHQQAhgEIAA,Monday: 8:30 AM – 5:00 PM; Tuesday: 8:30 AM – 5:00 PM; Wednesday: 8:30 AM – 5:00 PM; Thursday: 8:30 AM – 5:00 PM; Friday: 8:30 AM – 5:00 PM; Saturday: 8:30 AM – 1:00 PM; Sunday: Closed,dental_clinic,Wellington,Churton Park Wellington,no_prices
Capital Dental Tawa,"Tawa, Wellington 5028, New Zealand",04 232 7146,+64 4 232 7146,https://www.dentistwellington.co.nz/,5,1,OPERATIONAL,https://maps.google.com/?cid=720244078672366505&g_mp=Cidnb29nbGUubWFwcy5wbGFjZXMudjEuUGxhY2VzLlNlYXJjaFRleHQQAhgEIAA,Monday: 8:30 AM – 5:30 PM; Tuesday: 8:30 AM – 5:30 PM; Wednesday: 8:30 AM – 5:30 PM; Thursday: 8:30 AM – 5:30 PM; Friday: 8:30 AM – 5:30 PM; Saturday: Closed; Sunday: Closed,dental_clinic,Wellington,Tawa Wellington,no_prices
Capital Dental The Terrace,"Ground Floor, Montreaux Apartments, 164 The Terrace, Wellington Central, Wellington 6011, New Zealand",04 499 9360,+64 4 499 9360,http://www.capitaldental.co.nz/,4.7,110,OPERATIONAL,https://maps.google.com/?cid=1532247437273271527&g_mp=Cidnb29nbGUubWFwcy5wbGFjZXMudjEuUGxhY2VzLlNlYXJjaFRleHQQAhgEIAA,Monday: 8:30 AM – 5:00 PM; Tuesday: 8:30 AM – 5:00 PM; Wednesday: 8:30 AM – 5:00 PM; Thursday: 8:30 AM – 5:00 PM; Friday: 8:30 AM – 5:00 PM; Saturday: Closed; Sunday: Closed,dental_clinic,Wellington,Wellington CBD,no_prices
Capital Dental Thorndon,"1 Murphy Street, Thorndon, Wellington 6011, New Zealand",04 499 8608,+64 4 499 8608,http://www.capitaldental.co.nz/,4.7,74,OPERATIONAL,https://maps.google.com/?cid=14686246615444596855&g_mp=Cidnb29nbGUubWFwcy5wbGFjZXMudjEuUGxhY2VzLlNlYXJjaFRleHQQAhgEIAA,Monday: 8:30 AM – 5:00 PM; Tuesday: 8:30 AM – 5:00 PM; Wednesday: 8:30 AM – 5:00 PM; Thursday: 8:30 AM – 5:00 PM; Friday: 8:30 AM – 5:00 PM; Saturday: Closed; Sunday: Closed,dental_clinic,Wellington,Wellington CBD,no_prices
Capital Dental Upper Hutt,"21 Main Street, Upper Hutt Central, Upper Hutt 5018, New Zealand",04 920 0882,+64 4 920 0882,http://www.dentistwellington.co.nz/,4.8,190,OPERATIONAL,https://maps.google.com/?cid=8373814648094710884&g_mp=Cidnb29nbGUubWFwcy5wbGFjZXMudjEuUGxhY2VzLlNlYXJjaFRleHQQAhgEIAA,Monday: 8:30 AM – 5:00 PM; Tuesday: 8:30 AM – 5:00 PM; Wednesday: 8:30 AM – 5:00 PM; Thursday: 8:30 AM – 5:00 PM; Friday: 8:30 AM – 5:00 PM; Saturday: 8:30 AM – 1:00 PM; Sunday: Closed,dental_clinic,Wellington,Lower Hutt,no_prices
Capital Dentures - Wellington Dental Technician,"29 Brandon Street, Wellington Central, Wellington 6011, New Zealand",04 472 6849,+64 4 472 6849,http://capitaldentures.co.nz/,4.7,3,OPERATIONAL,https://maps.google.com/?cid=2758724751632972596&g_mp=Cidnb29nbGUubWFwcy5wbGFjZXMudjEuUGxhY2VzLlNlYXJjaFRleHQQAhgEIAA,Monday: 9:00 AM – 4:30 PM; Tuesday: 9:00 AM – 4:30 PM; Wednesday: 9:00 AM – 5:00 PM; Thursday: 9:00 AM – 5:00 PM; Friday: 9:00 AM – 3:00 PM; Saturday: Closed; Sunday: Closed,dental_clinic,Wellington,Wellington CBD,no_prices
Capital Periodontics and Dental Implants Ltd,"8/94 Dixon Street, Te Aro, Wellington 6011, New Zealand",04 384 7606,+64 4 384 7606,https://capitalperio.co.nz/,4.3,4,OPERATIONAL,https://maps.google.com/?cid=13392535432009031657&g_mp=Cidnb29nbGUubWFwcy5wbGFjZXMudjEuUGxhY2VzLlNlYXJjaFRleHQQAhgEIAA,Monday: 8:00 AM – 5:00 PM; Tuesday: 8:00 AM – 5:00 PM; Wednesday: 8:00 AM – 5:00 PM; Thursday: 8:00 AM – 5:00 PM; Friday: 8:00 AM – 5:00 PM; Saturday: Closed; Sunday: Closed,dental_clinic,Wellington,Wellington CBD,no_prices
Care Dental,"1 Realm Drive, Paraparaumu 5032, New Zealand",04 293 2273,+64 4 293 2273,https://www.caredental.co.nz/,5,23,OPERATIONAL,https://maps.google.com/?cid=10679172317924866029&g_mp=Cidnb29nbGUubWFwcy5wbGFjZXMudjEuUGxhY2VzLlNlYXJjaFRleHQQAhgEIAA,Monday: 8:30 AM – 5:00 PM; Tuesday: 8:30 AM – 5:00 PM; Wednesday: 8:30 AM – 5:00 PM; Thursday: 8:30 AM – 5:00 PM; Friday: 8:30 AM – 4:00 PM; Saturday: Closed; Sunday: Closed,dental_clinic,Wellington,Paraparaumu,no_prices
Central Dental Surgery,"Harbour City Tower tower level 6/29 Brandon Street, Te Aro, Wellington 6011, New Zealand",04 472 6306,+64 4 472 6306,,4.7,53,OPERATIONAL,https://maps.google.com/?cid=17995911631534408844&g_mp=Cidnb29nbGUubWFwcy5wbGFjZXMudjEuUGxhY2VzLlNlYXJjaFRleHQQAhgEIAA,Monday: 8:30 AM – 5:00 PM; Tuesday: 8:30 AM – 5:00 PM; Wednesday: 8:30 AM – 5:00 PM; Thursday: 8:30 AM – 5:00 PM; Friday: 8:30 AM – 5:00 PM; Saturday: Closed; Sunday: Closed,dental_clinic,Wellington,Wellington CBD,no_prices
Central Hutt Dental,"65/71 Queens Drive, Hutt Central, Lower Hutt 5010, New Zealand",04 566 1122,+64 4 566 1122,https://centralhuttdental.co.nz/,4.9,385,OPERATIONAL,https://maps.google.com/?cid=12899934599943851319&g_mp=Cidnb29nbGUubWFwcy5wbGFjZXMudjEuUGxhY2VzLlNlYXJjaFRleHQQAhgEIAA,Monday: 8:30 AM – 8:00 PM; Tuesday: 8:30 AM – 5:30 PM; Wednesday: 8:30 AM – 5:30 PM; Thursday: 8:30 AM – 8:00 PM; Friday: 8:30 AM – 8:00 PM; Saturday: 9:00 AM – 5:00 PM; Sunday: 9:00 AM – 5:30 PM,dental_clinic,Wellington,Lower Hutt,no_prices
Central Vet Hospital,"8 Brooklyn Road, Te Aro, Wellington 6011, New Zealand",04 385 0303,+64 4 385 0303,http://www.cenvet.co.nz/,4.9,333,OPERATIONAL,https://maps.google.com/?cid=1110143182655526950&g_mp=Cidnb29nbGUubWFwcy5wbGFjZXMudjEuUGxhY2VzLlNlYXJjaFRleHQQAhgEIAA,Monday: 7:30 AM – 7:00 PM; Tuesday: 7:30 AM – 7:00 PM; Wednesday: 7:30 AM – 7:00 PM; Thursday: 7:30 AM – 7:00 PM; Friday: 7:30 AM – 7:00 PM; Saturday: 9:00 AM – 5:00 PM; Sunday: 10:00 AM – 5:00 PM,dental_clinic,Wellington,Brooklyn Wellington,no_prices
Centre of Dental Excellence,"220 Main Road, Tawa, Wellington 5028, New Zealand",04 886 1904,+64 4 886 1904,http://www.dental.net.nz/,4.6,31,OPERATIONAL,https://maps.google.com/?cid=6851893074750630028&g_mp=Cidnb29nbGUubWFwcy5wbGFjZXMudjEuUGxhY2VzLlNlYXJjaFRleHQQAhgEIAA,Monday: 8:00 AM – 5:00 PM; Tuesday: 8:00 AM – 5:00 PM; Wednesday: 8:00 AM – 5:00 PM; Thursday: 8:00 AM – 5:00 PM; Friday: Closed; Saturday: Closed; Sunday: Closed,dental_clinic,Wellington,Tawa Wellington,no_prices
Champion Dental Centre,"4A Champion Street, Rānui, Porirua 5024, New Zealand",04 237 9081,+64 4 237 9081,http://www.championdental.co.nz/,4.8,89,OPERATIONAL,https://maps.google.com/?cid=11074259983795477109&g_mp=Cidnb29nbGUubWFwcy5wbGFjZXMudjEuUGxhY2VzLlNlYXJjaFRleHQQAhgEIAA,Monday: 8:15 AM – 5:00 PM; Tuesday: 8:15 AM – 5:00 PM; Wednesday: 9:00 AM – 5:00 PM; Thursday: 8:15 AM – 7:00 PM; Friday: 8:15 AM – 5:00 PM; Saturday: Closed; Sunday: Closed,dental_clinic,Wellington,Porirua,no_prices
Chemist Warehouse Lambton Quay,"Level 1/262 Lambton Quay, Wellington Central, Wellington 6011, New Zealand",04 974 4169,+64 4 974 4169,https://www.chemistwarehouse.co.nz/,3.6,297,OPERATIONAL,https://maps.google.com/?cid=6716702209278698957&g_mp=Cidnb29nbGUubWFwcy5wbGFjZXMudjEuUGxhY2VzLlNlYXJjaFRleHQQAhgEIAA,Monday: 8:00 AM – 9:00 PM; Tuesday: 8:00 AM – 9:00 PM; Wednesday: 8:00 AM – 9:00 PM; Thursday: 8:00 AM – 9:00 PM; Friday: 8:00 AM – 9:00 PM; Saturday: 8:00 AM – 7:00 PM; Sunday: 8:00 AM – 7:00 PM,dental_clinic,Wellington,Wellington CBD,no_prices
Chemist Warehouse Porirua,"23 Parumoana Street, Porirua City Centre, Porirua 5022, New Zealand",04 974 4404,+64 4 974 4404,https://www.chemistwarehouse.co.nz/,4.2,359,OPERATIONAL,https://maps.google.com/?cid=2040666501429843481&g_mp=Cidnb29nbGUubWFwcy5wbGFjZXMudjEuUGxhY2VzLlNlYXJjaFRleHQQAhgEIAA,Monday: 8:00 AM – 9:00 PM; Tuesday: 8:00 AM – 9:00 PM; Wednesday: 8:00 AM – 9:00 PM; Thursday: 8:00 AM – 9:00 PM; Friday: 8:00 AM – 9:00 PM; Saturday: 8:00 AM – 9:00 PM; Sunday: 8:00 AM – 9:00 PM,dental_clinic,Wellington,Porirua,no_prices
Childrens' Dental Clinic,"244-256 Willis Street, Te Aro, Wellington 6011, New Zealand",,,https://www.heritage.org.nz/the-list/details/1350,,,OPERATIONAL,https://maps.google.com/?cid=16582695137708674300&g_mp=Cidnb29nbGUubWFwcy5wbGFjZXMudjEuUGxhY2VzLlNlYXJjaFRleHQQAhgEIAA,,dental_clinic,Wellington,Wellington CBD,no_prices
Churton Park Medical Care,"107 Westchester Drive, Churton Park, Wellington 6037, New Zealand",04 477 0014,+64 4 477 0014,https://churtonparkmedicalcare.co.nz/,4,27,OPERATIONAL,https://maps.google.com/?cid=12873407559978164189&g_mp=Cidnb29nbGUubWFwcy5wbGFjZXMudjEuUGxhY2VzLlNlYXJjaFRleHQQAhgEIAA,Monday: 8:30 AM – 5:00 PM; Tuesday: 8:30 AM – 5:00 PM; Wednesday: 8:30 AM – 5:00 PM; Thursday: 8:30 AM – 5:00 PM; Friday: 8:30 AM – 5:00 PM; Saturday: Closed; Sunday: Closed,dental_clinic,Wellington,Churton Park Wellington,no_prices
City Dentists,"119/123 Featherston Street, Wellington Central, Wellington 6011, New Zealand",04 978 4964,+64 4 978 4964,https://www.citydentists.co.nz/,4.9,331,OPERATIONAL,https://maps.google.com/?cid=8923176765612725766&g_mp=Cidnb29nbGUubWFwcy5wbGFjZXMudjEuUGxhY2VzLlNlYXJjaFRleHQQAhgEIAA,Monday: 7:00 AM – 8:00 PM; Tuesday: 7:00 AM – 8:00 PM; Wednesday: 7:00 AM – 8:00 PM; Thursday: 7:00 AM – 4:00 PM; Friday: 7:00 AM – 4:00 PM; Saturday: Closed; Sunday: Closed,dental_clinic,Wellington,Wellington CBD,some_prices
Clare Thomson at Paremata Dental,"98 Mana Esplanade, Paremata, Porirua 5026, New Zealand",04 237 4414,+64 4 237 4414,http://parematadental.co.nz/,,,OPERATIONAL,https://maps.google.com/?cid=6830984787652728621&g_mp=Cidnb29nbGUubWFwcy5wbGFjZXMudjEuUGxhY2VzLlNlYXJjaFRleHQQAhgEIAA,Monday: Closed; Tuesday: 8:00 AM – 6:00 PM; Wednesday: 11:00 AM – 7:00 PM; Thursday: 8:00 AM – 2:00 PM; Friday: 8:00 AM – 2:00 PM; Saturday: 8:00 AM – 2:00 PM; Sunday: Closed,dental_clinic,Wellington,Plimmerton Porirua,no_prices
Coastlands Dental Health Centre | Lumino The Dentists,"Westside Plaza Coastlands Mall Paraparaumu, Paraparaumu 5032, New Zealand",04 296 1155,+64 4 296 1155,https://lumino.co.nz/dentists/coastlands-dental-health-centre-paraparaumu/?utm_source=google_business_profile&utm_medium=organic,4.5,20,OPERATIONAL,https://maps.google.com/?cid=15394402277332502630&g_mp=Cidnb29nbGUubWFwcy5wbGFjZXMudjEuUGxhY2VzLlNlYXJjaFRleHQQAhgEIAA,Monday: 8:30 AM – 5:00 PM; Tuesday: 8:30 AM – 5:00 PM; Wednesday: 8:30 AM – 5:00 PM; Thursday: 8:30 AM – 5:00 PM; Friday: 8:30 AM – 5:00 PM; Saturday: Closed; Sunday: Closed,dental_clinic,Wellington,Paraparaumu,no_prices
Courtenay Orthodontics,"Level 1/36 Allen Street, Te Aro, Wellington 6011, New Zealand",04 385 7213,+64 4 385 7213,http://www.courtenayorthodontics.co.nz/,4.9,33,OPERATIONAL,https://maps.google.com/?cid=3471781023953648265&g_mp=Cidnb29nbGUubWFwcy5wbGFjZXMudjEuUGxhY2VzLlNlYXJjaFRleHQQAhgEIAA,Monday: 9:00 AM – 5:00 PM; Tuesday: 9:00 AM – 5:00 PM; Wednesday: 9:00 AM – 5:00 PM; Thursday: 9:00 AM – 5:00 PM; Friday: Closed; Saturday: Closed; Sunday: Closed,dental_clinic,Wellington,Brooklyn Wellington,no_prices
Courtenay Place Dental | Lumino The Dentists,"Cnr Courtenay Place & 36 Allen Street Level 2, Wellington Central, 36 Allen Street, Te Aro, Wellington 6011, New Zealand",04 385 1532,+64 4 385 1532,https://lumino.co.nz/dentists/courtenay-place-dental-wellington-cbd/?utm_source=google_business_profile&utm_medium=organic,4.6,62,OPERATIONAL,https://maps.google.com/?cid=3541398735526389056&g_mp=Cidnb29nbGUubWFwcy5wbGFjZXMudjEuUGxhY2VzLlNlYXJjaFRleHQQAhgEIAA,Monday: 8:00 AM – 5:00 PM; Tuesday: 8:00 AM – 5:00 PM; Wednesday: 8:00 AM – 5:00 PM; Thursday: 8:00 AM – 5:00 PM; Friday: 8:00 AM – 5:00 PM; Saturday: Closed; Sunday: Closed,dental_clinic,Wellington,Brooklyn Wellington,some_prices
Darling Dental,"Unit 14/99 Mana Esplanade, Paremata, Porirua 5026, New Zealand",04 237 4414,+64 4 237 4414,http://darlingdental.co.nz/,4.9,133,OPERATIONAL,https://maps.google.com/?cid=17292491828943830260&g_mp=Cidnb29nbGUubWFwcy5wbGFjZXMudjEuUGxhY2VzLlNlYXJjaFRleHQQAhgEIAA,Monday: 8:00 AM – 5:15 PM; Tuesday: 8:00 AM – 5:15 PM; Wednesday: 8:00 AM – 5:30 PM; Thursday: 8:00 AM – 5:15 PM; Friday: 8:00 AM – 4:30 PM; Saturday: Closed; Sunday: Closed,dental_clinic,Wellington,Porirua,no_prices
David Corcoran,"70 The Terrace, Wellington Central, Wellington 6011, New Zealand",04 472 3102,+64 4 472 3102,,,,OPERATIONAL,https://maps.google.com/?cid=3197944463467914584&g_mp=Cidnb29nbGUubWFwcy5wbGFjZXMudjEuUGxhY2VzLlNlYXJjaFRleHQQAhgEIAA,"Monday: 8:00 PM – 12:00 AM; Tuesday: 12:00 AM – 5:30 PM, 8:00 PM – 12:00 AM; Wednesday: 12:00 AM – 5:30 PM, 8:00 PM – 12:00 AM; Thursday: 12:00 AM – 5:30 PM, 8:00 PM – 12:00 AM; Friday: 12:00 AM – 5:30 PM, 8:00 PM – 12:00 AM; Saturday: 12:00 AM – 5:30 PM; Sunday: Closed",dental_clinic,Wellington,Wellington CBD,no_prices
Deborah Creagh Endodontics,"8/94 Dixon Street, Te Aro, Wellington 6011, New Zealand",04 801 7732,+64 4 801 7732,,5,3,OPERATIONAL,https://maps.google.com/?cid=6484936681241715909&g_mp=Cidnb29nbGUubWFwcy5wbGFjZXMudjEuUGxhY2VzLlNlYXJjaFRleHQQAhgEIAA,Monday: 8:00 AM – 5:00 PM; Tuesday: 8:00 AM – 5:00 PM; Wednesday: 8:00 AM – 5:00 PM; Thursday: 8:00 AM – 5:00 PM; Friday: 8:00 AM – 3:30 PM; Saturday: Closed; Sunday: Closed,dental_clinic,Wellington,Wellington CBD,no_prices
Deltech Equipment Services Ltd,"16A Ulric Street, Plimmerton, Porirua 5026, New Zealand",027 210 2236,+64 27 210 2236,http://deltechequipment.org/,,,OPERATIONAL,https://maps.google.com/?cid=14210823468051939900&g_mp=Cidnb29nbGUubWFwcy5wbGFjZXMudjEuUGxhY2VzLlNlYXJjaFRleHQQAhgEIAA,Monday: 8:00 AM – 4:30 PM; Tuesday: 8:00 AM – 4:30 PM; Wednesday: 8:00 AM – 4:30 PM; Thursday: 8:00 AM – 4:30 PM; Friday: 8:00 AM – 4:30 PM; Saturday: Closed; Sunday: Closed,dental_clinic,Wellington,Plimmerton Porirua,no_prices
Dental Corporation (Nz) Limited,"1 Walton Leigh Avenue, Papatoetoe, Porirua 5022, New Zealand",,,,,,OPERATIONAL,https://maps.google.com/?cid=18263205986200927725&g_mp=Cidnb29nbGUubWFwcy5wbGFjZXMudjEuUGxhY2VzLlNlYXJjaFRleHQQAhgEIAA,,dental_clinic,Wellington,Porirua,no_prices
Dental Council New Zealand,"Level 7/22 The Terrace, Wellington Central, Wellington 6011, New Zealand",04 499 4820,+64 4 499 4820,http://www.dcnz.org.nz/,3,2,OPERATIONAL,https://maps.google.com/?cid=947669060695681401&g_mp=Cidnb29nbGUubWFwcy5wbGFjZXMudjEuUGxhY2VzLlNlYXJjaFRleHQQAhgEIAA,Monday: 9:00 AM – 4:00 PM; Tuesday: 9:00 AM – 4:00 PM; Wednesday: 9:00 AM – 4:00 PM; Thursday: 9:00 AM – 4:00 PM; Friday: 9:00 AM – 4:00 PM; Saturday: Closed; Sunday: Closed,dental_clinic,Wellington,Wellington CBD,no_prices
Dental Reflections,"29 Kings Crescent, Hutt Central, Lower Hutt 5010, New Zealand",04 566 0627,+64 4 566 0627,https://dentalreflections.co.nz/?utm_source=gmb,4.9,75,OPERATIONAL,https://maps.google.com/?cid=16118115849412248301&g_mp=Cidnb29nbGUubWFwcy5wbGFjZXMudjEuUGxhY2VzLlNlYXJjaFRleHQQAhgEIAA,Monday: 8:30 AM – 5:00 PM; Tuesday: 8:30 AM – 5:00 PM; Wednesday: 8:30 AM – 5:00 PM; Thursday: 8:30 AM – 5:00 PM; Friday: 8:30 AM – 5:00 PM; Saturday: Closed; Sunday: Closed,dental_clinic,Wellington,Lower Hutt,no_prices
Dental Reflections,"10 The Strand Square, Wainuiomata, Lower Hutt 5014, New Zealand",04 566 0627,+64 4 566 0627,https://dentalreflections.co.nz/,5,1,OPERATIONAL,https://maps.google.com/?cid=11804581681687175139&g_mp=Cidnb29nbGUubWFwcy5wbGFjZXMudjEuUGxhY2VzLlNlYXJjaFRleHQQAhgEIAA,Monday: 8:30 AM – 5:00 PM; Tuesday: 8:30 AM – 5:00 PM; Wednesday: 8:30 AM – 5:00 PM; Thursday: 8:30 AM – 5:00 PM; Friday: 8:30 AM – 5:00 PM; Saturday: Closed; Sunday: Closed,dental_clinic,Wellington,Lower Hutt,no_prices
Dental Reflections,"124 Main Street, Upper Hutt Central, Upper Hutt 5018, New Zealand",04 528 2592,+64 4 528 2592,https://dentalreflections.co.nz/,5,2,OPERATIONAL,https://maps.google.com/?cid=16928173370093372512&g_mp=Cidnb29nbGUubWFwcy5wbGFjZXMudjEuUGxhY2VzLlNlYXJjaFRleHQQAhgEIAA,Monday: 9:00 AM – 5:00 PM; Tuesday: 9:00 AM – 5:00 PM; Wednesday: 9:00 AM – 5:00 PM; Thursday: 9:00 AM – 5:00 PM; Friday: 9:00 AM – 5:00 PM; Saturday: Closed; Sunday: Closed,dental_clinic,Wellington,Upper Hutt,no_prices
Dental Surgery,"22 Royal Street, Ebdentown, Upper Hutt 5018, New Zealand",,,,,,OPERATIONAL,https://maps.google.com/?cid=5821269193206280113&g_mp=Cidnb29nbGUubWFwcy5wbGFjZXMudjEuUGxhY2VzLlNlYXJjaFRleHQQAhgEIAA,,dental_clinic,Wellington,Upper Hutt,no_prices
Dental care centre Lower Hutt,"29 Waterloo Road, Hutt Central, Lower Hutt 5010, New Zealand",04 589 9499,+64 4 589 9499,https://www.dentalcarecentrelowerhutt.co.nz/,4.9,436,OPERATIONAL,https://maps.google.com/?cid=18396920018640605677&g_mp=Cidnb29nbGUubWFwcy5wbGFjZXMudjEuUGxhY2VzLlNlYXJjaFRleHQQAhgEIAA,Monday: 8:30 AM – 5:00 PM; Tuesday: 8:30 AM – 5:00 PM; Wednesday: 8:30 AM – 5:00 PM; Thursday: 8:30 AM – 5:00 PM; Friday: 8:30 AM – 5:00 PM; Saturday: Closed; Sunday: Closed,dental_clinic,Wellington,Lower Hutt,no_prices
Dentist Wellington dental surgery tooth fillings Tawa Lower Hutt,"Tawa, Wellington 5028, New Zealand",04 232 8001,+64 4 232 8001,https://www.dental.net.nz/dental-practice-wellington.html,,,OPERATIONAL,https://maps.google.com/?cid=17663727157370936686&g_mp=Cidnb29nbGUubWFwcy5wbGFjZXMudjEuUGxhY2VzLlNlYXJjaFRleHQQAhgEIAA,,dental_clinic,Wellington,Tawa Wellington,no_prices
Dentocast Laboratories,"6/8 Broomhedge Street, Mount Cook, Wellington 6021, New Zealand",04 803 3228,+64 4 803 3228,https://www.dentocast.co.nz/,4.7,15,OPERATIONAL,https://maps.google.com/?cid=4496076848011996576&g_mp=Cidnb29nbGUubWFwcy5wbGFjZXMudjEuUGxhY2VzLlNlYXJjaFRleHQQAhgEIAA,Monday: 9:00 AM – 5:00 PM; Tuesday: 9:00 AM – 5:00 PM; Wednesday: 9:00 AM – 5:00 PM; Thursday: 9:00 AM – 5:00 PM; Friday: 9:00 AM – 12:00 PM; Saturday: Closed; Sunday: Closed,dental_clinic,Wellington,Brooklyn Wellington,no_prices
Denture Care Services,"40 Bloomfield Terrace, Hutt Central, Lower Hutt 5010, New Zealand",04 589 6001,+64 4 589 6001,http://www.denturecareservices.co.nz/,4.7,17,OPERATIONAL,https://maps.google.com/?cid=16626857670501394435&g_mp=Cidnb29nbGUubWFwcy5wbGFjZXMudjEuUGxhY2VzLlNlYXJjaFRleHQQAhgEIAA,Monday: 9:00 AM – 4:00 PM; Tuesday: 9:00 AM – 4:00 PM; Wednesday: 9:00 AM – 4:00 PM; Thursday: 9:30 AM – 12:00 PM; Friday: 9:30 AM – 12:00 PM; Saturday: Closed; Sunday: Closed,dental_clinic,Wellington,Lower Hutt,no_prices
Denture Care Services - Porirua,"1 Martin Street, Rānui, Porirua 5024, New Zealand",04 589 6001,+64 4 589 6001,http://www.denturecareservices.co.nz/,5,7,OPERATIONAL,https://maps.google.com/?cid=13091093067579081264&g_mp=Cidnb29nbGUubWFwcy5wbGFjZXMudjEuUGxhY2VzLlNlYXJjaFRleHQQAhgEIAA,Monday: 8:30 AM – 4:00 PM; Tuesday: 8:30 AM – 4:00 PM; Wednesday: 8:30 AM – 4:00 PM; Thursday: 8:30 AM – 4:00 PM; Friday: 8:30 AM – 4:00 PM; Saturday: Closed; Sunday: Closed,dental_clinic,Wellington,Porirua,no_prices
Denture Services Upper Hutt,"Unit 2/5 Gibbons Street, Upper Hutt Central, Upper Hutt 5018, New Zealand",04 528 3349,+64 4 528 3349,http://www.dentureservicesupperhutt.com/,5,113,OPERATIONAL,https://maps.google.com/?cid=5897973603620312302&g_mp=Cidnb29nbGUubWFwcy5wbGFjZXMudjEuUGxhY2VzLlNlYXJjaFRleHQQAhgEIAA,Monday: 9:00 AM – 5:30 PM; Tuesday: 9:00 AM – 5:30 PM; Wednesday: 9:00 AM – 5:30 PM; Thursday: 9:00 AM – 5:30 PM; Friday: 9:00 AM – 5:30 PM; Saturday: 9:00 AM – 3:00 PM; Sunday: Closed,dental_clinic,Wellington,Upper Hutt,no_prices
Discover Dental Wellington,"Wakefield, House Level 1/90 The Terrace, Wellington Central, Wellington 6011, New Zealand",04 472 3510,+64 4 472 3510,https://www.discoverdental.co.nz/,5,92,OPERATIONAL,https://maps.google.com/?cid=4626141049376207042&g_mp=Cidnb29nbGUubWFwcy5wbGFjZXMudjEuUGxhY2VzLlNlYXJjaFRleHQQAhgEIAA,Monday: 8:00 AM – 5:00 PM; Tuesday: 8:00 AM – 5:00 PM; Wednesday: 8:00 AM – 5:00 PM; Thursday: 8:00 AM – 5:00 PM; Friday: 8:00 AM – 5:00 PM; Saturday: Closed; Sunday: Closed,dental_clinic,Wellington,Wellington CBD,some_prices
Discovery School Dental Clinic,"75 Spinnaker Drive, Whitby, Porirua 5024, New Zealand",,,,,,OPERATIONAL,https://maps.google.com/?cid=10706885922237663629&g_mp=Cidnb29nbGUubWFwcy5wbGFjZXMudjEuUGxhY2VzLlNlYXJjaFRleHQQAhgEIAA,,dental_clinic,Wellington,Porirua,no_prices
Dr Chris Seaton,"119-123 Featherston Street, Wellington Central, Wellington 6011, New Zealand",04 978 4964,+64 4 978 4964,http://www.citydentists.co.nz/,,,OPERATIONAL,https://maps.google.com/?cid=5198582802571276587&g_mp=Cidnb29nbGUubWFwcy5wbGFjZXMudjEuUGxhY2VzLlNlYXJjaFRleHQQAhgEIAA,Monday: 7:00 AM – 8:00 PM; Tuesday: 7:00 AM – 8:00 PM; Wednesday: 7:00 AM – 8:00 PM; Thursday: 7:00 AM – 8:00 PM; Friday: 7:00 AM – 4:00 PM; Saturday: Closed; Sunday: Closed,dental_clinic,Wellington,Wellington CBD,no_prices
Dr Dikesh Parmar - Endodontist,"GD, 164 The Terrace, Wellington Central, Wellington 6011, New Zealand",04 499 9360,+64 4 499 9360,https://www.dentistwellington.co.nz/clinic/capital-dental-endodontics,5,58,OPERATIONAL,https://maps.google.com/?cid=5063841277941240387&g_mp=Cidnb29nbGUubWFwcy5wbGFjZXMudjEuUGxhY2VzLlNlYXJjaFRleHQQAhgEIAA,Monday: 8:00 AM – 5:30 PM; Tuesday: 8:00 AM – 5:30 PM; Wednesday: 8:00 AM – 5:30 PM; Thursday: 8:00 AM – 5:30 PM; Friday: 8:00 AM – 5:30 PM; Saturday: Closed; Sunday: Closed,dental_clinic,Wellington,Wellington CBD,no_prices
Dr Kamil Tinawi,"119-123 Featherston Street, Wellington Central, Wellington 6011, New Zealand",04 978 4964,+64 4 978 4964,https://www.citydentists.co.nz/,,,OPERATIONAL,https://maps.google.com/?cid=16343709185168025748&g_mp=Cidnb29nbGUubWFwcy5wbGFjZXMudjEuUGxhY2VzLlNlYXJjaFRleHQQAhgEIAA,Monday: 7:00 AM – 8:00 PM; Tuesday: 7:00 AM – 8:00 PM; Wednesday: 7:00 AM – 8:00 PM; Thursday: 7:00 AM – 8:00 PM; Friday: 7:00 AM – 4:00 PM; Saturday: Closed; Sunday: Closed,dental_clinic,Wellington,Wellington CBD,no_prices
Dr Yeephang Wong,"Smile Studio Ltd t/a Smile Design Dental Group 155 The Terrace, Wellington Central, Wellington 6011, New Zealand",04 472 5377,+64 4 472 5377,https://www.smiledesigndentalgroup.co.nz/,5,11,OPERATIONAL,https://maps.google.com/?cid=3463588696504961804&g_mp=Cidnb29nbGUubWFwcy5wbGFjZXMudjEuUGxhY2VzLlNlYXJjaFRleHQQAhgEIAA,Monday: Closed; Tuesday: 8:30 AM – 5:00 PM; Wednesday: 8:30 AM – 5:00 PM; Thursday: Closed; Friday: 8:30 AM – 2:30 PM; Saturday: Closed; Sunday: Closed,dental_clinic,Wellington,Wellington CBD,no_prices
Eastbourne Dental Centre,"Marine Parade, Eastbourne, Lower Hutt 5013, New Zealand",04 562 7506,+64 4 562 7506,http://www.eastbournedental.co.nz/,5,6,OPERATIONAL,https://maps.google.com/?cid=9238357756779332920&g_mp=Cidnb29nbGUubWFwcy5wbGFjZXMudjEuUGxhY2VzLlNlYXJjaFRleHQQAhgEIAA,Monday: 8:30 AM – 5:00 PM; Tuesday: 8:30 AM – 7:00 PM; Wednesday: 8:30 AM – 5:00 PM; Thursday: 8:30 AM – 5:00 PM; Friday: 8:30 AM – 4:00 PM; Saturday: Closed; Sunday: Closed,dental_clinic,Wellington,Lower Hutt,no_prices
Eastern Hutt School Dental Clinic,"81 Kings Crescent, Hutt Central, Lower Hutt 5010, New Zealand",04 570 0290,+64 4 570 0290,,,,OPERATIONAL,https://maps.google.com/?cid=15382245889272025325&g_mp=Cidnb29nbGUubWFwcy5wbGFjZXMudjEuUGxhY2VzLlNlYXJjaFRleHQQAhgEIAA,,dental_clinic,Wellington,Lower Hutt,no_prices
Edward Leung Dental Surgery,"Level 3/128 Featherston Street, Wellington Central, Wellington 6011, New Zealand",04 472 2626,+64 4 472 2626,,3,19,OPERATIONAL,https://maps.google.com/?cid=4533817270860688000&g_mp=Cidnb29nbGUubWFwcy5wbGFjZXMudjEuUGxhY2VzLlNlYXJjaFRleHQQAhgEIAA,Monday: 9:00 AM – 6:00 PM; Tuesday: 9:00 AM – 6:00 PM; Wednesday: 9:00 AM – 6:00 PM; Thursday: 9:00 AM – 6:00 PM; Friday: 9:00 AM – 6:00 PM; Saturday: Closed; Sunday: Closed,dental_clinic,Wellington,Wellington CBD,no_prices
Featherston Medical Centre,"14 Wakefield Street, Featherston 5710, New Zealand",06 308 9220,+64 6 308 9220,https://feathmed.co.nz/,4.5,10,OPERATIONAL,https://maps.google.com/?cid=7798059660917310156&g_mp=Cidnb29nbGUubWFwcy5wbGFjZXMudjEuUGxhY2VzLlNlYXJjaFRleHQQAhgEIAA,Monday: 8:00 AM – 7:00 PM; Tuesday: 8:00 AM – 5:00 PM; Wednesday: 8:00 AM – 5:00 PM; Thursday: 8:00 AM – 5:00 PM; Friday: 8:00 AM – 5:00 PM; Saturday: Closed; Sunday: Closed,dental_clinic,Wellington,Featherston Wairarapa,no_prices
Fisher Dental,"49 Witako Street, Epuni, Lower Hutt 5011, New Zealand",04 569 6748,+64 4 569 6748,http://www.fisherdental.co.nz/,5,29,OPERATIONAL,https://maps.google.com/?cid=6605866108177850522&g_mp=Cidnb29nbGUubWFwcy5wbGFjZXMudjEuUGxhY2VzLlNlYXJjaFRleHQQAhgEIAA,Monday: 9:00 AM – 5:00 PM; Tuesday: 9:00 AM – 5:00 PM; Wednesday: 9:00 AM – 5:00 PM; Thursday: 9:00 AM – 5:00 PM; Friday: 9:00 AM – 5:00 PM; Saturday: Closed; Sunday: Closed,dental_clinic,Wellington,Lower Hutt,no_prices
Four Square Hataitai,"1 Moxham Avenue, Hataitai, Wellington 6021, New Zealand",04 939 1583,+64 4 939 1583,https://www.foursquare.co.nz/lower-north-island/wellington/hataitai?utm_source=google&utm_medium=organic&utm_campaign=Google+My+Business&utm_term=plcid_8524782092178867669&utm_content=Four+Square+Hataitai,4.4,86,OPERATIONAL,https://maps.google.com/?cid=900492297840196964&g_mp=Cidnb29nbGUubWFwcy5wbGFjZXMudjEuUGxhY2VzLlNlYXJjaFRleHQQAhgEIAA,Monday: 8:00 AM – 9:00 PM; Tuesday: 8:00 AM – 9:00 PM; Wednesday: 8:00 AM – 9:00 PM; Thursday: 8:00 AM – 9:00 PM; Friday: 8:00 AM – 9:00 PM; Saturday: 8:00 AM – 9:00 PM; Sunday: 8:00 AM – 9:00 PM,dental_clinic,Wellington,Hataitai Wellington,no_prices
FreshChoice Featherston,"43 Fitzherbert Street, Featherston 5710, New Zealand",06 308 9304,+64 6 308 9304,https://featherston.store.freshchoice.co.nz/,4.2,429,OPERATIONAL,https://maps.google.com/?cid=6690955178217830081&g_mp=Cidnb29nbGUubWFwcy5wbGFjZXMudjEuUGxhY2VzLlNlYXJjaFRleHQQAhgEIAA,Monday: 7:00 AM – 9:00 PM; Tuesday: 7:00 AM – 9:00 PM; Wednesday: 7:00 AM – 9:00 PM; Thursday: 7:00 AM – 9:00 PM; Friday: 7:00 AM – 9:00 PM; Saturday: 7:00 AM – 9:00 PM; Sunday: 7:00 AM – 9:00 PM,dental_clinic,Wellington,Featherston Wairarapa,no_prices
GREAT TEETH DENTAL,"Level 10, Prime Property Tower, 86-90 Lambton Quay, Wellington Central, Wellington 6011, New Zealand",04 473 7573,+64 4 473 7573,http://greatteeth.co.nz/,4.6,21,OPERATIONAL,https://maps.google.com/?cid=10038123510789502008&g_mp=Cidnb29nbGUubWFwcy5wbGFjZXMudjEuUGxhY2VzLlNlYXJjaFRleHQQAhgEIAA,,dental_clinic,Wellington,Wellington CBD,no_prices
Gavin Cho Invisalign @ The Wellington Dental Practice,"16 The Terrace, Te Aro, Wellington 6011, New Zealand",04 472 5516,+64 4 472 5516,http://www.wellingtondental.co.nz/,5,30,OPERATIONAL,https://maps.google.com/?cid=14705765215192629749&g_mp=Cidnb29nbGUubWFwcy5wbGFjZXMudjEuUGxhY2VzLlNlYXJjaFRleHQQAhgEIAA,Monday: 8:30 AM – 5:00 PM; Tuesday: 8:30 AM – 5:00 PM; Wednesday: 8:30 AM – 5:00 PM; Thursday: 8:30 AM – 5:00 PM; Friday: 8:30 AM – 5:00 PM; Saturday: Closed; Sunday: Closed,dental_clinic,Wellington,Wellington CBD,no_prices
Gee Dental Centre,"22 Cornwall Street, Hutt Central, Lower Hutt 5010, New Zealand",04 566 2066,+64 4 566 2066,http://www.dentist.co.nz/dentist-detail/lower-hutt/gee%E2%80%99s-dental-centre/A11006342,4.6,11,OPERATIONAL,https://maps.google.com/?cid=11263404580813693155&g_mp=Cidnb29nbGUubWFwcy5wbGFjZXMudjEuUGxhY2VzLlNlYXJjaFRleHQQAhgEIAA,Monday: 8:00 AM – 5:00 PM; Tuesday: 8:00 AM – 5:00 PM; Wednesday: 8:00 AM – 5:00 PM; Thursday: 8:00 AM – 5:00 PM; Friday: 8:00 AM – 5:00 PM; Saturday: Closed; Sunday: Closed,dental_clinic,Wellington,Lower Hutt,no_prices
Gentle Braces,"81 Ghuznee Street, Te Aro, Wellington 6011, New Zealand",0508 436 853,+64 508 436 853,,4,4,OPERATIONAL,https://maps.google.com/?cid=17258087229629868804&g_mp=Cidnb29nbGUubWFwcy5wbGFjZXMudjEuUGxhY2VzLlNlYXJjaFRleHQQAhgEIAA,Monday: 8:00 AM – 5:00 PM; Tuesday: 8:00 AM – 5:00 PM; Wednesday: 8:00 AM – 5:00 PM; Thursday: 8:00 AM – 5:00 PM; Friday: Closed; Saturday: 9:00 AM – 3:00 PM; Sunday: Closed,dental_clinic,Wellington,Wellington CBD,no_prices
Gentle Dental,"81 Ghuznee Street, Wellington Central, Wellington 6011, New Zealand",04 384 6046,+64 4 384 6046,https://www.gentledental.co.nz/contact-us#ghuzneestreet,4.2,152,OPERATIONAL,https://maps.google.com/?cid=13865599591341624152&g_mp=Cidnb29nbGUubWFwcy5wbGFjZXMudjEuUGxhY2VzLlNlYXJjaFRleHQQAhgEIAA,Monday: 8:00 AM – 8:00 PM; Tuesday: 8:00 AM – 8:00 PM; Wednesday: 8:00 AM – 8:00 PM; Thursday: 7:00 AM – 6:00 PM; Friday: 8:00 AM – 4:00 PM; Saturday: 8:30 AM – 4:00 PM; Sunday: Closed,dental_clinic,Wellington,Wellington CBD,some_prices
Gentle Dental Centre,"Level 7/276 Lambton Quay, Wellington Central, Wellington 6011, New Zealand",04 473 8208,+64 4 473 8208,https://gentledental.co.nz/,4.4,56,OPERATIONAL,https://maps.google.com/?cid=13207539198650161776&g_mp=Cidnb29nbGUubWFwcy5wbGFjZXMudjEuUGxhY2VzLlNlYXJjaFRleHQQAhgEIAA,Monday: 8:00 AM – 6:00 PM; Tuesday: 8:00 AM – 6:00 PM; Wednesday: 8:00 AM – 6:00 PM; Thursday: 8:00 AM – 6:00 PM; Friday: 8:00 AM – 4:00 PM; Saturday: Closed; Sunday: Closed,dental_clinic,Wellington,Wellington CBD,some_prices
Gentle Dental Centre,"22 Royal Street, Upper Hutt Central, Wellington 5018, New Zealand",04 528 5302,+64 4 528 5302,https://www.gentledental.co.nz/,4.5,25,OPERATIONAL,https://maps.google.com/?cid=3562616785106511962&g_mp=Cidnb29nbGUubWFwcy5wbGFjZXMudjEuUGxhY2VzLlNlYXJjaFRleHQQAhgEIAA,Monday: 8:00 AM – 6:00 PM; Tuesday: 8:00 AM – 7:00 PM; Wednesday: 8:00 AM – 6:00 PM; Thursday: 8:00 AM – 6:00 PM; Friday: 8:00 AM – 5:00 PM; Saturday: Closed; Sunday: Closed,dental_clinic,Wellington,Upper Hutt,some_prices
Gentle Dental Centre Lower Hutt,"Level 1/131 Queens Drive, Hutt Central, Lower Hutt 5016, New Zealand",04 566 2211,+64 4 566 2211,https://gentledental.co.nz/,4.8,32,OPERATIONAL,https://maps.google.com/?cid=17688258499810312711&g_mp=Cidnb29nbGUubWFwcy5wbGFjZXMudjEuUGxhY2VzLlNlYXJjaFRleHQQAhgEIAA,Monday: 8:30 AM – 5:00 PM; Tuesday: 8:30 AM – 5:00 PM; Wednesday: 8:30 AM – 5:00 PM; Thursday: 9:00 AM – 7:00 PM; Friday: 8:30 AM – 5:00 PM; Saturday: Closed; Sunday: Closed,dental_clinic,Wellington,Lower Hutt,some_prices
Grace Dental,"43 Chapel Street, Masterton 5810, New Zealand",06 378 2281,+64 6 378 2281,http://gracedental.co.nz/,4.7,22,OPERATIONAL,https://maps.google.com/?cid=589208537375153299&g_mp=Cidnb29nbGUubWFwcy5wbGFjZXMudjEuUGxhY2VzLlNlYXJjaFRleHQQAhgEIAA,Monday: 8:30 AM – 5:00 PM; Tuesday: 8:30 AM – 5:00 PM; Wednesday: 8:30 AM – 5:00 PM; Thursday: 8:30 AM – 5:00 PM; Friday: 8:30 AM – 5:00 PM; Saturday: Closed; Sunday: Closed,dental_clinic,Wellington,Masterton,no_prices
Graeme Yee Dental Care Trust (BDS),"Level 1/52 Queens Drive, Hutt Central, Lower Hutt 5010, New Zealand",04 566 1119,+64 4 566 1119,https://switchdental.co.nz/graeme-yee-has-relocated-to-switch-dental/,4.2,9,OPERATIONAL,https://maps.google.com/?cid=15465467313537004621&g_mp=Cidnb29nbGUubWFwcy5wbGFjZXMudjEuUGxhY2VzLlNlYXJjaFRleHQQAhgEIAA,Monday: 8:30 AM – 5:30 PM; Tuesday: 8:30 AM – 5:30 PM; Wednesday: 8:30 AM – 5:30 PM; Thursday: 8:30 AM – 5:30 PM; Friday: 8:30 AM – 5:30 PM; Saturday: Closed; Sunday: Closed,dental_clinic,Wellington,Lower Hutt,no_prices
Greytown Dental,"78 Main Street, Greytown 5712, New Zealand",06 304 8906,+64 6 304 8906,http://www.greytowndental.co.nz/,5,25,OPERATIONAL,https://maps.google.com/?cid=11352274117637036220&g_mp=Cidnb29nbGUubWFwcy5wbGFjZXMudjEuUGxhY2VzLlNlYXJjaFRleHQQAhgEIAA,Monday: 8:30 AM – 5:00 PM; Tuesday: 8:30 AM – 5:00 PM; Wednesday: 8:30 AM – 5:00 PM; Thursday: 8:30 AM – 5:00 PM; Friday: 8:30 AM – 5:00 PM; Saturday: Closed; Sunday: Closed,dental_clinic,Wellington,Greytown Wairarapa,no_prices
Hataitai Medical Practice,"12 Tapiri Street, Hataitai, Wellington 6021, New Zealand",04 386 3598,+64 4 386 3598,http://hataitaimedical.co.nz/,3.8,16,OPERATIONAL,https://maps.google.com/?cid=16739480162508988252&g_mp=Cidnb29nbGUubWFwcy5wbGFjZXMudjEuUGxhY2VzLlNlYXJjaFRleHQQAhgEIAA,Monday: 9:00 AM – 3:00 PM; Tuesday: 9:00 AM – 3:00 PM; Wednesday: 9:00 AM – 3:00 PM; Thursday: 9:00 AM – 3:00 PM; Friday: 9:00 AM – 3:00 PM; Saturday: Closed; Sunday: Closed,dental_clinic,Wellington,Hataitai Wellington,no_prices
Hataitai Pharmacy,"4 Moxham Avenue, Hataitai, Wellington 6021, New Zealand",04 386 1647,+64 4 386 1647,https://www.facebook.com/HataitaiPharmacy/,4.4,29,OPERATIONAL,https://maps.google.com/?cid=696965377570740670&g_mp=Cidnb29nbGUubWFwcy5wbGFjZXMudjEuUGxhY2VzLlNlYXJjaFRleHQQAhgEIAA,Monday: 9:00 AM – 5:30 PM; Tuesday: 9:00 AM – 5:30 PM; Wednesday: 9:00 AM – 5:30 PM; Thursday: 9:00 AM – 5:30 PM; Friday: 9:00 AM – 5:30 PM; Saturday: 9:30 AM – 12:30 PM; Sunday: Closed,dental_clinic,Wellington,Hataitai Wellington,no_prices
Haus of Amor Teeth Whitening and Gems,"4 Princes Street, Upper Hutt Central, Upper Hutt 5018, New Zealand",021 898 418,+64 21 898 418,http://hausofamor.gettimely.com/,5,6,OPERATIONAL,https://maps.google.com/?cid=9625240942285297946&g_mp=Cidnb29nbGUubWFwcy5wbGFjZXMudjEuUGxhY2VzLlNlYXJjaFRleHQQAhgEIAA,Monday: Closed; Tuesday: 9:30 AM – 7:00 PM; Wednesday: 9:30 AM – 5:00 PM; Thursday: 9:30 AM – 7:00 PM; Friday: 9:30 AM – 5:00 PM; Saturday: 10:00 AM – 3:00 PM; Sunday: Closed,dental_clinic,Wellington,Upper Hutt,no_prices
Healthcare Essentials Ltd,"4/15 College Street, Te Aro, Wellington 6011, New Zealand",0508 802 557,+64 508 802 557,http://www.healthcareessentials.nz/,5,2,OPERATIONAL,https://maps.google.com/?cid=11915462635555134022&g_mp=Cidnb29nbGUubWFwcy5wbGFjZXMudjEuUGxhY2VzLlNlYXJjaFRleHQQAhgEIAA,Monday: 8:00 AM – 4:30 PM; Tuesday: 8:00 AM – 4:30 PM; Wednesday: 8:00 AM – 4:30 PM; Thursday: 8:00 AM – 4:30 PM; Friday: 8:00 AM – 4:30 PM; Saturday: Closed; Sunday: Closed,dental_clinic,Wellington,Hataitai Wellington,no_prices
High Street Health Hub,"level 1/577 High Street, Boulcott, Lower Hutt 5010, New Zealand",04 555 4450,+64 4 555 4450,https://www.highstreethealth.nz/,2,112,OPERATIONAL,https://maps.google.com/?cid=14759450087446684779&g_mp=Cidnb29nbGUubWFwcy5wbGFjZXMudjEuUGxhY2VzLlNlYXJjaFRleHQQAhgEIAA,Monday: 8:00 AM – 5:00 PM; Tuesday: 8:00 AM – 5:00 PM; Wednesday: 8:00 AM – 5:00 PM; Thursday: 8:00 AM – 5:00 PM; Friday: 8:00 AM – 5:00 PM; Saturday: Closed; Sunday: Closed,dental_clinic,Wellington,Lower Hutt,no_prices
Hutt Central School Dental Clinic,"Alicetown, Lower Hutt 5010, New Zealand",04 587 0071,+64 4 587 0071,http://www.beehealthy.org.nz/appointments/clinics-open-this-week/,,,OPERATIONAL,https://maps.google.com/?cid=16978245458669230896&g_mp=Cidnb29nbGUubWFwcy5wbGFjZXMudjEuUGxhY2VzLlNlYXJjaFRleHQQAhgEIAA,,dental_clinic,Wellington,Lower Hutt,no_prices
Hutt City Dental Centre | Lumino The Dentists,"40 Bloomfield Terrace, Hutt Central, Lower Hutt 5010, New Zealand",04 569 6322,+64 4 569 6322,https://lumino.co.nz/dentists/hutt-city-dental-centre-lower-hutt/?utm_source=google_business_profile&utm_medium=organic,4.9,44,OPERATIONAL,https://maps.google.com/?cid=13929990101886003509&g_mp=Cidnb29nbGUubWFwcy5wbGFjZXMudjEuUGxhY2VzLlNlYXJjaFRleHQQAhgEIAA,Monday: 8:30 AM – 7:00 PM; Tuesday: 8:30 AM – 6:00 PM; Wednesday: 8:30 AM – 7:00 PM; Thursday: 8:30 AM – 7:00 PM; Friday: 8:30 AM – 2:30 PM; Saturday: Closed; Sunday: Closed,dental_clinic,Wellington,Wellington CBD,no_prices
Hutt Dental Hub,"135 Witako Street, Epuni, Lower Hutt 5011, New Zealand",04 560 3779,+64 4 560 3779,http://www.huttdentalhub.co.nz/?utm_source=gmb,4.9,109,OPERATIONAL,https://maps.google.com/?cid=8137604501301191808&g_mp=Cidnb29nbGUubWFwcy5wbGFjZXMudjEuUGxhY2VzLlNlYXJjaFRleHQQAhgEIAA,Monday: 9:00 AM – 5:00 PM; Tuesday: 9:00 AM – 5:00 PM; Wednesday: 9:00 AM – 5:00 PM; Thursday: 9:00 AM – 5:00 PM; Friday: 9:00 AM – 5:00 PM; Saturday: Closed; Sunday: Closed,dental_clinic,Wellington,Lower Hutt,no_prices
Hutt Dental Implant Centre,"65 Queens Drive Inside, Queens Arcade, Hutt Central, Lower Hutt 5010, New Zealand",04 566 0012,+64 4 566 0012,https://huttdentalimplants.co.nz/?utm_source=gmb,5,11,OPERATIONAL,https://maps.google.com/?cid=12689599758309642763&g_mp=Cidnb29nbGUubWFwcy5wbGFjZXMudjEuUGxhY2VzLlNlYXJjaFRleHQQAhgEIAA,Monday: 8:30 AM – 5:30 PM; Tuesday: 8:30 AM – 5:30 PM; Wednesday: 8:30 AM – 5:30 PM; Thursday: 8:30 AM – 5:30 PM; Friday: 8:30 AM – 5:30 PM; Saturday: Closed; Sunday: Closed,dental_clinic,Wellington,Lower Hutt,no_prices
Hutt Dental Specialists - Morris Wong,"3/52 Queens Drive, Hutt Central, Lower Hutt 5010, New Zealand",04 939 2499,+64 4 939 2499,https://www.perio.co.nz/,5,2,OPERATIONAL,https://maps.google.com/?cid=8497085131861557692&g_mp=Cidnb29nbGUubWFwcy5wbGFjZXMudjEuUGxhY2VzLlNlYXJjaFRleHQQAhgEIAA,Monday: 8:30 AM – 5:00 PM; Tuesday: 8:30 AM – 5:00 PM; Wednesday: 8:30 AM – 5:00 PM; Thursday: 8:30 AM – 5:00 PM; Friday: 8:30 AM – 4:00 PM; Saturday: Closed; Sunday: Closed,dental_clinic,Wellington,Lower Hutt,no_prices
Hutt Endodontics,"69 Queens Drive, Hutt Central, Lower Hutt 5010, New Zealand",022 549 7000,+64 22 549 7000,https://huttendodontics.co.nz/,5,13,OPERATIONAL,https://maps.google.com/?cid=14527988824743579859&g_mp=Cidnb29nbGUubWFwcy5wbGFjZXMudjEuUGxhY2VzLlNlYXJjaFRleHQQAhgEIAA,Monday: 9:00 AM – 5:00 PM; Tuesday: 9:00 AM – 5:00 PM; Wednesday: 9:00 AM – 5:00 PM; Thursday: 9:00 AM – 5:00 PM; Friday: Closed; Saturday: Closed; Sunday: 9:00 AM – 5:00 PM,dental_clinic,Wellington,Lower Hutt,no_prices
Hutt Hospital,"638 High Street, Boulcott, Lower Hutt 5010, New Zealand",04 566 6999,+64 4 566 6999,http://www.huttvalleydhb.org.nz/,3.5,261,OPERATIONAL,https://maps.google.com/?cid=15040122550233658302&g_mp=Cidnb29nbGUubWFwcy5wbGFjZXMudjEuUGxhY2VzLlNlYXJjaFRleHQQAhgEIAA,Monday: Open 24 hours; Tuesday: Open 24 hours; Wednesday: Open 24 hours; Thursday: Open 24 hours; Friday: Open 24 hours; Saturday: Open 24 hours; Sunday: Open 24 hours,dental_clinic,Wellington,Lower Hutt,no_prices
Hutt Hospital Dental Unit,"ED and Theatre Block Pilmuir Street, Hutt Central, Lower Hutt 5010, New Zealand",04 570 9281,+64 4 570 9281,,3.6,9,OPERATIONAL,https://maps.google.com/?cid=14103024186054601944&g_mp=Cidnb29nbGUubWFwcy5wbGFjZXMudjEuUGxhY2VzLlNlYXJjaFRleHQQAhgEIAA,Monday: 8:00 AM – 5:00 PM; Tuesday: 8:00 AM – 5:00 PM; Wednesday: 8:00 AM – 5:00 PM; Thursday: 8:00 AM – 5:00 PM; Friday: 8:30 AM – 5:00 PM; Saturday: Closed; Sunday: Closed,dental_clinic,Wellington,Lower Hutt,no_prices
Hutt Intermediate School Dental Clinic,"Waterloo, Lower Hutt 5011, New Zealand",04 570 0262,+64 4 570 0262,,,,OPERATIONAL,https://maps.google.com/?cid=5321113196518214128&g_mp=Cidnb29nbGUubWFwcy5wbGFjZXMudjEuUGxhY2VzLlNlYXJjaFRleHQQAhgEIAA,,dental_clinic,Wellington,Lower Hutt,no_prices
Hutt Specialist Oral Surgery,"71 Queens Drive Inside, Queens Arcade, Hutt Central, Lower Hutt 5010, New Zealand",04 566 0500,+64 4 566 0500,https://huttspecialistoralsurgery.co.nz/?utm_source=gmb,5,2,OPERATIONAL,https://maps.google.com/?cid=1145873869423453647&g_mp=Cidnb29nbGUubWFwcy5wbGFjZXMudjEuUGxhY2VzLlNlYXJjaFRleHQQAhgEIAA,Monday: 8:30 AM – 5:30 PM; Tuesday: 8:30 AM – 5:30 PM; Wednesday: 8:30 AM – 5:30 PM; Thursday: 8:30 AM – 5:30 PM; Friday: 8:30 AM – 5:30 PM; Saturday: Closed; Sunday: Closed,dental_clinic,Wellington,Lower Hutt,no_prices
Hutt Valley Health Hub,"135 Witako Street, Epuni, Lower Hutt 5011, New Zealand",,,,3.7,12,OPERATIONAL,https://maps.google.com/?cid=2274633875305846161&g_mp=Cidnb29nbGUubWFwcy5wbGFjZXMudjEuUGxhY2VzLlNlYXJjaFRleHQQAhgEIAA,Monday: 8:00 AM – 7:00 PM; Tuesday: 8:00 AM – 7:00 PM; Wednesday: 8:00 AM – 7:00 PM; Thursday: 8:00 AM – 7:00 PM; Friday: 8:00 AM – 6:00 PM; Saturday: 9:00 AM – 4:00 PM; Sunday: Closed,dental_clinic,Wellington,Lower Hutt,no_prices
Hutt Valley Orthodontics,"2 Connolly Street, Hutt Central, Lower Hutt 5010, New Zealand",04 586 5707,+64 4 586 5707,http://huttvalleyorthodontics.co.nz/,4.9,10,OPERATIONAL,https://maps.google.com/?cid=5255952510740341006&g_mp=Cidnb29nbGUubWFwcy5wbGFjZXMudjEuUGxhY2VzLlNlYXJjaFRleHQQAhgEIAA,Monday: 7:30 AM – 5:00 PM; Tuesday: 7:30 AM – 5:00 PM; Wednesday: 7:30 AM – 5:00 PM; Thursday: 8:00 AM – 5:00 PM; Friday: 7:30 AM – 2:00 PM; Saturday: Closed; Sunday: Closed,dental_clinic,Wellington,Lower Hutt,no_prices
Institute of Digital Dentistry,"9 Hillary Court, Naenae, Lower Hutt 5010, New Zealand",0488 839 526,+61 488 839 526,https://instituteofdigitaldentistry.com/,5,22,OPERATIONAL,https://maps.google.com/?cid=12462048697366817181&g_mp=Cidnb29nbGUubWFwcy5wbGFjZXMudjEuUGxhY2VzLlNlYXJjaFRleHQQAhgEIAA,Monday: Open 24 hours; Tuesday: Open 24 hours; Wednesday: Open 24 hours; Thursday: Open 24 hours; Friday: Open 24 hours; Saturday: Open 24 hours; Sunday: Open 24 hours,dental_clinic,Wellington,Lower Hutt,no_prices
Island Bay Medical Centre,"159 The Parade, Island Bay, Wellington 6023, New Zealand",04 383 7647,+64 4 383 7647,http://www.ibmc.co.nz/,3.8,34,OPERATIONAL,https://maps.google.com/?cid=1279065721406413607&g_mp=Cidnb29nbGUubWFwcy5wbGFjZXMudjEuUGxhY2VzLlNlYXJjaFRleHQQAhgEIAA,Monday: 8:30 AM – 5:30 PM; Tuesday: 8:30 AM – 6:30 PM; Wednesday: 8:30 AM – 6:30 PM; Thursday: 8:30 AM – 6:30 PM; Friday: 8:30 AM – 5:30 PM; Saturday: Closed; Sunday: Closed,dental_clinic,Wellington,Island Bay Wellington,no_prices
Island Bay Veterinary Clinic,"18 Medway Street, Island Bay, Wellington 6023, New Zealand",04 383 6012,+64 4 383 6012,https://www.karorivet.co.nz/,4.8,87,OPERATIONAL,https://maps.google.com/?cid=3699730749250755704&g_mp=Cidnb29nbGUubWFwcy5wbGFjZXMudjEuUGxhY2VzLlNlYXJjaFRleHQQAhgEIAA,Monday: 8:00 AM – 6:30 PM; Tuesday: 8:00 AM – 7:00 PM; Wednesday: 8:00 AM – 7:00 PM; Thursday: 8:00 AM – 7:00 PM; Friday: 8:00 AM – 5:30 PM; Saturday: 9:00 AM – 12:00 PM; Sunday: Closed,dental_clinic,Wellington,Island Bay Wellington,no_prices
J D Beere Dental,"14 Laings Road, Hutt Central, Lower Hutt 5010, New Zealand",,,,5,2,OPERATIONAL,https://maps.google.com/?cid=10855070741274798071&g_mp=Cidnb29nbGUubWFwcy5wbGFjZXMudjEuUGxhY2VzLlNlYXJjaFRleHQQAhgEIAA,,dental_clinic,Wellington,Lower Hutt,no_prices
"Jeff Jones BDS, Dental Surgeon, Wellington Dentists Ltd","124a Willis Street, Te Aro, Wellington 6011, New Zealand",04 499 1091,+64 4 499 1091,http://www.wellingtondentist.co.nz/,,,OPERATIONAL,https://maps.google.com/?cid=1984020048118803758&g_mp=Cidnb29nbGUubWFwcy5wbGFjZXMudjEuUGxhY2VzLlNlYXJjaFRleHQQAhgEIAA,,dental_clinic,Wellington,Wellington CBD,no_prices
Johnsonville Dental Centre,"Level 2/128 Johnsonville Road, Johnsonville, Wellington 6037, New Zealand",04 939 8649,+64 4 939 8649,https://jdc-wellington.com/,4.9,893,OPERATIONAL,https://maps.google.com/?cid=8314380687601107071&g_mp=Cidnb29nbGUubWFwcy5wbGFjZXMudjEuUGxhY2VzLlNlYXJjaFRleHQQAhgEIAA,Monday: 8:00 AM – 5:00 PM; Tuesday: 8:00 AM – 5:00 PM; Wednesday: 8:00 AM – 4:30 PM; Thursday: 8:00 AM – 5:00 PM; Friday: 8:00 AM – 5:00 PM; Saturday: Closed; Sunday: Closed,dental_clinic,Wellington,Wellington CBD,some_prices
Johnsonville Dental Practice Wellington | Lumino The Dentists,"121 Moorefield Road, Johnsonville, Wellington 6037, New Zealand",04 939 1688,+64 4 939 1688,https://lumino.co.nz/dentists/johnsonville-dental-practice-wellington/?utm_source=google_business_profile&utm_medium=organic,4.2,42,OPERATIONAL,https://maps.google.com/?cid=7715956881556667805&g_mp=Cidnb29nbGUubWFwcy5wbGFjZXMudjEuUGxhY2VzLlNlYXJjaFRleHQQAhgEIAA,Monday: 8:00 AM – 5:00 PM; Tuesday: 8:00 AM – 5:00 PM; Wednesday: 8:00 AM – 5:00 PM; Thursday: 8:00 AM – 5:00 PM; Friday: 8:00 AM – 5:00 PM; Saturday: Closed; Sunday: Closed,dental_clinic,Wellington,Johnsonville Wellington,some_prices
Johnsonville Family Dentist,"Level 1, Suite 6/120 Johnsonville Road, Johnsonville, Wellington 6037, New Zealand",04 213 5355,+64 4 213 5355,https://johnsonvillefamilydentist.co.nz/,4.7,187,OPERATIONAL,https://maps.google.com/?cid=438445119656029173&g_mp=Cidnb29nbGUubWFwcy5wbGFjZXMudjEuUGxhY2VzLlNlYXJjaFRleHQQAhgEIAA,Monday: 8:30 AM – 5:00 PM; Tuesday: 8:30 AM – 5:00 PM; Wednesday: 8:30 AM – 5:00 PM; Thursday: 8:30 AM – 5:00 PM; Friday: 8:30 AM – 5:00 PM; Saturday: 8:30 AM – 5:00 PM; Sunday: Closed,dental_clinic,Wellington,Johnsonville Wellington,no_prices
Kapiti Dental Centre,"88 Kapiti Road, Paraparaumu 5032, New Zealand",04 298 6754,+64 4 298 6754,http://www.kapitidental.co.nz/,4.9,90,OPERATIONAL,https://maps.google.com/?cid=6563656536263315535&g_mp=Cidnb29nbGUubWFwcy5wbGFjZXMudjEuUGxhY2VzLlNlYXJjaFRleHQQAhgEIAA,Monday: 8:30 AM – 5:00 PM; Tuesday: 8:30 AM – 5:00 PM; Wednesday: 8:30 AM – 5:00 PM; Thursday: 8:30 AM – 5:00 PM; Friday: 8:30 AM – 5:00 PM; Saturday: Closed; Sunday: Closed,dental_clinic,Wellington,Churton Park Wellington,no_prices
Kapiti Oral Health Clinic,"90 Kapiti Road, Paraparaumu 5032, New Zealand",021 971 808,+64 21 971 808,http://www.kapitiohc.co.nz/,4.5,15,OPERATIONAL,https://maps.google.com/?cid=14911772719112680474&g_mp=Cidnb29nbGUubWFwcy5wbGFjZXMudjEuUGxhY2VzLlNlYXJjaFRleHQQAhgEIAA,Monday: 9:00 AM – 5:00 PM; Tuesday: 9:00 AM – 5:00 PM; Wednesday: 9:00 AM – 5:00 PM; Thursday: 9:00 AM – 5:00 PM; Friday: 9:00 AM – 5:00 PM; Saturday: Closed; Sunday: Closed,dental_clinic,Wellington,Paraparaumu,no_prices
Karen Lee Dental Practice (Fastbraces Senior Master),"26 Knights Road, Hutt Central, Lower Hutt 5010, New Zealand",04 472 8761,+64 4 472 8761,https://www.knightsroaddental.co.nz/,5,12,OPERATIONAL,https://maps.google.com/?cid=1210751028589539606&g_mp=Cidnb29nbGUubWFwcy5wbGFjZXMudjEuUGxhY2VzLlNlYXJjaFRleHQQAhgEIAA,Monday: 9:00 AM – 5:00 PM; Tuesday: 9:00 AM – 5:00 PM; Wednesday: 9:00 AM – 5:00 PM; Thursday: 9:00 AM – 5:00 PM; Friday: Closed; Saturday: Closed; Sunday: Closed,dental_clinic,Wellington,Lower Hutt,no_prices
Karori Dental Centre Wellington | Lumino The Dentists,"146 Karori Road, Karori, Wellington 6012, New Zealand",04 476 6451,+64 4 476 6451,https://lumino.co.nz/dentists/karori-dental-centre-wellington/?utm_source=google_business_profile&utm_medium=organic,4.2,21,OPERATIONAL,https://maps.google.com/?cid=11449788851602576833&g_mp=Cidnb29nbGUubWFwcy5wbGFjZXMudjEuUGxhY2VzLlNlYXJjaFRleHQQAhgEIAA,Monday: 8:30 AM – 5:00 PM; Tuesday: 8:30 AM – 5:00 PM; Wednesday: 8:30 AM – 5:00 PM; Thursday: 8:30 AM – 5:00 PM; Friday: 8:30 AM – 5:00 PM; Saturday: Closed; Sunday: Closed,dental_clinic,Wellington,Karori Wellington,no_prices
Kelvin House,"Wellington Central, Wellington 6011, New Zealand",,,,4,4,OPERATIONAL,https://maps.google.com/?cid=7068969830969400477&g_mp=Cidnb29nbGUubWFwcy5wbGFjZXMudjEuUGxhY2VzLlNlYXJjaFRleHQQAhgEIAA,,dental_clinic,Wellington,Wellington CBD,no_prices
Kenepuru Community Hospital,"16 Hospital Drive, Kenepuru, Porirua 5022, New Zealand",04 385 5999,+64 4 385 5999,http://www.ccdhb.org.nz/,3.7,140,OPERATIONAL,https://maps.google.com/?cid=1081127115368952208&g_mp=Cidnb29nbGUubWFwcy5wbGFjZXMudjEuUGxhY2VzLlNlYXJjaFRleHQQAhgEIAA,Monday: Open 24 hours; Tuesday: Open 24 hours; Wednesday: Open 24 hours; Thursday: Open 24 hours; Friday: Open 24 hours; Saturday: Open 24 hours; Sunday: Open 24 hours,dental_clinic,Wellington,Porirua,no_prices
Khandallah Dental Centre,"2 Ganges Road, Khandallah, Wellington 6035, New Zealand",04 479 2294,+64 4 479 2294,http://www.khandallahdental.co.nz/,4.2,9,OPERATIONAL,https://maps.google.com/?cid=11240029839377247116&g_mp=Cidnb29nbGUubWFwcy5wbGFjZXMudjEuUGxhY2VzLlNlYXJjaFRleHQQAhgEIAA,Monday: 10:00 AM – 7:00 PM; Tuesday: 9:00 AM – 5:00 PM; Wednesday: 8:00 AM – 5:00 PM; Thursday: 8:00 AM – 5:00 PM; Friday: 9:00 AM – 4:00 PM; Saturday: Closed; Sunday: Closed,dental_clinic,Wellington,Khandallah Wellington,no_prices
Knights Road Dental Centre,"26 Knights Road, Hutt Central, Lower Hutt 5040, New Zealand",04 566 1353,+64 4 566 1353,https://www.knightsroaddental.co.nz/,4.9,45,OPERATIONAL,https://maps.google.com/?cid=4528821037088500260&g_mp=Cidnb29nbGUubWFwcy5wbGFjZXMudjEuUGxhY2VzLlNlYXJjaFRleHQQAhgEIAA,Monday: 8:30 AM – 5:00 PM; Tuesday: 8:30 AM – 5:00 PM; Wednesday: 8:30 AM – 5:00 PM; Thursday: 8:30 AM – 5:00 PM; Friday: Closed; Saturday: Closed; Sunday: Closed,dental_clinic,Wellington,Lower Hutt,no_prices
Koranui Green School Dental Clinic,"4049398, Stokes Valley, Lower Hutt 5019, New Zealand",04 562 9013,+64 4 562 9013,,,,OPERATIONAL,https://maps.google.com/?cid=17890392802318059720&g_mp=Cidnb29nbGUubWFwcy5wbGFjZXMudjEuUGxhY2VzLlNlYXJjaFRleHQQAhgEIAA,,dental_clinic,Wellington,Stokes Valley Lower Hutt,no_prices
Lang's Pharmacy,"33 Fitzherbert Street, Featherston 5710, New Zealand",06 308 9202,+64 6 308 9202,https://pharmacysolutions.nz/locations/langs-pharmacy/,4.6,16,OPERATIONAL,https://maps.google.com/?cid=5400057585136795541&g_mp=Cidnb29nbGUubWFwcy5wbGFjZXMudjEuUGxhY2VzLlNlYXJjaFRleHQQAhgEIAA,Monday: 9:00 AM – 5:00 PM; Tuesday: 9:00 AM – 5:00 PM; Wednesday: 9:00 AM – 5:00 PM; Thursday: 9:00 AM – 5:00 PM; Friday: 9:00 AM – 5:00 PM; Saturday: 9:30 AM – 12:00 PM; Sunday: Closed,dental_clinic,Wellington,Featherston Wairarapa,no_prices
Lange M H BDS,"368 Tinakori Road, Thorndon, Wellington 6011, New Zealand",04 939 8762,+64 4 939 8762,,5,7,OPERATIONAL,https://maps.google.com/?cid=11799645641860418651&g_mp=Cidnb29nbGUubWFwcy5wbGFjZXMudjEuUGxhY2VzLlNlYXJjaFRleHQQAhgEIAA,,dental_clinic,Wellington,Thorndon Wellington,no_prices
Laser Clinics New Zealand - Featherston,"114 Featherston Street, Wellington Central, Wellington 6011, New Zealand",04 888 1391,+64 4 888 1391,https://www.laserclinicsnewzealand.co.nz/skin-care-clinic/featherston/?utm_source=google&utm_medium=organic&utm_campaign=Google%20My%20Business%20Page&utm_content=Featherston&utm_term=plcid_4438634238731522550,4.6,185,OPERATIONAL,https://maps.google.com/?cid=12188891852345670031&g_mp=Cidnb29nbGUubWFwcy5wbGFjZXMudjEuUGxhY2VzLlNlYXJjaFRleHQQAhgEIAA,Monday: 9:00 AM – 6:00 PM; Tuesday: 9:00 AM – 6:00 PM; Wednesday: 9:00 AM – 6:00 PM; Thursday: 9:00 AM – 7:00 PM; Friday: 9:00 AM – 7:00 PM; Saturday: 9:00 AM – 5:00 PM; Sunday: 10:00 AM – 4:00 PM,dental_clinic,Wellington,Featherston Wairarapa,no_prices
Laser Clinics New Zealand - Willis St,"Shop G02/18 Willis Street, Wellington Central, Wellington 6011, New Zealand",04 888 1373,+64 4 888 1373,https://www.laserclinicsnewzealand.co.nz/skin-care-clinic/Willis-st/?utm_source=google&utm_medium=organic&utm_campaign=Google%20My%20Business%20Page&utm_content=Willis%20St&utm_term=plcid_5792362022435282940,4.5,267,OPERATIONAL,https://maps.google.com/?cid=6868823094585354309&g_mp=Cidnb29nbGUubWFwcy5wbGFjZXMudjEuUGxhY2VzLlNlYXJjaFRleHQQAhgEIAA,Monday: 9:00 AM – 6:00 PM; Tuesday: 9:00 AM – 6:00 PM; Wednesday: 9:00 AM – 6:00 PM; Thursday: 9:00 AM – 7:00 PM; Friday: 9:00 AM – 7:00 PM; Saturday: 9:00 AM – 5:00 PM; Sunday: 10:00 AM – 4:00 PM,dental_clinic,Wellington,Wellington CBD,no_prices
Lovelysmiles Professional Teeth Whitening,"61a Featherston Street, Pipitea, Wellington 6011, New Zealand",0508 568 359,+64 508 568 359,http://www.lovelysmiles.co/,4.7,40,OPERATIONAL,https://maps.google.com/?cid=3811233694014507692&g_mp=Cidnb29nbGUubWFwcy5wbGFjZXMudjEuUGxhY2VzLlNlYXJjaFRleHQQAhgEIAA,Monday: 11:00 AM – 5:00 PM; Tuesday: 10:00 AM – 5:00 PM; Wednesday: 10:00 AM – 5:00 PM; Thursday: 10:00 AM – 5:00 PM; Friday: 10:00 AM – 5:00 PM; Saturday: 11:00 AM – 3:00 PM; Sunday: Closed,dental_clinic,Wellington,Wellington CBD,no_prices
Lower Hutt After Hours Medical Centre,"Verve on Connolly 1/2 Connolly Street, Hutt Central, Lower Hutt 5010, New Zealand",04 567 5345,+64 4 567 5345,http://www.lowerhuttafterhours.co.nz/,3.1,99,OPERATIONAL,https://maps.google.com/?cid=1805373480179023113&g_mp=Cidnb29nbGUubWFwcy5wbGFjZXMudjEuUGxhY2VzLlNlYXJjaFRleHQQAhgEIAA,Monday: 8:00 AM – 10:00 PM; Tuesday: 8:00 AM – 10:00 PM; Wednesday: 8:00 AM – 10:00 PM; Thursday: 8:00 AM – 10:00 PM; Friday: 8:00 AM – 10:00 PM; Saturday: 8:00 AM – 10:00 PM; Sunday: 8:00 AM – 10:00 PM,dental_clinic,Wellington,Lower Hutt,no_prices
Lumino Porirua | Lumino The Dentists,"level 4/2 Titahi Bay Road, Porirua City Centre, Porirua 5512, New Zealand",04 237 4335,+64 4 237 4335,https://lumino.co.nz/dentists/plaza-dental-centre-porirua/?utm_source=google_business_profile&utm_medium=organic,3.6,22,OPERATIONAL,https://maps.google.com/?cid=15130587749666307885&g_mp=Cidnb29nbGUubWFwcy5wbGFjZXMudjEuUGxhY2VzLlNlYXJjaFRleHQQAhgEIAA,Monday: 9:00 AM – 5:00 PM; Tuesday: 9:00 AM – 5:00 PM; Wednesday: 9:00 AM – 5:00 PM; Thursday: 9:00 AM – 5:00 PM; Friday: 9:00 AM – 5:00 PM; Saturday: Closed; Sunday: Closed,dental_clinic,Wellington,Porirua,no_prices
Lumino Queens Drive | Lumino The Dentists,"Jag Legal Building, Level 2/119 Queens Drive, Hutt Central, Lower Hutt 5010, New Zealand",04 939 6693,+64 4 939 6693,https://lumino.co.nz/dentists/lumino-queens-drive-lower-hutt/?utm_source=google_business_profile&utm_medium=organic,4.7,35,OPERATIONAL,https://maps.google.com/?cid=10059042259057224529&g_mp=Cidnb29nbGUubWFwcy5wbGFjZXMudjEuUGxhY2VzLlNlYXJjaFRleHQQAhgEIAA,Monday: 8:30 AM – 5:00 PM; Tuesday: 8:30 AM – 5:00 PM; Wednesday: 8:30 AM – 5:00 PM; Thursday: 8:30 AM – 5:00 PM; Friday: 8:30 AM – 5:00 PM; Saturday: Closed; Sunday: Closed,dental_clinic,Wellington,Lower Hutt,some_prices
Lumino Symes De Silva,"Symes De Silva House, Level 1/97-99 Courtenay Place, Te Aro, Wellington 6011, New Zealand",04 801 5551,+64 4 801 5551,https://lumino.co.nz/dentists/lumino-symes-de-silva/?utm_source=google_business_profile&utm_medium=organic,3.8,81,OPERATIONAL,https://maps.google.com/?cid=4830372453883160302&g_mp=Cidnb29nbGUubWFwcy5wbGFjZXMudjEuUGxhY2VzLlNlYXJjaFRleHQQAhgEIAA,Monday: 7:45 AM – 4:30 PM; Tuesday: 7:45 AM – 4:30 PM; Wednesday: 7:45 AM – 4:30 PM; Thursday: 7:45 AM – 4:30 PM; Friday: 7:45 AM – 4:30 PM; Saturday: Closed; Sunday: Closed,dental_clinic,Wellington,Wellington CBD,no_prices
Lumino The Dentists,"level 6/40 Panama Street, Wellington Central, Wellington 6011, New Zealand",04 472 1394,+64 4 472 1394,https://lumino.co.nz/find-a-practice/north-island/wellington/,5,1,OPERATIONAL,https://maps.google.com/?cid=17718642269536131506&g_mp=Cidnb29nbGUubWFwcy5wbGFjZXMudjEuUGxhY2VzLlNlYXJjaFRleHQQAhgEIAA,Monday: 8:00 AM – 5:30 PM; Tuesday: 8:00 AM – 5:30 PM; Wednesday: 8:00 AM – 5:30 PM; Thursday: 8:00 AM – 5:30 PM; Friday: 8:00 AM – 5:30 PM; Saturday: Closed; Sunday: Closed,dental_clinic,Wellington,Wellington CBD,no_prices
Lumino The Terrace Dental Practice | Lumino The Dentists,"1st Floor/50 The Terrace, Wellington Central, Wellington 6011, New Zealand",04 472 5022,+64 4 472 5022,https://lumino.co.nz/dentists/the-terrace-dental-practice-wellington-cbd/?utm_source=google_business_profile&utm_medium=organic,4.9,65,OPERATIONAL,https://maps.google.com/?cid=990461966665530923&g_mp=Cidnb29nbGUubWFwcy5wbGFjZXMudjEuUGxhY2VzLlNlYXJjaFRleHQQAhgEIAA,Monday: 8:00 AM – 5:00 PM; Tuesday: 8:00 AM – 5:00 PM; Wednesday: 8:00 AM – 5:00 PM; Thursday: 8:00 AM – 5:00 PM; Friday: 8:00 AM – 5:00 PM; Saturday: Closed; Sunday: Closed,dental_clinic,Wellington,Wellington CBD,some_prices
Lumino Woodward Dental,"Solnet House Ground Floor of/70 The Terrace, Wellington Central, Wellington 6011, New Zealand",04 472 3102,+64 4 472 3102,https://lumino.co.nz/dentists/lumino-woodward-dental/?utm_source=google_business_profile&utm_medium=organic,4.8,45,OPERATIONAL,https://maps.google.com/?cid=8497387014644743482&g_mp=Cidnb29nbGUubWFwcy5wbGFjZXMudjEuUGxhY2VzLlNlYXJjaFRleHQQAhgEIAA,Monday: 8:00 AM – 5:00 PM; Tuesday: 8:00 AM – 5:00 PM; Wednesday: 8:00 AM – 5:00 PM; Thursday: 8:00 AM – 5:00 PM; Friday: 8:00 AM – 5:15 PM; Saturday: Closed; Sunday: Closed,dental_clinic,Wellington,Wellington CBD,some_prices
Mana Dental Surgery Ltd,"33 Broderick Road, Johnsonville, Wellington 6037, New Zealand",04 939 2388,+64 4 939 2388,http://www.dentist.co.nz/dentist-detail/wellington/mana-dental-surgery-ltd/A11007032,4.4,7,OPERATIONAL,https://maps.google.com/?cid=13603506789713025328&g_mp=Cidnb29nbGUubWFwcy5wbGFjZXMudjEuUGxhY2VzLlNlYXJjaFRleHQQAhgEIAA,,dental_clinic,Wellington,Johnsonville Wellington,no_prices
Martinborough Dental,"18 Kitchener Street, Martinborough 5711, New Zealand",06 306 6024,+64 6 306 6024,http://www.martinboroughdental.co.nz/,5,3,OPERATIONAL,https://maps.google.com/?cid=8547381696504957407&g_mp=Cidnb29nbGUubWFwcy5wbGFjZXMudjEuUGxhY2VzLlNlYXJjaFRleHQQAhgEIAA,Monday: 9:00 AM – 4:00 PM; Tuesday: 8:30 AM – 4:30 PM; Wednesday: 9:00 AM – 4:00 PM; Thursday: 9:00 AM – 4:00 PM; Friday: 8:30 AM – 4:30 PM; Saturday: Closed; Sunday: Closed,dental_clinic,Wellington,Martinborough,no_prices
Mary McBride Dentist,"Suite 3/310 Tinakori Road, Thorndon, Wellington 6011, New Zealand",04 909 7525,+64 4 909 7525,http://marymcbridedentist.com/,5,9,OPERATIONAL,https://maps.google.com/?cid=15324422278840179658&g_mp=Cidnb29nbGUubWFwcy5wbGFjZXMudjEuUGxhY2VzLlNlYXJjaFRleHQQAhgEIAA,Monday: Closed; Tuesday: 8:00 AM – 5:00 PM; Wednesday: 8:00 AM – 2:00 PM; Thursday: 8:00 AM – 6:00 PM; Friday: 8:00 AM – 5:00 PM; Saturday: Closed; Sunday: Closed,dental_clinic,Wellington,Thorndon Wellington,no_prices
Masterton Dental,"50 Perry Street, Masterton 5810, New Zealand",0800 181 828,+64 800 181 828,http://www.mastertondental.co.nz/,5,137,OPERATIONAL,https://maps.google.com/?cid=7754104054605763671&g_mp=Cidnb29nbGUubWFwcy5wbGFjZXMudjEuUGxhY2VzLlNlYXJjaFRleHQQAhgEIAA,Monday: 9:00 AM – 5:00 PM; Tuesday: 9:00 AM – 5:00 PM; Wednesday: 9:00 AM – 5:00 PM; Thursday: 9:00 AM – 5:00 PM; Friday: 9:00 AM – 5:00 PM; Saturday: Closed; Sunday: Closed,dental_clinic,Wellington,Masterton,no_prices
Masterton Dental Practice | Lumino The Dentists,"119 Chapel Street, Masterton 5810, New Zealand",06 377 4989,+64 6 377 4989,https://lumino.co.nz/dentists/masterton-dental-practice/?utm_source=google_business_profile&utm_medium=organic,4.5,29,OPERATIONAL,https://maps.google.com/?cid=8412046942465260882&g_mp=Cidnb29nbGUubWFwcy5wbGFjZXMudjEuUGxhY2VzLlNlYXJjaFRleHQQAhgEIAA,Monday: 8:00 AM – 5:00 PM; Tuesday: 8:00 AM – 5:00 PM; Wednesday: 8:00 AM – 5:00 PM; Thursday: 8:00 AM – 5:00 PM; Friday: 8:00 AM – 5:00 PM; Saturday: Closed; Sunday: Closed,dental_clinic,Wellington,Masterton,some_prices
MatPDental,"29 Rimutaka Street, Paraparaumu 5032, New Zealand",04 298 8889,+64 4 298 8889,http://www.matpdental.co.nz/,4.9,33,OPERATIONAL,https://maps.google.com/?cid=10232154717935130113&g_mp=Cidnb29nbGUubWFwcy5wbGFjZXMudjEuUGxhY2VzLlNlYXJjaFRleHQQAhgEIAA,Monday: 8:30 AM – 5:00 PM; Tuesday: 8:30 AM – 5:00 PM; Wednesday: 8:30 AM – 5:00 PM; Thursday: 8:30 AM – 5:00 PM; Friday: 8:30 AM – 4:00 PM; Saturday: Closed; Sunday: Closed,dental_clinic,Wellington,Paraparaumu,no_prices
Max Facs David Chin-Shong - Lower Hutt,"52 Queens Drive, Hutt Central, Lower Hutt 5010, New Zealand",021 247 6387,+64 21 247 6387,http://maxfacsoralsurgery.co.nz/,4.7,12,OPERATIONAL,https://maps.google.com/?cid=4644001480294302234&g_mp=Cidnb29nbGUubWFwcy5wbGFjZXMudjEuUGxhY2VzLlNlYXJjaFRleHQQAhgEIAA,Monday: Closed; Tuesday: Closed; Wednesday: Closed; Thursday: 8:30 AM – 4:30 PM; Friday: Closed; Saturday: Closed; Sunday: Closed,dental_clinic,Wellington,Lower Hutt,no_prices
Michael Walton Dental,"22 Royal Street, Upper Hutt Central, Upper Hutt 5018, New Zealand",04 528 5302,+64 4 528 5302,,5,3,OPERATIONAL,https://maps.google.com/?cid=16454607714831061085&g_mp=Cidnb29nbGUubWFwcy5wbGFjZXMudjEuUGxhY2VzLlNlYXJjaFRleHQQAhgEIAA,,dental_clinic,Wellington,Upper Hutt,no_prices
Middlemiss Dental,"50 The Terrace, Wellington Central, Wellington 6011, New Zealand",04 472 5022,+64 4 472 5022,http://www.middlemissdental.com/,5,5,OPERATIONAL,https://maps.google.com/?cid=8743881237535771140&g_mp=Cidnb29nbGUubWFwcy5wbGFjZXMudjEuUGxhY2VzLlNlYXJjaFRleHQQAhgEIAA,Monday: 8:30 AM – 5:00 PM; Tuesday: 8:30 AM – 5:00 PM; Wednesday: 8:30 AM – 5:00 PM; Thursday: 8:30 AM – 5:00 PM; Friday: 9:00 AM – 4:30 AM; Saturday: Closed; Sunday: Closed,dental_clinic,Wellington,Wellington CBD,no_prices
Miramar Central School Dental Clinic,"Park Road, Miramar, Wellington 6022, New Zealand",0800 825 583,+64 800 825 583,,,,OPERATIONAL,https://maps.google.com/?cid=17759693743534856445&g_mp=Cidnb29nbGUubWFwcy5wbGFjZXMudjEuUGxhY2VzLlNlYXJjaFRleHQQAhgEIAA,,dental_clinic,Wellington,Miramar Wellington,no_prices
Miramar Dental Wellington | Lumino The Dentists,"Unit 4,5/37 Miramar Avenue, Miramar, Wellington 6022, New Zealand",04 388 9999,+64 4 388 9999,https://lumino.co.nz/dentists/miramar-dental-wellington/?utm_source=google_business_profile&utm_medium=organic,4.1,27,OPERATIONAL,https://maps.google.com/?cid=4169321249703810857&g_mp=Cidnb29nbGUubWFwcy5wbGFjZXMudjEuUGxhY2VzLlNlYXJjaFRleHQQAhgEIAA,Monday: 7:45 AM – 6:45 PM; Tuesday: 7:45 AM – 5:00 PM; Wednesday: 7:45 AM – 5:00 PM; Thursday: 7:45 AM – 6:45 PM; Friday: 7:45 AM – 5:00 PM; Saturday: Closed; Sunday: Closed,dental_clinic,Wellington,Miramar Wellington,no_prices
Mr Raymond Joe-Dental Reflection,"Radio NZ House Ground Floor/155 The Terrace, Wellington Central, Wellington 6011, New Zealand",04 472 5377,+64 4 472 5377,,,,OPERATIONAL,https://maps.google.com/?cid=12488303631377094617&g_mp=Cidnb29nbGUubWFwcy5wbGFjZXMudjEuUGxhY2VzLlNlYXJjaFRleHQQAhgEIAA,Monday: 8:00 AM – 11:00 PM; Tuesday: 8:00 AM – 11:00 PM; Wednesday: 8:00 AM – 11:00 PM; Thursday: 8:00 AM – 11:00 PM; Friday: 8:00 AM – 11:00 PM; Saturday: 8:00 AM – 11:00 PM; Sunday: 8:00 AM – 11:00 PM,dental_clinic,Wellington,Wellington CBD,no_prices
Mt Wellington Dental Centre,"22 Ireland Road, Mount Wellington, Auckland 1060, New Zealand",09 527 6322,+64 9 527 6322,https://www.mtwellingtondentalcentre.co.nz/,5,13,OPERATIONAL,https://maps.google.com/?cid=594266635371737181&g_mp=Cidnb29nbGUubWFwcy5wbGFjZXMudjEuUGxhY2VzLlNlYXJjaFRleHQQAhgEIAA,Monday: 8:30 AM – 5:00 PM; Tuesday: 8:30 AM – 7:00 PM; Wednesday: 8:30 AM – 5:00 PM; Thursday: 8:30 AM – 5:00 PM; Friday: 8:30 AM – 4:00 PM; Saturday: Closed; Sunday: Closed,dental_clinic,Wellington,Churton Park Wellington,no_prices
My Family Dentists,"44 Queens Drive, Hutt Central, Lower Hutt 5014, New Zealand",04 569 6808,+64 4 569 6808,https://switchdental.co.nz/,4,13,OPERATIONAL,https://maps.google.com/?cid=4597959564545454779&g_mp=Cidnb29nbGUubWFwcy5wbGFjZXMudjEuUGxhY2VzLlNlYXJjaFRleHQQAhgEIAA,Monday: 8:30 AM – 5:30 PM; Tuesday: 8:30 AM – 5:30 PM; Wednesday: 8:30 AM – 5:30 PM; Thursday: 8:30 AM – 5:30 PM; Friday: 8:30 AM – 5:30 PM; Saturday: 10:00 AM – 2:00 PM; Sunday: Closed,dental_clinic,Wellington,Lower Hutt,no_prices
NZ Society for Sedation in Dentistry,"62-66 Vivian Street, Te Aro, Wellington 6011, New Zealand",021 937 887,+64 21 937 887,http://www.dentalsedation.co.nz/dental-sedation-courses/,,,OPERATIONAL,https://maps.google.com/?cid=6120703472153485464&g_mp=Cidnb29nbGUubWFwcy5wbGFjZXMudjEuUGxhY2VzLlNlYXJjaFRleHQQAhgEIAA,,dental_clinic,Wellington,Hataitai Wellington,no_prices
Naenae Dental Clinic,"9 Hillary Court, Naenae, Lower Hutt 5010, New Zealand",04 567 4752,+64 4 567 4752,http://www.naenaedentalclinic.co.nz/?utm_source=gmb,4.7,292,OPERATIONAL,https://maps.google.com/?cid=7017085802974852297&g_mp=Cidnb29nbGUubWFwcy5wbGFjZXMudjEuUGxhY2VzLlNlYXJjaFRleHQQAhgEIAA,Monday: 9:00 AM – 7:00 PM; Tuesday: 9:00 AM – 7:00 PM; Wednesday: 9:00 AM – 5:00 PM; Thursday: 9:00 AM – 7:00 PM; Friday: 9:00 AM – 7:00 PM; Saturday: 9:00 AM – 4:00 PM; Sunday: 9:00 AM – 4:00 PM,dental_clinic,Wellington,Churton Park Wellington,no_prices
New World Churton Park,"69 Lakewood Avenue, Churton Park, Wellington 6037, New Zealand",04 478 0270,+64 4 478 0270,https://www.newworld.co.nz/lower-north-island/wellington/churton-park/,4.3,740,OPERATIONAL,https://maps.google.com/?cid=8277727433558798003&g_mp=Cidnb29nbGUubWFwcy5wbGFjZXMudjEuUGxhY2VzLlNlYXJjaFRleHQQAhgEIAA,Monday: 7:00 AM – 10:00 PM; Tuesday: 7:00 AM – 10:00 PM; Wednesday: 7:00 AM – 10:00 PM; Thursday: 7:00 AM – 10:00 PM; Friday: 7:00 AM – 10:00 PM; Saturday: 7:00 AM – 10:00 PM; Sunday: 7:00 AM – 10:00 PM,dental_clinic,Wellington,Churton Park Wellington,no_prices
New World Hutt City,"Bloomfield Terrace, Hutt Central, Lower Hutt 5010, New Zealand",04 569 3027,+64 4 569 3027,https://www.newworld.co.nz/lower-north-island/wellington/hutt-city,4.1,1129,OPERATIONAL,https://maps.google.com/?cid=15042129143119537009&g_mp=Cidnb29nbGUubWFwcy5wbGFjZXMudjEuUGxhY2VzLlNlYXJjaFRleHQQAhgEIAA,Monday: 7:00 AM – 10:00 PM; Tuesday: 7:00 AM – 10:00 PM; Wednesday: 7:00 AM – 10:00 PM; Thursday: 7:00 AM – 10:00 PM; Friday: 7:00 AM – 10:00 PM; Saturday: 7:00 AM – 10:00 PM; Sunday: 7:00 AM – 10:00 PM,dental_clinic,Wellington,Lower Hutt,no_prices
New World Island Bay,"6 Medway Street, Island Bay, Wellington 6023, New Zealand",04 939 8253,+64 4 939 8253,http://www.newworld.co.nz/,4.2,682,OPERATIONAL,https://maps.google.com/?cid=10201428602393101574&g_mp=Cidnb29nbGUubWFwcy5wbGFjZXMudjEuUGxhY2VzLlNlYXJjaFRleHQQAhgEIAA,Monday: 7:00 AM – 10:00 PM; Tuesday: 7:00 AM – 10:00 PM; Wednesday: 7:00 AM – 10:00 PM; Thursday: 7:00 AM – 10:00 PM; Friday: 7:00 AM – 10:00 PM; Saturday: 7:00 AM – 10:00 PM; Sunday: 7:00 AM – 10:00 PM,dental_clinic,Wellington,Island Bay Wellington,no_prices
New World Metro Willis Street,"68/70 Willis Street, Wellington Central, Wellington 6011, New Zealand",04 471 6580,+64 4 471 6580,http://www.newworld.co.nz/,4.1,2424,OPERATIONAL,https://maps.google.com/?cid=5268672214665367399&g_mp=Cidnb29nbGUubWFwcy5wbGFjZXMudjEuUGxhY2VzLlNlYXJjaFRleHQQAhgEIAA,Monday: 7:00 AM – 10:00 PM; Tuesday: 7:00 AM – 10:00 PM; Wednesday: 7:00 AM – 10:00 PM; Thursday: 7:00 AM – 10:00 PM; Friday: 7:00 AM – 10:00 PM; Saturday: 8:00 AM – 10:00 PM; Sunday: 8:00 AM – 10:00 PM,dental_clinic,Wellington,Wellington CBD,no_prices
New World Porirua City,"Lyttelton Avenue, Porirua City Centre, Porirua 5022, New Zealand",04 237 0012,+64 4 237 0012,https://www.newworld.co.nz/lower-north-island/wellington/porirua,4.2,1110,OPERATIONAL,https://maps.google.com/?cid=8813863129768838880&g_mp=Cidnb29nbGUubWFwcy5wbGFjZXMudjEuUGxhY2VzLlNlYXJjaFRleHQQAhgEIAA,Monday: 7:00 AM – 9:00 PM; Tuesday: 7:00 AM – 9:00 PM; Wednesday: 7:00 AM – 9:00 PM; Thursday: 7:00 AM – 9:00 PM; Friday: 7:00 AM – 9:00 PM; Saturday: 7:00 AM – 9:00 PM; Sunday: 7:00 AM – 9:00 PM,dental_clinic,Wellington,Porirua,no_prices
New World Supermarket Whitby,"69A Discovery Drive, Whitby, Porirua 5024, New Zealand",04 234 8961,+64 4 234 8961,https://www.newworld.co.nz/lower-north-island/wellington/whitby,4.1,603,OPERATIONAL,https://maps.google.com/?cid=9249092778437414681&g_mp=Cidnb29nbGUubWFwcy5wbGFjZXMudjEuUGxhY2VzLlNlYXJjaFRleHQQAhgEIAA,Monday: 7:00 AM – 9:00 PM; Tuesday: 7:00 AM – 9:00 PM; Wednesday: 7:00 AM – 9:00 PM; Thursday: 7:00 AM – 9:00 PM; Friday: 7:00 AM – 9:00 PM; Saturday: 7:00 AM – 9:00 PM; Sunday: 7:00 AM – 9:00 PM,dental_clinic,Wellington,Whitby Porirua,no_prices
Newlands Medical Centre,"15 Batchelor Street, Newlands, Wellington 6037, New Zealand",04 478 9858,+64 4 478 9858,https://www.newlandsmedical.co.nz/,4.2,39,OPERATIONAL,https://maps.google.com/?cid=9788327478975950835&g_mp=Cidnb29nbGUubWFwcy5wbGFjZXMudjEuUGxhY2VzLlNlYXJjaFRleHQQAhgEIAA,Monday: 8:00 AM – 5:00 PM; Tuesday: 8:00 AM – 5:00 PM; Wednesday: 8:00 AM – 5:00 PM; Thursday: 8:00 AM – 5:00 PM; Friday: 8:00 AM – 5:00 PM; Saturday: Closed; Sunday: Closed,dental_clinic,Wellington,Newlands Wellington,no_prices
Newtown Dental,"100 Riddiford Street, Newtown, Wellington 6021, New Zealand",04 389 3808,+64 4 389 3808,https://newtowndental.co.nz/?utm_source=gmb&utm_medium=organic&utm_campaign=Google+My+Business,4.7,444,OPERATIONAL,https://maps.google.com/?cid=8261150349137837189&g_mp=Cidnb29nbGUubWFwcy5wbGFjZXMudjEuUGxhY2VzLlNlYXJjaFRleHQQAhgEIAA,Monday: 8:00 AM – 8:30 PM; Tuesday: 8:00 AM – 8:30 PM; Wednesday: 8:00 AM – 8:30 PM; Thursday: 8:00 AM – 8:30 PM; Friday: 8:00 AM – 8:30 PM; Saturday: 8:00 AM – 8:30 PM; Sunday: 8:00 AM – 8:30 PM,dental_clinic,Wellington,Wellington CBD,no_prices
Newtown Medical Centre,"33 Rintoul Street, Newtown, Wellington 6021, New Zealand",04 389 9955,+64 4 389 9955,http://www.newtownmc.co.nz/,3.2,82,OPERATIONAL,https://maps.google.com/?cid=4601969230863745046&g_mp=Cidnb29nbGUubWFwcy5wbGFjZXMudjEuUGxhY2VzLlNlYXJjaFRleHQQAhgEIAA,Monday: 8:00 AM – 5:00 PM; Tuesday: 8:00 AM – 5:00 PM; Wednesday: 8:00 AM – 5:00 PM; Thursday: 8:00 AM – 5:00 PM; Friday: 8:00 AM – 5:00 PM; Saturday: Closed; Sunday: Closed,dental_clinic,Wellington,Brooklyn Wellington,no_prices
Ora Toa Cannons Creek Medical Centre,"178 Bedford Street, Cannons Creek, Porirua 5024, New Zealand",0800 672 862,+64 800 672 862,https://www.oratoa.co.nz/medical-centres,2.9,18,OPERATIONAL,https://maps.google.com/?cid=10838953290657483100&g_mp=Cidnb29nbGUubWFwcy5wbGFjZXMudjEuUGxhY2VzLlNlYXJjaFRleHQQAhgEIAA,Monday: 8:30 AM – 5:00 PM; Tuesday: 8:30 AM – 5:00 PM; Wednesday: 8:30 AM – 5:00 PM; Thursday: 8:30 AM – 5:00 PM; Friday: 8:30 AM – 5:00 PM; Saturday: Closed; Sunday: Closed,dental_clinic,Wellington,Porirua,no_prices
Ora Toa Poneke Medical Centre,"4/8 Oxford Terrace, Mount Cook, Wellington 6021, New Zealand",04 245 0010,+64 4 245 0010,http://www.oratoa.co.nz/,4.3,25,OPERATIONAL,https://maps.google.com/?cid=18196529737915674275&g_mp=Cidnb29nbGUubWFwcy5wbGFjZXMudjEuUGxhY2VzLlNlYXJjaFRleHQQAhgEIAA,Monday: 8:30 AM – 5:00 PM; Tuesday: 8:30 AM – 5:00 PM; Wednesday: 8:30 AM – 5:00 PM; Thursday: 8:30 AM – 5:00 PM; Friday: 8:30 AM – 5:00 PM; Saturday: Closed; Sunday: Closed,dental_clinic,Wellington,Hataitai Wellington,no_prices
PAK'nSAVE Porirua,"12 Parumoana Street, Porirua City Centre, Porirua 5022, New Zealand",04 238 0601,+64 4 238 0601,https://www.paknsave.co.nz/lower-north-island/wellington/porirua/?utm_source=GBP&utm_medium=GBP&utm_campaign=PAK%27nSAVE%20Porirua&utm_id=PAK%27nSAVE%20Porirua,4.1,2309,OPERATIONAL,https://maps.google.com/?cid=11507814498629780531&g_mp=Cidnb29nbGUubWFwcy5wbGFjZXMudjEuUGxhY2VzLlNlYXJjaFRleHQQAhgEIAA,Monday: 7:00 AM – 10:00 PM; Tuesday: 7:00 AM – 10:00 PM; Wednesday: 7:00 AM – 10:00 PM; Thursday: 7:00 AM – 10:00 PM; Friday: 7:00 AM – 10:00 PM; Saturday: 7:00 AM – 10:00 PM; Sunday: 7:00 AM – 10:00 PM,dental_clinic,Wellington,Porirua,no_prices
Pae tu Mokai Featherston Medical Limited,"Entrance at 14 Wakefield Street, Featherston 5710, New Zealand",06 308 9220,+64 6 308 9220,,3.8,5,OPERATIONAL,https://maps.google.com/?cid=14377802027401034470&g_mp=Cidnb29nbGUubWFwcy5wbGFjZXMudjEuUGxhY2VzLlNlYXJjaFRleHQQAhgEIAA,,dental_clinic,Wellington,Featherston Wairarapa,no_prices
Paraparaumu Dental Hub Clinic,"11 Ruapehu Street, Paraparaumu 5032, New Zealand",0800 825 583,+64 800 825 583,https://info.health.nz/BeeHealthy,,,OPERATIONAL,https://maps.google.com/?cid=10304499854985347594&g_mp=Cidnb29nbGUubWFwcy5wbGFjZXMudjEuUGxhY2VzLlNlYXJjaFRleHQQAhgEIAA,Monday: 9:00 AM – 4:00 PM; Tuesday: 9:00 AM – 4:00 PM; Wednesday: 9:00 AM – 4:00 PM; Thursday: 9:00 AM – 4:00 PM; Friday: 9:00 AM – 4:00 PM; Saturday: Closed; Sunday: Closed,dental_clinic,Wellington,Paraparaumu,no_prices
Paremata Dental Surgery,"98 Mana Esplanade, Paremata, Porirua 5026, New Zealand",04 233 0747,+64 4 233 0747,http://parematadental.co.nz/,,,OPERATIONAL,https://maps.google.com/?cid=13676771546492230694&g_mp=Cidnb29nbGUubWFwcy5wbGFjZXMudjEuUGxhY2VzLlNlYXJjaFRleHQQAhgEIAA,Monday: 9:00 AM – 2:00 PM; Tuesday: 1:00 – 6:00 PM; Wednesday: 9:00 AM – 2:00 PM; Thursday: 9:00 AM – 2:00 PM; Friday: 9:00 AM – 1:00 PM; Saturday: Closed; Sunday: Closed,dental_clinic,Wellington,Porirua,no_prices
Paremata Dental Surgery - Dr Margret Wolbinski,"98 Mana Esplanade, Paremata, Porirua 5026, New Zealand",04 233 0747,+64 4 233 0747,http://parematadentalsurgery.co.nz/,,,OPERATIONAL,https://maps.google.com/?cid=15085379501806584352&g_mp=Cidnb29nbGUubWFwcy5wbGFjZXMudjEuUGxhY2VzLlNlYXJjaFRleHQQAhgEIAA,,dental_clinic,Wellington,Porirua,no_prices
Park Road Dental Surgery,"30 Park Road, Carterton 5713, New Zealand",06 379 8370,+64 6 379 8370,https://www.parkroaddental.co.nz/,4.7,13,OPERATIONAL,https://maps.google.com/?cid=6971552480263898028&g_mp=Cidnb29nbGUubWFwcy5wbGFjZXMudjEuUGxhY2VzLlNlYXJjaFRleHQQAhgEIAA,Monday: 8:00 AM – 5:00 PM; Tuesday: 8:00 AM – 5:00 PM; Wednesday: 8:00 AM – 5:00 PM; Thursday: 8:00 AM – 6:30 PM; Friday: 8:00 AM – 4:00 PM; Saturday: Closed; Sunday: Closed,dental_clinic,Wellington,Carterton,no_prices
Peninsula Dental Centre,"58 Miramar Avenue, Miramar, Wellington 6022, New Zealand",04 388 8038,+64 4 388 8038,http://www.peninsuladental.co.nz/,4.5,35,OPERATIONAL,https://maps.google.com/?cid=3368246702339928844&g_mp=Cidnb29nbGUubWFwcy5wbGFjZXMudjEuUGxhY2VzLlNlYXJjaFRleHQQAhgEIAA,Monday: 9:00 AM – 5:00 PM; Tuesday: 9:00 AM – 5:00 PM; Wednesday: 9:00 AM – 5:00 PM; Thursday: 9:00 AM – 5:00 PM; Friday: 9:00 AM – 5:00 PM; Saturday: Closed; Sunday: Closed,dental_clinic,Wellington,Miramar Wellington,no_prices
Perfect Dentures,"49-51 Main Street, Upper Hutt Central, Upper Hutt 5018, New Zealand",04 527 9128,+64 4 527 9128,,5,2,OPERATIONAL,https://maps.google.com/?cid=8587063630458908160&g_mp=Cidnb29nbGUubWFwcy5wbGFjZXMudjEuUGxhY2VzLlNlYXJjaFRleHQQAhgEIAA,,dental_clinic,Wellington,Upper Hutt,no_prices
Petone Dental Centre,"374 Jackson Street, Petone, Lower Hutt 5012, New Zealand",04 832 4428,+64 4 832 4428,https://www.dentistwellington.co.nz/petone-dental-centre,3.8,47,OPERATIONAL,https://maps.google.com/?cid=2084543919943153760&g_mp=Cidnb29nbGUubWFwcy5wbGFjZXMudjEuUGxhY2VzLlNlYXJjaFRleHQQAhgEIAA,Monday: 8:30 AM – 5:00 PM; Tuesday: 8:30 AM – 5:00 PM; Wednesday: 8:30 AM – 5:00 PM; Thursday: 8:30 AM – 5:00 PM; Friday: 8:30 AM – 5:00 PM; Saturday: 9:00 AM – 1:00 PM; Sunday: Closed,dental_clinic,Wellington,Lower Hutt,no_prices
Petone Dental Laboratory,"Petone dental lab. rear of 93 Hutt Road Entrance in, Riddlers Crescent, Petone, Lower Hutt 5012, New Zealand",04 566 4712,+64 4 566 4712,http://www.petonedentallab.com/,4.7,11,OPERATIONAL,https://maps.google.com/?cid=14727912058790525922&g_mp=Cidnb29nbGUubWFwcy5wbGFjZXMudjEuUGxhY2VzLlNlYXJjaFRleHQQAhgEIAA,Monday: 8:30 AM – 5:00 PM; Tuesday: 8:30 AM – 5:00 PM; Wednesday: 8:30 AM – 5:00 PM; Thursday: 8:30 AM – 4:30 PM; Friday: Closed; Saturday: Closed; Sunday: Closed,dental_clinic,Wellington,Lower Hutt,no_prices
Phillip Chin Dental Practice,"Level 1/36 Allen Street, Te Aro, Wellington 6011, New Zealand",04 384 8991,+64 4 384 8991,http://www.phillipchindental.co.nz/,4.4,14,OPERATIONAL,https://maps.google.com/?cid=5149235724136668567&g_mp=Cidnb29nbGUubWFwcy5wbGFjZXMudjEuUGxhY2VzLlNlYXJjaFRleHQQAhgEIAA,Monday: 8:00 AM – 5:00 PM; Tuesday: 8:00 AM – 6:00 PM; Wednesday: 8:00 AM – 4:00 PM; Thursday: 8:00 AM – 5:00 PM; Friday: 8:00 AM – 1:00 PM; Saturday: Closed; Sunday: Closed,dental_clinic,Wellington,Wellington CBD,no_prices
Platinum Teeth Whitening Ltd,"217 Waiwhetu Road, Fairfield, Lower Hutt 5011, New Zealand",027 379 2113,+64 27 379 2113,,,,OPERATIONAL,https://maps.google.com/?cid=17037201219417649163&g_mp=Cidnb29nbGUubWFwcy5wbGFjZXMudjEuUGxhY2VzLlNlYXJjaFRleHQQAhgEIAA,Monday: Closed; Tuesday: Closed; Wednesday: 3:00 – 8:00 PM; Thursday: 3:00 – 8:00 PM; Friday: Closed; Saturday: 9:00 AM – 1:00 PM; Sunday: Closed,dental_clinic,Wellington,Lower Hutt,no_prices
Plimmerton Medical Centre,"10 Steyne Avenue, Plimmerton, Porirua 5026, New Zealand",04 233 8015,+64 4 233 8015,https://plimmertonmed.nz/,4.3,30,OPERATIONAL,https://maps.google.com/?cid=12256219997722980814&g_mp=Cidnb29nbGUubWFwcy5wbGFjZXMudjEuUGxhY2VzLlNlYXJjaFRleHQQAhgEIAA,Monday: 8:30 AM – 5:00 PM; Tuesday: 8:30 AM – 5:00 PM; Wednesday: 8:30 AM – 5:00 PM; Thursday: 8:30 AM – 5:00 PM; Friday: 8:30 AM – 5:00 PM; Saturday: Closed; Sunday: Closed,dental_clinic,Wellington,Plimmerton Porirua,no_prices
Pomare School Dental Clinic,"2 Partridge Street, Taitā, Lower Hutt 5011, New Zealand",04 567 8679,+64 4 567 8679,,,,OPERATIONAL,https://maps.google.com/?cid=8555516899085973177&g_mp=Cidnb29nbGUubWFwcy5wbGFjZXMudjEuUGxhY2VzLlNlYXJjaFRleHQQAhgEIAA,Monday: Open 24 hours; Tuesday: Open 24 hours; Wednesday: Open 24 hours; Thursday: Open 24 hours; Friday: Open 24 hours; Saturday: Open 24 hours; Sunday: Open 24 hours,dental_clinic,Wellington,Lower Hutt,no_prices
Porirua Community Vaccination Centre,"4 Lydney Place North, Porirua City Centre, Porirua 5022, New Zealand",0508 672 862,+64 508 672 862,,4.9,74,OPERATIONAL,https://maps.google.com/?cid=6931051282440390065&g_mp=Cidnb29nbGUubWFwcy5wbGFjZXMudjEuUGxhY2VzLlNlYXJjaFRleHQQAhgEIAA,Monday: 9:00 AM – 5:00 PM; Tuesday: 9:00 AM – 5:00 PM; Wednesday: 9:00 AM – 5:00 PM; Thursday: 9:00 AM – 5:00 PM; Friday: 9:00 AM – 5:00 PM; Saturday: Closed; Sunday: Closed,dental_clinic,Wellington,Porirua,no_prices
Precision Dental Laboratory,"1/7 Ward Street, Hutt Central, Lower Hutt 5010, New Zealand",04 384 8400,+64 4 384 8400,http://www.precisiondental.co.nz/,5,9,OPERATIONAL,https://maps.google.com/?cid=11047385796170487407&g_mp=Cidnb29nbGUubWFwcy5wbGFjZXMudjEuUGxhY2VzLlNlYXJjaFRleHQQAhgEIAA,Monday: 8:00 AM – 4:30 PM; Tuesday: 8:00 AM – 4:30 PM; Wednesday: 8:00 AM – 4:30 PM; Thursday: 8:00 AM – 4:30 PM; Friday: 8:00 AM – 4:30 PM; Saturday: Closed; Sunday: Closed,dental_clinic,Wellington,Lower Hutt,no_prices
Raine Street Dental,"4 Raine Street, Karori, Wellington 6012, New Zealand",04 476 7295,+64 4 476 7295,https://www.healthpoint.co.nz/dentistry/general-dentist/raine-street-dental/,5,16,OPERATIONAL,https://maps.google.com/?cid=13655844429519606117&g_mp=Cidnb29nbGUubWFwcy5wbGFjZXMudjEuUGxhY2VzLlNlYXJjaFRleHQQAhgEIAA,,dental_clinic,Wellington,Karori Wellington,no_prices
Rangikura School Dental Clinic,"Conclusion Street, Ascot Park, Porirua 5024, New Zealand",04 235 8649,+64 4 235 8649,,,,OPERATIONAL,https://maps.google.com/?cid=356953218814557750&g_mp=Cidnb29nbGUubWFwcy5wbGFjZXMudjEuUGxhY2VzLlNlYXJjaFRleHQQAhgEIAA,,dental_clinic,Wellington,Porirua,no_prices
Rappaw Veterinary Care Plimmerton,"18 Ulric Street, Plimmerton, Porirua 5026, New Zealand",04 233 8057,+64 4 233 8057,http://rappaw.co.nz/,4.9,77,OPERATIONAL,https://maps.google.com/?cid=11607701734173399686&g_mp=Cidnb29nbGUubWFwcy5wbGFjZXMudjEuUGxhY2VzLlNlYXJjaFRleHQQAhgEIAA,Monday: 8:30 AM – 5:30 PM; Tuesday: 8:30 AM – 5:30 PM; Wednesday: 8:30 AM – 5:30 PM; Thursday: 8:30 AM – 5:30 PM; Friday: 8:30 AM – 5:30 PM; Saturday: 9:00 AM – 12:00 PM; Sunday: Closed,dental_clinic,Wellington,Plimmerton Porirua,no_prices
Raumati Beach Dental Hub Clinic - Bee Healthy Regional Dental Service,"26/34 Raumati Road, Raumati Beach 5032, New Zealand",0800 825 583,+64 800 825 583,https://info.health.nz/BeeHealthy,5,1,OPERATIONAL,https://maps.google.com/?cid=4467340579385502608&g_mp=Cidnb29nbGUubWFwcy5wbGFjZXMudjEuUGxhY2VzLlNlYXJjaFRleHQQAhgEIAA,Monday: 8:00 AM – 4:00 PM; Tuesday: 8:00 AM – 4:00 PM; Wednesday: 8:00 AM – 4:00 PM; Thursday: 8:00 AM – 4:00 PM; Friday: 8:00 AM – 4:00 PM; Saturday: Closed; Sunday: Closed,dental_clinic,Wellington,Paraparaumu,no_prices
Raumati Dental Centre,"17 Raumati Road, Raumati Beach 5032, New Zealand",04 299 6447,+64 4 299 6447,http://raumatidentalcentre.co.nz/,4.3,35,OPERATIONAL,https://maps.google.com/?cid=8214422240445307821&g_mp=Cidnb29nbGUubWFwcy5wbGFjZXMudjEuUGxhY2VzLlNlYXJjaFRleHQQAhgEIAA,Monday: 8:30 AM – 7:00 PM; Tuesday: 8:30 AM – 7:00 PM; Wednesday: 8:30 AM – 7:00 PM; Thursday: 8:30 AM – 7:00 PM; Friday: 8:30 AM – 7:00 PM; Saturday: 8:30 AM – 1:00 PM; Sunday: Closed,dental_clinic,Wellington,Paraparaumu,no_prices
Real Dentistry,"72 Rongotai Road, Kilbirnie, Wellington 6022, New Zealand",04 387 9392,+64 4 387 9392,http://www.realdentistry.co.nz/,4.7,208,OPERATIONAL,https://maps.google.com/?cid=750648313385217792&g_mp=Cidnb29nbGUubWFwcy5wbGFjZXMudjEuUGxhY2VzLlNlYXJjaFRleHQQAhgEIAA,Monday: 7:30 AM – 5:00 PM; Tuesday: 7:30 AM – 5:00 PM; Wednesday: 7:30 AM – 6:00 PM; Thursday: 7:30 AM – 6:00 PM; Friday: 7:30 AM – 5:00 PM; Saturday: 8:30 AM – 5:00 PM; Sunday: Closed,dental_clinic,Wellington,Wellington CBD,no_prices
Rimu Road Dental Surgery,"159 Rimu Road, Raumati Beach 5032, New Zealand",,,http://www.rimuroaddental.co.nz/,4.4,8,OPERATIONAL,https://maps.google.com/?cid=12104933838669929337&g_mp=Cidnb29nbGUubWFwcy5wbGFjZXMudjEuUGxhY2VzLlNlYXJjaFRleHQQAhgEIAA,Monday: 9:00 AM – 5:00 PM; Tuesday: 9:00 AM – 5:00 PM; Wednesday: 9:00 AM – 7:00 PM; Thursday: 9:00 AM – 5:00 PM; Friday: 9:00 AM – 5:00 PM; Saturday: Closed; Sunday: Closed,dental_clinic,Wellington,Paraparaumu,no_prices
SPCA Wellington Centre,"140 Alexandra Road, Newtown, Wellington 6021, New Zealand",04 389 8044,+64 4 389 8044,https://www.spca.nz/centre/wellington-centre,4.7,737,OPERATIONAL,https://maps.google.com/?cid=15612622655809574566&g_mp=Cidnb29nbGUubWFwcy5wbGFjZXMudjEuUGxhY2VzLlNlYXJjaFRleHQQAhgEIAA,Monday: 10:00 AM – 4:00 PM; Tuesday: 10:00 AM – 4:00 PM; Wednesday: 10:00 AM – 4:00 PM; Thursday: 10:00 AM – 4:00 PM; Friday: 10:00 AM – 4:00 PM; Saturday: 10:00 AM – 4:00 PM; Sunday: 10:00 AM – 4:00 PM,dental_clinic,Wellington,Hataitai Wellington,no_prices
Scott Court Dental Centre,"192 Stokes Valley Road, Stokes Valley, Lower Hutt 5019, New Zealand",04 563 7747,+64 4 563 7747,,,,OPERATIONAL,https://maps.google.com/?cid=15833713962889066258&g_mp=Cidnb29nbGUubWFwcy5wbGFjZXMudjEuUGxhY2VzLlNlYXJjaFRleHQQAhgEIAA,,dental_clinic,Wellington,Stokes Valley Lower Hutt,no_prices
Silverstream Dental Upper Hutt | Lumino The Dentists,"Kiln Street, Shop 14, Silverstream Village, Silverstream, Upper Hutt 5019, New Zealand",04 528 3984,+64 4 528 3984,https://lumino.co.nz/dentists/silverstream-dental-upper-hutt/?utm_source=google_business_profile&utm_medium=organic,3.5,33,OPERATIONAL,https://maps.google.com/?cid=12627252815535334662&g_mp=Cidnb29nbGUubWFwcy5wbGFjZXMudjEuUGxhY2VzLlNlYXJjaFRleHQQAhgEIAA,Monday: 8:00 AM – 5:00 PM; Tuesday: 8:00 AM – 5:00 PM; Wednesday: 8:00 AM – 5:00 PM; Thursday: 8:00 AM – 5:00 PM; Friday: 8:00 AM – 4:00 PM; Saturday: Closed; Sunday: Closed,dental_clinic,Wellington,Lower Hutt,no_prices
Simply Dental,"342 Lambton Quay, Wellington Central, Wellington 6011, New Zealand",04 473 9283,+64 4 473 9283,http://www.simplydental.co.nz/,3.9,25,OPERATIONAL,https://maps.google.com/?cid=13458895533798546005&g_mp=Cidnb29nbGUubWFwcy5wbGFjZXMudjEuUGxhY2VzLlNlYXJjaFRleHQQAhgEIAA,Monday: 8:00 AM – 5:00 PM; Tuesday: 8:00 AM – 5:00 PM; Wednesday: 8:00 AM – 5:00 PM; Thursday: 8:00 AM – 5:00 PM; Friday: 8:00 AM – 5:00 PM; Saturday: Closed; Sunday: Closed,dental_clinic,Wellington,Wellington CBD,no_prices
Singleton Dental,"338 Karori Road, Karori, Wellington 6012, New Zealand",04 476 6252,+64 4 476 6252,https://singletondental.co.nz/,4.2,29,OPERATIONAL,https://maps.google.com/?cid=13034170398061083995&g_mp=Cidnb29nbGUubWFwcy5wbGFjZXMudjEuUGxhY2VzLlNlYXJjaFRleHQQAhgEIAA,Monday: 8:00 AM – 5:00 PM; Tuesday: 8:00 AM – 5:00 PM; Wednesday: 8:00 AM – 5:00 PM; Thursday: 8:00 AM – 5:00 PM; Friday: 8:00 AM – 5:00 PM; Saturday: 9:00 AM – 3:00 PM; Sunday: Closed,dental_clinic,Wellington,Karori Wellington,no_prices
Sleep Matters,"6 Upland Road, Kelburn, Wellington 6012, New Zealand",027 240 6688,+64 27 240 6688,https://www.nzsleepmatters.co.nz/,4.9,12,OPERATIONAL,https://maps.google.com/?cid=11586700324809977198&g_mp=Cidnb29nbGUubWFwcy5wbGFjZXMudjEuUGxhY2VzLlNlYXJjaFRleHQQAhgEIAA,Monday: Closed; Tuesday: 10:00 AM – 2:00 PM; Wednesday: 10:00 AM – 2:00 PM; Thursday: 10:00 AM – 2:00 PM; Friday: Closed; Saturday: Closed; Sunday: Closed,dental_clinic,Wellington,Brooklyn Wellington,no_prices
Smile Care Centre,"49 Witako Street, Epuni, Lower Hutt 5011, New Zealand",04 569 6748,+64 4 569 6748,,5,4,OPERATIONAL,https://maps.google.com/?cid=4279665210591818932&g_mp=Cidnb29nbGUubWFwcy5wbGFjZXMudjEuUGxhY2VzLlNlYXJjaFRleHQQAhgEIAA,Monday: 9:00 AM – 5:00 PM; Tuesday: 9:00 AM – 8:00 PM; Wednesday: 9:00 AM – 8:00 PM; Thursday: 9:00 AM – 8:00 PM; Friday: 9:00 AM – 5:00 PM; Saturday: Closed; Sunday: Closed,dental_clinic,Wellington,Lower Hutt,no_prices
Smile Creations Waikanae | Lumino The Dentists,"108 Main Road, Waikanae 5036, New Zealand",04 293 3392,+64 4 293 3392,https://lumino.co.nz/dentists/smile-creations-waikanae/?utm_source=google_business_profile&utm_medium=organic,3.5,22,OPERATIONAL,https://maps.google.com/?cid=2918870594858751004&g_mp=Cidnb29nbGUubWFwcy5wbGFjZXMudjEuUGxhY2VzLlNlYXJjaFRleHQQAhgEIAA,Monday: 8:30 AM – 5:00 PM; Tuesday: 8:30 AM – 5:00 PM; Wednesday: 8:30 AM – 5:00 PM; Thursday: 8:30 AM – 5:00 PM; Friday: Closed; Saturday: Closed; Sunday: Closed,dental_clinic,Wellington,Waikanae,no_prices
Smile Studio Ltd t/a Smile Design Dental Group,"Radio New Zealand House, 155 The Terrace, Wellington Central, Wellington 6011, New Zealand",04 472 7826,+64 4 472 7826,http://www.smiledesigndentalgroup.co.nz/,5,52,OPERATIONAL,https://maps.google.com/?cid=17595204772144970494&g_mp=Cidnb29nbGUubWFwcy5wbGFjZXMudjEuUGxhY2VzLlNlYXJjaFRleHQQAhgEIAA,Monday: 8:00 AM – 5:00 PM; Tuesday: 8:00 AM – 5:00 PM; Wednesday: 8:00 AM – 5:00 PM; Thursday: 8:00 AM – 5:00 PM; Friday: 8:00 AM – 3:00 PM; Saturday: Closed; Sunday: Closed,dental_clinic,Wellington,Wellington CBD,no_prices
Spotless White,"330 Waiwhetu Road, Waterloo, Lower Hutt 5011, New Zealand",021 187 8396,+64 21 187 8396,http://www.spotlesswhite.co.nz/,5,1,OPERATIONAL,https://maps.google.com/?cid=11695594398059542253&g_mp=Cidnb29nbGUubWFwcy5wbGFjZXMudjEuUGxhY2VzLlNlYXJjaFRleHQQAhgEIAA,Monday: 11:00 AM – 6:00 PM; Tuesday: 11:00 AM – 6:00 PM; Wednesday: 11:00 AM – 6:00 PM; Thursday: 11:00 AM – 6:00 PM; Friday: 11:00 AM – 6:00 PM; Saturday: 11:00 AM – 6:00 PM; Sunday: Closed,dental_clinic,Wellington,Lower Hutt,no_prices
Stokes Valley Medical Centre,"180 Stokes Valley Road, Stokes Valley, Lower Hutt 5019, New Zealand",04 563 8200,+64 4 563 8200,https://stokesvalleymc.nz/,2.6,37,OPERATIONAL,https://maps.google.com/?cid=12124529809197343440&g_mp=Cidnb29nbGUubWFwcy5wbGFjZXMudjEuUGxhY2VzLlNlYXJjaFRleHQQAhgEIAA,Monday: 8:30 AM – 4:30 PM; Tuesday: 8:30 AM – 4:30 PM; Wednesday: 8:30 AM – 4:30 PM; Thursday: 8:30 AM – 4:30 PM; Friday: 8:30 AM – 4:30 PM; Saturday: Closed; Sunday: Closed,dental_clinic,Wellington,Stokes Valley Lower Hutt,no_prices
Sunshine Dental Porirua,"4 Lydney Place North, Porirua City Centre, Porirua 5022, New Zealand",04 237 6148,+64 4 237 6148,https://www.sunshinedental.co.nz/,4.3,57,OPERATIONAL,https://maps.google.com/?cid=5993716047610672696&g_mp=Cidnb29nbGUubWFwcy5wbGFjZXMudjEuUGxhY2VzLlNlYXJjaFRleHQQAhgEIAA,Monday: Closed; Tuesday: 8:30 AM – 5:00 PM; Wednesday: 8:30 AM – 7:00 PM; Thursday: 8:30 AM – 7:00 PM; Friday: 8:30 AM – 5:00 PM; Saturday: Closed; Sunday: Closed,dental_clinic,Wellington,Porirua,some_prices
"Sunshine Dental, Johnsonville","1/11 Broderick Road, Johnsonville, Wellington 6037, New Zealand",04 478 4128,+64 4 478 4128,http://www.sunshinedental.co.nz/,4.4,68,OPERATIONAL,https://maps.google.com/?cid=13710395535040957157&g_mp=Cidnb29nbGUubWFwcy5wbGFjZXMudjEuUGxhY2VzLlNlYXJjaFRleHQQAhgEIAA,Monday: 8:30 AM – 7:00 PM; Tuesday: 8:30 AM – 5:00 PM; Wednesday: 8:30 AM – 5:00 PM; Thursday: 8:30 AM – 5:00 PM; Friday: 8:30 AM – 5:00 PM; Saturday: 9:00 AM – 3:00 PM; Sunday: 9:00 AM – 1:00 PM,dental_clinic,Wellington,Johnsonville Wellington,some_prices
Supreme Dental Concepts,"32 Lorne Street, Te Aro, Wellington 6011, New Zealand",04 801 6228,+64 4 801 6228,https://www.supremedentalconcepts.co.nz/?utm_source=gmb&utm_medium=organic&utm_campaign=Google+My+Business,4.9,387,OPERATIONAL,https://maps.google.com/?cid=7461946122181272282&g_mp=Cidnb29nbGUubWFwcy5wbGFjZXMudjEuUGxhY2VzLlNlYXJjaFRleHQQAhgEIAA,Monday: 8:30 AM – 5:30 PM; Tuesday: 9:00 AM – 7:00 PM; Wednesday: 8:30 AM – 5:30 PM; Thursday: 8:30 AM – 5:30 PM; Friday: 8:30 AM – 4:00 PM; Saturday: 9:00 AM – 4:00 PM; Sunday: Closed,dental_clinic,Wellington,Wellington CBD,some_prices
Supreme Dental Concepts,"Level 1/9 Raroa Road, Hutt Central, Lower Hutt 5010, New Zealand",04 570 0520,+64 4 570 0520,https://www.supremedentalconcepts.co.nz/?utm_source=gmb&utm_medium=organic&utm_campaign=Google+My+Business,4.9,271,OPERATIONAL,https://maps.google.com/?cid=10030702947779967933&g_mp=Cidnb29nbGUubWFwcy5wbGFjZXMudjEuUGxhY2VzLlNlYXJjaFRleHQQAhgEIAA,Monday: 8:30 AM – 7:00 PM; Tuesday: 8:30 AM – 5:30 PM; Wednesday: 8:30 AM – 5:30 PM; Thursday: 8:30 AM – 7:00 PM; Friday: 8:30 AM – 5:00 PM; Saturday: Closed; Sunday: Closed,dental_clinic,Wellington,Lower Hutt,some_prices
Switch Dental Lower Hutt,"Level1/52 Queens Drive, Hutt Central, Lower Hutt 5010, New Zealand",04 569 6808,+64 4 569 6808,https://www.switchdental.co.nz/,4.9,215,OPERATIONAL,https://maps.google.com/?cid=2266817978450922623&g_mp=Cidnb29nbGUubWFwcy5wbGFjZXMudjEuUGxhY2VzLlNlYXJjaFRleHQQAhgEIAA,Monday: 8:30 AM – 5:30 PM; Tuesday: 8:30 AM – 5:30 PM; Wednesday: 8:30 AM – 5:30 PM; Thursday: 8:30 AM – 5:30 PM; Friday: 8:30 AM – 5:30 PM; Saturday: 8:30 AM – 5:30 PM; Sunday: Closed,dental_clinic,Wellington,Lower Hutt,no_prices
Tawa Dental Care,"196 Main Road, Tawa, Wellington 5028, New Zealand",04 232 8925,+64 4 232 8925,http://www.tawadental.com/,4.9,65,OPERATIONAL,https://maps.google.com/?cid=13368783588230869498&g_mp=Cidnb29nbGUubWFwcy5wbGFjZXMudjEuUGxhY2VzLlNlYXJjaFRleHQQAhgEIAA,Monday: 8:00 AM – 5:00 PM; Tuesday: 9:00 AM – 6:30 PM; Wednesday: 8:00 AM – 5:00 PM; Thursday: 8:00 AM – 5:00 PM; Friday: 8:00 AM – 12:00 PM; Saturday: Closed; Sunday: Closed,dental_clinic,Wellington,Wellington CBD,no_prices
Tawhai School Dental Clinic,"69 Glen Road, Stokes Valley, Lower Hutt 5019, New Zealand",04 562 9012,+64 4 562 9012,,,,OPERATIONAL,https://maps.google.com/?cid=9922324445742706156&g_mp=Cidnb29nbGUubWFwcy5wbGFjZXMudjEuUGxhY2VzLlNlYXJjaFRleHQQAhgEIAA,,dental_clinic,Wellington,Stokes Valley Lower Hutt,no_prices
Teeth Whitening Centres,"32 Lorne Street, Te Aro, Wellington 6011, New Zealand",04 801 6228,+64 4 801 6228,http://www.whitening.co.nz/,,,OPERATIONAL,https://maps.google.com/?cid=11438160601899315333&g_mp=Cidnb29nbGUubWFwcy5wbGFjZXMudjEuUGxhY2VzLlNlYXJjaFRleHQQAhgEIAA,Monday: 8:30 AM – 5:30 PM; Tuesday: 8:30 AM – 7:00 PM; Wednesday: 8:30 AM – 5:30 PM; Thursday: 8:30 AM – 5:30 PM; Friday: 8:30 AM – 4:00 PM; Saturday: 9:00 AM – 4:00 PM; Sunday: Closed,dental_clinic,Wellington,Wellington CBD,no_prices
The Cosmetic Clinic North City,"2 Titahi Bay Road, Porirua City Centre, Porirua 5022, New Zealand",04 260 3970,+64 4 260 3970,https://www.thecosmeticclinic.co.nz/?utm_source=google&utm_medium=organic&utm_campaign=gmb&utm_term=website+link,4.9,548,OPERATIONAL,https://maps.google.com/?cid=9828789745368561254&g_mp=Cidnb29nbGUubWFwcy5wbGFjZXMudjEuUGxhY2VzLlNlYXJjaFRleHQQAhgEIAA,Monday: 9:00 AM – 6:00 PM; Tuesday: 9:00 AM – 6:00 PM; Wednesday: 9:00 AM – 6:00 PM; Thursday: 9:00 AM – 9:00 PM; Friday: 9:00 AM – 6:00 PM; Saturday: 9:00 AM – 6:00 PM; Sunday: 10:00 AM – 6:00 PM,dental_clinic,Wellington,Porirua,no_prices
The Denturist / Wellington Dentures - Dentures and Dental Implant Dentures,"40 Kilbirnie Crescent, Kilbirnie, Wellington 6022, New Zealand",04 387 9000,+64 4 387 9000,http://www.wellingtondentures.co.nz/,5,49,OPERATIONAL,https://maps.google.com/?cid=775044932405877635&g_mp=Cidnb29nbGUubWFwcy5wbGFjZXMudjEuUGxhY2VzLlNlYXJjaFRleHQQAhgEIAA,Monday: 8:30 AM – 4:30 PM; Tuesday: 8:30 AM – 4:30 PM; Wednesday: 8:30 AM – 4:30 PM; Thursday: 8:30 AM – 4:30 PM; Friday: 8:30 AM – 4:30 PM; Saturday: Closed; Sunday: Closed,dental_clinic,Wellington,Kilbirnie Wellington,no_prices
The Orthodontist,"1/2 Connolly Street, Hutt Central, Lower Hutt 5010, New Zealand",04 586 5707,+64 4 586 5707,https://www.theorthodontist.co.nz/,5,8,OPERATIONAL,https://maps.google.com/?cid=12478496695644287561&g_mp=Cidnb29nbGUubWFwcy5wbGFjZXMudjEuUGxhY2VzLlNlYXJjaFRleHQQAhgEIAA,Monday: 7:30 AM – 5:00 PM; Tuesday: 7:30 AM – 5:00 PM; Wednesday: 7:30 AM – 5:00 PM; Thursday: 7:30 AM – 5:00 PM; Friday: 7:30 AM – 5:00 PM; Saturday: Closed; Sunday: Closed,dental_clinic,Wellington,Lower Hutt,no_prices
The Steps Dental Care,"Gilmer Terrace, Wellington Central, Wellington 6011, New Zealand",04 916 1486,+64 4 916 1486,https://stepsdental.co.nz/steps_dental_contact_us.php,5,8,OPERATIONAL,https://maps.google.com/?cid=2622277029560326118&g_mp=Cidnb29nbGUubWFwcy5wbGFjZXMudjEuUGxhY2VzLlNlYXJjaFRleHQQAhgEIAA,,dental_clinic,Wellington,Wellington CBD,no_prices
The Wellington Clinic,"62 Vivian Street, Te Aro, Wellington 6011, New Zealand",,,,5,1,OPERATIONAL,https://maps.google.com/?cid=11730516802275175906&g_mp=Cidnb29nbGUubWFwcy5wbGFjZXMudjEuUGxhY2VzLlNlYXJjaFRleHQQAhgEIAA,,dental_clinic,Wellington,Brooklyn Wellington,no_prices
The Wellington Dental Practice,"Kelvin House, Level 2, 16 The Terrace, Wellington Central, Wellington 6011, New Zealand",04 472 5516,+64 4 472 5516,http://www.wellingtondental.co.nz/,4.9,161,OPERATIONAL,https://maps.google.com/?cid=17532042885646362091&g_mp=Cidnb29nbGUubWFwcy5wbGFjZXMudjEuUGxhY2VzLlNlYXJjaFRleHQQAhgEIAA,Monday: 8:30 AM – 5:00 PM; Tuesday: 8:30 AM – 5:00 PM; Wednesday: 8:30 AM – 5:00 PM; Thursday: 9:00 AM – 5:00 PM; Friday: 8:30 AM – 5:00 PM; Saturday: Closed; Sunday: Closed,dental_clinic,Wellington,Wellington CBD,no_prices
The Whitening Lounge,"3/105 Mana Esplanade, Paremata, Porirua 5024, New Zealand",027 845 0231,+64 27 845 0231,https://www.thewhiteninglounge.net/,5,10,OPERATIONAL,https://maps.google.com/?cid=6236597257266041020&g_mp=Cidnb29nbGUubWFwcy5wbGFjZXMudjEuUGxhY2VzLlNlYXJjaFRleHQQAhgEIAA,Monday: Closed; Tuesday: 9:00 AM – 5:00 PM; Wednesday: 9:00 AM – 5:00 PM; Thursday: 9:00 AM – 6:00 PM; Friday: 9:00 AM – 5:00 PM; Saturday: 9:00 AM – 2:00 PM; Sunday: Closed,dental_clinic,Wellington,Porirua,no_prices
Thorndon Dental Surgery,"246 Tinakori Road, Thorndon, Wellington 6011, New Zealand",04 472 8353,+64 4 472 8353,https://www.thorndondental.co.nz/,4.6,31,OPERATIONAL,https://maps.google.com/?cid=17235407098821406254&g_mp=Cidnb29nbGUubWFwcy5wbGFjZXMudjEuUGxhY2VzLlNlYXJjaFRleHQQAhgEIAA,Monday: 8:00 AM – 6:00 PM; Tuesday: 8:00 AM – 6:00 PM; Wednesday: 8:00 AM – 6:00 PM; Thursday: 8:00 AM – 6:00 PM; Friday: 8:00 AM – 5:00 PM; Saturday: Closed; Sunday: Closed,dental_clinic,Wellington,Wellington CBD,no_prices
Thorndon Orthodontics,"Level 9/15 Murphy Street, Thorndon, Wellington 6011, New Zealand",04 595 5992,+64 4 595 5992,https://thorndonortho.co.nz/,5,75,OPERATIONAL,https://maps.google.com/?cid=2534678386760455903&g_mp=Cidnb29nbGUubWFwcy5wbGFjZXMudjEuUGxhY2VzLlNlYXJjaFRleHQQAhgEIAA,Monday: 8:30 AM – 4:30 PM; Tuesday: 8:30 AM – 4:30 PM; Wednesday: 8:30 AM – 4:30 PM; Thursday: 8:30 AM – 4:30 PM; Friday: 8:30 AM – 4:30 PM; Saturday: Closed; Sunday: Closed,dental_clinic,Wellington,Thorndon Wellington,no_prices
Titahi Bay Dental Hub Clinic - Bee Healthy Regional Dental Service,"11 Kura Street, Tītahi Bay, Porirua 5022, New Zealand",0800 825 583,+64 800 825 583,https://info.health.nz/BeeHealthy,,,OPERATIONAL,https://maps.google.com/?cid=16369422289485049999&g_mp=Cidnb29nbGUubWFwcy5wbGFjZXMudjEuUGxhY2VzLlNlYXJjaFRleHQQAhgEIAA,Monday: 8:00 AM – 4:00 PM; Tuesday: 8:00 AM – 4:00 PM; Wednesday: 8:00 AM – 4:00 PM; Thursday: 8:00 AM – 4:00 PM; Friday: 8:00 AM – 4:00 PM; Saturday: Closed; Sunday: Closed,dental_clinic,Wellington,Porirua,no_prices
True Dentistry,"1A Seddon Street, Carterton 5713, New Zealand",06 379 8799,+64 6 379 8799,https://truedentistry.co.nz/,4.7,13,OPERATIONAL,https://maps.google.com/?cid=11760493766859948889&g_mp=Cidnb29nbGUubWFwcy5wbGFjZXMudjEuUGxhY2VzLlNlYXJjaFRleHQQAhgEIAA,Monday: 8:00 AM – 5:00 PM; Tuesday: 8:00 AM – 7:00 PM; Wednesday: 8:00 AM – 5:00 PM; Thursday: 8:00 AM – 5:00 PM; Friday: 8:00 AM – 4:00 PM; Saturday: Closed; Sunday: Closed,dental_clinic,Wellington,Carterton,no_prices
Unichem Brooklyn Pharmacy,"67 Cleveland Street, Brooklyn, Wellington 6021, New Zealand",04 939 6631,+64 4 939 6631,http://www.unichem.co.nz/storelocator/store?id=2535814292&sid=6021,3.7,31,OPERATIONAL,https://maps.google.com/?cid=2659774636891591724&g_mp=Cidnb29nbGUubWFwcy5wbGFjZXMudjEuUGxhY2VzLlNlYXJjaFRleHQQAhgEIAA,Monday: 9:00 AM – 6:00 PM; Tuesday: 9:00 AM – 6:00 PM; Wednesday: 9:00 AM – 6:00 PM; Thursday: 9:00 AM – 6:00 PM; Friday: 9:00 AM – 6:00 PM; Saturday: 9:00 AM – 4:00 PM; Sunday: Closed,dental_clinic,Wellington,Brooklyn Wellington,no_prices
Unichem Pharmacy,"141 The Parade, Island Bay, Wellington 6023, New Zealand",04 383 8680,+64 4 383 8680,http://www.unichem.co.nz/,3.3,46,OPERATIONAL,https://maps.google.com/?cid=1245172712775545946&g_mp=Cidnb29nbGUubWFwcy5wbGFjZXMudjEuUGxhY2VzLlNlYXJjaFRleHQQAhgEIAA,Monday: 8:45 AM – 6:00 PM; Tuesday: 8:45 AM – 6:00 PM; Wednesday: 8:45 AM – 6:00 PM; Thursday: 8:45 AM – 6:00 PM; Friday: 8:45 AM – 6:00 PM; Saturday: 9:30 AM – 4:00 PM; Sunday: Closed,dental_clinic,Wellington,Island Bay Wellington,no_prices
Unichem Wellington Central Pharmacy,"204 Lambton Quay, Wellington Central, Wellington 6011, New Zealand",04 472 0362,+64 4 472 0362,https://www.healthpoint.co.nz/pharmacy/pharmacy/unichem-wellington-central-pharmacy/,3.7,55,OPERATIONAL,https://maps.google.com/?cid=1910511221836809929&g_mp=Cidnb29nbGUubWFwcy5wbGFjZXMudjEuUGxhY2VzLlNlYXJjaFRleHQQAhgEIAA,Monday: 9:00 AM – 5:30 PM; Tuesday: 9:00 AM – 5:30 PM; Wednesday: 9:00 AM – 5:30 PM; Thursday: 9:00 AM – 5:30 PM; Friday: 9:00 AM – 5:30 PM; Saturday: Closed; Sunday: Closed,dental_clinic,Wellington,Wellington CBD,no_prices
Valley Skin Checks – Skin Cancer Screening,"Enter through The Doctors, Cnr Kiln & Shop 1/2 Whitemans Road, Silverstream, Upper Hutt 5019, New Zealand",04 567 1219,+64 4 567 1219,https://www.valleyskinchecks.co.nz/,5,60,OPERATIONAL,https://maps.google.com/?cid=18039284876980603825&g_mp=Cidnb29nbGUubWFwcy5wbGFjZXMudjEuUGxhY2VzLlNlYXJjaFRleHQQAhgEIAA,Monday: 9:00 AM – 5:00 PM; Tuesday: 9:00 AM – 5:00 PM; Wednesday: 9:00 AM – 5:00 PM; Thursday: 9:00 AM – 5:00 PM; Friday: Closed; Saturday: Closed; Sunday: Closed,dental_clinic,Wellington,Upper Hutt,no_prices
Verve @ Connolly,"2 Connolly Street, Hutt Central, Lower Hutt 5010, New Zealand",,,,4.3,9,OPERATIONAL,https://maps.google.com/?cid=17517948271549326852&g_mp=Cidnb29nbGUubWFwcy5wbGFjZXMudjEuUGxhY2VzLlNlYXJjaFRleHQQAhgEIAA,,dental_clinic,Wellington,Lower Hutt,no_prices
Victoria Street Dental,"Level 6/86 Victoria Street, Te Aro, Wellington 6011, New Zealand",04 555 1001,+64 4 555 1001,http://victoriastreetdental.co.nz/,4.9,149,OPERATIONAL,https://maps.google.com/?cid=15359564905758706612&g_mp=Cidnb29nbGUubWFwcy5wbGFjZXMudjEuUGxhY2VzLlNlYXJjaFRleHQQAhgEIAA,Monday: 8:00 AM – 5:00 PM; Tuesday: 8:00 AM – 6:00 PM; Wednesday: 8:00 AM – 5:00 PM; Thursday: 8:00 AM – 5:00 PM; Friday: 8:00 AM – 4:00 PM; Saturday: Closed; Sunday: Closed,dental_clinic,Wellington,Wellington CBD,some_prices
Village Pharmacy Churton Park,"103e Westchester Drive, Churton Park, Wellington 6037, New Zealand",04 477 3131,+64 4 477 3131,http://www.villagepharmacy.co.nz/,4.1,28,OPERATIONAL,https://maps.google.com/?cid=4493914595598435544&g_mp=Cidnb29nbGUubWFwcy5wbGFjZXMudjEuUGxhY2VzLlNlYXJjaFRleHQQAhgEIAA,Monday: 9:00 AM – 6:00 PM; Tuesday: 9:00 AM – 6:00 PM; Wednesday: 9:00 AM – 6:00 PM; Thursday: 9:00 AM – 6:00 PM; Friday: 9:00 AM – 6:00 PM; Saturday: 9:30 AM – 1:00 PM; Sunday: Closed,dental_clinic,Wellington,Churton Park Wellington,no_prices
W P Szeto - Lower Hutt Dental Centre,"level 1/577 High Street, Boulcott, Lower Hutt 5010, New Zealand",04 499 9360,+64 4 499 9360,,,,OPERATIONAL,https://maps.google.com/?cid=2924737545078448882&g_mp=Cidnb29nbGUubWFwcy5wbGFjZXMudjEuUGxhY2VzLlNlYXJjaFRleHQQAhgEIAA,,dental_clinic,Wellington,Lower Hutt,no_prices
Waikanae Dental Surgery,"8 Mahara Place, Waikanae 5036, New Zealand",04 293 3770,+64 4 293 3770,,4.9,7,OPERATIONAL,https://maps.google.com/?cid=5577525976042141399&g_mp=Cidnb29nbGUubWFwcy5wbGFjZXMudjEuUGxhY2VzLlNlYXJjaFRleHQQAhgEIAA,Monday: 8:00 AM – 5:00 PM; Tuesday: 8:00 AM – 5:00 PM; Wednesday: 8:00 AM – 5:00 PM; Thursday: 8:00 AM – 5:00 PM; Friday: 8:00 AM – 5:00 PM; Saturday: Closed; Sunday: Closed,dental_clinic,Wellington,Waikanae,no_prices
Wainui Dental,"10B The Strand Square, Wainuiomata, Lower Hutt 5014, New Zealand",04 564 1670,+64 4 564 1670,https://wainuidental.co.nz/?utm_source=gmb,5,299,OPERATIONAL,https://maps.google.com/?cid=3949147163089026169&g_mp=Cidnb29nbGUubWFwcy5wbGFjZXMudjEuUGxhY2VzLlNlYXJjaFRleHQQAhgEIAA,Monday: 9:00 AM – 5:00 PM; Tuesday: 9:00 AM – 7:00 PM; Wednesday: 9:00 AM – 5:00 PM; Thursday: 9:00 AM – 5:00 PM; Friday: 9:00 AM – 5:00 PM; Saturday: Closed; Sunday: Closed,dental_clinic,Wellington,Brooklyn Wellington,no_prices
WellOral Ltd,"The Wellington Clinic 62 Vivian Street, Te Aro, Wellington 6011, New Zealand",04 555 0433,+64 4 555 0433,http://www.welloral.co.nz/,4.9,36,OPERATIONAL,https://maps.google.com/?cid=10716899489239550212&g_mp=Cidnb29nbGUubWFwcy5wbGFjZXMudjEuUGxhY2VzLlNlYXJjaFRleHQQAhgEIAA,Monday: 8:00 AM – 4:30 PM; Tuesday: 8:00 AM – 4:30 PM; Wednesday: 8:00 AM – 4:30 PM; Thursday: 8:00 AM – 4:30 PM; Friday: 8:00 AM – 4:30 PM; Saturday: Closed; Sunday: Closed,dental_clinic,Wellington,Brooklyn Wellington,no_prices
Wellington Accident & Urgent Medical Centre,"17 Adelaide Road, Mount Cook, Wellington 6021, New Zealand",04 384 4944,+64 4 384 4944,https://www.wamc.co.nz/,3.3,171,OPERATIONAL,https://maps.google.com/?cid=15620136184575852304&g_mp=Cidnb29nbGUubWFwcy5wbGFjZXMudjEuUGxhY2VzLlNlYXJjaFRleHQQAhgEIAA,Monday: 8:00 AM – 9:00 PM; Tuesday: 8:00 AM – 9:00 PM; Wednesday: 8:00 AM – 9:00 PM; Thursday: 8:00 AM – 9:00 PM; Friday: 8:00 AM – 9:00 PM; Saturday: 8:00 AM – 9:00 PM; Sunday: 8:00 AM – 9:00 PM,dental_clinic,Wellington,Brooklyn Wellington,no_prices
Wellington Cosmetic Clinic,"30 Taranaki Street, Te Aro, Wellington 6011, New Zealand",04 385 9555,+64 4 385 9555,http://wellingtoncosmeticclinic.co.nz/,4.8,190,OPERATIONAL,https://maps.google.com/?cid=17175894961987170693&g_mp=Cidnb29nbGUubWFwcy5wbGFjZXMudjEuUGxhY2VzLlNlYXJjaFRleHQQAhgEIAA,Monday: 9:00 AM – 5:00 PM; Tuesday: 9:00 AM – 6:00 PM; Wednesday: 9:00 AM – 5:00 PM; Thursday: 9:00 AM – 5:00 PM; Friday: 9:00 AM – 5:00 PM; Saturday: Closed; Sunday: Closed,dental_clinic,Wellington,Wellington CBD,no_prices
Wellington Dental Hygienists,"126 Willis Street, Te Aro, Wellington 6011, New Zealand",04 499 1091,+64 4 499 1091,http://www.dentalhygienist.co.nz/,5,3,OPERATIONAL,https://maps.google.com/?cid=1410130814946317386&g_mp=Cidnb29nbGUubWFwcy5wbGFjZXMudjEuUGxhY2VzLlNlYXJjaFRleHQQAhgEIAA,Monday: 8:00 AM – 6:00 PM; Tuesday: 8:00 AM – 6:00 PM; Wednesday: 8:00 AM – 6:00 PM; Thursday: 8:00 AM – 6:00 PM; Friday: 8:00 AM – 6:00 PM; Saturday: Closed; Sunday: Closed,dental_clinic,Wellington,Wellington CBD,no_prices
Wellington Dental Implants,"Dominion Building Level 3/78 Victoria Street, Wellington Central, Wellington 6011, New Zealand",03 539 4255,+64 3 539 4255,http://wellingtondentalimplants.co.nz/,,,OPERATIONAL,https://maps.google.com/?cid=15535305823413621285&g_mp=Cidnb29nbGUubWFwcy5wbGFjZXMudjEuUGxhY2VzLlNlYXJjaFRleHQQAhgEIAA,Monday: 9:00 AM – 5:00 PM; Tuesday: 9:00 AM – 5:00 PM; Wednesday: 9:00 AM – 5:00 PM; Thursday: 9:00 AM – 5:00 PM; Friday: 9:00 AM – 5:00 PM; Saturday: Closed; Sunday: Closed,dental_clinic,Wellington,Wellington CBD,no_prices
Wellington Dentists Ltd,"124A Willis Street, Te Aro, Wellington 6011, New Zealand",04 499 1091,+64 4 499 1091,http://www.wellingtondentist.co.nz/,4.9,836,OPERATIONAL,https://maps.google.com/?cid=7907761934923899664&g_mp=Cidnb29nbGUubWFwcy5wbGFjZXMudjEuUGxhY2VzLlNlYXJjaFRleHQQAhgEIAA,Monday: 8:00 AM – 5:00 PM; Tuesday: 8:00 AM – 5:00 PM; Wednesday: 8:00 AM – 5:00 PM; Thursday: 8:00 AM – 5:00 PM; Friday: 8:00 AM – 5:00 PM; Saturday: 8:00 AM – 1:00 PM; Sunday: Closed,dental_clinic,Wellington,Wellington CBD,no_prices
Wellington Dentures - Dentures and Dental Implant Dentures,"128 Johnsonville Road, Johnsonville, Wellington 6037, New Zealand",0800 123 499,+64 800 123 499,http://www.wellingtondentures.co.nz/,4.9,66,OPERATIONAL,https://maps.google.com/?cid=6758343790957418130&g_mp=Cidnb29nbGUubWFwcy5wbGFjZXMudjEuUGxhY2VzLlNlYXJjaFRleHQQAhgEIAA,Monday: 8:30 AM – 5:00 PM; Tuesday: 8:30 AM – 5:00 PM; Wednesday: 8:30 AM – 5:00 PM; Thursday: 8:30 AM – 5:00 PM; Friday: 8:30 AM – 5:00 PM; Saturday: Closed; Sunday: Closed,dental_clinic,Wellington,Johnsonville Wellington,no_prices
Wellington Oral Surgery,"The Dominion Building Level 3/78 Victoria Street, Wellington Central, Wellington 6011, New Zealand",04 499 0433,+64 4 499 0433,https://www.wellingtonoralsurgery.co.nz/?utm_source=google_business_profile&utm_medium=organic,4.8,69,OPERATIONAL,https://maps.google.com/?cid=2206007642896487851&g_mp=Cidnb29nbGUubWFwcy5wbGFjZXMudjEuUGxhY2VzLlNlYXJjaFRleHQQAhgEIAA,Monday: 8:30 AM – 5:00 PM; Tuesday: 8:30 AM – 5:00 PM; Wednesday: 8:30 AM – 5:00 PM; Thursday: 8:30 AM – 5:00 PM; Friday: 8:30 AM – 5:00 PM; Saturday: Closed; Sunday: Closed,dental_clinic,Wellington,Wellington CBD,no_prices
Wellington Periodontics and Dental Implants,"16/142 Lambton Quay, CBD, Wellington 6011, New Zealand",04 499 2499,+64 4 499 2499,http://wellingtonperiodontics.co.nz/,4.6,9,OPERATIONAL,https://maps.google.com/?cid=11771058058418649263&g_mp=Cidnb29nbGUubWFwcy5wbGFjZXMudjEuUGxhY2VzLlNlYXJjaFRleHQQAhgEIAA,Monday: 8:30 AM – 5:00 PM; Tuesday: 8:30 AM – 5:00 PM; Wednesday: 8:30 AM – 7:30 PM; Thursday: 8:30 AM – 7:30 PM; Friday: 8:30 AM – 5:00 PM; Saturday: Closed; Sunday: Closed,dental_clinic,Wellington,Wellington CBD,no_prices
Wellington Regional Hospital,"49 Riddiford Street, Newtown, Wellington 6021, New Zealand",04 385 5999,+64 4 385 5999,http://www.ccdhb.org.nz/,3.7,410,OPERATIONAL,https://maps.google.com/?cid=1081127115368952176&g_mp=Cidnb29nbGUubWFwcy5wbGFjZXMudjEuUGxhY2VzLlNlYXJjaFRleHQQAhgEIAA,Monday: Open 24 hours; Tuesday: Open 24 hours; Wednesday: Open 24 hours; Thursday: Open 24 hours; Friday: Open 24 hours; Saturday: Open 24 hours; Sunday: Open 24 hours,dental_clinic,Wellington,Brooklyn Wellington,no_prices
Whitby Dental Centre,"Lakeside Centre 69e Discovery Drive, Whitby, Wellington 5024, New Zealand",04 234 7237,+64 4 234 7237,http://www.whitbydental.co.nz/,4.8,30,OPERATIONAL,https://maps.google.com/?cid=536217274171172812&g_mp=Cidnb29nbGUubWFwcy5wbGFjZXMudjEuUGxhY2VzLlNlYXJjaFRleHQQAhgEIAA,Monday: 8:00 AM – 5:00 PM; Tuesday: 8:00 AM – 6:00 PM; Wednesday: 8:00 AM – 6:00 PM; Thursday: 8:00 AM – 5:00 PM; Friday: 8:00 AM – 5:00 PM; Saturday: Closed; Sunday: Closed,dental_clinic,Wellington,Porirua,no_prices
Whitby Doctors,"69A Discovery Drive, Whitby, Porirua 5024, New Zealand",04 234 1404,+64 4 234 1404,https://www.whitbydoctors.co.nz/,2.7,11,OPERATIONAL,https://maps.google.com/?cid=9477562451753743665&g_mp=Cidnb29nbGUubWFwcy5wbGFjZXMudjEuUGxhY2VzLlNlYXJjaFRleHQQAhgEIAA,Monday: 8:00 AM – 5:00 PM; Tuesday: 8:00 AM – 5:00 PM; Wednesday: 8:00 AM – 5:00 PM; Thursday: 8:00 AM – 5:00 PM; Friday: 8:00 AM – 5:00 PM; Saturday: Closed; Sunday: Closed,dental_clinic,Wellington,Whitby Porirua,no_prices
Wishart Dental Centre,"Porirua City Centre, Porirua 5022, New Zealand",04 237 8450,+64 4 237 8450,http://www.wishartdental.co.nz/,4.4,10,OPERATIONAL,https://maps.google.com/?cid=468559546804862284&g_mp=Cidnb29nbGUubWFwcy5wbGFjZXMudjEuUGxhY2VzLlNlYXJjaFRleHQQAhgEIAA,Monday: 8:30 AM – 6:30 PM; Tuesday: 8:30 AM – 12:00 PM; Wednesday: 8:30 AM – 5:30 PM; Thursday: 8:30 AM – 5:00 PM; Friday: 8:30 AM – 12:00 PM; Saturday: Closed; Sunday: Closed,dental_clinic,Wellington,Porirua,no_prices
Wong Kevin B,"17 Renall Street, Masterton 5810, New Zealand",06 378 2777,+64 6 378 2777,https://www.kevinwongdentalpractice.com/,4.1,49,OPERATIONAL,https://maps.google.com/?cid=9254775914947517609&g_mp=Cidnb29nbGUubWFwcy5wbGFjZXMudjEuUGxhY2VzLlNlYXJjaFRleHQQAhgEIAA,Monday: 8:00 AM – 5:00 PM; Tuesday: 8:00 AM – 5:00 PM; Wednesday: 8:00 AM – 5:00 PM; Thursday: 8:00 AM – 5:00 PM; Friday: 8:00 AM – 5:00 PM; Saturday: Closed; Sunday: Closed,dental_clinic,Wellington,Masterton,no_prices
Woolworths Lower Hutt,"261 High Street, Hutt Central, Lower Hutt 5010, New Zealand",04 576 2000,+64 4 576 2000,https://www.woolworths.co.nz/store-finder/9156/lower-hutt/lower-hutt-woolworths?utm_source=google&utm_medium=organic&utm_campaign=gmb&utm_term=woolworths-lower-hutt,4.2,1964,OPERATIONAL,https://maps.google.com/?cid=4036135761660989491&g_mp=Cidnb29nbGUubWFwcy5wbGFjZXMudjEuUGxhY2VzLlNlYXJjaFRleHQQAhgEIAA,Monday: 7:00 AM – 10:00 PM; Tuesday: 7:00 AM – 10:00 PM; Wednesday: 7:00 AM – 10:00 PM; Thursday: 7:00 AM – 10:00 PM; Friday: 7:00 AM – 10:00 PM; Saturday: 7:00 AM – 10:00 PM; Sunday: 7:00 AM – 10:00 PM,dental_clinic,Wellington,Lower Hutt,no_prices
Yu Dental Laboratory LTD,"12 College Street, Te Aro, Wellington 6011, New Zealand",04 388 7491,+64 4 388 7491,,5,3,OPERATIONAL,https://maps.google.com/?cid=10979803882686164620&g_mp=Cidnb29nbGUubWFwcy5wbGFjZXMudjEuUGxhY2VzLlNlYXJjaFRleHQQAhgEIAA,Monday: 8:30 AM – 5:00 PM; Tuesday: 8:30 AM – 5:00 PM; Wednesday: 8:30 AM – 5:00 PM; Thursday: 8:30 AM – 5:00 PM; Friday: 8:30 AM – 5:00 PM; Saturday: Closed; Sunday: Closed,dental_clinic,Wellington,Brooklyn Wellington,no_prices
icare dental,"MacKay House 2/92 Queens Drive, Hutt Central, Lower Hutt 5010, New Zealand",04 560 3638,+64 4 560 3638,http://www.icaredental.co.nz/,4.7,13,OPERATIONAL,https://maps.google.com/?cid=14464150918036368857&g_mp=Cidnb29nbGUubWFwcy5wbGFjZXMudjEuUGxhY2VzLlNlYXJjaFRleHQQAhgEIAA,Monday: 9:00 AM – 5:00 PM; Tuesday: 9:00 AM – 5:00 PM; Wednesday: 9:00 AM – 5:00 PM; Thursday: 9:00 AM – 5:00 PM; Friday: 9:00 AM – 2:00 PM; Saturday: Closed; Sunday: Closed,dental_clinic,Wellington,Lower Hutt,no_prices
COAST SMILES DENTAL & DENTAL SPA,"28 Johnston Street, Greymouth 7805, New Zealand",03 399 3768,+64 3 399 3768,http://www.coastsmilesdentalspa.nz/,4.8,438,OPERATIONAL,https://maps.google.com/?cid=6082379828443194135&g_mp=Cidnb29nbGUubWFwcy5wbGFjZXMudjEuUGxhY2VzLlNlYXJjaFRleHQQAhgEIAA,Monday: 8:30 AM – 5:00 PM; Tuesday: 8:30 AM – 5:00 PM; Wednesday: 8:30 AM – 5:00 PM; Thursday: 8:30 AM – 5:00 PM; Friday: 8:30 AM – 5:00 PM; Saturday: 9:00 AM – 1:00 PM; Sunday: Closed,dental_clinic,West Coast,Greymouth,no_prices
Dr Guy Margetts,"38 Albert Street, Greymouth 7805, New Zealand",03 768 6242,+64 3 768 6242,,5,1,OPERATIONAL,https://maps.google.com/?cid=4959825917213480747&g_mp=Cidnb29nbGUubWFwcy5wbGFjZXMudjEuUGxhY2VzLlNlYXJjaFRleHQQAhgEIAA,"Monday: 9:00 AM – 1:00 PM, 2:00 – 5:00 PM; Tuesday: 9:00 AM – 1:00 PM, 2:00 – 5:00 PM; Wednesday: 9:00 AM – 1:00 PM, 2:00 – 5:00 PM; Thursday: 9:00 AM – 1:00 PM, 2:00 – 5:00 PM; Friday: 9:00 AM – 1:00 PM, 2:00 – 4:00 PM; Saturday: Closed; Sunday: Closed",needs_verification,West Coast,Greymouth,no_prices
Duchenne Dental Services,"38 Albert Street, Greymouth 7805, New Zealand",03 768 6243,+64 3 768 6243,http://www.duchenne.co.nz/,5,1,OPERATIONAL,https://maps.google.com/?cid=17001473565416416626&g_mp=Cidnb29nbGUubWFwcy5wbGFjZXMudjEuUGxhY2VzLlNlYXJjaFRleHQQAhgEIAA,Monday: 8:30 AM – 5:00 PM; Tuesday: 8:30 AM – 5:00 PM; Wednesday: 8:30 AM – 5:00 PM; Thursday: 8:30 AM – 5:00 PM; Friday: 8:30 AM – 5:00 PM; Saturday: Closed; Sunday: Closed,dental_clinic,West Coast,Greymouth,no_prices
Franz Josef Clinic,"59 Cron Street, Franz Josef / Waiau 7886, New Zealand",0800 282 926,+64 800 282 926,,5,2,OPERATIONAL,https://maps.google.com/?cid=16292824149086163656&g_mp=Cidnb29nbGUubWFwcy5wbGFjZXMudjEuUGxhY2VzLlNlYXJjaFRleHQQAhgEIAA,,needs_verification,West Coast,Franz Josef / Waiau,no_prices
Garry Rae Dental Greymouth | Lumino The Dentists,"140 MacKay Street, Greymouth 7805, New Zealand",03 768 6717,+64 3 768 6717,https://lumino.co.nz/dentists/garry-rae-dental-greymouth/?utm_source=google_business_profile&utm_medium=organic,4.5,21,OPERATIONAL,https://maps.google.com/?cid=15764414591835748325&g_mp=Cidnb29nbGUubWFwcy5wbGFjZXMudjEuUGxhY2VzLlNlYXJjaFRleHQQAhgEIAA,Monday: 8:30 AM – 4:30 PM; Tuesday: 8:30 AM – 4:30 PM; Wednesday: 8:30 AM – 4:30 PM; Thursday: 8:30 AM – 4:30 PM; Friday: 8:30 AM – 4:30 PM; Saturday: Closed; Sunday: Closed,dental_clinic,West Coast,Greymouth,no_prices
Greymouth Family Dental Centre | Lumino The Dentists,"40 Tainui Street, Greymouth 7805, New Zealand",03 768 6243,+64 3 768 6243,https://lumino.co.nz/dentists/family-dental-centre-greymouth/?utm_source=google_business_profile&utm_medium=organic,4.7,13,OPERATIONAL,https://maps.google.com/?cid=12335065779227543131&g_mp=Cidnb29nbGUubWFwcy5wbGFjZXMudjEuUGxhY2VzLlNlYXJjaFRleHQQAhgEIAA,"Monday: 8:00 AM – 1:00 PM, 2:00 – 5:00 PM; Tuesday: 8:00 AM – 1:00 PM, 2:00 – 5:00 PM; Wednesday: 8:00 AM – 1:00 PM, 2:00 – 5:00 PM; Thursday: 8:00 AM – 1:00 PM, 2:00 – 5:00 PM; Friday: 8:00 AM – 1:00 PM, 2:00 – 5:00 PM; Saturday: Closed; Sunday: Closed",dental_clinic,West Coast,Greymouth,no_prices
Hoki Dental,"18 Revell Street, Hokitika 7810, New Zealand",03 222 5030,+64 3 222 5030,http://www.hokidental.co.nz/,4.7,26,OPERATIONAL,https://maps.google.com/?cid=8231699531250143515&g_mp=Cidnb29nbGUubWFwcy5wbGFjZXMudjEuUGxhY2VzLlNlYXJjaFRleHQQAhgEIAA,Monday: 9:00 AM – 4:30 PM; Tuesday: 9:00 AM – 4:30 PM; Wednesday: 9:00 AM – 4:30 PM; Thursday: 9:00 AM – 4:30 PM; Friday: 9:00 AM – 4:30 PM; Saturday: Closed; Sunday: Closed,dental_clinic,West Coast,Hokitika,some_prices
Westport Dental Clinic,"6 Bentham Street, Westport 7825, New Zealand",03 789 8901,+64 3 789 8901,https://kawatirihealth.co.nz/dental/,3.4,8,OPERATIONAL,https://maps.google.com/?cid=10848707967410968238&g_mp=Cidnb29nbGUubWFwcy5wbGFjZXMudjEuUGxhY2VzLlNlYXJjaFRleHQQAhgEIAA,Monday: 9:00 AM – 5:00 PM; Tuesday: 9:00 AM – 5:00 PM; Wednesday: 9:00 AM – 5:00 PM; Thursday: 9:00 AM – 5:00 PM; Friday: 9:00 AM – 5:00 PM; Saturday: Closed; Sunday: Closed,dental_clinic,West Coast,Westport,no_prices
